taille;desordre;typeDesordre;algo;accesses;comparisons;swaps;timeNano
100;0;1;CountingSort;301;0;0;20420
100;0;1;QuickSort;2770;1093;495;207211
100;0;1;InsertionSort;297;99;0;28490
100;0;1;BubbleSort;198;99;0;14881
100;0;1;MergeSort;1344;356;0;101170
100;0;1;CountingSort;301;0;0;16340
100;0;1;QuickSort;2343;867;427;123570
100;0;1;InsertionSort;297;99;0;9810
100;0;1;BubbleSort;198;99;0;12620
100;0;1;MergeSort;1344;356;0;86700
100;0;1;CountingSort;301;0;0;16691
100;0;1;QuickSort;2747;1049;500;98930
100;0;1;InsertionSort;297;99;0;10170
100;0;1;BubbleSort;198;99;0;11040
100;0;1;MergeSort;1344;356;0;100110
100;0;1;CountingSort;301;0;0;14630
100;0;1;QuickSort;2419;943;426;76240
100;0;1;InsertionSort;297;99;0;9870
100;0;1;BubbleSort;198;99;0;5850
100;0;1;MergeSort;1344;356;0;121960
100;0;1;CountingSort;301;0;0;15270
100;0;1;QuickSort;2285;872;409;97230
100;0;1;InsertionSort;297;99;0;8230
100;0;1;BubbleSort;198;99;0;8770
100;0;1;MergeSort;1344;356;0;35640
100;0;1;CountingSort;301;0;0;12950
100;0;1;QuickSort;2230;853;393;118160
100;0;1;InsertionSort;297;99;0;7920
100;0;1;BubbleSort;198;99;0;12980
100;0;1;MergeSort;1344;356;0;19010
100;0;1;CountingSort;301;0;0;15010
100;0;1;QuickSort;2597;983;469;70090
100;0;1;InsertionSort;297;99;0;15610
100;0;1;BubbleSort;198;99;0;7960
100;0;1;MergeSort;1344;356;0;17000
100;0;1;CountingSort;301;0;0;12930
100;0;1;QuickSort;2651;1037;472;24700
100;0;1;InsertionSort;297;99;0;9540
100;0;1;BubbleSort;198;99;0;9840
100;0;1;MergeSort;1344;356;0;18020
100;0;1;CountingSort;301;0;0;14310
100;0;1;QuickSort;2895;1059;544;33290
100;0;1;InsertionSort;297;99;0;10690
100;0;1;BubbleSort;198;99;0;10930
100;0;1;MergeSort;1344;356;0;30380
100;0;1;CountingSort;301;0;0;14300
100;0;1;QuickSort;2624;1088;443;28650
100;0;1;InsertionSort;297;99;0;8030
100;0;1;BubbleSort;198;99;0;9770
100;0;1;MergeSort;1344;356;0;20540
100;0;1;CountingSort;301;0;0;13150
100;0;1;QuickSort;2734;1009;511;11160
100;0;1;InsertionSort;297;99;0;12710
100;0;1;BubbleSort;198;99;0;11240
100;0;1;MergeSort;1344;356;0;22630
100;0;1;CountingSort;301;0;0;14650
100;0;1;QuickSort;2367;873;429;12570
100;0;1;InsertionSort;297;99;0;7930
100;0;1;BubbleSort;198;99;0;9890
100;0;1;MergeSort;1344;356;0;14060
100;0;1;CountingSort;301;0;0;13220
100;0;1;QuickSort;2267;857;405;19080
100;0;1;InsertionSort;297;99;0;9610
100;0;1;BubbleSort;198;99;0;8020
100;0;1;MergeSort;1344;356;0;28570
100;0;1;CountingSort;301;0;0;12880
100;0;1;QuickSort;2842;1063;527;14260
100;0;1;InsertionSort;297;99;0;10070
100;0;1;BubbleSort;198;99;0;8560
100;0;1;MergeSort;1344;356;0;20400
100;0;1;CountingSort;301;0;0;11940
100;0;1;QuickSort;2677;1024;484;27720
100;0;1;InsertionSort;297;99;0;7881
100;0;1;BubbleSort;198;99;0;7360
100;0;1;MergeSort;1344;356;0;26090
100;0;1;CountingSort;301;0;0;15420
100;0;1;QuickSort;2848;1240;469;10920
100;0;1;InsertionSort;297;99;0;9900
100;0;1;BubbleSort;198;99;0;9520
100;0;1;MergeSort;1344;356;0;14000
100;0;1;CountingSort;301;0;0;15330
100;0;1;QuickSort;2811;1035;522;9200
100;0;1;InsertionSort;297;99;0;10920
100;0;1;BubbleSort;198;99;0;9820
100;0;1;MergeSort;1344;356;0;15740
100;0;1;CountingSort;301;0;0;16390
100;0;1;QuickSort;2122;805;375;9350
100;0;1;InsertionSort;297;99;0;10591
100;0;1;BubbleSort;198;99;0;9910
100;0;1;MergeSort;1344;356;0;24220
100;0;1;CountingSort;301;0;0;14940
100;0;1;QuickSort;2618;983;474;9780
100;0;1;InsertionSort;297;99;0;9760
100;0;1;BubbleSort;198;99;0;12000
100;0;1;MergeSort;1344;356;0;17400
100;0;1;CountingSort;301;0;0;15240
100;0;1;QuickSort;2424;879;449;8260
100;0;1;InsertionSort;297;99;0;11120
100;0;1;BubbleSort;198;99;0;7910
100;0;1;MergeSort;1344;356;0;20760
100;0;1;CountingSort;301;0;0;16330
100;0;1;QuickSort;2326;925;399;12850
100;0;1;InsertionSort;297;99;0;11840
100;0;1;BubbleSort;198;99;0;10520
100;0;1;MergeSort;1344;356;0;17900
100;0;1;CountingSort;301;0;0;15160
100;0;1;QuickSort;2276;902;392;10020
100;0;1;InsertionSort;297;99;0;9580
100;0;1;BubbleSort;198;99;0;8770
100;0;1;MergeSort;1344;356;0;15180
100;0;1;CountingSort;301;0;0;12520
100;0;1;QuickSort;2406;942;419;10620
100;0;1;InsertionSort;297;99;0;9690
100;0;1;BubbleSort;198;99;0;11470
100;0;1;MergeSort;1344;356;0;17680
100;0;1;CountingSort;301;0;0;16590
100;0;1;QuickSort;2331;888;414;11170
100;0;1;InsertionSort;297;99;0;9450
100;0;1;BubbleSort;198;99;0;9490
100;0;1;MergeSort;1344;356;0;12500
100;0;1;CountingSort;301;0;0;1409545
100;0;1;QuickSort;2812;1129;492;7990
100;0;1;InsertionSort;297;99;0;9710
100;0;1;BubbleSort;198;99;0;9370
100;0;1;MergeSort;1344;356;0;14840
100;0;1;CountingSort;301;0;0;16030
100;0;1;QuickSort;2664;1038;480;9510
100;0;1;InsertionSort;297;99;0;9500
100;0;1;BubbleSort;198;99;0;13270
100;0;1;MergeSort;1344;356;0;20451
100;0;1;CountingSort;301;0;0;19081
100;0;1;QuickSort;2242;841;399;8710
100;0;1;InsertionSort;297;99;0;9690
100;0;1;BubbleSort;198;99;0;10540
100;0;1;MergeSort;1344;356;0;14960
100;0;1;CountingSort;301;0;0;34060
100;0;1;QuickSort;2652;963;496;26410
100;0;1;InsertionSort;297;99;0;7910
100;0;1;BubbleSort;198;99;0;8540
100;0;1;MergeSort;1344;356;0;17590
100;0;1;CountingSort;301;0;0;14580
100;0;1;QuickSort;2964;1056;570;9350
100;0;1;InsertionSort;297;99;0;9290
100;0;1;BubbleSort;198;99;0;8310
100;0;1;MergeSort;1344;356;0;18370
100;0;1;CountingSort;301;0;0;11530
100;0;1;QuickSort;2473;961;443;8710
100;0;1;InsertionSort;297;99;0;9160
100;0;1;BubbleSort;198;99;0;6750
100;0;1;MergeSort;1344;356;0;10680
100;0;1;CountingSort;301;0;0;14840
100;0;1;QuickSort;2688;1011;489;9520
100;0;1;InsertionSort;297;99;0;11370
100;0;1;BubbleSort;198;99;0;7900
100;0;1;MergeSort;1344;356;0;13690
100;0;1;CountingSort;301;0;0;12710
100;0;1;QuickSort;2369;947;409;8790
100;0;1;InsertionSort;297;99;0;10960
100;0;1;BubbleSort;198;99;0;10350
100;0;1;MergeSort;1344;356;0;10210
100;0;1;CountingSort;301;0;0;13340
100;0;1;QuickSort;2206;895;372;10120
100;0;1;InsertionSort;297;99;0;9040
100;0;1;BubbleSort;198;99;0;7840
100;0;1;MergeSort;1344;356;0;25230
100;0;1;CountingSort;301;0;0;14190
100;0;1;QuickSort;2292;846;418;8050
100;0;1;InsertionSort;297;99;0;9420
100;0;1;BubbleSort;198;99;0;8880
100;0;1;MergeSort;1344;356;0;13570
100;0;1;CountingSort;301;0;0;13840
100;0;1;QuickSort;2306;863;418;8290
100;0;1;InsertionSort;297;99;0;7910
100;0;1;BubbleSort;198;99;0;7890
100;0;1;MergeSort;1344;356;0;13120
100;0;1;CountingSort;301;0;0;22690
100;0;1;QuickSort;2435;917;437;10320
100;0;1;InsertionSort;297;99;0;10900
100;0;1;BubbleSort;198;99;0;5510
100;0;1;MergeSort;1344;356;0;20760
100;0;1;CountingSort;301;0;0;16100
100;0;1;QuickSort;2865;1080;528;11450
100;0;1;InsertionSort;297;99;0;9490
100;0;1;BubbleSort;198;99;0;7021
100;0;1;MergeSort;1344;356;0;7200
100;0;1;CountingSort;301;0;0;21470
100;0;1;QuickSort;2914;1135;526;10050
100;0;1;InsertionSort;297;99;0;9190
100;0;1;BubbleSort;198;99;0;9230
100;0;1;MergeSort;1344;356;0;17800
100;0;1;CountingSort;301;0;0;16930
100;0;1;QuickSort;2352;912;415;8430
100;0;1;InsertionSort;297;99;0;9200
100;0;1;BubbleSort;198;99;0;7940
100;0;1;MergeSort;1344;356;0;18160
100;0;1;CountingSort;301;0;0;16620
100;0;1;QuickSort;2854;1147;499;12110
100;0;1;InsertionSort;297;99;0;10120
100;0;1;BubbleSort;198;99;0;8500
100;0;1;MergeSort;1344;356;0;10040
100;0;1;CountingSort;301;0;0;16470
100;0;1;QuickSort;3367;1279;628;52860
100;0;1;InsertionSort;297;99;0;11010
100;0;1;BubbleSort;198;99;0;8480
100;0;1;MergeSort;1344;356;0;25440
100;0;1;CountingSort;301;0;0;17270
100;0;1;QuickSort;2520;951;457;8960
100;0;1;InsertionSort;297;99;0;14730
100;0;1;BubbleSort;198;99;0;11450
100;0;1;MergeSort;1344;356;0;10510
100;0;1;CountingSort;301;0;0;15780
100;0;1;QuickSort;2592;993;469;9260
100;0;1;InsertionSort;297;99;0;7940
100;0;1;BubbleSort;198;99;0;7930
100;0;1;MergeSort;1344;356;0;11490
100;0;1;CountingSort;301;0;0;17510
100;0;1;QuickSort;2894;1070;543;11100
100;0;1;InsertionSort;297;99;0;7610
100;0;1;BubbleSort;198;99;0;8001
100;0;1;MergeSort;1344;356;0;9710
100;0;1;CountingSort;301;0;0;14190
100;0;1;QuickSort;2578;979;467;9060
100;0;1;InsertionSort;297;99;0;9710
100;0;1;BubbleSort;198;99;0;6800
100;0;1;MergeSort;1344;356;0;8550
100;0;1;CountingSort;301;0;0;40290
100;0;1;QuickSort;2531;941;463;73210
100;0;1;InsertionSort;297;99;0;12740
100;0;1;BubbleSort;198;99;0;11280
100;0;1;MergeSort;1344;356;0;10330
100;0;1;CountingSort;301;0;0;18380
100;0;1;QuickSort;2443;883;453;57640
100;0;1;InsertionSort;297;99;0;9030
100;0;1;BubbleSort;198;99;0;6810
100;0;1;MergeSort;1344;356;0;12050
100;0;1;CountingSort;301;0;0;15730
100;0;1;QuickSort;2463;921;448;52690
100;0;1;InsertionSort;297;99;0;10920
100;0;1;BubbleSort;198;99;0;9880
100;0;1;MergeSort;1344;356;0;16891
100;0;1;CountingSort;301;0;0;18600
100;0;1;QuickSort;2522;941;461;53591
100;0;1;InsertionSort;297;99;0;10700
100;0;1;BubbleSort;198;99;0;6830
100;0;1;MergeSort;1344;356;0;16430
100;0;1;CountingSort;301;0;0;16950
100;0;1;QuickSort;2704;997;506;54250
100;0;1;InsertionSort;297;99;0;10910
100;0;1;BubbleSort;198;99;0;6040
100;0;1;MergeSort;1344;356;0;10450
100;0;1;CountingSort;301;0;0;16020
100;0;1;QuickSort;2234;875;389;50700
100;0;1;InsertionSort;297;99;0;10370
100;0;1;BubbleSort;198;99;0;7480
100;0;1;MergeSort;1344;356;0;9870
100;0;1;CountingSort;301;0;0;16650
100;0;1;QuickSort;2617;1066;451;48340
100;0;1;InsertionSort;297;99;0;11731
100;0;1;BubbleSort;198;99;0;10330
100;0;1;MergeSort;1344;356;0;10320
100;0;1;CountingSort;301;0;0;16070
100;0;1;QuickSort;2520;1014;434;61081
100;0;1;InsertionSort;297;99;0;9480
100;0;1;BubbleSort;198;99;0;5530
100;0;1;MergeSort;1344;356;0;11890
100;0;1;CountingSort;301;0;0;20221
100;0;1;QuickSort;2142;843;366;48040
100;0;1;InsertionSort;297;99;0;9550
100;0;1;BubbleSort;198;99;0;9770
100;0;1;MergeSort;1344;356;0;11560
100;0;1;CountingSort;301;0;0;16750
100;0;1;QuickSort;2073;831;350;51130
100;0;1;InsertionSort;297;99;0;9950
100;0;1;BubbleSort;198;99;0;6800
100;0;1;MergeSort;1344;356;0;10460
100;0;1;CountingSort;301;0;0;22940
100;0;1;QuickSort;2408;905;434;76460
100;0;1;InsertionSort;297;99;0;9880
100;0;1;BubbleSort;198;99;0;6050
100;0;1;MergeSort;1344;356;0;10000
100;0;1;CountingSort;301;0;0;15220
100;0;1;QuickSort;2402;905;431;53450
100;0;1;InsertionSort;297;99;0;10670
100;0;1;BubbleSort;198;99;0;12780
100;0;1;MergeSort;1344;356;0;12670
100;0;1;CountingSort;301;0;0;13450
100;0;1;QuickSort;2291;857;415;49270
100;0;1;InsertionSort;297;99;0;10250
100;0;1;BubbleSort;198;99;0;10990
100;0;1;MergeSort;1344;356;0;11650
100;0;1;CountingSort;301;0;0;16740
100;0;1;QuickSort;2855;1061;533;61040
100;0;1;InsertionSort;297;99;0;10470
100;0;1;BubbleSort;198;99;0;9770
100;0;1;MergeSort;1344;356;0;13300
100;0;1;CountingSort;301;0;0;19070
100;0;1;QuickSort;2468;905;452;52390
100;0;1;InsertionSort;297;99;0;9930
100;0;1;BubbleSort;198;99;0;7010
100;0;1;MergeSort;1344;356;0;9660
100;0;1;CountingSort;301;0;0;16340
100;0;1;QuickSort;2586;1017;456;57240
100;0;1;InsertionSort;297;99;0;9780
100;0;1;BubbleSort;198;99;0;7520
100;0;1;MergeSort;1344;356;0;9440
100;0;1;CountingSort;301;0;0;16750
100;0;1;QuickSort;2613;969;481;53370
100;0;1;InsertionSort;297;99;0;9820
100;0;1;BubbleSort;198;99;0;7090
100;0;1;MergeSort;1344;356;0;10700
100;0;1;CountingSort;301;0;0;21460
100;0;1;QuickSort;2504;917;462;51310
100;0;1;InsertionSort;297;99;0;11550
100;0;1;BubbleSort;198;99;0;12850
100;0;1;MergeSort;1344;356;0;12130
100;0;1;CountingSort;301;0;0;23160
100;0;1;QuickSort;2482;997;433;66740
100;0;1;InsertionSort;297;99;0;10140
100;0;1;BubbleSort;198;99;0;8340
100;0;1;MergeSort;1344;356;0;13390
100;0;1;CountingSort;301;0;0;13970
100;0;1;QuickSort;2418;915;430;53561
100;0;1;InsertionSort;297;99;0;9380
100;0;1;BubbleSort;198;99;0;10160
100;0;1;MergeSort;1344;356;0;8390
100;0;1;CountingSort;301;0;0;16030
100;0;1;QuickSort;2491;916;460;61810
100;0;1;InsertionSort;297;99;0;9130
100;0;1;BubbleSort;198;99;0;8150
100;0;1;MergeSort;1344;356;0;12930
100;0;1;CountingSort;301;0;0;17240
100;0;1;QuickSort;2342;914;411;71950
100;0;1;InsertionSort;297;99;0;8070
100;0;1;BubbleSort;198;99;0;7740
100;0;1;MergeSort;1344;356;0;11330
100;0;1;CountingSort;301;0;0;16880
100;0;1;QuickSort;2531;965;453;131481
100;0;1;InsertionSort;297;99;0;9820
100;0;1;BubbleSort;198;99;0;7060
100;0;1;MergeSort;1344;356;0;10430
100;0;1;CountingSort;301;0;0;26560
100;0;1;QuickSort;2506;976;444;57950
100;0;1;InsertionSort;297;99;0;10120
100;0;1;BubbleSort;198;99;0;8700
100;0;1;MergeSort;1344;356;0;15700
100;0;1;CountingSort;301;0;0;15540
100;0;1;QuickSort;2615;971;482;66870
100;0;1;InsertionSort;297;99;0;9610
100;0;1;BubbleSort;198;99;0;7600
100;0;1;MergeSort;1344;356;0;9060
100;0;1;CountingSort;301;0;0;14250
100;0;1;QuickSort;2360;938;406;58660
100;0;1;InsertionSort;297;99;0;10070
100;0;1;BubbleSort;198;99;0;8220
100;0;1;MergeSort;1344;356;0;12560
100;0;1;CountingSort;301;0;0;18340
100;0;1;QuickSort;2896;1090;537;48470
100;0;1;InsertionSort;297;99;0;9540
100;0;1;BubbleSort;198;99;0;11210
100;0;1;MergeSort;1344;356;0;8781
100;0;1;CountingSort;301;0;0;13470
100;0;1;QuickSort;2886;1101;533;47210
100;0;1;InsertionSort;297;99;0;8860
100;0;1;BubbleSort;198;99;0;10520
100;0;1;MergeSort;1344;356;0;9160
100;0;1;CountingSort;301;0;0;13870
100;0;1;QuickSort;2721;1017;500;56121
100;0;1;InsertionSort;297;99;0;7490
100;0;1;BubbleSort;198;99;0;8630
100;0;1;MergeSort;1344;356;0;8820
100;0;1;CountingSort;301;0;0;15310
100;0;1;QuickSort;2151;828;374;21240
100;0;1;InsertionSort;297;99;0;10820
100;0;1;BubbleSort;198;99;0;9330
100;0;1;MergeSort;1344;356;0;14860
100;0;1;CountingSort;301;0;0;13080
100;0;1;QuickSort;2961;1164;533;3790
100;0;1;InsertionSort;297;99;0;11050
100;0;1;BubbleSort;198;99;0;8320
100;0;1;MergeSort;1344;356;0;8670
100;0;1;CountingSort;301;0;0;17750
100;0;1;QuickSort;2294;905;397;4710
100;0;1;InsertionSort;297;99;0;12710
100;0;1;BubbleSort;198;99;0;8990
100;0;1;MergeSort;1344;356;0;13410
100;0;1;CountingSort;301;0;0;16280
100;0;1;QuickSort;2590;1096;434;3760
100;0;1;InsertionSort;297;99;0;13140
100;0;1;BubbleSort;198;99;0;8010
100;0;1;MergeSort;1344;356;0;13630
100;0;1;CountingSort;301;0;0;13610
100;0;1;QuickSort;2378;986;395;4020
100;0;1;InsertionSort;297;99;0;11080
100;0;1;BubbleSort;198;99;0;9250
100;0;1;MergeSort;1344;356;0;9890
100;0;1;CountingSort;301;0;0;19130
100;0;1;QuickSort;2309;869;412;3550
100;0;1;InsertionSort;297;99;0;9580
100;0;1;BubbleSort;198;99;0;11010
100;0;1;MergeSort;1344;356;0;11550
100;0;1;CountingSort;301;0;0;21840
100;0;1;QuickSort;2803;1045;519;4480
100;0;1;InsertionSort;297;99;0;12350
100;0;1;BubbleSort;198;99;0;6570
100;0;1;MergeSort;1344;356;0;22140
100;0;1;CountingSort;301;0;0;13060
100;0;1;QuickSort;2101;841;351;3530
100;0;1;InsertionSort;297;99;0;11110
100;0;1;BubbleSort;198;99;0;10290
100;0;1;MergeSort;1344;356;0;13850
100;0;1;CountingSort;301;0;0;14280
100;0;1;QuickSort;2442;921;442;4660
100;0;1;InsertionSort;297;99;0;9850
100;0;1;BubbleSort;198;99;0;12950
100;0;1;MergeSort;1344;356;0;8290
100;0;1;CountingSort;301;0;0;13690
100;0;1;QuickSort;2423;899;441;3240
100;0;1;InsertionSort;297;99;0;7550
100;0;1;BubbleSort;198;99;0;7580
100;0;1;MergeSort;1344;356;0;10720
100;0;1;CountingSort;301;0;0;15240
100;0;1;QuickSort;2322;891;414;4090
100;0;1;InsertionSort;297;99;0;7630
100;0;1;BubbleSort;198;99;0;7180
100;0;1;MergeSort;1344;356;0;8440
100;0;1;CountingSort;301;0;0;12940
100;0;1;QuickSort;2384;920;423;3740
100;0;1;InsertionSort;297;99;0;7450
100;0;1;BubbleSort;198;99;0;5590
100;0;1;MergeSort;1344;356;0;9810
100;0;1;CountingSort;301;0;0;12960
100;0;1;QuickSort;2393;908;433;3100
100;0;1;InsertionSort;297;99;0;10340
100;0;1;BubbleSort;198;99;0;9350
100;0;1;MergeSort;1344;356;0;10030
100;0;1;CountingSort;301;0;0;14430
100;0;1;QuickSort;2347;910;413;3010
100;0;1;InsertionSort;297;99;0;9770
100;0;1;BubbleSort;198;99;0;5690
100;0;1;MergeSort;1344;356;0;13210
100;0;1;CountingSort;301;0;0;14340
100;0;1;QuickSort;3052;1159;564;4180
100;0;1;InsertionSort;297;99;0;8250
100;0;1;BubbleSort;198;99;0;7290
100;0;1;MergeSort;1344;356;0;16150
100;0;1;CountingSort;301;0;0;14820
100;0;1;QuickSort;2255;893;391;3560
100;0;1;InsertionSort;297;99;0;9390
100;0;1;BubbleSort;198;99;0;10090
100;0;1;MergeSort;1344;356;0;10940
100;0;1;CountingSort;301;0;0;16260
100;0;1;QuickSort;2413;886;444;3630
100;0;1;InsertionSort;297;99;0;9580
100;0;1;BubbleSort;198;99;0;8620
100;0;1;MergeSort;1344;356;0;9230
100;0;1;CountingSort;301;0;0;16150
100;0;1;QuickSort;2479;970;438;3930
100;0;1;InsertionSort;297;99;0;10850
100;0;1;BubbleSort;198;99;0;6800
100;0;1;MergeSort;1344;356;0;9910
100;0;1;CountingSort;301;0;0;17600
100;0;1;QuickSort;2365;937;413;3580
100;0;1;InsertionSort;297;99;0;10500
100;0;1;BubbleSort;198;99;0;9670
100;0;1;MergeSort;1344;356;0;9670
100;0;1;CountingSort;301;0;0;16370
100;0;1;QuickSort;2546;947;468;3350
100;0;1;InsertionSort;297;99;0;10990
100;0;1;BubbleSort;198;99;0;18900
100;0;1;MergeSort;1344;356;0;17200
100;0;1;CountingSort;301;0;0;18340
100;0;1;QuickSort;3086;1133;590;3250
100;0;1;InsertionSort;297;99;0;9190
100;0;1;BubbleSort;198;99;0;9060
100;0;1;MergeSort;1344;356;0;12290
100;0;1;CountingSort;301;0;0;18140
100;0;1;QuickSort;3366;1290;623;3830
100;0;1;InsertionSort;297;99;0;9841
100;0;1;BubbleSort;198;99;0;7960
100;0;1;MergeSort;1344;356;0;13180
100;0;1;CountingSort;301;0;0;12950
100;0;1;QuickSort;2791;1111;492;4970
100;0;1;InsertionSort;297;99;0;7741
100;0;1;BubbleSort;198;99;0;7510
100;0;1;MergeSort;1344;356;0;14670
100;0;1;CountingSort;301;0;0;17020
100;0;1;QuickSort;2761;1036;511;3120
100;0;1;InsertionSort;297;99;0;8720
100;0;1;BubbleSort;198;99;0;5620
100;0;1;MergeSort;1344;356;0;10270
100;0;1;CountingSort;301;0;0;17030
100;0;1;QuickSort;2161;874;364;2990
100;0;1;InsertionSort;297;99;0;9590
100;0;1;BubbleSort;198;99;0;7240
100;0;1;MergeSort;1344;356;0;14180
100;0;1;CountingSort;301;0;0;16990
100;0;1;QuickSort;2774;1052;508;3080
100;0;1;InsertionSort;297;99;0;7520
100;0;1;BubbleSort;198;99;0;7060
100;0;1;MergeSort;1344;356;0;10910
100;0;2;CountingSort;301;0;0;21660
100;0;2;QuickSort;2706;978;509;175301
100;0;2;InsertionSort;297;99;0;26370
100;0;2;BubbleSort;198;99;0;14460
100;0;2;MergeSort;1344;356;0;90190
100;0;2;CountingSort;301;0;0;16390
100;0;2;QuickSort;2442;921;437;105260
100;0;2;InsertionSort;297;99;0;11360
100;0;2;BubbleSort;198;99;0;6820
100;0;2;MergeSort;1344;356;0;86691
100;0;2;CountingSort;301;0;0;20150
100;0;2;QuickSort;2479;982;431;110270
100;0;2;InsertionSort;297;99;0;10660
100;0;2;BubbleSort;198;99;0;10980
100;0;2;MergeSort;1344;356;0;111840
100;0;2;CountingSort;301;0;0;14950
100;0;2;QuickSort;2823;1104;510;103231
100;0;2;InsertionSort;297;99;0;13940
100;0;2;BubbleSort;198;99;0;10201
100;0;2;MergeSort;1344;356;0;65100
100;0;2;CountingSort;301;0;0;14660
100;0;2;QuickSort;2245;982;357;101190
100;0;2;InsertionSort;297;99;0;9950
100;0;2;BubbleSort;198;99;0;7130
100;0;2;MergeSort;1344;356;0;20870
100;0;2;CountingSort;301;0;0;15630
100;0;2;QuickSort;2719;1039;496;124261
100;0;2;InsertionSort;297;99;0;11491
100;0;2;BubbleSort;198;99;0;9720
100;0;2;MergeSort;1344;356;0;17240
100;0;2;CountingSort;301;0;0;15400
100;0;2;QuickSort;2701;1045;481;32520
100;0;2;InsertionSort;297;99;0;13120
100;0;2;BubbleSort;198;99;0;9300
100;0;2;MergeSort;1344;356;0;19470
100;0;2;CountingSort;301;0;0;16650
100;0;2;QuickSort;2582;1052;449;30830
100;0;2;InsertionSort;297;99;0;9800
100;0;2;BubbleSort;198;99;0;8680
100;0;2;MergeSort;1344;356;0;31070
100;0;2;CountingSort;301;0;0;14310
100;0;2;QuickSort;2451;993;420;22540
100;0;2;InsertionSort;297;99;0;13190
100;0;2;BubbleSort;198;99;0;12840
100;0;2;MergeSort;1344;356;0;37910
100;0;2;CountingSort;301;0;0;18700
100;0;2;QuickSort;2524;937;461;23500
100;0;2;InsertionSort;297;99;0;9300
100;0;2;BubbleSort;198;99;0;9170
100;0;2;MergeSort;1344;356;0;20980
100;0;2;CountingSort;301;0;0;17450
100;0;2;QuickSort;2568;939;478;30350
100;0;2;InsertionSort;297;99;0;20560
100;0;2;BubbleSort;198;99;0;11350
100;0;2;MergeSort;1344;356;0;17430
100;0;2;CountingSort;301;0;0;16630
100;0;2;QuickSort;2660;995;490;13660
100;0;2;InsertionSort;297;99;0;14250
100;0;2;BubbleSort;198;99;0;9030
100;0;2;MergeSort;1344;356;0;30800
100;0;2;CountingSort;301;0;0;16590
100;0;2;QuickSort;2398;949;417;19190
100;0;2;InsertionSort;297;99;0;11690
100;0;2;BubbleSort;198;99;0;12270
100;0;2;MergeSort;1344;356;0;17011
100;0;2;CountingSort;301;0;0;14830
100;0;2;QuickSort;2962;1105;552;31580
100;0;2;InsertionSort;297;99;0;14350
100;0;2;BubbleSort;198;99;0;6470
100;0;2;MergeSort;1344;356;0;16700
100;0;2;CountingSort;301;0;0;14680
100;0;2;QuickSort;2464;922;449;10540
100;0;2;InsertionSort;297;99;0;9760
100;0;2;BubbleSort;198;99;0;5590
100;0;2;MergeSort;1344;356;0;23570
100;0;2;CountingSort;301;0;0;21120
100;0;2;QuickSort;2631;1011;474;9100
100;0;2;InsertionSort;297;99;0;9710
100;0;2;BubbleSort;198;99;0;9420
100;0;2;MergeSort;1344;356;0;22970
100;0;2;CountingSort;301;0;0;14790
100;0;2;QuickSort;2811;1071;512;9970
100;0;2;InsertionSort;297;99;0;11970
100;0;2;BubbleSort;198;99;0;9460
100;0;2;MergeSort;1344;356;0;16820
100;0;2;CountingSort;301;0;0;15800
100;0;2;QuickSort;2321;857;422;10080
100;0;2;InsertionSort;297;99;0;9760
100;0;2;BubbleSort;198;99;0;9900
100;0;2;MergeSort;1344;356;0;18170
100;0;2;CountingSort;301;0;0;15100
100;0;2;QuickSort;2271;855;408;8110
100;0;2;InsertionSort;297;99;0;9551
100;0;2;BubbleSort;198;99;0;6700
100;0;2;MergeSort;1344;356;0;19130
100;0;2;CountingSort;301;0;0;14240
100;0;2;QuickSort;2365;883;428;8820
100;0;2;InsertionSort;297;99;0;9440
100;0;2;BubbleSort;198;99;0;7650
100;0;2;MergeSort;1344;356;0;26160
100;0;2;CountingSort;301;0;0;18580
100;0;2;QuickSort;2306;854;416;9690
100;0;2;InsertionSort;297;99;0;11990
100;0;2;BubbleSort;198;99;0;12141
100;0;2;MergeSort;1344;356;0;17460
100;0;2;CountingSort;301;0;0;14760
100;0;2;QuickSort;2386;904;426;9570
100;0;2;InsertionSort;297;99;0;9330
100;0;2;BubbleSort;198;99;0;6620
100;0;2;MergeSort;1344;356;0;17050
100;0;2;CountingSort;301;0;0;15540
100;0;2;QuickSort;2853;1080;527;9560
100;0;2;InsertionSort;297;99;0;9060
100;0;2;BubbleSort;198;99;0;7400
100;0;2;MergeSort;1344;356;0;26121
100;0;2;CountingSort;301;0;0;16020
100;0;2;QuickSort;2554;1033;438;7970
100;0;2;InsertionSort;297;99;0;12400
100;0;2;BubbleSort;198;99;0;7300
100;0;2;MergeSort;1344;356;0;14640
100;0;2;CountingSort;301;0;0;12100
100;0;2;QuickSort;2562;924;477;8680
100;0;2;InsertionSort;297;99;0;9540
100;0;2;BubbleSort;198;99;0;9340
100;0;2;MergeSort;1344;356;0;1260564
100;0;2;CountingSort;301;0;0;13720
100;0;2;QuickSort;2905;1156;519;10310
100;0;2;InsertionSort;297;99;0;8590
100;0;2;BubbleSort;198;99;0;5640
100;0;2;MergeSort;1344;356;0;13280
100;0;2;CountingSort;301;0;0;12020
100;0;2;QuickSort;2321;893;411;22070
100;0;2;InsertionSort;297;99;0;8060
100;0;2;BubbleSort;198;99;0;10880
100;0;2;MergeSort;1344;356;0;14510
100;0;2;CountingSort;301;0;0;11571
100;0;2;QuickSort;2946;1104;549;8080
100;0;2;InsertionSort;297;99;0;10740
100;0;2;BubbleSort;198;99;0;7310
100;0;2;MergeSort;1344;356;0;20650
100;0;2;CountingSort;301;0;0;17480
100;0;2;QuickSort;2445;936;436;9170
100;0;2;InsertionSort;297;99;0;9260
100;0;2;BubbleSort;198;99;0;9390
100;0;2;MergeSort;1344;356;0;20100
100;0;2;CountingSort;301;0;0;21670
100;0;2;QuickSort;3368;1238;643;10470
100;0;2;InsertionSort;297;99;0;9900
100;0;2;BubbleSort;198;99;0;7020
100;0;2;MergeSort;1344;356;0;17110
100;0;2;CountingSort;301;0;0;16920
100;0;2;QuickSort;2784;1047;514;9450
100;0;2;InsertionSort;297;99;0;12811
100;0;2;BubbleSort;198;99;0;7280
100;0;2;MergeSort;1344;356;0;15000
100;0;2;CountingSort;301;0;0;16570
100;0;2;QuickSort;2567;977;467;8570
100;0;2;InsertionSort;297;99;0;11360
100;0;2;BubbleSort;198;99;0;12780
100;0;2;MergeSort;1344;356;0;20510
100;0;2;CountingSort;301;0;0;14090
100;0;2;QuickSort;2591;1064;439;11020
100;0;2;InsertionSort;297;99;0;9210
100;0;2;BubbleSort;198;99;0;6680
100;0;2;MergeSort;1344;356;0;16421
100;0;2;CountingSort;301;0;0;14400
100;0;2;QuickSort;2435;935;435;9650
100;0;2;InsertionSort;297;99;0;12861
100;0;2;BubbleSort;198;99;0;6780
100;0;2;MergeSort;1344;356;0;23600
100;0;2;CountingSort;301;0;0;13490
100;0;2;QuickSort;2343;867;425;7920
100;0;2;InsertionSort;297;99;0;9740
100;0;2;BubbleSort;198;99;0;11340
100;0;2;MergeSort;1344;356;0;7500
100;0;2;CountingSort;301;0;0;18190
100;0;2;QuickSort;2411;932;426;12050
100;0;2;InsertionSort;297;99;0;7720
100;0;2;BubbleSort;198;99;0;8510
100;0;2;MergeSort;1344;356;0;10320
100;0;2;CountingSort;301;0;0;16120
100;0;2;QuickSort;2775;1098;492;9420
100;0;2;InsertionSort;297;99;0;9790
100;0;2;BubbleSort;198;99;0;6790
100;0;2;MergeSort;1344;356;0;12660
100;0;2;CountingSort;301;0;0;11580
100;0;2;QuickSort;2663;1043;471;9490
100;0;2;InsertionSort;297;99;0;7760
100;0;2;BubbleSort;198;99;0;10540
100;0;2;MergeSort;1344;356;0;11550
100;0;2;CountingSort;301;0;0;14560
100;0;2;QuickSort;2805;1062;514;9640
100;0;2;InsertionSort;297;99;0;9780
100;0;2;BubbleSort;198;99;0;9240
100;0;2;MergeSort;1344;356;0;16750
100;0;2;CountingSort;301;0;0;17450
100;0;2;QuickSort;2358;924;412;10570
100;0;2;InsertionSort;297;99;0;10050
100;0;2;BubbleSort;198;99;0;13950
100;0;2;MergeSort;1344;356;0;13230
100;0;2;CountingSort;301;0;0;16450
100;0;2;QuickSort;2514;936;459;8840
100;0;2;InsertionSort;297;99;0;10240
100;0;2;BubbleSort;198;99;0;9520
100;0;2;MergeSort;1344;356;0;10890
100;0;2;CountingSort;301;0;0;18810
100;0;2;QuickSort;3010;1162;550;8350
100;0;2;InsertionSort;297;99;0;8970
100;0;2;BubbleSort;198;99;0;11950
100;0;2;MergeSort;1344;356;0;9900
100;0;2;CountingSort;301;0;0;16970
100;0;2;QuickSort;2176;853;374;91520
100;0;2;InsertionSort;297;99;0;7620
100;0;2;BubbleSort;198;99;0;11610
100;0;2;MergeSort;1344;356;0;9750
100;0;2;CountingSort;301;0;0;14750
100;0;2;QuickSort;2380;922;418;70690
100;0;2;InsertionSort;297;99;0;10390
100;0;2;BubbleSort;198;99;0;12790
100;0;2;MergeSort;1344;356;0;14060
100;0;2;CountingSort;301;0;0;13050
100;0;2;QuickSort;2379;903;425;57370
100;0;2;InsertionSort;297;99;0;13920
100;0;2;BubbleSort;198;99;0;10840
100;0;2;MergeSort;1344;356;0;11590
100;0;2;CountingSort;301;0;0;13040
100;0;2;QuickSort;2582;998;462;56830
100;0;2;InsertionSort;297;99;0;13060
100;0;2;BubbleSort;198;99;0;8880
100;0;2;MergeSort;1344;356;0;12250
100;0;2;CountingSort;301;0;0;20440
100;0;2;QuickSort;2332;886;416;41900
100;0;2;InsertionSort;297;99;0;9350
100;0;2;BubbleSort;198;99;0;8330
100;0;2;MergeSort;1344;356;0;8530
100;0;2;CountingSort;301;0;0;17400
100;0;2;QuickSort;2268;843;409;50321
100;0;2;InsertionSort;297;99;0;7880
100;0;2;BubbleSort;198;99;0;10470
100;0;2;MergeSort;1344;356;0;8760
100;0;2;CountingSort;301;0;0;24900
100;0;2;QuickSort;2530;970;452;85890
100;0;2;InsertionSort;297;99;0;7970
100;0;2;BubbleSort;198;99;0;6890
100;0;2;MergeSort;1344;356;0;9480
100;0;2;CountingSort;301;0;0;21230
100;0;2;QuickSort;2738;1019;510;44050
100;0;2;InsertionSort;297;99;0;12830
100;0;2;BubbleSort;198;99;0;10460
100;0;2;MergeSort;1344;356;0;12090
100;0;2;CountingSort;301;0;0;15610
100;0;2;QuickSort;3025;1135;563;64941
100;0;2;InsertionSort;297;99;0;14270
100;0;2;BubbleSort;198;99;0;9610
100;0;2;MergeSort;1344;356;0;14370
100;0;2;CountingSort;301;0;0;34350
100;0;2;QuickSort;2312;887;413;59000
100;0;2;InsertionSort;297;99;0;10670
100;0;2;BubbleSort;198;99;0;9460
100;0;2;MergeSort;1344;356;0;15460
100;0;2;CountingSort;301;0;0;16650
100;0;2;QuickSort;2438;947;429;62270
100;0;2;InsertionSort;297;99;0;12251
100;0;2;BubbleSort;198;99;0;9490
100;0;2;MergeSort;1344;356;0;16050
100;0;2;CountingSort;301;0;0;17431
100;0;2;QuickSort;2237;845;393;56120
100;0;2;InsertionSort;297;99;0;12650
100;0;2;BubbleSort;198;99;0;8730
100;0;2;MergeSort;1344;356;0;12760
100;0;2;CountingSort;301;0;0;15400
100;0;2;QuickSort;2303;839;422;40290
100;0;2;InsertionSort;297;99;0;10520
100;0;2;BubbleSort;198;99;0;9510
100;0;2;MergeSort;1344;356;0;12270
100;0;2;CountingSort;301;0;0;19520
100;0;2;QuickSort;2606;1016;467;60210
100;0;2;InsertionSort;297;99;0;8090
100;0;2;BubbleSort;198;99;0;9790
100;0;2;MergeSort;1344;356;0;9930
100;0;2;CountingSort;301;0;0;15690
100;0;2;QuickSort;3098;1175;577;67440
100;0;2;InsertionSort;297;99;0;7870
100;0;2;BubbleSort;198;99;0;8170
100;0;2;MergeSort;1344;356;0;8290
100;0;2;CountingSort;301;0;0;13690
100;0;2;QuickSort;2799;1032;523;63000
100;0;2;InsertionSort;297;99;0;9850
100;0;2;BubbleSort;198;99;0;8330
100;0;2;MergeSort;1344;356;0;10400
100;0;2;CountingSort;301;0;0;14400
100;0;2;QuickSort;2468;941;443;46231
100;0;2;InsertionSort;297;99;0;9500
100;0;2;BubbleSort;198;99;0;9820
100;0;2;MergeSort;1344;356;0;14190
100;0;2;CountingSort;301;0;0;14090
100;0;2;QuickSort;2705;1052;486;49400
100;0;2;InsertionSort;297;99;0;10680
100;0;2;BubbleSort;198;99;0;7760
100;0;2;MergeSort;1344;356;0;12000
100;0;2;CountingSort;301;0;0;12720
100;0;2;QuickSort;2222;854;392;40800
100;0;2;InsertionSort;297;99;0;10620
100;0;2;BubbleSort;198;99;0;9180
100;0;2;MergeSort;1344;356;0;9510
100;0;2;CountingSort;301;0;0;15160
100;0;2;QuickSort;2165;815;387;43340
100;0;2;InsertionSort;297;99;0;10650
100;0;2;BubbleSort;198;99;0;9720
100;0;2;MergeSort;1344;356;0;11660
100;0;2;CountingSort;301;0;0;17840
100;0;2;QuickSort;2537;917;472;42870
100;0;2;InsertionSort;297;99;0;11500
100;0;2;BubbleSort;198;99;0;11110
100;0;2;MergeSort;1344;356;0;10370
100;0;2;CountingSort;301;0;0;13290
100;0;2;QuickSort;2894;1064;542;97530
100;0;2;InsertionSort;297;99;0;7770
100;0;2;BubbleSort;198;99;0;5990
100;0;2;MergeSort;1344;356;0;15260
100;0;2;CountingSort;301;0;0;12930
100;0;2;QuickSort;2761;1045;504;48050
100;0;2;InsertionSort;297;99;0;10430
100;0;2;BubbleSort;198;99;0;9970
100;0;2;MergeSort;1344;356;0;9810
100;0;2;CountingSort;301;0;0;12780
100;0;2;QuickSort;2609;992;473;68870
100;0;2;InsertionSort;297;99;0;10300
100;0;2;BubbleSort;198;99;0;10280
100;0;2;MergeSort;1344;356;0;12560
100;0;2;CountingSort;301;0;0;18410
100;0;2;QuickSort;2560;982;458;135191
100;0;2;InsertionSort;297;99;0;9740
100;0;2;BubbleSort;198;99;0;10920
100;0;2;MergeSort;1344;356;0;14640
100;0;2;CountingSort;301;0;0;16610
100;0;2;QuickSort;2391;924;419;12620
100;0;2;InsertionSort;297;99;0;9480
100;0;2;BubbleSort;198;99;0;10170
100;0;2;MergeSort;1344;356;0;8511
100;0;2;CountingSort;301;0;0;22180
100;0;2;QuickSort;2486;932;452;4030
100;0;2;InsertionSort;297;99;0;13130
100;0;2;BubbleSort;198;99;0;6800
100;0;2;MergeSort;1344;356;0;15760
100;0;2;CountingSort;301;0;0;18180
100;0;2;QuickSort;2247;843;404;3730
100;0;2;InsertionSort;297;99;0;13050
100;0;2;BubbleSort;198;99;0;9000
100;0;2;MergeSort;1344;356;0;13400
100;0;2;CountingSort;301;0;0;16540
100;0;2;QuickSort;2443;898;452;3480
100;0;2;InsertionSort;297;99;0;12860
100;0;2;BubbleSort;198;99;0;12100
100;0;2;MergeSort;1344;356;0;11530
100;0;2;CountingSort;301;0;0;19120
100;0;2;QuickSort;2550;960;464;4070
100;0;2;InsertionSort;297;99;0;12810
100;0;2;BubbleSort;198;99;0;6950
100;0;2;MergeSort;1344;356;0;10610
100;0;2;CountingSort;301;0;0;17240
100;0;2;QuickSort;2318;884;412;3710
100;0;2;InsertionSort;297;99;0;15060
100;0;2;BubbleSort;198;99;0;12810
100;0;2;MergeSort;1344;356;0;9410
100;0;2;CountingSort;301;0;0;16720
100;0;2;QuickSort;2208;807;403;3260
100;0;2;InsertionSort;297;99;0;9560
100;0;2;BubbleSort;198;99;0;11700
100;0;2;MergeSort;1344;356;0;10420
100;0;2;CountingSort;301;0;0;24900
100;0;2;QuickSort;2712;990;508;3630
100;0;2;InsertionSort;297;99;0;11560
100;0;2;BubbleSort;198;99;0;7230
100;0;2;MergeSort;1344;356;0;13530
100;0;2;CountingSort;301;0;0;13500
100;0;2;QuickSort;2288;902;396;3420
100;0;2;InsertionSort;297;99;0;8460
100;0;2;BubbleSort;198;99;0;9340
100;0;2;MergeSort;1344;356;0;10000
100;0;2;CountingSort;301;0;0;20330
100;0;2;QuickSort;2801;1040;522;4370
100;0;2;InsertionSort;297;99;0;12880
100;0;2;BubbleSort;198;99;0;9100
100;0;2;MergeSort;1344;356;0;13510
100;0;2;CountingSort;301;0;0;13390
100;0;2;QuickSort;2357;911;418;5160
100;0;2;InsertionSort;297;99;0;11450
100;0;2;BubbleSort;198;99;0;20210
100;0;2;MergeSort;1344;356;0;8990
100;0;2;CountingSort;301;0;0;14180
100;0;2;QuickSort;2358;924;412;3170
100;0;2;InsertionSort;297;99;0;13341
100;0;2;BubbleSort;198;99;0;6650
100;0;2;MergeSort;1344;356;0;20070
100;0;2;CountingSort;301;0;0;20041
100;0;2;QuickSort;2356;940;405;5130
100;0;2;InsertionSort;297;99;0;11290
100;0;2;BubbleSort;198;99;0;10010
100;0;2;MergeSort;1344;356;0;26740
100;0;2;CountingSort;301;0;0;12940
100;0;2;QuickSort;2770;1033;514;3140
100;0;2;InsertionSort;297;99;0;10400
100;0;2;BubbleSort;198;99;0;5800
100;0;2;MergeSort;1344;356;0;11680
100;0;2;CountingSort;301;0;0;12690
100;0;2;QuickSort;2827;1174;483;3430
100;0;2;InsertionSort;297;99;0;10440
100;0;2;BubbleSort;198;99;0;7750
100;0;2;MergeSort;1344;356;0;10980
100;0;2;CountingSort;301;0;0;19280
100;0;2;QuickSort;2397;897;434;3240
100;0;2;InsertionSort;297;99;0;8900
100;0;2;BubbleSort;198;99;0;7060
100;0;2;MergeSort;1344;356;0;9900
100;0;2;CountingSort;301;0;0;13810
100;0;2;QuickSort;2323;853;423;2930
100;0;2;InsertionSort;297;99;0;7970
100;0;2;BubbleSort;198;99;0;7490
100;0;2;MergeSort;1344;356;0;9810
100;0;2;CountingSort;301;0;0;18820
100;0;2;QuickSort;2764;1081;495;4540
100;0;2;InsertionSort;297;99;0;12830
100;0;2;BubbleSort;198;99;0;7740
100;0;2;MergeSort;1344;356;0;11500
100;0;2;CountingSort;301;0;0;20761
100;0;2;QuickSort;2879;1229;484;4250
100;0;2;InsertionSort;297;99;0;12200
100;0;2;BubbleSort;198;99;0;9940
100;0;2;MergeSort;1344;356;0;14290
100;0;2;CountingSort;301;0;0;15650
100;0;2;QuickSort;2464;928;445;4900
100;0;2;InsertionSort;297;99;0;14040
100;0;2;BubbleSort;198;99;0;9240
100;0;2;MergeSort;1344;356;0;13111
100;0;2;CountingSort;301;0;0;16120
100;0;2;QuickSort;2915;1055;551;3870
100;0;2;InsertionSort;297;99;0;14400
100;0;2;BubbleSort;198;99;0;9010
100;0;2;MergeSort;1344;356;0;9580
100;0;2;CountingSort;301;0;0;13910
100;0;2;QuickSort;2336;926;402;3550
100;0;2;InsertionSort;297;99;0;12970
100;0;2;BubbleSort;198;99;0;7300
100;0;2;MergeSort;1344;356;0;11880
100;0;2;CountingSort;301;0;0;14930
100;0;2;QuickSort;2254;850;403;3460
100;0;2;InsertionSort;297;99;0;13970
100;0;2;BubbleSort;198;99;0;6890
100;0;2;MergeSort;1344;356;0;9070
100;0;2;CountingSort;301;0;0;13290
100;0;2;QuickSort;2412;1023;399;3640
100;0;2;InsertionSort;297;99;0;10320
100;0;2;BubbleSort;198;99;0;10920
100;0;2;MergeSort;1344;356;0;11000
100;0;2;CountingSort;301;0;0;13350
100;0;2;QuickSort;2566;949;474;17870
100;0;2;InsertionSort;297;99;0;10410
100;0;2;BubbleSort;198;99;0;7300
100;0;2;MergeSort;1344;356;0;11360
100;0;2;CountingSort;301;0;0;17160
100;0;2;QuickSort;2964;1107;550;3610
100;0;2;InsertionSort;297;99;0;7810
100;0;2;BubbleSort;198;99;0;7410
100;0;2;MergeSort;1344;356;0;11230
100;0;2;CountingSort;301;0;0;14340
100;0;2;QuickSort;2470;922;454;3840
100;0;2;InsertionSort;297;99;0;11970
100;0;2;BubbleSort;198;99;0;10740
100;0;2;MergeSort;1344;356;0;9830
100;0;2;CountingSort;301;0;0;20730
100;0;2;QuickSort;2734;1027;504;4330
100;0;2;InsertionSort;297;99;0;10160
100;0;2;BubbleSort;198;99;0;7230
100;0;2;MergeSort;1344;356;0;13640
100;0;2;CountingSort;301;0;0;13850
100;0;2;QuickSort;2473;988;431;3590
100;0;2;InsertionSort;297;99;0;9070
100;0;2;BubbleSort;198;99;0;8880
100;0;2;MergeSort;1344;356;0;11290
100;0;2;CountingSort;301;0;0;38301
100;0;2;QuickSort;2221;880;384;3210
100;0;2;InsertionSort;297;99;0;18340
100;0;2;BubbleSort;198;99;0;6580
100;0;2;MergeSort;1344;356;0;19960
100;0;2;CountingSort;301;0;0;14101
100;0;2;QuickSort;2695;1069;480;3410
100;0;2;InsertionSort;297;99;0;8900
100;0;2;BubbleSort;198;99;0;5800
100;0;2;MergeSort;1344;356;0;9290
100;0;2;CountingSort;301;0;0;13860
100;0;2;QuickSort;2368;943;409;3190
100;0;2;InsertionSort;297;99;0;7850
100;0;2;BubbleSort;198;99;0;8750
100;0;2;MergeSort;1344;356;0;8340
100;0;2;CountingSort;301;0;0;13740
100;0;2;QuickSort;2440;913;442;3100
100;0;2;InsertionSort;297;99;0;14080
100;0;2;BubbleSort;198;99;0;5480
100;0;2;MergeSort;1344;356;0;8170
100;0;3;CountingSort;301;0;0;21120
100;0;3;QuickSort;2547;927;473;201871
100;0;3;InsertionSort;297;99;0;21830
100;0;3;BubbleSort;198;99;0;19411
100;0;3;MergeSort;1344;356;0;100940
100;0;3;CountingSort;301;0;0;16451
100;0;3;QuickSort;3008;1118;566;114090
100;0;3;InsertionSort;297;99;0;10290
100;0;3;BubbleSort;198;99;0;13370
100;0;3;MergeSort;1344;356;0;82010
100;0;3;CountingSort;301;0;0;16060
100;0;3;QuickSort;2338;910;408;90650
100;0;3;InsertionSort;297;99;0;10130
100;0;3;BubbleSort;198;99;0;5790
100;0;3;MergeSort;1344;356;0;96831
100;0;3;CountingSort;301;0;0;14761
100;0;3;QuickSort;2740;1036;505;108180
100;0;3;InsertionSort;297;99;0;19250
100;0;3;BubbleSort;198;99;0;5950
100;0;3;MergeSort;1344;356;0;81980
100;0;3;CountingSort;301;0;0;15620
100;0;3;QuickSort;2591;968;473;78900
100;0;3;InsertionSort;297;99;0;11000
100;0;3;BubbleSort;198;99;0;8260
100;0;3;MergeSort;1344;356;0;35060
100;0;3;CountingSort;301;0;0;15620
100;0;3;QuickSort;2413;931;431;69480
100;0;3;InsertionSort;297;99;0;9540
100;0;3;BubbleSort;198;99;0;5570
100;0;3;MergeSort;1344;356;0;17260
100;0;3;CountingSort;301;0;0;15890
100;0;3;QuickSort;2237;833;400;27230
100;0;3;InsertionSort;297;99;0;15300
100;0;3;BubbleSort;198;99;0;10600
100;0;3;MergeSort;1344;356;0;22270
100;0;3;CountingSort;301;0;0;13490
100;0;3;QuickSort;2159;866;363;21991
100;0;3;InsertionSort;297;99;0;10160
100;0;3;BubbleSort;198;99;0;11270
100;0;3;MergeSort;1344;356;0;23220
100;0;3;CountingSort;301;0;0;13210
100;0;3;QuickSort;2414;908;436;15450
100;0;3;InsertionSort;297;99;0;9650
100;0;3;BubbleSort;198;99;0;7890
100;0;3;MergeSort;1344;356;0;19740
100;0;3;CountingSort;301;0;0;14030
100;0;3;QuickSort;2500;940;455;20270
100;0;3;InsertionSort;297;99;0;10360
100;0;3;BubbleSort;198;99;0;9900
100;0;3;MergeSort;1344;356;0;18361
100;0;3;CountingSort;301;0;0;26931
100;0;3;QuickSort;2180;833;385;17220
100;0;3;InsertionSort;297;99;0;13120
100;0;3;BubbleSort;198;99;0;9810
100;0;3;MergeSort;1344;356;0;22930
100;0;3;CountingSort;301;0;0;22570
100;0;3;QuickSort;2194;850;386;31170
100;0;3;InsertionSort;297;99;0;10930
100;0;3;BubbleSort;198;99;0;8370
100;0;3;MergeSort;1344;356;0;29540
100;0;3;CountingSort;301;0;0;13430
100;0;3;QuickSort;2552;959;464;21020
100;0;3;InsertionSort;297;99;0;11050
100;0;3;BubbleSort;198;99;0;10430
100;0;3;MergeSort;1344;356;0;27300
100;0;3;CountingSort;301;0;0;15520
100;0;3;QuickSort;2545;946;466;13280
100;0;3;InsertionSort;297;99;0;10190
100;0;3;BubbleSort;198;99;0;6340
100;0;3;MergeSort;1344;356;0;23080
100;0;3;CountingSort;301;0;0;11890
100;0;3;QuickSort;2666;995;491;23060
100;0;3;InsertionSort;297;99;0;10810
100;0;3;BubbleSort;198;99;0;7070
100;0;3;MergeSort;1344;356;0;22200
100;0;3;CountingSort;301;0;0;15620
100;0;3;QuickSort;2702;1001;499;9570
100;0;3;InsertionSort;297;99;0;10690
100;0;3;BubbleSort;198;99;0;6840
100;0;3;MergeSort;1344;356;0;12510
100;0;3;CountingSort;301;0;0;14240
100;0;3;QuickSort;2412;882;445;8360
100;0;3;InsertionSort;297;99;0;10860
100;0;3;BubbleSort;198;99;0;9501
100;0;3;MergeSort;1344;356;0;17220
100;0;3;CountingSort;301;0;0;15780
100;0;3;QuickSort;3206;1280;577;11260
100;0;3;InsertionSort;297;99;0;13260
100;0;3;BubbleSort;198;99;0;8260
100;0;3;MergeSort;1344;356;0;23340
100;0;3;CountingSort;301;0;0;11710
100;0;3;QuickSort;2756;1025;514;9010
100;0;3;InsertionSort;297;99;0;7640
100;0;3;BubbleSort;198;99;0;5730
100;0;3;MergeSort;1344;356;0;13800
100;0;3;CountingSort;301;0;0;11590
100;0;3;QuickSort;2212;892;377;9010
100;0;3;InsertionSort;297;99;0;8780
100;0;3;BubbleSort;198;99;0;8130
100;0;3;MergeSort;1344;356;0;13530
100;0;3;CountingSort;301;0;0;12740
100;0;3;QuickSort;2530;958;459;10400
100;0;3;InsertionSort;297;99;0;15990
100;0;3;BubbleSort;198;99;0;9400
100;0;3;MergeSort;1344;356;0;14130
100;0;3;CountingSort;301;0;0;14190
100;0;3;QuickSort;2722;1012;502;14780
100;0;3;InsertionSort;297;99;0;7980
100;0;3;BubbleSort;198;99;0;6750
100;0;3;MergeSort;1344;356;0;13280
100;0;3;CountingSort;301;0;0;13230
100;0;3;QuickSort;2283;885;399;6960
100;0;3;InsertionSort;297;99;0;8200
100;0;3;BubbleSort;198;99;0;7160
100;0;3;MergeSort;1344;356;0;28750
100;0;3;CountingSort;301;0;0;15890
100;0;3;QuickSort;2415;888;443;9140
100;0;3;InsertionSort;297;99;0;7850
100;0;3;BubbleSort;198;99;0;5550
100;0;3;MergeSort;1344;356;0;20540
100;0;3;CountingSort;301;0;0;1275804
100;0;3;QuickSort;2719;1087;480;9410
100;0;3;InsertionSort;297;99;0;10480
100;0;3;BubbleSort;198;99;0;8650
100;0;3;MergeSort;1344;356;0;12070
100;0;3;CountingSort;301;0;0;16720
100;0;3;QuickSort;3403;1306;630;9090
100;0;3;InsertionSort;297;99;0;17850
100;0;3;BubbleSort;198;99;0;8280
100;0;3;MergeSort;1344;356;0;14820
100;0;3;CountingSort;301;0;0;19820
100;0;3;QuickSort;2960;1115;548;14780
100;0;3;InsertionSort;297;99;0;9500
100;0;3;BubbleSort;198;99;0;10661
100;0;3;MergeSort;1344;356;0;22530
100;0;3;CountingSort;301;0;0;16060
100;0;3;QuickSort;2817;1155;489;8550
100;0;3;InsertionSort;297;99;0;9860
100;0;3;BubbleSort;198;99;0;9190
100;0;3;MergeSort;1344;356;0;14640
100;0;3;CountingSort;301;0;0;17960
100;0;3;QuickSort;2588;1019;460;15770
100;0;3;InsertionSort;297;99;0;8260
100;0;3;BubbleSort;198;99;0;7620
100;0;3;MergeSort;1344;356;0;12390
100;0;3;CountingSort;301;0;0;13580
100;0;3;QuickSort;2512;1039;423;7890
100;0;3;InsertionSort;297;99;0;7960
100;0;3;BubbleSort;198;99;0;8850
100;0;3;MergeSort;1344;356;0;15510
100;0;3;CountingSort;301;0;0;14830
100;0;3;QuickSort;2712;1140;459;10370
100;0;3;InsertionSort;297;99;0;12781
100;0;3;BubbleSort;198;99;0;8310
100;0;3;MergeSort;1344;356;0;12670
100;0;3;CountingSort;301;0;0;13300
100;0;3;QuickSort;2195;854;382;8440
100;0;3;InsertionSort;297;99;0;9360
100;0;3;BubbleSort;198;99;0;9430
100;0;3;MergeSort;1344;356;0;17020
100;0;3;CountingSort;301;0;0;15700
100;0;3;QuickSort;2717;977;514;15810
100;0;3;InsertionSort;297;99;0;7850
100;0;3;BubbleSort;198;99;0;6770
100;0;3;MergeSort;1344;356;0;16280
100;0;3;CountingSort;301;0;0;17310
100;0;3;QuickSort;2207;869;379;9690
100;0;3;InsertionSort;297;99;0;13120
100;0;3;BubbleSort;198;99;0;6761
100;0;3;MergeSort;1344;356;0;9960
100;0;3;CountingSort;301;0;0;14810
100;0;3;QuickSort;2571;942;478;10320
100;0;3;InsertionSort;297;99;0;9780
100;0;3;BubbleSort;198;99;0;5760
100;0;3;MergeSort;1344;356;0;14310
100;0;3;CountingSort;301;0;0;17580
100;0;3;QuickSort;2264;851;405;8150
100;0;3;InsertionSort;297;99;0;7670
100;0;3;BubbleSort;198;99;0;10580
100;0;3;MergeSort;1344;356;0;7930
100;0;3;CountingSort;301;0;0;16250
100;0;3;QuickSort;3095;1136;587;11460
100;0;3;InsertionSort;297;99;0;10660
100;0;3;BubbleSort;198;99;0;8860
100;0;3;MergeSort;1344;356;0;10091
100;0;3;CountingSort;301;0;0;15411
100;0;3;QuickSort;2471;947;443;10500
100;0;3;InsertionSort;297;99;0;10640
100;0;3;BubbleSort;198;99;0;11180
100;0;3;MergeSort;1344;356;0;9510
100;0;3;CountingSort;301;0;0;23010
100;0;3;QuickSort;2647;997;482;9330
100;0;3;InsertionSort;297;99;0;9520
100;0;3;BubbleSort;198;99;0;9960
100;0;3;MergeSort;1344;356;0;10820
100;0;3;CountingSort;301;0;0;16920
100;0;3;QuickSort;2552;1007;450;8960
100;0;3;InsertionSort;297;99;0;12980
100;0;3;BubbleSort;198;99;0;7790
100;0;3;MergeSort;1344;356;0;10330
100;0;3;CountingSort;301;0;0;15620
100;0;3;QuickSort;2585;959;472;96980
100;0;3;InsertionSort;297;99;0;12860
100;0;3;BubbleSort;198;99;0;11470
100;0;3;MergeSort;1344;356;0;8810
100;0;3;CountingSort;301;0;0;14320
100;0;3;QuickSort;2781;1068;507;50690
100;0;3;InsertionSort;297;99;0;16930
100;0;3;BubbleSort;198;99;0;10770
100;0;3;MergeSort;1344;356;0;18900
100;0;3;CountingSort;301;0;0;15320
100;0;3;QuickSort;2631;990;479;58620
100;0;3;InsertionSort;297;99;0;8850
100;0;3;BubbleSort;198;99;0;9410
100;0;3;MergeSort;1344;356;0;11730
100;0;3;CountingSort;301;0;0;19320
100;0;3;QuickSort;2614;1021;467;56271
100;0;3;InsertionSort;297;99;0;8690
100;0;3;BubbleSort;198;99;0;9430
100;0;3;MergeSort;1344;356;0;11960
100;0;3;CountingSort;301;0;0;57001
100;0;3;QuickSort;2497;964;446;54620
100;0;3;InsertionSort;297;99;0;7690
100;0;3;BubbleSort;198;99;0;8540
100;0;3;MergeSort;1344;356;0;10080
100;0;3;CountingSort;301;0;0;15500
100;0;3;QuickSort;2432;944;428;46280
100;0;3;InsertionSort;297;99;0;8100
100;0;3;BubbleSort;198;99;0;8100
100;0;3;MergeSort;1344;356;0;9910
100;0;3;CountingSort;301;0;0;18280
100;0;3;QuickSort;2402;881;440;41550
100;0;3;InsertionSort;297;99;0;12960
100;0;3;BubbleSort;198;99;0;9520
100;0;3;MergeSort;1344;356;0;29970
100;0;3;CountingSort;301;0;0;15780
100;0;3;QuickSort;2683;1000;496;57960
100;0;3;InsertionSort;297;99;0;13350
100;0;3;BubbleSort;198;99;0;8230
100;0;3;MergeSort;1344;356;0;9900
100;0;3;CountingSort;301;0;0;21240
100;0;3;QuickSort;2496;954;448;74080
100;0;3;InsertionSort;297;99;0;11490
100;0;3;BubbleSort;198;99;0;7830
100;0;3;MergeSort;1344;356;0;14940
100;0;3;CountingSort;301;0;0;16730
100;0;3;QuickSort;2733;1020;506;47910
100;0;3;InsertionSort;297;99;0;12721
100;0;3;BubbleSort;198;99;0;10170
100;0;3;MergeSort;1344;356;0;11550
100;0;3;CountingSort;301;0;0;17290
100;0;3;QuickSort;2699;986;505;45310
100;0;3;InsertionSort;297;99;0;10310
100;0;3;BubbleSort;198;99;0;9120
100;0;3;MergeSort;1344;356;0;8880
100;0;3;CountingSort;301;0;0;15830
100;0;3;QuickSort;2340;870;423;41210
100;0;3;InsertionSort;297;99;0;9450
100;0;3;BubbleSort;198;99;0;11540
100;0;3;MergeSort;1344;356;0;9420
100;0;3;CountingSort;301;0;0;16120
100;0;3;QuickSort;2430;969;423;56120
100;0;3;InsertionSort;297;99;0;7680
100;0;3;BubbleSort;198;99;0;5870
100;0;3;MergeSort;1344;356;0;10670
100;0;3;CountingSort;301;0;0;23320
100;0;3;QuickSort;2489;929;454;44770
100;0;3;InsertionSort;297;99;0;9390
100;0;3;BubbleSort;198;99;0;10010
100;0;3;MergeSort;1344;356;0;14660
100;0;3;CountingSort;301;0;0;15540
100;0;3;QuickSort;2494;925;456;49720
100;0;3;InsertionSort;297;99;0;8830
100;0;3;BubbleSort;198;99;0;9520
100;0;3;MergeSort;1344;356;0;8980
100;0;3;CountingSort;301;0;0;14880
100;0;3;QuickSort;2350;883;427;50220
100;0;3;InsertionSort;297;99;0;8050
100;0;3;BubbleSort;198;99;0;9730
100;0;3;MergeSort;1344;356;0;7490
100;0;3;CountingSort;301;0;0;16710
100;0;3;QuickSort;2204;818;398;37790
100;0;3;InsertionSort;297;99;0;10150
100;0;3;BubbleSort;198;99;0;8860
100;0;3;MergeSort;1344;356;0;9230
100;0;3;CountingSort;301;0;0;15350
100;0;3;QuickSort;2503;940;452;53520
100;0;3;InsertionSort;297;99;0;7620
100;0;3;BubbleSort;198;99;0;7020
100;0;3;MergeSort;1344;356;0;7670
100;0;3;CountingSort;301;0;0;20510
100;0;3;QuickSort;2341;877;422;49130
100;0;3;InsertionSort;297;99;0;9460
100;0;3;BubbleSort;198;99;0;9880
100;0;3;MergeSort;1344;356;0;10710
100;0;3;CountingSort;301;0;0;18350
100;0;3;QuickSort;2631;960;490;55950
100;0;3;InsertionSort;297;99;0;12550
100;0;3;BubbleSort;198;99;0;7910
100;0;3;MergeSort;1344;356;0;12820
100;0;3;CountingSort;301;0;0;16320
100;0;3;QuickSort;2350;865;427;54711
100;0;3;InsertionSort;297;99;0;11890
100;0;3;BubbleSort;198;99;0;7870
100;0;3;MergeSort;1344;356;0;10020
100;0;3;CountingSort;301;0;0;17160
100;0;3;QuickSort;2163;834;375;50880
100;0;3;InsertionSort;297;99;0;9620
100;0;3;BubbleSort;198;99;0;9110
100;0;3;MergeSort;1344;356;0;11580
100;0;3;CountingSort;301;0;0;14610
100;0;3;QuickSort;2451;885;454;50630
100;0;3;InsertionSort;297;99;0;11330
100;0;3;BubbleSort;198;99;0;10430
100;0;3;MergeSort;1344;356;0;8190
100;0;3;CountingSort;301;0;0;15940
100;0;3;QuickSort;2282;887;400;154000
100;0;3;InsertionSort;297;99;0;7500
100;0;3;BubbleSort;198;99;0;7330
100;0;3;MergeSort;1344;356;0;15750
100;0;3;CountingSort;301;0;0;15590
100;0;3;QuickSort;2286;882;402;50731
100;0;3;InsertionSort;297;99;0;7710
100;0;3;BubbleSort;198;99;0;5430
100;0;3;MergeSort;1344;356;0;7650
100;0;3;CountingSort;301;0;0;14881
100;0;3;QuickSort;2472;930;448;44300
100;0;3;InsertionSort;297;99;0;9030
100;0;3;BubbleSort;198;99;0;9280
100;0;3;MergeSort;1344;356;0;8350
100;0;3;CountingSort;301;0;0;12740
100;0;3;QuickSort;2703;1056;483;48550
100;0;3;InsertionSort;297;99;0;7430
100;0;3;BubbleSort;198;99;0;6600
100;0;3;MergeSort;1344;356;0;12351
100;0;3;CountingSort;301;0;0;15260
100;0;3;QuickSort;2692;1003;497;47120
100;0;3;InsertionSort;297;99;0;7940
100;0;3;BubbleSort;198;99;0;7540
100;0;3;MergeSort;1344;356;0;9830
100;0;3;CountingSort;301;0;0;13790
100;0;3;QuickSort;2938;1099;548;48480
100;0;3;InsertionSort;297;99;0;7820
100;0;3;BubbleSort;198;99;0;9320
100;0;3;MergeSort;1344;356;0;9090
100;0;3;CountingSort;301;0;0;19420
100;0;3;QuickSort;2433;972;419;46430
100;0;3;InsertionSort;297;99;0;7500
100;0;3;BubbleSort;198;99;0;7731
100;0;3;MergeSort;1344;356;0;14590
100;0;3;CountingSort;301;0;0;15520
100;0;3;QuickSort;2656;1000;483;46870
100;0;3;InsertionSort;297;99;0;9380
100;0;3;BubbleSort;198;99;0;5730
100;0;3;MergeSort;1344;356;0;9330
100;0;3;CountingSort;301;0;0;18580
100;0;3;QuickSort;2733;1125;470;51540
100;0;3;InsertionSort;297;99;0;9040
100;0;3;BubbleSort;198;99;0;5460
100;0;3;MergeSort;1344;356;0;11510
100;0;3;CountingSort;301;0;0;12680
100;0;3;QuickSort;2157;816;379;43460
100;0;3;InsertionSort;297;99;0;10840
100;0;3;BubbleSort;198;99;0;18350
100;0;3;MergeSort;1344;356;0;8220
100;0;3;CountingSort;301;0;0;16170
100;0;3;QuickSort;2265;894;388;43800
100;0;3;InsertionSort;297;99;0;9050
100;0;3;BubbleSort;198;99;0;68900
100;0;3;MergeSort;1344;356;0;9930
100;0;3;CountingSort;301;0;0;18400
100;0;3;QuickSort;2516;944;454;44900
100;0;3;InsertionSort;297;99;0;13720
100;0;3;BubbleSort;198;99;0;9430
100;0;3;MergeSort;1344;356;0;8920
100;0;3;CountingSort;301;0;0;15650
100;0;3;QuickSort;2508;993;439;45570
100;0;3;InsertionSort;297;99;0;9990
100;0;3;BubbleSort;198;99;0;9040
100;0;3;MergeSort;1344;356;0;8950
100;0;3;CountingSort;301;0;0;16870
100;0;3;QuickSort;2327;890;411;43461
100;0;3;InsertionSort;297;99;0;10940
100;0;3;BubbleSort;198;99;0;9720
100;0;3;MergeSort;1344;356;0;9970
100;0;3;CountingSort;301;0;0;15860
100;0;3;QuickSort;2741;995;515;55400
100;0;3;InsertionSort;297;99;0;10100
100;0;3;BubbleSort;198;99;0;7330
100;0;3;MergeSort;1344;356;0;8330
100;0;3;CountingSort;301;0;0;17460
100;0;3;QuickSort;2366;908;422;75860
100;0;3;InsertionSort;297;99;0;9050
100;0;3;BubbleSort;198;99;0;30190
100;0;3;MergeSort;1344;356;0;9430
100;0;3;CountingSort;301;0;0;18130
100;0;3;QuickSort;3072;1182;561;64860
100;0;3;InsertionSort;297;99;0;10240
100;0;3;BubbleSort;198;99;0;14210
100;0;3;MergeSort;1344;356;0;11660
100;0;3;CountingSort;301;0;0;16630
100;0;3;QuickSort;2343;933;406;43640
100;0;3;InsertionSort;297;99;0;8900
100;0;3;BubbleSort;198;99;0;8710
100;0;3;MergeSort;1344;356;0;8860
100;0;3;CountingSort;301;0;0;18610
100;0;3;QuickSort;3217;1201;602;53890
100;0;3;InsertionSort;297;99;0;7740
100;0;3;BubbleSort;198;99;0;7230
100;0;3;MergeSort;1344;356;0;8950
100;0;3;CountingSort;301;0;0;17820
100;0;3;QuickSort;2505;933;458;45650
100;0;3;InsertionSort;297;99;0;9480
100;0;3;BubbleSort;198;99;0;8420
100;0;3;MergeSort;1344;356;0;8220
100;0;3;CountingSort;301;0;0;16900
100;0;3;QuickSort;2294;908;399;50740
100;0;3;InsertionSort;297;99;0;7820
100;0;3;BubbleSort;198;99;0;7580
100;0;3;MergeSort;1344;356;0;7530
100;0;3;CountingSort;301;0;0;16100
100;0;3;QuickSort;2536;970;456;70990
100;0;3;InsertionSort;297;99;0;8660
100;0;3;BubbleSort;198;99;0;10800
100;0;3;MergeSort;1344;356;0;14470
100;0;3;CountingSort;301;0;0;15910
100;0;3;QuickSort;2481;921;454;41231
100;0;3;InsertionSort;297;99;0;10260
100;0;3;BubbleSort;198;99;0;11660
100;0;3;MergeSort;1344;356;0;9320
100;0;3;CountingSort;301;0;0;12540
100;0;3;QuickSort;2883;1173;502;52220
100;0;3;InsertionSort;297;99;0;10570
100;0;3;BubbleSort;198;99;0;9690
100;0;3;MergeSort;1344;356;0;9990
100;0;3;CountingSort;301;0;0;17910
100;0;3;QuickSort;2705;986;503;43650
100;0;3;InsertionSort;297;99;0;7870
100;0;3;BubbleSort;198;99;0;7250
100;0;3;MergeSort;1344;356;0;8430
100;0;3;CountingSort;301;0;0;16020
100;0;3;QuickSort;2346;897;416;40800
100;0;3;InsertionSort;297;99;0;7970
100;0;3;BubbleSort;198;99;0;5660
100;0;3;MergeSort;1344;356;0;8080
100;0;3;CountingSort;301;0;0;14350
100;0;3;QuickSort;3093;1167;576;51231
100;0;3;InsertionSort;297;99;0;7460
100;0;3;BubbleSort;198;99;0;9020
100;0;3;MergeSort;1344;356;0;8870
100;0;3;CountingSort;301;0;0;15990
100;0;3;QuickSort;2328;885;415;45571
100;0;3;InsertionSort;297;99;0;8930
100;0;3;BubbleSort;198;99;0;7100
100;0;3;MergeSort;1344;356;0;8460
100;0;3;CountingSort;301;0;0;12110
100;0;3;QuickSort;2302;856;415;38641
100;0;3;InsertionSort;297;99;0;7710
100;0;3;BubbleSort;198;99;0;7290
100;0;3;MergeSort;1344;356;0;9960
100;0;3;CountingSort;301;0;0;13430
100;0;3;QuickSort;2962;1126;548;48400
100;0;3;InsertionSort;297;99;0;7700
100;0;3;BubbleSort;198;99;0;7270
100;0;3;MergeSort;1344;356;0;9410
100;0;3;CountingSort;301;0;0;13280
100;0;3;QuickSort;2480;953;445;50201
100;0;3;InsertionSort;297;99;0;16270
100;0;3;BubbleSort;198;99;0;9400
100;0;3;MergeSort;1344;356;0;10640
100;0;3;CountingSort;301;0;0;14500
100;0;3;QuickSort;2399;884;442;46580
100;0;3;InsertionSort;297;99;0;11370
100;0;3;BubbleSort;198;99;0;7620
100;0;3;MergeSort;1344;356;0;8300
100;0;3;CountingSort;301;0;0;16970
100;0;3;QuickSort;2437;931;435;62050
100;0;3;InsertionSort;297;99;0;10450
100;0;3;BubbleSort;198;99;0;8500
100;0;3;MergeSort;1344;356;0;9380
100;0;3;CountingSort;301;0;0;12250
100;0;3;QuickSort;2845;1030;540;72500
100;0;3;InsertionSort;297;99;0;7850
100;0;3;BubbleSort;198;99;0;15120
100;0;3;MergeSort;1344;356;0;9990
100;0;3;CountingSort;301;0;0;14120
100;0;3;QuickSort;2574;957;471;57590
100;0;3;InsertionSort;297;99;0;7600
100;0;3;BubbleSort;198;99;0;10200
100;0;3;MergeSort;1344;356;0;8110
100;0;3;CountingSort;301;0;0;13910
100;0;3;QuickSort;2906;1085;539;48040
100;0;3;InsertionSort;297;99;0;7560
100;0;3;BubbleSort;198;99;0;9750
100;0;3;MergeSort;1344;356;0;8520
100;0;3;CountingSort;301;0;0;13570
100;0;3;QuickSort;2239;841;402;49910
100;0;3;InsertionSort;297;99;0;7340
100;0;3;BubbleSort;198;99;0;7760
100;0;3;MergeSort;1344;356;0;7860
100;0;4;CountingSort;301;0;0;20470
100;0;4;QuickSort;2535;912;474;179171
100;0;4;InsertionSort;297;99;0;29880
100;0;4;BubbleSort;198;99;0;20650
100;0;4;MergeSort;1344;356;0;102441
100;0;4;CountingSort;301;0;0;16190
100;0;4;QuickSort;2963;1190;525;116140
100;0;4;InsertionSort;297;99;0;12030
100;0;4;BubbleSort;198;99;0;11010
100;0;4;MergeSort;1344;356;0;75081
100;0;4;CountingSort;301;0;0;16340
100;0;4;QuickSort;2278;898;391;91410
100;0;4;InsertionSort;297;99;0;15210
100;0;4;BubbleSort;198;99;0;8990
100;0;4;MergeSort;1344;356;0;75851
100;0;4;CountingSort;301;0;0;11490
100;0;4;QuickSort;2366;914;420;71940
100;0;4;InsertionSort;297;99;0;14200
100;0;4;BubbleSort;198;99;0;7930
100;0;4;MergeSort;1344;356;0;99841
100;0;4;CountingSort;301;0;0;11550
100;0;4;QuickSort;2577;987;462;89660
100;0;4;InsertionSort;297;99;0;8360
100;0;4;BubbleSort;198;99;0;8070
100;0;4;MergeSort;1344;356;0;47300
100;0;4;CountingSort;301;0;0;16130
100;0;4;QuickSort;2616;1023;465;122330
100;0;4;InsertionSort;297;99;0;7750
100;0;4;BubbleSort;198;99;0;6900
100;0;4;MergeSort;1344;356;0;17300
100;0;4;CountingSort;301;0;0;14980
100;0;4;QuickSort;2402;911;428;50100
100;0;4;InsertionSort;297;99;0;13501
100;0;4;BubbleSort;198;99;0;7860
100;0;4;MergeSort;1344;356;0;15840
100;0;4;CountingSort;301;0;0;16010
100;0;4;QuickSort;2649;993;484;21400
100;0;4;InsertionSort;297;99;0;15120
100;0;4;BubbleSort;198;99;0;8700
100;0;4;MergeSort;1344;356;0;16590
100;0;4;CountingSort;301;0;0;14380
100;0;4;QuickSort;2716;1042;492;19660
100;0;4;InsertionSort;297;99;0;13640
100;0;4;BubbleSort;198;99;0;9570
100;0;4;MergeSort;1344;356;0;17250
100;0;4;CountingSort;301;0;0;15440
100;0;4;QuickSort;2362;985;396;27340
100;0;4;InsertionSort;297;99;0;8470
100;0;4;BubbleSort;198;99;0;9780
100;0;4;MergeSort;1344;356;0;15761
100;0;4;CountingSort;301;0;0;17111
100;0;4;QuickSort;2236;880;388;13730
100;0;4;InsertionSort;297;99;0;14260
100;0;4;BubbleSort;198;99;0;14000
100;0;4;MergeSort;1344;356;0;16520
100;0;4;CountingSort;301;0;0;17320
100;0;4;QuickSort;2574;1011;452;14030
100;0;4;InsertionSort;297;99;0;10520
100;0;4;BubbleSort;198;99;0;7600
100;0;4;MergeSort;1344;356;0;60090
100;0;4;CountingSort;301;0;0;14680
100;0;4;QuickSort;3112;1150;582;23930
100;0;4;InsertionSort;297;99;0;17150
100;0;4;BubbleSort;198;99;0;8790
100;0;4;MergeSort;1344;356;0;20720
100;0;4;CountingSort;301;0;0;17580
100;0;4;QuickSort;2523;951;459;22050
100;0;4;InsertionSort;297;99;0;9430
100;0;4;BubbleSort;198;99;0;16650
100;0;4;MergeSort;1344;356;0;14210
100;0;4;CountingSort;301;0;0;22680
100;0;4;QuickSort;2953;1096;554;30380
100;0;4;InsertionSort;297;99;0;8430
100;0;4;BubbleSort;198;99;0;5520
100;0;4;MergeSort;1344;356;0;38510
100;0;4;CountingSort;301;0;0;13430
100;0;4;QuickSort;2785;1084;499;8380
100;0;4;InsertionSort;297;99;0;7630
100;0;4;BubbleSort;198;99;0;5480
100;0;4;MergeSort;1344;356;0;17740
100;0;4;CountingSort;301;0;0;14390
100;0;4;QuickSort;2517;933;460;8830
100;0;4;InsertionSort;297;99;0;10850
100;0;4;BubbleSort;198;99;0;6710
100;0;4;MergeSort;1344;356;0;14550
100;0;4;CountingSort;301;0;0;15770
100;0;4;QuickSort;2589;1029;459;10050
100;0;4;InsertionSort;297;99;0;12910
100;0;4;BubbleSort;198;99;0;11450
100;0;4;MergeSort;1344;356;0;19990
100;0;4;CountingSort;301;0;0;12640
100;0;4;QuickSort;2564;953;472;9350
100;0;4;InsertionSort;297;99;0;9540
100;0;4;BubbleSort;198;99;0;6930
100;0;4;MergeSort;1344;356;0;14010
100;0;4;CountingSort;301;0;0;15060
100;0;4;QuickSort;2612;989;477;7900
100;0;4;InsertionSort;297;99;0;9810
100;0;4;BubbleSort;198;99;0;5620
100;0;4;MergeSort;1344;356;0;17460
100;0;4;CountingSort;301;0;0;19440
100;0;4;QuickSort;2737;1021;508;9050
100;0;4;InsertionSort;297;99;0;14850
100;0;4;BubbleSort;198;99;0;8850
100;0;4;MergeSort;1344;356;0;18990
100;0;4;CountingSort;301;0;0;15090
100;0;4;QuickSort;2565;960;471;12800
100;0;4;InsertionSort;297;99;0;12850
100;0;4;BubbleSort;198;99;0;6710
100;0;4;MergeSort;1344;356;0;14770
100;0;4;CountingSort;301;0;0;15400
100;0;4;QuickSort;3434;1262;656;10420
100;0;4;InsertionSort;297;99;0;7640
100;0;4;BubbleSort;198;99;0;9830
100;0;4;MergeSort;1344;356;0;18840
100;0;4;CountingSort;301;0;0;15510
100;0;4;QuickSort;2725;1030;498;9341
100;0;4;InsertionSort;297;99;0;10870
100;0;4;BubbleSort;198;99;0;9310
100;0;4;MergeSort;1344;356;0;15280
100;0;4;CountingSort;301;0;0;14860
100;0;4;QuickSort;2628;954;492;8911
100;0;4;InsertionSort;297;99;0;10250
100;0;4;BubbleSort;198;99;0;6850
100;0;4;MergeSort;1344;356;0;1020883
100;0;4;CountingSort;301;0;0;16020
100;0;4;QuickSort;2458;991;426;10460
100;0;4;InsertionSort;297;99;0;10781
100;0;4;BubbleSort;198;99;0;7350
100;0;4;MergeSort;1344;356;0;23500
100;0;4;CountingSort;301;0;0;15550
100;0;4;QuickSort;2474;929;450;13200
100;0;4;InsertionSort;297;99;0;9380
100;0;4;BubbleSort;198;99;0;9100
100;0;4;MergeSort;1344;356;0;29170
100;0;4;CountingSort;301;0;0;14340
100;0;4;QuickSort;2458;934;439;14500
100;0;4;InsertionSort;297;99;0;8760
100;0;4;BubbleSort;198;99;0;7060
100;0;4;MergeSort;1344;356;0;34710
100;0;4;CountingSort;301;0;0;14170
100;0;4;QuickSort;2768;1025;515;10860
100;0;4;InsertionSort;297;99;0;13040
100;0;4;BubbleSort;198;99;0;7980
100;0;4;MergeSort;1344;356;0;22361
100;0;4;CountingSort;301;0;0;17280
100;0;4;QuickSort;2405;914;432;7540
100;0;4;InsertionSort;297;99;0;9541
100;0;4;BubbleSort;198;99;0;7570
100;0;4;MergeSort;1344;356;0;13380
100;0;4;CountingSort;301;0;0;18110
100;0;4;QuickSort;2120;851;355;9440
100;0;4;InsertionSort;297;99;0;9750
100;0;4;BubbleSort;198;99;0;12480
100;0;4;MergeSort;1344;356;0;15270
100;0;4;CountingSort;301;0;0;21970
100;0;4;QuickSort;2679;1074;466;10280
100;0;4;InsertionSort;297;99;0;11200
100;0;4;BubbleSort;198;99;0;9150
100;0;4;MergeSort;1344;356;0;22630
100;0;4;CountingSort;301;0;0;13280
100;0;4;QuickSort;2725;1048;494;10850
100;0;4;InsertionSort;297;99;0;9350
100;0;4;BubbleSort;198;99;0;5440
100;0;4;MergeSort;1344;356;0;18860
100;0;4;CountingSort;301;0;0;17820
100;0;4;QuickSort;2396;896;433;8920
100;0;4;InsertionSort;297;99;0;9450
100;0;4;BubbleSort;198;99;0;9240
100;0;4;MergeSort;1344;356;0;8110
100;0;4;CountingSort;301;0;0;51210
100;0;4;QuickSort;2612;1076;443;10390
100;0;4;InsertionSort;297;99;0;9230
100;0;4;BubbleSort;198;99;0;9530
100;0;4;MergeSort;1344;356;0;6640
100;0;4;CountingSort;301;0;0;17200
100;0;4;QuickSort;2376;900;426;9990
100;0;4;InsertionSort;297;99;0;9370
100;0;4;BubbleSort;198;99;0;5710
100;0;4;MergeSort;1344;356;0;9560
100;0;4;CountingSort;301;0;0;15140
100;0;4;QuickSort;2255;896;388;9990
100;0;4;InsertionSort;297;99;0;9200
100;0;4;BubbleSort;198;99;0;10540
100;0;4;MergeSort;1344;356;0;12360
100;0;4;CountingSort;301;0;0;13400
100;0;4;QuickSort;2187;885;373;9740
100;0;4;InsertionSort;297;99;0;8970
100;0;4;BubbleSort;198;99;0;5780
100;0;4;MergeSort;1344;356;0;8860
100;0;4;CountingSort;301;0;0;16860
100;0;4;QuickSort;2588;941;480;9850
100;0;4;InsertionSort;297;99;0;8770
100;0;4;BubbleSort;198;99;0;12230
100;0;4;MergeSort;1344;356;0;22870
100;0;4;CountingSort;301;0;0;15530
100;0;4;QuickSort;2770;1018;515;10400
100;0;4;InsertionSort;297;99;0;8740
100;0;4;BubbleSort;198;99;0;10320
100;0;4;MergeSort;1344;356;0;9960
100;0;4;CountingSort;301;0;0;15010
100;0;4;QuickSort;2695;1078;470;9700
100;0;4;InsertionSort;297;99;0;12880
100;0;4;BubbleSort;198;99;0;8540
100;0;4;MergeSort;1344;356;0;10250
100;0;4;CountingSort;301;0;0;18320
100;0;4;QuickSort;2549;944;467;77121
100;0;4;InsertionSort;297;99;0;11370
100;0;4;BubbleSort;198;99;0;12190
100;0;4;MergeSort;1344;356;0;12340
100;0;4;CountingSort;301;0;0;18980
100;0;4;QuickSort;2742;993;515;70190
100;0;4;InsertionSort;297;99;0;9470
100;0;4;BubbleSort;198;99;0;5760
100;0;4;MergeSort;1344;356;0;9760
100;0;4;CountingSort;301;0;0;15300
100;0;4;QuickSort;2463;942;442;53660
100;0;4;InsertionSort;297;99;0;9590
100;0;4;BubbleSort;198;99;0;7130
100;0;4;MergeSort;1344;356;0;10520
100;0;4;CountingSort;301;0;0;13090
100;0;4;QuickSort;2753;1025;508;78491
100;0;4;InsertionSort;297;99;0;10040
100;0;4;BubbleSort;198;99;0;10560
100;0;4;MergeSort;1344;356;0;12840
100;0;4;CountingSort;301;0;0;13130
100;0;4;QuickSort;2373;891;430;63100
100;0;4;InsertionSort;297;99;0;10190
100;0;4;BubbleSort;198;99;0;7200
100;0;4;MergeSort;1344;356;0;22140
100;0;4;CountingSort;301;0;0;20240
100;0;4;QuickSort;2529;945;460;56200
100;0;4;InsertionSort;297;99;0;12700
100;0;4;BubbleSort;198;99;0;7970
100;0;4;MergeSort;1344;356;0;13750
100;0;4;CountingSort;301;0;0;16730
100;0;4;QuickSort;2462;926;447;59470
100;0;4;InsertionSort;297;99;0;9280
100;0;4;BubbleSort;198;99;0;7100
100;0;4;MergeSort;1344;356;0;8690
100;0;4;CountingSort;301;0;0;14001
100;0;4;QuickSort;2080;793;362;64400
100;0;4;InsertionSort;297;99;0;12640
100;0;4;BubbleSort;198;99;0;8700
100;0;4;MergeSort;1344;356;0;13070
100;0;4;CountingSort;301;0;0;17340
100;0;4;QuickSort;2522;926;465;55870
100;0;4;InsertionSort;297;99;0;12740
100;0;4;BubbleSort;198;99;0;8940
100;0;4;MergeSort;1344;356;0;12990
100;0;4;CountingSort;301;0;0;14180
100;0;4;QuickSort;2277;867;403;56291
100;0;4;InsertionSort;297;99;0;11310
100;0;4;BubbleSort;198;99;0;7420
100;0;4;MergeSort;1344;356;0;18030
100;0;4;CountingSort;301;0;0;17150
100;0;4;QuickSort;2342;893;419;59410
100;0;4;InsertionSort;297;99;0;10400
100;0;4;BubbleSort;198;99;0;9650
100;0;4;MergeSort;1344;356;0;23710
100;0;4;CountingSort;301;0;0;25400
100;0;4;QuickSort;2880;1107;525;74851
100;0;4;InsertionSort;297;99;0;10510
100;0;4;BubbleSort;198;99;0;8960
100;0;4;MergeSort;1344;356;0;8340
100;0;4;CountingSort;301;0;0;22080
100;0;4;QuickSort;2134;895;347;53410
100;0;4;InsertionSort;297;99;0;11550
100;0;4;BubbleSort;198;99;0;7050
100;0;4;MergeSort;1344;356;0;26570
100;0;4;CountingSort;301;0;0;16520
100;0;4;QuickSort;2263;856;402;13821
100;0;4;InsertionSort;297;99;0;13030
100;0;4;BubbleSort;198;99;0;5830
100;0;4;MergeSort;1344;356;0;21630
100;0;4;CountingSort;301;0;0;12810
100;0;4;QuickSort;2586;993;463;8370
100;0;4;InsertionSort;297;99;0;10230
100;0;4;BubbleSort;198;99;0;5540
100;0;4;MergeSort;1344;356;0;10230
100;0;4;CountingSort;301;0;0;13030
100;0;4;QuickSort;2546;1001;449;4120
100;0;4;InsertionSort;297;99;0;10451
100;0;4;BubbleSort;198;99;0;7070
100;0;4;MergeSort;1344;356;0;13700
100;0;4;CountingSort;301;0;0;15730
100;0;4;QuickSort;3360;1299;622;4310
100;0;4;InsertionSort;297;99;0;9760
100;0;4;BubbleSort;198;99;0;8920
100;0;4;MergeSort;1344;356;0;9210
100;0;4;CountingSort;301;0;0;13710
100;0;4;QuickSort;2568;1032;450;3440
100;0;4;InsertionSort;297;99;0;10630
100;0;4;BubbleSort;198;99;0;5690
100;0;4;MergeSort;1344;356;0;9910
100;0;4;CountingSort;301;0;0;14770
100;0;4;QuickSort;2885;1082;536;4360
100;0;4;InsertionSort;297;99;0;11350
100;0;4;BubbleSort;198;99;0;11590
100;0;4;MergeSort;1344;356;0;10230
100;0;4;CountingSort;301;0;0;16260
100;0;4;QuickSort;2414;896;441;4060
100;0;4;InsertionSort;297;99;0;8050
100;0;4;BubbleSort;198;99;0;10300
100;0;4;MergeSort;1344;356;0;13360
100;0;4;CountingSort;301;0;0;18660
100;0;4;QuickSort;2619;987;479;3310
100;0;4;InsertionSort;297;99;0;10010
100;0;4;BubbleSort;198;99;0;9280
100;0;4;MergeSort;1344;356;0;8000
100;0;4;CountingSort;301;0;0;13960
100;0;4;QuickSort;2642;977;487;3340
100;0;4;InsertionSort;297;99;0;9180
100;0;4;BubbleSort;198;99;0;35410
100;0;4;MergeSort;1344;356;0;11040
100;0;4;CountingSort;301;0;0;12880
100;0;4;QuickSort;2267;845;409;5390
100;0;4;InsertionSort;297;99;0;11500
100;0;4;BubbleSort;198;99;0;5680
100;0;4;MergeSort;1344;356;0;10120
100;0;4;CountingSort;301;0;0;12810
100;0;4;QuickSort;2572;991;460;4010
100;0;4;InsertionSort;297;99;0;10380
100;0;4;BubbleSort;198;99;0;6910
100;0;4;MergeSort;1344;356;0;8920
100;0;4;CountingSort;301;0;0;15550
100;0;4;QuickSort;2778;1029;521;4080
100;0;4;InsertionSort;297;99;0;11620
100;0;4;BubbleSort;198;99;0;9831
100;0;4;MergeSort;1344;356;0;10630
100;0;4;CountingSort;301;0;0;18210
100;0;4;QuickSort;2809;1084;510;3260
100;0;4;InsertionSort;297;99;0;9080
100;0;4;BubbleSort;198;99;0;7290
100;0;4;MergeSort;1344;356;0;10570
100;0;4;CountingSort;301;0;0;17070
100;0;4;QuickSort;2774;1088;499;2890
100;0;4;InsertionSort;297;99;0;10520
100;0;4;BubbleSort;198;99;0;9210
100;0;4;MergeSort;1344;356;0;7960
100;0;4;CountingSort;301;0;0;16091
100;0;4;QuickSort;2550;948;468;2780
100;0;4;InsertionSort;297;99;0;10170
100;0;4;BubbleSort;198;99;0;10920
100;0;4;MergeSort;1344;356;0;9760
100;0;4;CountingSort;301;0;0;17740
100;0;4;QuickSort;2563;1018;449;2850
100;0;4;InsertionSort;297;99;0;7790
100;0;4;BubbleSort;198;99;0;7470
100;0;4;MergeSort;1344;356;0;9410
100;0;4;CountingSort;301;0;0;16520
100;0;4;QuickSort;2472;939;444;2940
100;0;4;InsertionSort;297;99;0;10020
100;0;4;BubbleSort;198;99;0;14190
100;0;4;MergeSort;1344;356;0;10910
100;0;4;CountingSort;301;0;0;14840
100;0;4;QuickSort;2526;1008;441;3770
100;0;4;InsertionSort;297;99;0;10190
100;0;4;BubbleSort;198;99;0;9170
100;0;4;MergeSort;1344;356;0;8920
100;0;4;CountingSort;301;0;0;13860
100;0;4;QuickSort;2255;908;381;2900
100;0;4;InsertionSort;297;99;0;9160
100;0;4;BubbleSort;198;99;0;9980
100;0;4;MergeSort;1344;356;0;8350
100;0;4;CountingSort;301;0;0;16230
100;0;4;QuickSort;2678;1052;477;3140
100;0;4;InsertionSort;297;99;0;10240
100;0;4;BubbleSort;198;99;0;7510
100;0;4;MergeSort;1344;356;0;9620
100;0;4;CountingSort;301;0;0;17950
100;0;4;QuickSort;2682;1002;491;3200
100;0;4;InsertionSort;297;99;0;11340
100;0;4;BubbleSort;198;99;0;10700
100;0;4;MergeSort;1344;356;0;12180
100;0;4;CountingSort;301;0;0;16070
100;0;4;QuickSort;2356;910;416;2910
100;0;4;InsertionSort;297;99;0;10500
100;0;4;BubbleSort;198;99;0;7430
100;0;4;MergeSort;1344;356;0;8220
100;0;4;CountingSort;301;0;0;14210
100;0;4;QuickSort;2648;998;485;10310
100;0;4;InsertionSort;297;99;0;10150
100;0;4;BubbleSort;198;99;0;8240
100;0;4;MergeSort;1344;356;0;11250
100;0;4;CountingSort;301;0;0;12670
100;0;4;QuickSort;2369;926;418;3030
100;0;4;InsertionSort;297;99;0;10350
100;0;4;BubbleSort;198;99;0;8790
100;0;4;MergeSort;1344;356;0;8680
100;0;4;CountingSort;301;0;0;16630
100;0;4;QuickSort;2856;1089;522;3140
100;0;4;InsertionSort;297;99;0;10330
100;0;4;BubbleSort;198;99;0;9400
100;0;4;MergeSort;1344;356;0;8951
100;0;4;CountingSort;301;0;0;15860
100;0;4;QuickSort;3366;1317;616;3950
100;0;4;InsertionSort;297;99;0;7950
100;0;4;BubbleSort;198;99;0;7570
100;0;4;MergeSort;1344;356;0;12230
100;0;4;CountingSort;301;0;0;13140
100;0;4;QuickSort;2528;950;460;5011
100;0;4;InsertionSort;297;99;0;9250
100;0;4;BubbleSort;198;99;0;7850
100;0;4;MergeSort;1344;356;0;8650
100;0;4;CountingSort;301;0;0;18320
100;0;4;QuickSort;2070;780;365;2930
100;0;4;InsertionSort;297;99;0;10490
100;0;4;BubbleSort;198;99;0;5920
100;0;4;MergeSort;1344;356;0;9790
100;0;4;CountingSort;301;0;0;15020
100;0;4;QuickSort;2577;984;467;3060
100;0;4;InsertionSort;297;99;0;12150
100;0;4;BubbleSort;198;99;0;7720
100;0;4;MergeSort;1344;356;0;8370
100;0;4;CountingSort;301;0;0;17870
100;0;4;QuickSort;2458;955;432;3270
100;0;4;InsertionSort;297;99;0;7970
100;0;4;BubbleSort;198;99;0;8750
100;0;4;MergeSort;1344;356;0;9890
100;0;4;CountingSort;301;0;0;15450
100;0;4;QuickSort;2554;949;468;3130
100;0;4;InsertionSort;297;99;0;8210
100;0;4;BubbleSort;198;99;0;5660
100;0;4;MergeSort;1344;356;0;9050
100;0;4;CountingSort;301;0;0;18540
100;0;4;QuickSort;2279;842;412;3140
100;0;4;InsertionSort;297;99;0;7810
100;0;4;BubbleSort;198;99;0;8650
100;0;4;MergeSort;1344;356;0;12960
100;0;4;CountingSort;301;0;0;13280
100;0;4;QuickSort;2528;953;459;4490
100;0;4;InsertionSort;297;99;0;8090
100;0;4;BubbleSort;198;99;0;7640
100;0;4;MergeSort;1344;356;0;10370
100;0;4;CountingSort;301;0;0;14890
100;0;4;QuickSort;2903;1118;534;3220
100;0;4;InsertionSort;297;99;0;10200
100;0;4;BubbleSort;198;99;0;5610
100;0;4;MergeSort;1344;356;0;16140
100;0;4;CountingSort;301;0;0;14510
100;0;4;QuickSort;2393;977;409;2930
100;0;4;InsertionSort;297;99;0;10660
100;0;4;BubbleSort;198;99;0;5641
100;0;4;MergeSort;1344;356;0;13190
100;0;4;CountingSort;301;0;0;15820
100;0;4;QuickSort;2672;1019;487;3050
100;0;4;InsertionSort;297;99;0;10720
100;0;4;BubbleSort;198;99;0;5430
100;0;4;MergeSort;1344;356;0;8190
100;0;4;CountingSort;301;0;0;13650
100;0;4;QuickSort;3132;1143;595;14330
100;0;4;InsertionSort;297;99;0;7300
100;0;4;BubbleSort;198;99;0;9050
100;0;4;MergeSort;1344;356;0;8750
100;0;4;CountingSort;301;0;0;13080
100;0;4;QuickSort;2370;897;425;3520
100;0;4;InsertionSort;297;99;0;10450
100;0;4;BubbleSort;198;99;0;6350
100;0;4;MergeSort;1344;356;0;16150
100;0;4;CountingSort;301;0;0;14400
100;0;4;QuickSort;2313;849;425;2990
100;0;4;InsertionSort;297;99;0;10520
100;0;4;BubbleSort;198;99;0;9790
100;0;4;MergeSort;1344;356;0;7200
100;0;4;CountingSort;301;0;0;13370
100;0;4;QuickSort;2283;912;392;3070
100;0;4;InsertionSort;297;99;0;9380
100;0;4;BubbleSort;198;99;0;7100
100;0;4;MergeSort;1344;356;0;11460
100;0;4;CountingSort;301;0;0;15240
100;0;4;QuickSort;2522;962;458;3300
100;0;4;InsertionSort;297;99;0;7960
100;0;4;BubbleSort;198;99;0;8320
100;0;4;MergeSort;1344;356;0;8350
100;0;4;CountingSort;301;0;0;13180
100;0;4;QuickSort;2640;1002;480;3200
100;0;4;InsertionSort;297;99;0;8150
100;0;4;BubbleSort;198;99;0;6920
100;0;4;MergeSort;1344;356;0;8050
100;0;4;CountingSort;301;0;0;12710
100;0;4;QuickSort;2941;1129;537;4120
100;0;4;InsertionSort;297;99;0;9330
100;0;4;BubbleSort;198;99;0;7150
100;0;4;MergeSort;1344;356;0;9650
100;0;4;CountingSort;301;0;0;13920
100;0;4;QuickSort;3052;1165;563;3421
100;0;4;InsertionSort;297;99;0;7540
100;0;4;BubbleSort;198;99;0;6250
100;0;4;MergeSort;1344;356;0;7660
100;0;4;CountingSort;301;0;0;13830
100;0;4;QuickSort;2374;955;408;3110
100;0;4;InsertionSort;297;99;0;9690
100;0;4;BubbleSort;198;99;0;6140
100;0;4;MergeSort;1344;356;0;9440
100;0;4;CountingSort;301;0;0;13350
100;0;4;QuickSort;3110;1148;583;4340
100;0;4;InsertionSort;297;99;0;7960
100;0;4;BubbleSort;198;99;0;8520
100;0;4;MergeSort;1344;356;0;7850
100;10;1;CountingSort;301;0;0;20540
100;10;1;QuickSort;3169;1186;598;168771
100;10;1;InsertionSort;1929;643;0;125640
100;10;1;BubbleSort;11804;4814;544;388741
100;10;1;MergeSort;1344;469;0;100751
100;10;1;CountingSort;301;0;0;17360
100;10;1;QuickSort;2428;937;428;144781
100;10;1;InsertionSort;1380;460;0;60870
100;10;1;BubbleSort;8482;3519;361;279641
100;10;1;MergeSort;1344;459;0;122070
100;10;1;CountingSort;301;0;0;26030
100;10;1;QuickSort;2948;1103;549;107261
100;10;1;InsertionSort;1704;568;0;71141
100;10;1;BubbleSort;11770;4947;469;405442
100;10;1;MergeSort;1344;477;0;133790
100;10;1;CountingSort;301;0;0;14950
100;10;1;QuickSort;2468;935;445;142971
100;10;1;InsertionSort;1176;392;0;52780
100;10;1;BubbleSort;8720;3774;293;252820
100;10;1;MergeSort;1344;444;0;41040
100;10;1;CountingSort;301;0;0;12220
100;10;1;QuickSort;2118;804;374;67721
100;10;1;InsertionSort;1311;437;0;46711
100;10;1;BubbleSort;10872;4760;338;279470
100;10;1;MergeSort;1344;472;0;59370
100;10;1;CountingSort;301;0;0;13301
100;10;1;QuickSort;2366;998;389;81760
100;10;1;InsertionSort;1131;377;0;27460
100;10;1;BubbleSort;9206;4047;278;236271
100;10;1;MergeSort;1344;430;0;35000
100;10;1;CountingSort;301;0;0;15470
100;10;1;QuickSort;2355;858;431;21730
100;10;1;InsertionSort;1188;396;0;28180
100;10;1;BubbleSort;8638;3725;297;209891
100;10;1;MergeSort;1344;442;0;20440
100;10;1;CountingSort;301;0;0;13070
100;10;1;QuickSort;2484;972;439;27860
100;10;1;InsertionSort;1071;357;0;24720
100;10;1;BubbleSort;7026;2997;258;170331
100;10;1;MergeSort;1344;452;0;18770
100;10;1;CountingSort;301;0;0;11700
100;10;1;QuickSort;2314;901;406;8650
100;10;1;InsertionSort;970;322;0;21450
100;10;1;BubbleSort;7494;3297;225;226301
100;10;1;MergeSort;1344;444;0;20630
100;10;1;CountingSort;301;0;0;15300
100;10;1;QuickSort;2640;1083;453;8880
100;10;1;InsertionSort;1476;492;0;46770
100;10;1;BubbleSort;11232;4830;393;257651
100;10;1;MergeSort;1344;488;0;26800
100;10;1;CountingSort;301;0;0;16440
100;10;1;QuickSort;2199;837;388;8530
100;10;1;InsertionSort;1251;417;0;35770
100;10;1;BubbleSort;9840;4284;318;318221
100;10;1;MergeSort;1344;476;0;19550
100;10;1;CountingSort;301;0;0;16750
100;10;1;QuickSort;2914;1117;536;8330
100;10;1;InsertionSort;774;258;0;25840
100;10;1;BubbleSort;8896;4130;159;216291
100;10;1;MergeSort;1344;431;0;16790
100;10;1;CountingSort;301;0;0;16070
100;10;1;QuickSort;2557;1015;447;10030
100;10;1;InsertionSort;993;331;0;22680
100;10;1;BubbleSort;8176;3624;232;248181
100;10;1;MergeSort;1344;448;0;23810
100;10;1;CountingSort;301;0;0;14750
100;10;1;QuickSort;2470;931;446;9180
100;10;1;InsertionSort;957;319;0;27550
100;10;1;BubbleSort;7240;3180;220;241211
100;10;1;MergeSort;1344;439;0;28830
100;10;1;CountingSort;301;0;0;14320
100;10;1;QuickSort;2279;911;385;14380
100;10;1;InsertionSort;1134;378;0;28850
100;10;1;BubbleSort;8760;3822;279;277591
100;10;1;MergeSort;1344;428;0;22970
100;10;1;CountingSort;301;0;0;15670
100;10;1;QuickSort;2843;1046;535;11440
100;10;1;InsertionSort;1182;394;0;33620
100;10;1;BubbleSort;9674;4247;295;122171
100;10;1;MergeSort;1344;466;0;18370
100;10;1;CountingSort;301;0;0;14960
100;10;1;QuickSort;2807;1004;533;11100
100;10;1;InsertionSort;1614;538;0;47930
100;10;1;BubbleSort;10664;4454;439;57101
100;10;1;MergeSort;1344;466;0;28430
100;10;1;CountingSort;301;0;0;16610
100;10;1;QuickSort;2315;854;422;8460
100;10;1;InsertionSort;1221;407;0;43370
100;10;1;BubbleSort;10076;4422;308;68580
100;10;1;MergeSort;1344;457;0;36010
100;10;1;CountingSort;301;0;0;13520
100;10;1;QuickSort;2429;926;434;10051
100;10;1;InsertionSort;1168;388;0;32980
100;10;1;BubbleSort;7984;3410;291;42500
100;10;1;MergeSort;1344;431;0;21930
100;10;1;CountingSort;301;0;0;16760
100;10;1;QuickSort;2427;912;438;8810
100;10;1;InsertionSort;1209;403;0;29960
100;10;1;BubbleSort;9476;4130;304;47600
100;10;1;MergeSort;1344;464;0;13600
100;10;1;CountingSort;301;0;0;20360
100;10;1;QuickSort;2187;807;393;8230
100;10;1;InsertionSort;1473;491;0;40320
100;10;1;BubbleSort;10598;4515;392;81541
100;10;1;MergeSort;1344;476;0;31051
100;10;1;CountingSort;301;0;0;14190
100;10;1;QuickSort;2840;1130;506;8590
100;10;1;InsertionSort;1575;525;0;40140
100;10;1;BubbleSort;11224;4760;426;41460
100;10;1;MergeSort;1344;471;0;25960
100;10;1;CountingSort;301;0;0;12250
100;10;1;QuickSort;2597;1001;461;8000
100;10;1;InsertionSort;1128;376;0;33430
100;10;1;BubbleSort;8656;3774;277;33871
100;10;1;MergeSort;1344;476;0;21340
100;10;1;CountingSort;301;0;0;16190
100;10;1;QuickSort;2707;1033;491;8060
100;10;1;InsertionSort;1338;446;0;29140
100;10;1;BubbleSort;10946;4779;347;49430
100;10;1;MergeSort;1344;456;0;18200
100;10;1;CountingSort;301;0;0;15770
100;10;1;QuickSort;2126;908;339;7850
100;10;1;InsertionSort;1464;488;0;46590
100;10;1;BubbleSort;10526;4485;389;1088584
100;10;1;MergeSort;1344;464;0;1050514
100;10;1;CountingSort;301;0;0;16390
100;10;1;QuickSort;2228;848;396;9100
100;10;1;InsertionSort;1113;371;0;31010
100;10;1;BubbleSort;10526;4719;272;78830
100;10;1;MergeSort;1344;449;0;32640
100;10;1;CountingSort;301;0;0;14650
100;10;1;QuickSort;2442;945;437;8870
100;10;1;InsertionSort;1239;413;0;37690
100;10;1;BubbleSort;10454;4599;314;35160
100;10;1;MergeSort;1344;484;0;35580
100;10;1;CountingSort;301;0;0;20790
100;10;1;QuickSort;2235;837;398;7280
100;10;1;InsertionSort;1023;341;0;50460
100;10;1;BubbleSort;8888;3960;242;34750
100;10;1;MergeSort;1344;446;0;28630
100;10;1;CountingSort;301;0;0;15470
100;10;1;QuickSort;2437;910;443;18230
100;10;1;InsertionSort;1830;610;0;91510
100;10;1;BubbleSort;11672;4814;511;103130
100;10;1;MergeSort;1344;475;0;21190
100;10;1;CountingSort;301;0;0;15720
100;10;1;QuickSort;2518;979;445;7600
100;10;1;InsertionSort;747;249;0;21950
100;10;1;BubbleSort;8940;4170;150;51430
100;10;1;MergeSort;1344;426;0;28361
100;10;1;CountingSort;301;0;0;18390
100;10;1;QuickSort;2396;896;435;7020
100;10;1;InsertionSort;1378;458;0;41160
100;10;1;BubbleSort;9938;4247;361;49610
100;10;1;MergeSort;1344;459;0;18870
100;10;1;CountingSort;301;0;0;23300
100;10;1;QuickSort;2302;880;412;6750
100;10;1;InsertionSort;1023;341;0;35870
100;10;1;BubbleSort;9062;4047;242;36170
100;10;1;MergeSort;1344;449;0;15730
100;10;1;CountingSort;301;0;0;13930
100;10;1;QuickSort;2592;987;467;7550
100;10;1;InsertionSort;918;306;0;26680
100;10;1;BubbleSort;9858;4515;207;43300
100;10;1;MergeSort;1344;457;0;15870
100;10;1;CountingSort;301;0;0;17300
100;10;1;QuickSort;2221;826;399;12270
100;10;1;InsertionSort;1182;394;0;34650
100;10;1;BubbleSort;10324;4572;295;60461
100;10;1;MergeSort;1344;444;0;26881
100;10;1;CountingSort;301;0;0;20610
100;10;1;QuickSort;2468;920;452;9150
100;10;1;InsertionSort;1230;410;0;38590
100;10;1;BubbleSort;8388;3572;311;38231
100;10;1;MergeSort;1344;463;0;14750
100;10;1;CountingSort;301;0;0;13640
100;10;1;QuickSort;2505;999;436;7520
100;10;1;InsertionSort;1197;399;0;27200
100;10;1;BubbleSort;8938;3869;300;37160
100;10;1;MergeSort;1344;477;0;23480
100;10;1;CountingSort;301;0;0;16340
100;10;1;QuickSort;2478;942;446;8260
100;10;1;InsertionSort;1102;366;0;31180
100;10;1;BubbleSort;9084;4004;269;49420
100;10;1;MergeSort;1344;443;0;12060
100;10;1;CountingSort;301;0;0;14040
100;10;1;QuickSort;2569;946;476;9430
100;10;1;InsertionSort;1746;582;0;66951
100;10;1;BubbleSort;11490;4779;483;150001
100;10;1;MergeSort;1344;462;0;10750
100;10;1;CountingSort;301;0;0;17890
100;10;1;QuickSort;2525;920;466;8950
100;10;1;InsertionSort;1233;411;0;36180
100;10;1;BubbleSort;10806;4779;312;83830
100;10;1;MergeSort;1344;475;0;16510
100;10;1;CountingSort;301;0;0;16570
100;10;1;QuickSort;2418;960;420;13390
100;10;1;InsertionSort;1440;480;0;43830
100;10;1;BubbleSort;11082;4779;381;128201
100;10;1;MergeSort;1344;435;0;11190
100;10;1;CountingSort;301;0;0;16260
100;10;1;QuickSort;2445;903;452;10540
100;10;1;InsertionSort;972;324;0;22280
100;10;1;BubbleSort;8820;3960;225;57680
100;10;1;MergeSort;1344;454;0;12830
100;10;1;CountingSort;301;0;0;19150
100;10;1;QuickSort;2683;1030;490;11440
100;10;1;InsertionSort;1060;352;0;31410
100;10;1;BubbleSort;7614;3297;255;70470
100;10;1;MergeSort;1344;443;0;22610
100;10;1;CountingSort;301;0;0;16820
100;10;1;QuickSort;2464;934;445;8980
100;10;1;InsertionSort;1116;372;0;32780
100;10;1;BubbleSort;10180;4544;273;62730
100;10;1;MergeSort;1344;435;0;12940
100;10;1;CountingSort;301;0;0;34230
100;10;1;QuickSort;2472;915;455;9030
100;10;1;InsertionSort;882;294;0;20221
100;10;1;BubbleSort;9558;4389;195;89960
100;10;1;MergeSort;1344;447;0;10040
100;10;1;CountingSort;301;0;0;22200
100;10;1;QuickSort;2247;858;400;85940
100;10;1;InsertionSort;1959;653;0;61480
100;10;1;BubbleSort;12110;4947;554;105890
100;10;1;MergeSort;1344;481;0;14280
100;10;1;CountingSort;301;0;0;13110
100;10;1;QuickSort;2197;823;393;74610
100;10;1;InsertionSort;1170;390;0;43820
100;10;1;BubbleSort;10072;4454;291;124990
100;10;1;MergeSort;1344;429;0;14060
100;10;1;CountingSort;301;0;0;18620
100;10;1;QuickSort;2368;877;431;51370
100;10;1;InsertionSort;1503;501;0;59210
100;10;1;BubbleSort;10956;4674;402;51120
100;10;1;MergeSort;1344;459;0;12281
100;10;1;CountingSort;301;0;0;16850
100;10;1;QuickSort;2588;956;478;72081
100;10;1;InsertionSort;1855;617;0;41160
100;10;1;BubbleSort;11380;4650;520;128790
100;10;1;MergeSort;1344;507;0;12160
100;10;1;CountingSort;301;0;0;17440
100;10;1;QuickSort;2322;882;418;69410
100;10;1;InsertionSort;1149;383;0;34530
100;10;1;BubbleSort;9314;4089;284;67790
100;10;1;MergeSort;1344;455;0;14880
100;10;1;CountingSort;301;0;0;14150
100;10;1;QuickSort;2141;800;382;41740
100;10;1;InsertionSort;969;323;0;24100
100;10;1;BubbleSort;8634;3869;224;7980
100;10;1;MergeSort;1344;453;0;11120
100;10;1;CountingSort;301;0;0;15860
100;10;1;QuickSort;2690;1055;482;61140
100;10;1;InsertionSort;999;333;0;28800
100;10;1;BubbleSort;9030;4047;234;6391
100;10;1;MergeSort;1344;457;0;21860
100;10;1;CountingSort;301;0;0;19670
100;10;1;QuickSort;2083;802;362;50461
100;10;1;InsertionSort;1281;427;0;39250
100;10;1;BubbleSort;11056;4872;328;16480
100;10;1;MergeSort;1344;491;0;21940
100;10;1;CountingSort;301;0;0;15840
100;10;1;QuickSort;2186;851;379;52030
100;10;1;InsertionSort;1071;357;0;29500
100;10;1;BubbleSort;10120;4544;258;5060
100;10;1;MergeSort;1344;452;0;10110
100;10;1;CountingSort;301;0;0;17130
100;10;1;QuickSort;2262;873;395;51730
100;10;1;InsertionSort;1483;493;0;43650
100;10;1;BubbleSort;10884;4650;396;8820
100;10;1;MergeSort;1344;494;0;16490
100;10;1;CountingSort;301;0;0;15310
100;10;1;QuickSort;2656;997;489;56110
100;10;1;InsertionSort;1404;468;0;40880
100;10;1;BubbleSort;11220;4872;369;7511
100;10;1;MergeSort;1344;492;0;10830
100;10;1;CountingSort;301;0;0;16350
100;10;1;QuickSort;2372;938;412;57381
100;10;1;InsertionSort;1224;408;0;49800
100;10;1;BubbleSort;9414;4089;309;3360
100;10;1;MergeSort;1344;485;0;9900
100;10;1;CountingSort;301;0;0;17870
100;10;1;QuickSort;3763;1375;726;19960
100;10;1;InsertionSort;1617;539;0;48280
100;10;1;BubbleSort;11240;4740;440;7630
100;10;1;MergeSort;1344;479;0;10940
100;10;1;CountingSort;301;0;0;14610
100;10;1;QuickSort;2538;1068;423;12080
100;10;1;InsertionSort;1240;412;0;30360
100;10;1;BubbleSort;9678;4209;315;6610
100;10;1;MergeSort;1344;466;0;10340
100;10;1;CountingSort;301;0;0;16490
100;10;1;QuickSort;3196;1189;602;3370
100;10;1;InsertionSort;960;320;0;30401
100;10;1;BubbleSort;10628;4872;221;10910
100;10;1;MergeSort;1344;454;0;30510
100;10;1;CountingSort;301;0;0;15150
100;10;1;QuickSort;2456;929;441;3840
100;10;1;InsertionSort;1188;396;0;34290
100;10;1;BubbleSort;10096;4454;297;15000
100;10;1;MergeSort;1344;459;0;12170
100;10;1;CountingSort;301;0;0;23030
100;10;1;QuickSort;2617;1012;469;3330
100;10;1;InsertionSort;1185;395;0;33520
100;10;1;BubbleSort;8828;3822;296;5690
100;10;1;MergeSort;1344;427;0;10670
100;10;1;CountingSort;301;0;0;18940
100;10;1;QuickSort;2664;999;486;4030
100;10;1;InsertionSort;993;331;0;24300
100;10;1;BubbleSort;6922;2997;232;6420
100;10;1;MergeSort;1344;466;0;20081
100;10;1;CountingSort;301;0;0;24320
100;10;1;QuickSort;2307;903;403;3760
100;10;1;InsertionSort;846;282;0;24480
100;10;1;BubbleSort;7210;3239;183;3390
100;10;1;MergeSort;1344;419;0;15950
100;10;1;CountingSort;301;0;0;13180
100;10;1;QuickSort;2226;888;379;4230
100;10;1;InsertionSort;1540;512;0;37911
100;10;1;BubbleSort;11504;4922;415;7580
100;10;1;MergeSort;1344;472;0;9810
100;10;1;CountingSort;301;0;0;13180
100;10;1;QuickSort;2492;950;450;5490
100;10;1;InsertionSort;1752;584;0;50220
100;10;1;BubbleSort;11630;4845;485;27260
100;10;1;MergeSort;1344;493;0;9610
100;10;1;CountingSort;301;0;0;13060
100;10;1;QuickSort;2559;945;471;3750
100;10;1;InsertionSort;1290;430;0;34651
100;10;1;BubbleSort;10984;4830;331;5300
100;10;1;MergeSort;1344;470;0;12870
100;10;1;CountingSort;301;0;0;19540
100;10;1;QuickSort;2327;866;415;5500
100;10;1;InsertionSort;1272;424;0;35120
100;10;1;BubbleSort;9220;3960;325;3310
100;10;1;MergeSort;1344;433;0;9700
100;10;1;CountingSort;301;0;0;13950
100;10;1;QuickSort;2462;893;456;3430
100;10;1;InsertionSort;1350;450;0;30490
100;10;1;BubbleSort;9822;4209;351;6470
100;10;1;MergeSort;1344;511;0;9560
100;10;1;CountingSort;301;0;0;13130
100;10;1;QuickSort;3112;1159;586;3500
100;10;1;InsertionSort;1371;457;0;56110
100;10;1;BubbleSort;10780;4674;358;10300
100;10;1;MergeSort;1344;467;0;12590
100;10;1;CountingSort;301;0;0;14200
100;10;1;QuickSort;3193;1219;589;3650
100;10;1;InsertionSort;1206;402;0;38750
100;10;1;BubbleSort;11002;4895;303;7230
100;10;1;MergeSort;1344;488;0;10620
100;10;1;CountingSort;301;0;0;13210
100;10;1;QuickSort;3527;1274;682;3260
100;10;1;InsertionSort;1257;419;0;36860
100;10;1;BubbleSort;10368;4544;320;3800
100;10;1;MergeSort;1344;460;0;13030
100;10;1;CountingSort;301;0;0;16330
100;10;1;QuickSort;2306;875;411;3220
100;10;1;InsertionSort;1212;404;0;26451
100;10;1;BubbleSort;9398;4089;305;3470
100;10;1;MergeSort;1344;469;0;22270
100;10;1;CountingSort;301;0;0;13300
100;10;1;QuickSort;2472;909;452;4110
100;10;1;InsertionSort;774;258;0;20510
100;10;1;BubbleSort;6504;2934;159;12560
100;10;1;MergeSort;1344;416;0;7770
100;10;1;CountingSort;301;0;0;16370
100;10;1;QuickSort;2416;922;430;4140
100;10;1;InsertionSort;1069;355;0;31230
100;10;1;BubbleSort;6772;2870;258;4050
100;10;1;MergeSort;1344;465;0;12931
100;10;1;CountingSort;301;0;0;17821
100;10;1;QuickSort;2662;1027;478;3340
100;10;1;InsertionSort;1171;389;0;32490
100;10;1;BubbleSort;10726;4779;292;3830
100;10;1;MergeSort;1344;450;0;9210
100;10;1;CountingSort;301;0;0;11740
100;10;1;QuickSort;2817;1023;531;3860
100;10;1;InsertionSort;1149;383;0;44160
100;10;1;BubbleSort;9776;4320;284;6840
100;10;1;MergeSort;1344;444;0;11130
100;10;1;CountingSort;301;0;0;15840
100;10;1;QuickSort;2513;950;452;4030
100;10;1;InsertionSort;1314;438;0;39440
100;10;1;BubbleSort;10386;4515;339;5750
100;10;1;MergeSort;1344;465;0;17070
100;10;1;CountingSort;301;0;0;25710
100;10;1;QuickSort;2280;861;407;3390
100;10;1;InsertionSort;1182;394;0;32490
100;10;1;BubbleSort;10574;4697;295;6980
100;10;1;MergeSort;1344;445;0;9700
100;10;1;CountingSort;301;0;0;13610
100;10;1;QuickSort;2553;1014;452;4040
100;10;1;InsertionSort;1209;403;0;34510
100;10;1;BubbleSort;10810;4797;304;3920
100;10;1;MergeSort;1344;463;0;9811
100;10;1;CountingSort;301;0;0;16120
100;10;1;QuickSort;2269;853;408;3000
100;10;1;InsertionSort;1590;530;0;37801
100;10;1;BubbleSort;11162;4719;431;6800
100;10;1;MergeSort;1344;467;0;9620
100;10;1;CountingSort;301;0;0;14000
100;10;1;QuickSort;2322;909;405;5080
100;10;1;InsertionSort;1530;510;0;43170
100;10;1;BubbleSort;11124;4740;411;4230
100;10;1;MergeSort;1344;466;0;19101
100;10;1;CountingSort;301;0;0;13220
100;10;1;QuickSort;2561;947;474;3390
100;10;1;InsertionSort;1314;438;0;29370
100;10;1;BubbleSort;9996;4320;339;4470
100;10;1;MergeSort;1344;462;0;10830
100;10;1;CountingSort;301;0;0;14560
100;10;1;QuickSort;2257;874;397;14260
100;10;1;InsertionSort;1107;369;0;33000
100;10;1;BubbleSort;7900;3410;270;2960
100;10;1;MergeSort;1344;447;0;10780
100;10;1;CountingSort;301;0;0;13350
100;10;1;QuickSort;2467;982;429;3430
100;10;1;InsertionSort;1425;475;0;43680
100;10;1;BubbleSort;10804;4650;376;6620
100;10;1;MergeSort;1344;481;0;8820
100;10;1;CountingSort;301;0;0;26810
100;10;1;QuickSort;2273;851;409;3370
100;10;1;InsertionSort;1173;391;0;26960
100;10;1;BubbleSort;9088;3960;292;4200
100;10;1;MergeSort;1344;458;0;8950
100;10;1;CountingSort;301;0;0;15520
100;10;1;QuickSort;2776;1018;517;4400
100;10;1;InsertionSort;1269;423;0;39660
100;10;1;BubbleSort;10956;4830;324;4170
100;10;1;MergeSort;1344;484;0;10700
100;10;1;CountingSort;301;0;0;15220
100;10;1;QuickSort;2312;989;374;3480
100;10;1;InsertionSort;1038;346;0;30650
100;10;1;BubbleSort;10756;4884;247;8760
100;10;1;MergeSort;1344;458;0;13180
100;10;1;CountingSort;301;0;0;18220
100;10;1;QuickSort;2629;988;481;4420
100;10;1;InsertionSort;1489;495;0;42290
100;10;1;BubbleSort;11252;4830;398;5080
100;10;1;MergeSort;1344;490;0;12850
100;10;1;CountingSort;301;0;0;16390
100;10;1;QuickSort;2575;961;469;4170
100;10;1;InsertionSort;1167;389;0;33450
100;10;1;BubbleSort;10508;4674;290;8840
100;10;1;MergeSort;1344;451;0;15340
100;10;1;CountingSort;301;0;0;18140
100;10;1;QuickSort;2470;946;441;4310
100;10;1;InsertionSort;1500;500;0;44030
100;10;1;BubbleSort;10998;4697;401;4890
100;10;1;MergeSort;1344;488;0;8900
100;10;1;CountingSort;301;0;0;15330
100;10;1;QuickSort;2202;834;395;3830
100;10;1;InsertionSort;1074;358;0;31580
100;10;1;BubbleSort;7966;3465;259;3670
100;10;1;MergeSort;1344;449;0;10940
100;10;1;CountingSort;301;0;0;15970
100;10;1;QuickSort;2617;994;479;4060
100;10;1;InsertionSort;1053;351;0;29480
100;10;1;BubbleSort;9916;4454;252;6440
100;10;1;MergeSort;1344;460;0;12260
100;10;1;CountingSort;301;0;0;17460
100;10;1;QuickSort;2545;1006;446;3860
100;10;1;InsertionSort;981;327;0;27480
100;10;1;BubbleSort;7506;3297;228;2700
100;10;1;MergeSort;1344;425;0;11220
100;10;1;CountingSort;301;0;0;25040
100;10;1;QuickSort;2544;972;458;4231
100;10;1;InsertionSort;1110;370;0;35830
100;10;1;BubbleSort;9578;4247;271;3410
100;10;1;MergeSort;1344;460;0;10210
100;10;1;CountingSort;301;0;0;18350
100;10;1;QuickSort;2782;1024;519;5300
100;10;1;InsertionSort;1221;407;0;27440
100;10;1;BubbleSort;10430;4599;308;4640
100;10;1;MergeSort;1344;457;0;9380
100;10;1;CountingSort;301;0;0;20690
100;10;1;QuickSort;2521;955;456;3070
100;10;1;InsertionSort;1395;465;0;39140
100;10;1;BubbleSort;10944;4740;366;4750
100;10;1;MergeSort;1344;461;0;13950
100;10;1;CountingSort;301;0;0;12990
100;10;1;QuickSort;2410;934;429;4030
100;10;1;InsertionSort;1281;427;0;35721
100;10;1;BubbleSort;9320;4004;328;14490
100;10;1;MergeSort;1344;434;0;9190
100;10;1;CountingSort;301;0;0;18970
100;10;1;QuickSort;2298;840;418;3640
100;10;1;InsertionSort;801;267;0;23580
100;10;1;BubbleSort;10020;4674;168;3330
100;10;1;MergeSort;1344;437;0;7790
100;10;1;CountingSort;301;0;0;13681
100;10;1;QuickSort;2953;1171;530;4050
100;10;1;InsertionSort;1324;440;0;31350
100;10;1;BubbleSort;11182;4905;343;6490
100;10;1;MergeSort;1344;457;0;11610
100;10;1;CountingSort;301;0;0;14670
100;10;1;QuickSort;2932;1111;544;4540
100;10;1;InsertionSort;1518;506;0;33100
100;10;1;BubbleSort;11396;4884;407;5440
100;10;1;MergeSort;1344;465;0;7280
100;10;2;CountingSort;301;0;0;20790
100;10;2;QuickSort;2402;1004;400;178811
100;10;2;InsertionSort;352;116;0;23040
100;10;2;BubbleSort;1234;579;19;72061
100;10;2;MergeSort;1344;361;0;96610
100;10;2;CountingSort;301;0;0;17960
100;10;2;QuickSort;2440;967;428;96550
100;10;2;InsertionSort;384;126;0;13780
100;10;2;BubbleSort;1278;579;30;40730
100;10;2;MergeSort;1344;361;0;70981
100;10;2;CountingSort;301;0;0;17480
100;10;2;QuickSort;2242;850;399;72400
100;10;2;InsertionSort;336;112;0;9500
100;10;2;BubbleSort;1022;485;13;30711
100;10;2;MergeSort;1344;361;0;83880
100;10;2;CountingSort;301;0;0;12720
100;10;2;QuickSort;2185;823;390;62120
100;10;2;InsertionSort;375;123;0;16610
100;10;2;BubbleSort;1452;672;27;69640
100;10;2;MergeSort;1344;359;0;49740
100;10;2;CountingSort;301;0;0;12770
100;10;2;QuickSort;2528;929;470;52250
100;10;2;InsertionSort;367;121;0;16950
100;10;2;BubbleSort;1624;764;24;72811
100;10;2;MergeSort;1344;361;0;17000
100;10;2;CountingSort;301;0;0;13940
100;10;2;QuickSort;2537;1016;442;106260
100;10;2;InsertionSort;355;117;0;10530
100;10;2;BubbleSort;1238;579;20;56490
100;10;2;MergeSort;1344;359;0;40890
100;10;2;CountingSort;301;0;0;15320
100;10;2;QuickSort;2620;994;475;65431
100;10;2;InsertionSort;368;122;0;17880
100;10;2;BubbleSort;1440;672;24;70850
100;10;2;MergeSort;1344;360;0;29420
100;10;2;CountingSort;301;0;0;17060
100;10;2;QuickSort;3110;1154;585;37140
100;10;2;InsertionSort;375;123;0;17270
100;10;2;BubbleSort;1636;764;27;59671
100;10;2;MergeSort;1344;361;0;25900
100;10;2;CountingSort;301;0;0;16690
100;10;2;QuickSort;2883;1116;524;26400
100;10;2;InsertionSort;365;121;0;13510
100;10;2;BubbleSort;1436;672;23;58770
100;10;2;MergeSort;1344;361;0;19010
100;10;2;CountingSort;301;0;0;21950
100;10;2;QuickSort;2670;1029;483;24061
100;10;2;InsertionSort;369;121;0;12300
100;10;2;BubbleSort;1810;855;25;49800
100;10;2;MergeSort;1344;361;0;23990
100;10;2;CountingSort;301;0;0;14700
100;10;2;QuickSort;2451;942;436;10610
100;10;2;InsertionSort;352;116;0;11630
100;10;2;BubbleSort;1420;672;19;47970
100;10;2;MergeSort;1344;359;0;13440
100;10;2;CountingSort;301;0;0;17860
100;10;2;QuickSort;2419;910;435;25030
100;10;2;InsertionSort;390;128;0;13970
100;10;2;BubbleSort;1838;855;32;73041
100;10;2;MergeSort;1344;360;0;23390
100;10;2;CountingSort;301;0;0;17061
100;10;2;QuickSort;2350;865;430;12590
100;10;2;InsertionSort;362;120;0;12600
100;10;2;BubbleSort;1432;672;22;59290
100;10;2;MergeSort;1344;359;0;17610
100;10;2;CountingSort;301;0;0;15480
100;10;2;QuickSort;2391;909;429;26420
100;10;2;InsertionSort;370;122;0;10000
100;10;2;BubbleSort;1810;855;25;80780
100;10;2;MergeSort;1344;361;0;23090
100;10;2;CountingSort;301;0;0;12400
100;10;2;QuickSort;2688;1080;468;9381
100;10;2;InsertionSort;353;117;0;10260
100;10;2;BubbleSort;1420;672;19;49190
100;10;2;MergeSort;1344;358;0;44120
100;10;2;CountingSort;301;0;0;17830
100;10;2;QuickSort;2721;1005;507;12040
100;10;2;InsertionSort;335;111;0;8960
100;10;2;BubbleSort;1396;672;13;56070
100;10;2;MergeSort;1344;360;0;18450
100;10;2;CountingSort;301;0;0;15910
100;10;2;QuickSort;2159;821;378;7250
100;10;2;InsertionSort;384;126;0;14950
100;10;2;BubbleSort;1648;764;30;59700
100;10;2;MergeSort;1344;362;0;15790
100;10;2;CountingSort;301;0;0;16640
100;10;2;QuickSort;2924;1103;542;12480
100;10;2;InsertionSort;359;119;0;11850
100;10;2;BubbleSort;1794;855;21;62540
100;10;2;MergeSort;1344;360;0;20650
100;10;2;CountingSort;301;0;0;13570
100;10;2;QuickSort;2283;855;407;14770
100;10;2;InsertionSort;371;123;0;12390
100;10;2;BubbleSort;1444;672;25;57260
100;10;2;MergeSort;1344;362;0;15470
100;10;2;CountingSort;301;0;0;12730
100;10;2;QuickSort;2505;984;440;10610
100;10;2;InsertionSort;353;117;0;9510
100;10;2;BubbleSort;1420;672;19;61960
100;10;2;MergeSort;1344;362;0;25440
100;10;2;CountingSort;301;0;0;17010
100;10;2;QuickSort;2809;1030;527;9190
100;10;2;InsertionSort;364;120;0;12810
100;10;2;BubbleSort;1436;672;23;65481
100;10;2;MergeSort;1344;361;0;14670
100;10;2;CountingSort;301;0;0;12750
100;10;2;QuickSort;2472;963;436;10310
100;10;2;InsertionSort;337;111;0;11850
100;10;2;BubbleSort;1026;485;14;33060
100;10;2;MergeSort;1344;360;0;15220
100;10;2;CountingSort;301;0;0;28611
100;10;2;QuickSort;2561;938;472;7650
100;10;2;InsertionSort;367;121;0;9970
100;10;2;BubbleSort;1254;579;24;44490
100;10;2;MergeSort;1344;359;0;26310
100;10;2;CountingSort;301;0;0;17350
100;10;2;QuickSort;2256;846;403;8610
100;10;2;InsertionSort;371;123;0;12290
100;10;2;BubbleSort;1810;855;25;79950
100;10;2;MergeSort;1344;361;0;39160
100;10;2;CountingSort;301;0;0;14910
100;10;2;QuickSort;2246;872;388;10530
100;10;2;InsertionSort;352;116;0;15920
100;10;2;BubbleSort;1420;672;19;43320
100;10;2;MergeSort;1344;361;0;1130684
100;10;2;CountingSort;301;0;0;13920
100;10;2;QuickSort;2541;978;453;10260
100;10;2;InsertionSort;341;113;0;9910
100;10;2;BubbleSort;1588;764;15;50821
100;10;2;MergeSort;1344;362;0;23430
100;10;2;CountingSort;301;0;0;21310
100;10;2;QuickSort;2703;972;509;9440
100;10;2;InsertionSort;374;122;0;9560
100;10;2;BubbleSort;1266;579;27;46351
100;10;2;MergeSort;1344;358;0;25370
100;10;2;CountingSort;301;0;0;14641
100;10;2;QuickSort;2607;960;482;15300
100;10;2;InsertionSort;393;129;0;9840
100;10;2;BubbleSort;1660;764;33;56460
100;10;2;MergeSort;1344;358;0;16070
100;10;2;CountingSort;301;0;0;17930
100;10;2;QuickSort;2857;1069;529;8120
100;10;2;InsertionSort;375;123;0;13090
100;10;2;BubbleSort;1636;764;27;46860
100;10;2;MergeSort;1344;361;0;17090
100;10;2;CountingSort;301;0;0;16610
100;10;2;QuickSort;2401;1045;386;9520
100;10;2;InsertionSort;353;117;0;9570
100;10;2;BubbleSort;1420;672;19;45450
100;10;2;MergeSort;1344;360;0;11830
100;10;2;CountingSort;301;0;0;17920
100;10;2;QuickSort;2525;998;442;9510
100;10;2;InsertionSort;369;121;0;9330
100;10;2;BubbleSort;1258;579;25;34790
100;10;2;MergeSort;1344;356;0;15500
100;10;2;CountingSort;301;0;0;16240
100;10;2;QuickSort;2421;924;433;11820
100;10;2;InsertionSort;343;113;0;10780
100;10;2;BubbleSort;1222;579;16;32780
100;10;2;MergeSort;1344;360;0;22330
100;10;2;CountingSort;301;0;0;14150
100;10;2;QuickSort;2179;877;369;10250
100;10;2;InsertionSort;343;113;0;12290
100;10;2;BubbleSort;1222;579;16;49051
100;10;2;MergeSort;1344;359;0;34241
100;10;2;CountingSort;301;0;0;17560
100;10;2;QuickSort;2813;1121;498;12710
100;10;2;InsertionSort;361;119;0;13810
100;10;2;BubbleSort;1978;945;22;68870
100;10;2;MergeSort;1344;359;0;8350
100;10;2;CountingSort;301;0;0;16990
100;10;2;QuickSort;2786;1028;519;10240
100;10;2;InsertionSort;349;115;0;11260
100;10;2;BubbleSort;1600;764;18;44170
100;10;2;MergeSort;1344;362;0;6190
100;10;2;CountingSort;301;0;0;17720
100;10;2;QuickSort;2261;845;407;8140
100;10;2;InsertionSort;356;118;0;12930
100;10;2;BubbleSort;1238;579;20;33140
100;10;2;MergeSort;1344;362;0;10880
100;10;2;CountingSort;301;0;0;16370
100;10;2;QuickSort;2843;1097;520;9290
100;10;2;InsertionSort;332;110;0;11600
100;10;2;BubbleSort;828;390;12;38160
100;10;2;MergeSort;1344;361;0;15751
100;10;2;CountingSort;301;0;0;13960
100;10;2;QuickSort;2711;1088;476;9250
100;10;2;InsertionSort;368;122;0;12060
100;10;2;BubbleSort;1440;672;24;59101
100;10;2;MergeSort;1344;361;0;8250
100;10;2;CountingSort;301;0;0;23390
100;10;2;QuickSort;2274;906;391;7910
100;10;2;InsertionSort;348;114;0;11590
100;10;2;BubbleSort;1042;485;18;27740
100;10;2;MergeSort;1344;362;0;13930
100;10;2;CountingSort;301;0;0;16370
100;10;2;QuickSort;2543;950;461;10950
100;10;2;InsertionSort;349;115;0;11450
100;10;2;BubbleSort;1416;672;18;51250
100;10;2;MergeSort;1344;360;0;11550
100;10;2;CountingSort;301;0;0;18200
100;10;2;QuickSort;2198;836;388;9780
100;10;2;InsertionSort;341;113;0;9270
100;10;2;BubbleSort;1030;485;15;46230
100;10;2;MergeSort;1344;361;0;8960
100;10;2;CountingSort;301;0;0;22580
100;10;2;QuickSort;3380;1283;631;96840
100;10;2;InsertionSort;350;116;0;15090
100;10;2;BubbleSort;1230;579;18;34750
100;10;2;MergeSort;1344;360;0;10560
100;10;2;CountingSort;301;0;0;17220
100;10;2;QuickSort;2231;878;386;75510
100;10;2;InsertionSort;376;124;0;11720
100;10;2;BubbleSort;1818;855;27;52900
100;10;2;MergeSort;1344;360;0;28781
100;10;2;CountingSort;301;0;0;14430
100;10;2;QuickSort;2510;989;444;81310
100;10;2;InsertionSort;351;117;0;9720
100;10;2;BubbleSort;1230;579;18;55571
100;10;2;MergeSort;1344;360;0;8190
100;10;2;CountingSort;301;0;0;13640
100;10;2;QuickSort;2477;968;437;61810
100;10;2;InsertionSort;362;120;0;9780
100;10;2;BubbleSort;1616;764;22;42930
100;10;2;MergeSort;1344;362;0;12000
100;10;2;CountingSort;301;0;0;18780
100;10;2;QuickSort;2698;1123;459;64390
100;10;2;InsertionSort;375;123;0;10020
100;10;2;BubbleSort;1998;945;27;58180
100;10;2;MergeSort;1344;361;0;13720
100;10;2;CountingSort;301;0;0;15270
100;10;2;QuickSort;3025;1141;564;54850
100;10;2;InsertionSort;348;116;0;15360
100;10;2;BubbleSort;1596;764;17;56010
100;10;2;MergeSort;1344;360;0;13020
100;10;2;CountingSort;301;0;0;22920
100;10;2;QuickSort;2400;915;429;160091
100;10;2;InsertionSort;382;126;0;17260
100;10;2;BubbleSort;1644;764;29;56140
100;10;2;MergeSort;1344;360;0;11890
100;10;2;CountingSort;301;0;0;18010
100;10;2;QuickSort;2451;939;441;3650
100;10;2;InsertionSort;393;129;0;11460
100;10;2;BubbleSort;2022;945;33;64470
100;10;2;MergeSort;1344;359;0;12150
100;10;2;CountingSort;301;0;0;14340
100;10;2;QuickSort;2612;1013;468;3710
100;10;2;InsertionSort;341;113;0;9230
100;10;2;BubbleSort;1404;672;15;45080
100;10;2;MergeSort;1344;359;0;11560
100;10;2;CountingSort;301;0;0;16940
100;10;2;QuickSort;2442;909;444;3080
100;10;2;InsertionSort;335;111;0;13070
100;10;2;BubbleSort;1396;672;13;40390
100;10;2;MergeSort;1344;358;0;11520
100;10;2;CountingSort;301;0;0;18890
100;10;2;QuickSort;2783;1040;511;3090
100;10;2;InsertionSort;359;119;0;11820
100;10;2;BubbleSort;1242;579;21;35500
100;10;2;MergeSort;1344;362;0;10970
100;10;2;CountingSort;301;0;0;19750
100;10;2;QuickSort;2654;998;485;12790
100;10;2;InsertionSort;370;122;0;11830
100;10;2;BubbleSort;1444;672;25;42561
100;10;2;MergeSort;1344;361;0;8090
100;10;2;CountingSort;301;0;0;14330
100;10;2;QuickSort;2506;910;466;3360
100;10;2;InsertionSort;368;122;0;12080
100;10;2;BubbleSort;1440;672;24;53580
100;10;2;MergeSort;1344;359;0;7990
100;10;2;CountingSort;301;0;0;13650
100;10;2;QuickSort;2288;860;409;3110
100;10;2;InsertionSort;362;120;0;10680
100;10;2;BubbleSort;1616;764;22;54180
100;10;2;MergeSort;1344;361;0;10290
100;10;2;CountingSort;301;0;0;13800
100;10;2;QuickSort;3165;1164;599;2950
100;10;2;InsertionSort;349;115;0;9570
100;10;2;BubbleSort;1042;485;18;46710
100;10;2;MergeSort;1344;360;0;10430
100;10;2;CountingSort;301;0;0;14950
100;10;2;QuickSort;2464;943;438;3520
100;10;2;InsertionSort;339;113;0;9470
100;10;2;BubbleSort;1400;672;14;40530
100;10;2;MergeSort;1344;360;0;15080
100;10;2;CountingSort;301;0;0;17840
100;10;2;QuickSort;2826;1074;520;3260
100;10;2;InsertionSort;349;115;0;11700
100;10;2;BubbleSort;1600;764;18;55260
100;10;2;MergeSort;1344;361;0;7770
100;10;2;CountingSort;301;0;0;16270
100;10;2;QuickSort;2292;888;403;2990
100;10;2;InsertionSort;344;114;0;11070
100;10;2;BubbleSort;1034;485;16;29430
100;10;2;MergeSort;1344;359;0;8300
100;10;2;CountingSort;301;0;0;17310
100;10;2;QuickSort;2344;856;429;3070
100;10;2;InsertionSort;335;111;0;12340
100;10;2;BubbleSort;1210;579;13;34920
100;10;2;MergeSort;1344;359;0;9650
100;10;2;CountingSort;301;0;0;15710
100;10;2;QuickSort;2450;944;432;3730
100;10;2;InsertionSort;344;114;0;11830
100;10;2;BubbleSort;1408;672;16;39210
100;10;2;MergeSort;1344;358;0;9120
100;10;2;CountingSort;301;0;0;16650
100;10;2;QuickSort;2536;1021;442;3320
100;10;2;InsertionSort;352;116;0;10150
100;10;2;BubbleSort;1604;764;19;50910
100;10;2;MergeSort;1344;360;0;9190
100;10;2;CountingSort;301;0;0;17271
100;10;2;QuickSort;2461;1003;421;2890
100;10;2;InsertionSort;371;123;0;9910
100;10;2;BubbleSort;1810;855;25;49830
100;10;2;MergeSort;1344;360;0;7190
100;10;2;CountingSort;301;0;0;12730
100;10;2;QuickSort;2580;1008;456;3710
100;10;2;InsertionSort;367;121;0;10940
100;10;2;BubbleSort;1624;764;24;54420
100;10;2;MergeSort;1344;361;0;22220
100;10;2;CountingSort;301;0;0;13300
100;10;2;QuickSort;2797;1036;523;3810
100;10;2;InsertionSort;373;123;0;9540
100;10;2;BubbleSort;1632;764;26;49201
100;10;2;MergeSort;1344;360;0;20880
100;10;2;CountingSort;301;0;0;23250
100;10;2;QuickSort;2402;1013;396;3790
100;10;2;InsertionSort;375;123;0;12850
100;10;2;BubbleSort;1266;579;27;47381
100;10;2;MergeSort;1344;358;0;10510
100;10;2;CountingSort;301;0;0;20830
100;10;2;QuickSort;2592;936;487;3720
100;10;2;InsertionSort;351;115;0;11901
100;10;2;BubbleSort;1604;764;19;56820
100;10;2;MergeSort;1344;360;0;16740
100;10;2;CountingSort;301;0;0;14490
100;10;2;QuickSort;2493;933;453;3540
100;10;2;InsertionSort;383;125;0;11140
100;10;2;BubbleSort;1648;764;30;76350
100;10;2;MergeSort;1344;359;0;8420
100;10;2;CountingSort;301;0;0;17810
100;10;2;QuickSort;2584;997;463;3100
100;10;2;InsertionSort;366;120;0;9430
100;10;2;BubbleSort;1624;764;24;56550
100;10;2;MergeSort;1344;361;0;20160
100;10;2;CountingSort;301;0;0;18840
100;10;2;QuickSort;2433;933;432;2840
100;10;2;InsertionSort;373;123;0;11750
100;10;2;BubbleSort;1632;764;26;48460
100;10;2;MergeSort;1344;359;0;10180
100;10;2;CountingSort;301;0;0;13680
100;10;2;QuickSort;2653;1009;481;3870
100;10;2;InsertionSort;350;116;0;9570
100;10;2;BubbleSort;1782;855;18;69800
100;10;2;MergeSort;1344;359;0;12160
100;10;2;CountingSort;301;0;0;15610
100;10;2;QuickSort;2267;860;405;9000
100;10;2;InsertionSort;361;119;0;9960
100;10;2;BubbleSort;1798;855;22;81170
100;10;2;MergeSort;1344;358;0;12670
100;10;2;CountingSort;301;0;0;14070
100;10;2;QuickSort;2422;895;443;3070
100;10;2;InsertionSort;375;123;0;12550
100;10;2;BubbleSort;1818;855;27;68670
100;10;2;MergeSort;1344;361;0;16170
100;10;2;CountingSort;301;0;0;27530
100;10;2;QuickSort;2489;965;443;3620
100;10;2;InsertionSort;379;125;0;10200
100;10;2;BubbleSort;1822;855;28;72341
100;10;2;MergeSort;1344;360;0;11350
100;10;2;CountingSort;301;0;0;19240
100;10;2;QuickSort;2494;982;436;3460
100;10;2;InsertionSort;383;127;0;16700
100;10;2;BubbleSort;1644;764;29;63350
100;10;2;MergeSort;1344;361;0;14670
100;10;2;CountingSort;301;0;0;14071
100;10;2;QuickSort;2439;930;433;3880
100;10;2;InsertionSort;335;111;0;12070
100;10;2;BubbleSort;832;390;13;38250
100;10;2;MergeSort;1344;360;0;7580
100;10;2;CountingSort;301;0;0;18970
100;10;2;QuickSort;2703;1029;494;3830
100;10;2;InsertionSort;383;127;0;14060
100;10;2;BubbleSort;1644;764;29;74000
100;10;2;MergeSort;1344;362;0;16440
100;10;2;CountingSort;301;0;0;13890
100;10;2;QuickSort;2292;927;389;3710
100;10;2;InsertionSort;359;119;0;11980
100;10;2;BubbleSort;1794;855;21;60260
100;10;2;MergeSort;1344;360;0;12830
100;10;2;CountingSort;301;0;0;17250
100;10;2;QuickSort;2250;918;378;3470
100;10;2;InsertionSort;340;112;0;11880
100;10;2;BubbleSort;1030;485;15;43230
100;10;2;MergeSort;1344;361;0;13100
100;10;2;CountingSort;301;0;0;19060
100;10;2;QuickSort;2564;995;456;5310
100;10;2;InsertionSort;382;126;0;12890
100;10;2;BubbleSort;1826;855;29;70301
100;10;2;MergeSort;1344;360;0;9770
100;10;2;CountingSort;301;0;0;16010
100;10;2;QuickSort;2517;924;464;3820
100;10;2;InsertionSort;387;127;0;12770
100;10;2;BubbleSort;1834;855;31;60251
100;10;2;MergeSort;1344;360;0;13050
100;10;2;CountingSort;301;0;0;15890
100;10;2;QuickSort;2324;881;415;3390
100;10;2;InsertionSort;376;124;0;9760
100;10;2;BubbleSort;1266;579;27;44790
100;10;2;MergeSort;1344;361;0;10390
100;10;2;CountingSort;301;0;0;14740
100;10;2;QuickSort;2680;997;493;3130
100;10;2;InsertionSort;351;117;0;12030
100;10;2;BubbleSort;1230;579;18;32290
100;10;2;MergeSort;1344;358;0;12840
100;10;2;CountingSort;301;0;0;26480
100;10;2;QuickSort;2861;1055;537;3860
100;10;2;InsertionSort;386;128;0;12910
100;10;2;BubbleSort;1830;855;30;81360
100;10;2;MergeSort;1344;361;0;14640
100;10;2;CountingSort;301;0;0;20250
100;10;2;QuickSort;2431;955;428;3810
100;10;2;InsertionSort;347;115;0;11940
100;10;2;BubbleSort;1038;485;17;26950
100;10;2;MergeSort;1344;360;0;9460
100;10;2;CountingSort;301;0;0;13370
100;10;2;QuickSort;2639;1037;467;3090
100;10;2;InsertionSort;355;117;0;11460
100;10;2;BubbleSort;1790;855;20;67480
100;10;2;MergeSort;1344;359;0;8330
100;10;2;CountingSort;301;0;0;13940
100;10;2;QuickSort;2400;921;423;4380
100;10;2;InsertionSort;375;123;0;11400
100;10;2;BubbleSort;1998;945;27;74050
100;10;2;MergeSort;1344;361;0;12270
100;10;2;CountingSort;301;0;0;15130
100;10;2;QuickSort;2980;1102;558;3170
100;10;2;InsertionSort;354;118;0;9450
100;10;2;BubbleSort;1234;579;19;25130
100;10;2;MergeSort;1344;360;0;12550
100;10;2;CountingSort;301;0;0;13680
100;10;2;QuickSort;2203;901;370;3670
100;10;2;InsertionSort;388;126;0;13460
100;10;2;BubbleSort;1656;764;32;16000
100;10;2;MergeSort;1344;359;0;10320
100;10;2;CountingSort;301;0;0;20060
100;10;2;QuickSort;3194;1190;600;3340
100;10;2;InsertionSort;340;112;0;9380
100;10;2;BubbleSort;1030;485;15;3650
100;10;2;MergeSort;1344;361;0;7950
100;10;2;CountingSort;301;0;0;13400
100;10;2;QuickSort;2480;959;443;3220
100;10;2;InsertionSort;355;117;0;9420
100;10;2;BubbleSort;1608;764;20;6210
100;10;2;MergeSort;1344;362;0;8850
100;10;2;CountingSort;301;0;0;16120
100;10;2;QuickSort;2315;869;418;2940
100;10;2;InsertionSort;361;119;0;11780
100;10;2;BubbleSort;1246;579;22;7780
100;10;2;MergeSort;1344;362;0;9130
100;10;2;CountingSort;301;0;0;17880
100;10;2;QuickSort;2406;930;428;5560
100;10;2;InsertionSort;363;119;0;11620
100;10;2;BubbleSort;1436;672;23;10060
100;10;2;MergeSort;1344;361;0;9000
100;10;2;CountingSort;301;0;0;17070
100;10;2;QuickSort;2380;895;431;3660
100;10;2;InsertionSort;359;119;0;13980
100;10;2;BubbleSort;1794;855;21;9270
100;10;2;MergeSort;1344;360;0;8430
100;10;2;CountingSort;301;0;0;14430
100;10;2;QuickSort;2832;1083;517;5220
100;10;2;InsertionSort;374;122;0;10000
100;10;2;BubbleSort;1636;764;27;6710
100;10;2;MergeSort;1344;359;0;7750
100;10;2;CountingSort;301;0;0;12540
100;10;2;QuickSort;2206;913;364;3110
100;10;2;InsertionSort;386;128;0;16790
100;10;2;BubbleSort;1648;764;30;10700
100;10;2;MergeSort;1344;360;0;13560
100;10;2;CountingSort;301;0;0;12770
100;10;2;QuickSort;2288;851;411;3070
100;10;2;InsertionSort;373;123;0;11550
100;10;2;BubbleSort;1814;855;26;6100
100;10;2;MergeSort;1344;360;0;12040
100;10;2;CountingSort;301;0;0;13780
100;10;2;QuickSort;2256;900;384;2920
100;10;2;InsertionSort;333;111;0;10480
100;10;2;BubbleSort;1018;485;12;4920
100;10;2;MergeSort;1344;360;0;7650
100;10;2;CountingSort;301;0;0;13571
100;10;2;QuickSort;2730;1023;503;2920
100;10;2;InsertionSort;368;122;0;9420
100;10;2;BubbleSort;1624;764;24;5650
100;10;2;MergeSort;1344;362;0;10220
100;10;2;CountingSort;301;0;0;13590
100;10;2;QuickSort;2720;1022;499;3000
100;10;2;InsertionSort;353;117;0;11720
100;10;2;BubbleSort;1234;579;19;4780
100;10;2;MergeSort;1344;362;0;7870
100;10;3;CountingSort;301;0;0;21600
100;10;3;QuickSort;2530;955;455;195591
100;10;3;InsertionSort;345;115;0;28300
100;10;3;BubbleSort;1408;672;16;114101
100;10;3;MergeSort;1344;360;0;101640
100;10;3;CountingSort;301;0;0;17410
100;10;3;QuickSort;3169;1201;590;121821
100;10;3;InsertionSort;372;124;0;13190
100;10;3;BubbleSort;1990;945;25;71830
100;10;3;MergeSort;1344;362;0;122040
100;10;3;CountingSort;301;0;0;21710
100;10;3;QuickSort;2480;935;449;76750
100;10;3;InsertionSort;360;120;0;13720
100;10;3;BubbleSort;1428;672;21;49320
100;10;3;MergeSort;1344;361;0;95651
100;10;3;CountingSort;301;0;0;15070
100;10;3;QuickSort;2195;854;380;73790
100;10;3;InsertionSort;351;117;0;10230
100;10;3;BubbleSort;1230;579;18;44870
100;10;3;MergeSort;1344;363;0;42070
100;10;3;CountingSort;301;0;0;34610
100;10;3;QuickSort;2492;920;456;86840
100;10;3;InsertionSort;345;115;0;9720
100;10;3;BubbleSort;1408;672;16;62220
100;10;3;MergeSort;1344;359;0;47180
100;10;3;CountingSort;301;0;0;16961
100;10;3;QuickSort;2473;934;447;89611
100;10;3;InsertionSort;369;123;0;13550
100;10;3;BubbleSort;1440;672;24;62630
100;10;3;MergeSort;1344;363;0;34550
100;10;3;CountingSort;301;0;0;12450
100;10;3;QuickSort;2535;954;460;41520
100;10;3;InsertionSort;372;124;0;12130
100;10;3;BubbleSort;1258;579;25;55761
100;10;3;MergeSort;1344;364;0;20580
100;10;3;CountingSort;301;0;0;17670
100;10;3;QuickSort;2307;897;408;13910
100;10;3;InsertionSort;393;131;0;10360
100;10;3;BubbleSort;2018;945;32;53870
100;10;3;MergeSort;1344;365;0;17600
100;10;3;CountingSort;301;0;0;14180
100;10;3;QuickSort;2451;969;427;14300
100;10;3;InsertionSort;351;117;0;17090
100;10;3;BubbleSort;1600;764;18;68780
100;10;3;MergeSort;1344;362;0;27780
100;10;3;CountingSort;301;0;0;13160
100;10;3;QuickSort;2401;937;421;14350
100;10;3;InsertionSort;381;127;0;19270
100;10;3;BubbleSort;1640;764;28;53130
100;10;3;MergeSort;1344;362;0;21791
100;10;3;CountingSort;301;0;0;14330
100;10;3;QuickSort;2487;978;436;12950
100;10;3;InsertionSort;390;130;0;12840
100;10;3;BubbleSort;1652;764;31;54790
100;10;3;MergeSort;1344;363;0;26170
100;10;3;CountingSort;301;0;0;17100
100;10;3;QuickSort;2614;1009;465;16970
100;10;3;InsertionSort;363;121;0;11200
100;10;3;BubbleSort;1978;945;22;53570
100;10;3;MergeSort;1344;364;0;17790
100;10;3;CountingSort;301;0;0;15630
100;10;3;QuickSort;2440;937;434;12570
100;10;3;InsertionSort;357;119;0;12680
100;10;3;BubbleSort;1424;672;20;65380
100;10;3;MergeSort;1344;361;0;21740
100;10;3;CountingSort;301;0;0;14400
100;10;3;QuickSort;2409;918;431;29390
100;10;3;InsertionSort;357;119;0;12330
100;10;3;BubbleSort;1238;579;20;33120
100;10;3;MergeSort;1344;364;0;15470
100;10;3;CountingSort;301;0;0;14580
100;10;3;QuickSort;2607;1068;450;11470
100;10;3;InsertionSort;390;130;0;15890
100;10;3;BubbleSort;2014;945;31;70710
100;10;3;MergeSort;1344;362;0;37660
100;10;3;CountingSort;301;0;0;20690
100;10;3;QuickSort;2289;855;413;8730
100;10;3;InsertionSort;372;124;0;14771
100;10;3;BubbleSort;1628;764;25;53490
100;10;3;MergeSort;1344;364;0;22260
100;10;3;CountingSort;301;0;0;15040
100;10;3;QuickSort;2690;1022;488;11520
100;10;3;InsertionSort;372;124;0;16890
100;10;3;BubbleSort;1444;672;25;65250
100;10;3;MergeSort;1344;365;0;27600
100;10;3;CountingSort;301;0;0;16311
100;10;3;QuickSort;2268;858;406;9890
100;10;3;InsertionSort;375;125;0;15930
100;10;3;BubbleSort;1814;855;26;52610
100;10;3;MergeSort;1344;361;0;16960
100;10;3;CountingSort;301;0;0;15700
100;10;3;QuickSort;2573;1022;450;17460
100;10;3;InsertionSort;351;117;0;17930
100;10;3;BubbleSort;1416;672;18;36320
100;10;3;MergeSort;1344;362;0;24461
100;10;3;CountingSort;301;0;0;13150
100;10;3;QuickSort;2395;886;438;8740
100;10;3;InsertionSort;354;118;0;11360
100;10;3;BubbleSort;1604;764;19;54280
100;10;3;MergeSort;1344;364;0;13270
100;10;3;CountingSort;301;0;0;18360
100;10;3;QuickSort;2551;988;457;9340
100;10;3;InsertionSort;345;115;0;21470
100;10;3;BubbleSort;844;390;16;41130
100;10;3;MergeSort;1344;362;0;17000
100;10;3;CountingSort;301;0;0;12430
100;10;3;QuickSort;2757;1125;476;10270
100;10;3;InsertionSort;342;114;0;10000
100;10;3;BubbleSort;1030;485;15;50591
100;10;3;MergeSort;1344;362;0;15230
100;10;3;CountingSort;301;0;0;17370
100;10;3;QuickSort;3425;1343;624;13480
100;10;3;InsertionSort;348;116;0;15290
100;10;3;BubbleSort;1412;672;17;62680
100;10;3;MergeSort;1344;362;0;26200
100;10;3;CountingSort;301;0;0;15910
100;10;3;QuickSort;2558;932;475;9560
100;10;3;InsertionSort;372;124;0;11870
100;10;3;BubbleSort;1444;672;25;54240
100;10;3;MergeSort;1344;365;0;17830
100;10;3;CountingSort;301;0;0;14840
100;10;3;QuickSort;2963;1097;557;9710
100;10;3;InsertionSort;330;110;0;14480
100;10;3;BubbleSort;1754;855;11;2333617
100;10;3;MergeSort;1344;358;0;2312227
100;10;3;CountingSort;301;0;0;16300
100;10;3;QuickSort;2093;857;348;8940
100;10;3;InsertionSort;399;133;0;11230
100;10;3;BubbleSort;2026;945;34;62370
100;10;3;MergeSort;1344;363;0;15630
100;10;3;CountingSort;301;0;0;15070
100;10;3;QuickSort;2261;857;400;8860
100;10;3;InsertionSort;360;120;0;14770
100;10;3;BubbleSort;1428;672;21;53140
100;10;3;MergeSort;1344;364;0;27940
100;10;3;CountingSort;301;0;0;14230
100;10;3;QuickSort;2288;908;392;12110
100;10;3;InsertionSort;363;121;0;12460
100;10;3;BubbleSort;1432;672;22;51411
100;10;3;MergeSort;1344;364;0;17760
100;10;3;CountingSort;301;0;0;19670
100;10;3;QuickSort;3040;1150;566;10650
100;10;3;InsertionSort;363;121;0;16480
100;10;3;BubbleSort;1978;945;22;106380
100;10;3;MergeSort;1344;362;0;17030
100;10;3;CountingSort;301;0;0;13190
100;10;3;QuickSort;2609;977;479;9500
100;10;3;InsertionSort;351;117;0;11480
100;10;3;BubbleSort;1042;485;18;46070
100;10;3;MergeSort;1344;362;0;19870
100;10;3;CountingSort;301;0;0;17360
100;10;3;QuickSort;2418;909;434;8700
100;10;3;InsertionSort;333;111;0;10990
100;10;3;BubbleSort;1206;579;12;44000
100;10;3;MergeSort;1344;360;0;25890
100;10;3;CountingSort;301;0;0;16600
100;10;3;QuickSort;2243;899;384;10071
100;10;3;InsertionSort;360;120;0;13780
100;10;3;BubbleSort;1612;764;21;52590
100;10;3;MergeSort;1344;364;0;21290
100;10;3;CountingSort;301;0;0;14490
100;10;3;QuickSort;2777;1001;523;13361
100;10;3;InsertionSort;363;121;0;13701
100;10;3;BubbleSort;1246;579;22;44550
100;10;3;MergeSort;1344;364;0;30450
100;10;3;CountingSort;301;0;0;18380
100;10;3;QuickSort;2492;983;439;7710
100;10;3;InsertionSort;360;120;0;13890
100;10;3;BubbleSort;1428;672;21;46030
100;10;3;MergeSort;1344;363;0;10780
100;10;3;CountingSort;301;0;0;15830
100;10;3;QuickSort;2419;910;438;7150
100;10;3;InsertionSort;384;128;0;12410
100;10;3;BubbleSort;1826;855;29;60610
100;10;3;MergeSort;1344;364;0;6430
100;10;3;CountingSort;301;0;0;18590
100;10;3;QuickSort;2216;905;371;10290
100;10;3;InsertionSort;351;117;0;14200
100;10;3;BubbleSort;1416;672;18;45750
100;10;3;MergeSort;1344;362;0;12230
100;10;3;CountingSort;301;0;0;13460
100;10;3;QuickSort;3078;1179;565;10250
100;10;3;InsertionSort;360;120;0;15150
100;10;3;BubbleSort;1612;764;21;54930
100;10;3;MergeSort;1344;365;0;12550
100;10;3;CountingSort;301;0;0;13930
100;10;3;QuickSort;2518;943;455;9270
100;10;3;InsertionSort;363;121;0;14170
100;10;3;BubbleSort;1246;579;22;54320
100;10;3;MergeSort;1344;364;0;8850
100;10;3;CountingSort;301;0;0;18300
100;10;3;QuickSort;2749;1021;507;9670
100;10;3;InsertionSort;375;125;0;11650
100;10;3;BubbleSort;1448;672;26;53091
100;10;3;MergeSort;1344;365;0;12470
100;10;3;CountingSort;301;0;0;22840
100;10;3;QuickSort;2452;925;444;92960
100;10;3;InsertionSort;354;118;0;11790
100;10;3;BubbleSort;1420;672;19;54670
100;10;3;MergeSort;1344;363;0;25490
100;10;3;CountingSort;301;0;0;16270
100;10;3;QuickSort;2254;871;393;58110
100;10;3;InsertionSort;348;116;0;13251
100;10;3;BubbleSort;1038;485;17;45940
100;10;3;MergeSort;1344;361;0;10410
100;10;3;CountingSort;301;0;0;18660
100;10;3;QuickSort;2430;909;442;53140
100;10;3;InsertionSort;381;127;0;12430
100;10;3;BubbleSort;1822;855;28;77880
100;10;3;MergeSort;1344;363;0;39850
100;10;3;CountingSort;301;0;0;17320
100;10;3;QuickSort;2137;835;365;43590
100;10;3;InsertionSort;369;123;0;14280
100;10;3;BubbleSort;1624;764;24;64030
100;10;3;MergeSort;1344;363;0;12740
100;10;3;CountingSort;301;0;0;17320
100;10;3;QuickSort;3015;1179;542;54621
100;10;3;InsertionSort;360;120;0;11990
100;10;3;BubbleSort;1428;672;21;48080
100;10;3;MergeSort;1344;363;0;7130
100;10;3;CountingSort;301;0;0;14630
100;10;3;QuickSort;2533;964;457;46690
100;10;3;InsertionSort;345;115;0;9350
100;10;3;BubbleSort;1034;485;16;41400
100;10;3;MergeSort;1344;364;0;20750
100;10;3;CountingSort;301;0;0;15800
100;10;3;QuickSort;2772;1026;517;47780
100;10;3;InsertionSort;333;111;0;12700
100;10;3;BubbleSort;1018;485;12;47680
100;10;3;MergeSort;1344;364;0;9390
100;10;3;CountingSort;301;0;0;17680
100;10;3;QuickSort;2013;804;335;57811
100;10;3;InsertionSort;333;111;0;18490
100;10;3;BubbleSort;1018;485;12;43320
100;10;3;MergeSort;1344;363;0;11490
100;10;3;CountingSort;301;0;0;18080
100;10;3;QuickSort;2410;916;434;46800
100;10;3;InsertionSort;360;120;0;18560
100;10;3;BubbleSort;1242;579;21;32170
100;10;3;MergeSort;1344;363;0;8430
100;10;3;CountingSort;301;0;0;17410
100;10;3;QuickSort;2381;923;419;15570
100;10;3;InsertionSort;342;114;0;9160
100;10;3;BubbleSort;1030;485;15;39900
100;10;3;MergeSort;1344;359;0;7870
100;10;3;CountingSort;301;0;0;13030
100;10;3;QuickSort;2480;971;437;13090
100;10;3;InsertionSort;378;126;0;9790
100;10;3;BubbleSort;1636;764;27;41420
100;10;3;MergeSort;1344;365;0;14030
100;10;3;CountingSort;301;0;0;15370
100;10;3;QuickSort;2445;909;442;3750
100;10;3;InsertionSort;378;126;0;12590
100;10;3;BubbleSort;1818;855;27;58680
100;10;3;MergeSort;1344;363;0;9170
100;10;3;CountingSort;301;0;0;21230
100;10;3;QuickSort;2347;919;410;5570
100;10;3;InsertionSort;357;119;0;13140
100;10;3;BubbleSort;1424;672;20;58211
100;10;3;MergeSort;1344;362;0;18520
100;10;3;CountingSort;301;0;0;13590
100;10;3;QuickSort;2746;1009;515;3640
100;10;3;InsertionSort;366;122;0;12640
100;10;3;BubbleSort;1620;764;23;68240
100;10;3;MergeSort;1344;361;0;8960
100;10;3;CountingSort;301;0;0;14140
100;10;3;QuickSort;2366;977;395;3680
100;10;3;InsertionSort;339;113;0;11960
100;10;3;BubbleSort;1214;579;14;54181
100;10;3;MergeSort;1344;361;0;10600
100;10;3;CountingSort;301;0;0;16120
100;10;3;QuickSort;2738;1028;503;3140
100;10;3;InsertionSort;333;111;0;11500
100;10;3;BubbleSort;1018;485;12;37691
100;10;3;MergeSort;1344;363;0;10630
100;10;3;CountingSort;301;0;0;22300
100;10;3;QuickSort;2401;904;432;3720
100;10;3;InsertionSort;384;128;0;10580
100;10;3;BubbleSort;1644;764;29;52691
100;10;3;MergeSort;1344;364;0;11741
100;10;3;CountingSort;301;0;0;19040
100;10;3;QuickSort;2256;909;382;3570
100;10;3;InsertionSort;378;126;0;9590
100;10;3;BubbleSort;1636;764;27;53181
100;10;3;MergeSort;1344;364;0;10531
100;10;3;CountingSort;301;0;0;16530
100;10;3;QuickSort;2381;911;424;3480
100;10;3;InsertionSort;375;125;0;9540
100;10;3;BubbleSort;1448;672;26;39260
100;10;3;MergeSort;1344;361;0;13830
100;10;3;CountingSort;301;0;0;15790
100;10;3;QuickSort;2550;996;453;3440
100;10;3;InsertionSort;396;132;0;12490
100;10;3;BubbleSort;1660;764;33;55190
100;10;3;MergeSort;1344;364;0;9120
100;10;3;CountingSort;301;0;0;17480
100;10;3;QuickSort;2881;1066;536;3940
100;10;3;InsertionSort;369;123;0;14120
100;10;3;BubbleSort;1440;672;24;47221
100;10;3;MergeSort;1344;364;0;11310
100;10;3;CountingSort;301;0;0;15780
100;10;3;QuickSort;2532;978;454;4170
100;10;3;InsertionSort;363;121;0;9650
100;10;3;BubbleSort;1616;764;22;68150
100;10;3;MergeSort;1344;362;0;12390
100;10;3;CountingSort;301;0;0;18330
100;10;3;QuickSort;2536;952;459;3240
100;10;3;InsertionSort;372;124;0;12630
100;10;3;BubbleSort;1628;764;25;56210
100;10;3;MergeSort;1344;365;0;14900
100;10;3;CountingSort;301;0;0;18290
100;10;3;QuickSort;2795;1082;502;3820
100;10;3;InsertionSort;384;128;0;9710
100;10;3;BubbleSort;1826;855;29;63200
100;10;3;MergeSort;1344;364;0;11880
100;10;3;CountingSort;301;0;0;20900
100;10;3;QuickSort;2625;1008;474;3680
100;10;3;InsertionSort;336;112;0;11620
100;10;3;BubbleSort;1022;485;13;27621
100;10;3;MergeSort;1344;364;0;9041
100;10;3;CountingSort;301;0;0;16250
100;10;3;QuickSort;2631;999;477;3710
100;10;3;InsertionSort;366;122;0;12901
100;10;3;BubbleSort;1250;579;23;55890
100;10;3;MergeSort;1344;363;0;17840
100;10;3;CountingSort;301;0;0;16350
100;10;3;QuickSort;2240;893;385;3530
100;10;3;InsertionSort;366;122;0;12080
100;10;3;BubbleSort;1436;672;23;50090
100;10;3;MergeSort;1344;363;0;9730
100;10;3;CountingSort;301;0;0;18100
100;10;3;QuickSort;2575;961;470;3620
100;10;3;InsertionSort;363;121;0;9660
100;10;3;BubbleSort;1616;764;22;62730
100;10;3;MergeSort;1344;362;0;15530
100;10;3;CountingSort;301;0;0;16880
100;10;3;QuickSort;2639;992;484;3490
100;10;3;InsertionSort;360;120;0;10690
100;10;3;BubbleSort;1242;579;21;47030
100;10;3;MergeSort;1344;364;0;8160
100;10;3;CountingSort;301;0;0;16190
100;10;3;QuickSort;2943;1113;544;3710
100;10;3;InsertionSort;402;134;0;12380
100;10;3;BubbleSort;2030;945;35;72490
100;10;3;MergeSort;1344;364;0;15940
100;10;3;CountingSort;301;0;0;17300
100;10;3;QuickSort;3280;1219;621;3780
100;10;3;InsertionSort;372;124;0;12210
100;10;3;BubbleSort;1444;672;25;39470
100;10;3;MergeSort;1344;361;0;10940
100;10;3;CountingSort;301;0;0;15530
100;10;3;QuickSort;2320;895;409;3420
100;10;3;InsertionSort;360;120;0;11340
100;10;3;BubbleSort;1428;672;21;48620
100;10;3;MergeSort;1344;363;0;24720
100;10;3;CountingSort;301;0;0;85900
100;10;3;QuickSort;2399;929;420;14010
100;10;3;InsertionSort;354;118;0;9590
100;10;3;BubbleSort;1420;672;19;48241
100;10;3;MergeSort;1344;363;0;11860
100;10;3;CountingSort;301;0;0;16730
100;10;3;QuickSort;2269;853;408;3430
100;10;3;InsertionSort;369;123;0;9830
100;10;3;BubbleSort;1624;764;24;59520
100;10;3;MergeSort;1344;363;0;10450
100;10;3;CountingSort;301;0;0;15700
100;10;3;QuickSort;2993;1127;560;5110
100;10;3;InsertionSort;375;125;0;9990
100;10;3;BubbleSort;1262;579;26;34770
100;10;3;MergeSort;1344;363;0;8350
100;10;3;CountingSort;301;0;0;17520
100;10;3;QuickSort;2654;1001;484;2760
100;10;3;InsertionSort;378;126;0;9710
100;10;3;BubbleSort;1636;764;27;43390
100;10;3;MergeSort;1344;364;0;8040
100;10;3;CountingSort;301;0;0;12650
100;10;3;QuickSort;2519;920;466;13890
100;10;3;InsertionSort;369;123;0;12600
100;10;3;BubbleSort;1624;764;24;40820
100;10;3;MergeSort;1344;363;0;8880
100;10;3;CountingSort;301;0;0;17350
100;10;3;QuickSort;2166;837;377;4920
100;10;3;InsertionSort;381;127;0;12050
100;10;3;BubbleSort;1640;764;28;44370
100;10;3;MergeSort;1344;365;0;17900
100;10;3;CountingSort;301;0;0;20700
100;10;3;QuickSort;2599;1057;447;4010
100;10;3;InsertionSort;390;130;0;17450
100;10;3;BubbleSort;1834;855;31;52250
100;10;3;MergeSort;1344;363;0;10181
100;10;3;CountingSort;301;0;0;16430
100;10;3;QuickSort;2277;885;395;4220
100;10;3;InsertionSort;357;119;0;9320
100;10;3;BubbleSort;1608;764;20;54861
100;10;3;MergeSort;1344;363;0;21980
100;10;3;CountingSort;301;0;0;18880
100;10;3;QuickSort;2504;935;454;4070
100;10;3;InsertionSort;357;119;0;8890
100;10;3;BubbleSort;1238;579;20;34680
100;10;3;MergeSort;1344;363;0;8400
100;10;3;CountingSort;301;0;0;24500
100;10;3;QuickSort;2462;920;449;3290
100;10;3;InsertionSort;360;120;0;11880
100;10;3;BubbleSort;1612;764;21;46600
100;10;3;MergeSort;1344;363;0;15260
100;10;3;CountingSort;301;0;0;15270
100;10;3;QuickSort;2361;879;429;3420
100;10;3;InsertionSort;390;130;0;9660
100;10;3;BubbleSort;1652;764;31;45280
100;10;3;MergeSort;1344;365;0;9660
100;10;3;CountingSort;301;0;0;17050
100;10;3;QuickSort;2800;1042;522;3420
100;10;3;InsertionSort;411;137;0;13140
100;10;3;BubbleSort;2042;945;38;59670
100;10;3;MergeSort;1344;364;0;16560
100;10;3;CountingSort;301;0;0;21310
100;10;3;QuickSort;2181;822;383;3950
100;10;3;InsertionSort;372;124;0;13300
100;10;3;BubbleSort;1258;579;25;33650
100;10;3;MergeSort;1344;362;0;12510
100;10;3;CountingSort;301;0;0;17860
100;10;3;QuickSort;2293;892;404;3610
100;10;3;InsertionSort;366;122;0;11260
100;10;3;BubbleSort;1250;579;23;37230
100;10;3;MergeSort;1344;362;0;9500
100;10;3;CountingSort;301;0;0;15610
100;10;3;QuickSort;2421;936;428;3600
100;10;3;InsertionSort;360;120;0;9090
100;10;3;BubbleSort;1974;945;21;72120
100;10;3;MergeSort;1344;361;0;8090
100;10;3;CountingSort;301;0;0;16230
100;10;3;QuickSort;2776;1084;497;3990
100;10;3;InsertionSort;354;118;0;8820
100;10;3;BubbleSort;1420;672;19;41670
100;10;3;MergeSort;1344;364;0;9920
100;10;3;CountingSort;301;0;0;17170
100;10;3;QuickSort;2814;1101;504;4260
100;10;3;InsertionSort;375;125;0;12900
100;10;3;BubbleSort;1448;672;26;36020
100;10;3;MergeSort;1344;363;0;9100
100;10;3;CountingSort;301;0;0;14600
100;10;3;QuickSort;2496;969;441;3350
100;10;3;InsertionSort;363;121;0;11920
100;10;3;BubbleSort;1616;764;22;27510
100;10;3;MergeSort;1344;362;0;11390
100;10;3;CountingSort;301;0;0;18320
100;10;3;QuickSort;2428;961;423;3910
100;10;3;InsertionSort;372;124;0;10070
100;10;3;BubbleSort;1628;764;25;11980
100;10;3;MergeSort;1344;360;0;9240
100;10;3;CountingSort;301;0;0;16230
100;10;3;QuickSort;3115;1201;568;4020
100;10;3;InsertionSort;366;122;0;9121
100;10;3;BubbleSort;1802;855;23;7480
100;10;3;MergeSort;1344;364;0;6610
100;10;3;CountingSort;301;0;0;12560
100;10;3;QuickSort;2249;833;404;3640
100;10;3;InsertionSort;375;125;0;9180
100;10;3;BubbleSort;1632;764;26;5510
100;10;3;MergeSort;1344;364;0;12211
100;10;3;CountingSort;301;0;0;19990
100;10;3;QuickSort;2181;855;376;3800
100;10;3;InsertionSort;396;132;0;22650
100;10;3;BubbleSort;1842;855;33;6280
100;10;3;MergeSort;1344;365;0;9090
100;10;3;CountingSort;301;0;0;13650
100;10;3;QuickSort;2781;1038;518;3820
100;10;3;InsertionSort;357;119;0;18810
100;10;3;BubbleSort;1238;579;20;5410
100;10;3;MergeSort;1344;362;0;9730
100;10;3;CountingSort;301;0;0;17030
100;10;3;QuickSort;2489;899;461;4070
100;10;3;InsertionSort;360;120;0;11520
100;10;3;BubbleSort;1974;945;21;6810
100;10;3;MergeSort;1344;359;0;7120
100;10;3;CountingSort;301;0;0;19450
100;10;3;QuickSort;2866;1063;533;5000
100;10;3;InsertionSort;339;113;0;8680
100;10;3;BubbleSort;836;390;14;3020
100;10;3;MergeSort;1344;361;0;8160
100;10;3;CountingSort;301;0;0;13360
100;10;3;QuickSort;2242;841;402;3310
100;10;3;InsertionSort;339;113;0;8930
100;10;3;BubbleSort;1214;579;14;5450
100;10;3;MergeSort;1344;360;0;33850
100;10;3;CountingSort;301;0;0;17210
100;10;3;QuickSort;2556;999;454;3600
100;10;3;InsertionSort;360;120;0;11680
100;10;3;BubbleSort;1242;579;21;11100
100;10;3;MergeSort;1344;364;0;11310
100;10;3;CountingSort;301;0;0;16640
100;10;3;QuickSort;2275;856;405;3740
100;10;3;InsertionSort;387;129;0;12400
100;10;3;BubbleSort;1648;764;30;7020
100;10;3;MergeSort;1344;364;0;10070
100;10;3;CountingSort;301;0;0;17570
100;10;3;QuickSort;3219;1203;607;4080
100;10;3;InsertionSort;354;118;0;11920
100;10;3;BubbleSort;1604;764;19;6840
100;10;3;MergeSort;1344;362;0;14440
100;10;4;CountingSort;301;0;0;20530
100;10;4;QuickSort;3095;1127;586;235781
100;10;4;InsertionSort;360;120;0;26820
100;10;4;BubbleSort;1242;579;21;85730
100;10;4;MergeSort;1344;363;0;110450
100;10;4;CountingSort;301;0;0;17660
100;10;4;QuickSort;2592;1044;447;118801
100;10;4;InsertionSort;348;116;0;14561
100;10;4;BubbleSort;1596;764;17;59030
100;10;4;MergeSort;1344;363;0;102880
100;10;4;CountingSort;301;0;0;17590
100;10;4;QuickSort;2395;919;428;125940
100;10;4;InsertionSort;372;124;0;15330
100;10;4;BubbleSort;1628;764;25;76670
100;10;4;MergeSort;1344;365;0;50040
100;10;4;CountingSort;301;0;0;11440
100;10;4;QuickSort;2387;899;430;75890
100;10;4;InsertionSort;390;130;0;18830
100;10;4;BubbleSort;1834;855;31;70710
100;10;4;MergeSort;1344;362;0;25970
100;10;4;CountingSort;301;0;0;12160
100;10;4;QuickSort;2575;985;461;80670
100;10;4;InsertionSort;345;115;0;16160
100;10;4;BubbleSort;1592;764;16;67550
100;10;4;MergeSort;1344;362;0;23640
100;10;4;CountingSort;301;0;0;15910
100;10;4;QuickSort;2869;1042;545;22901
100;10;4;InsertionSort;342;114;0;11380
100;10;4;BubbleSort;1030;485;15;53730
100;10;4;MergeSort;1344;361;0;17120
100;10;4;CountingSort;301;0;0;15130
100;10;4;QuickSort;2222;899;374;27610
100;10;4;InsertionSort;366;122;0;13310
100;10;4;BubbleSort;1620;764;23;42710
100;10;4;MergeSort;1344;363;0;26790
100;10;4;CountingSort;301;0;0;13370
100;10;4;QuickSort;2866;1114;513;16260
100;10;4;InsertionSort;369;123;0;17390
100;10;4;BubbleSort;1440;672;24;40740
100;10;4;MergeSort;1344;362;0;19220
100;10;4;CountingSort;301;0;0;12160
100;10;4;QuickSort;2172;807;387;11580
100;10;4;InsertionSort;357;119;0;14700
100;10;4;BubbleSort;1050;485;20;39410
100;10;4;MergeSort;1344;364;0;16840
100;10;4;CountingSort;301;0;0;15510
100;10;4;QuickSort;2371;922;417;13590
100;10;4;InsertionSort;354;118;0;11020
100;10;4;BubbleSort;1046;485;19;28550
100;10;4;MergeSort;1344;362;0;15110
100;10;4;CountingSort;301;0;0;16161
100;10;4;QuickSort;2354;878;425;12810
100;10;4;InsertionSort;345;115;0;11070
100;10;4;BubbleSort;1408;672;16;47850
100;10;4;MergeSort;1344;362;0;15980
100;10;4;CountingSort;301;0;0;17500
100;10;4;QuickSort;2506;970;443;18160
100;10;4;InsertionSort;360;120;0;11440
100;10;4;BubbleSort;1054;485;21;26730
100;10;4;MergeSort;1344;364;0;16950
100;10;4;CountingSort;301;0;0;15840
100;10;4;QuickSort;2707;1033;490;13680
100;10;4;InsertionSort;369;123;0;12370
100;10;4;BubbleSort;1986;945;24;94930
100;10;4;MergeSort;1344;363;0;19720
100;10;4;CountingSort;301;0;0;15160
100;10;4;QuickSort;2764;1111;487;25880
100;10;4;InsertionSort;345;115;0;11360
100;10;4;BubbleSort;1222;579;16;34420
100;10;4;MergeSort;1344;363;0;18150
100;10;4;CountingSort;301;0;0;14750
100;10;4;QuickSort;2893;1177;505;11050
100;10;4;InsertionSort;411;137;0;15020
100;10;4;BubbleSort;1862;855;38;57980
100;10;4;MergeSort;1344;362;0;21460
100;10;4;CountingSort;301;0;0;16531
100;10;4;QuickSort;2529;984;446;9490
100;10;4;InsertionSort;375;125;0;11600
100;10;4;BubbleSort;1814;855;26;58810
100;10;4;MergeSort;1344;360;0;22950
100;10;4;CountingSort;301;0;0;15730
100;10;4;QuickSort;2453;926;441;13090
100;10;4;InsertionSort;381;127;0;14090
100;10;4;BubbleSort;2002;945;28;83560
100;10;4;MergeSort;1344;362;0;18350
100;10;4;CountingSort;301;0;0;15650
100;10;4;QuickSort;2152;817;379;9680
100;10;4;InsertionSort;357;119;0;10970
100;10;4;BubbleSort;1608;764;20;55300
100;10;4;MergeSort;1344;362;0;24450
100;10;4;CountingSort;301;0;0;15930
100;10;4;QuickSort;2093;803;368;7060
100;10;4;InsertionSort;369;123;0;11850
100;10;4;BubbleSort;1440;672;24;48540
100;10;4;MergeSort;1344;364;0;15390
100;10;4;CountingSort;301;0;0;11810
100;10;4;QuickSort;2528;950;457;9290
100;10;4;InsertionSort;384;128;0;12101
100;10;4;BubbleSort;1460;672;29;39570
100;10;4;MergeSort;1344;361;0;17330
100;10;4;CountingSort;301;0;0;18280
100;10;4;QuickSort;2334;903;408;9110
100;10;4;InsertionSort;378;126;0;12710
100;10;4;BubbleSort;1818;855;27;69780
100;10;4;MergeSort;1344;365;0;16170
100;10;4;CountingSort;301;0;0;15040
100;10;4;QuickSort;2471;926;448;8590
100;10;4;InsertionSort;372;124;0;9870
100;10;4;BubbleSort;1628;764;25;71641
100;10;4;MergeSort;1344;363;0;13810
100;10;4;CountingSort;301;0;0;12160
100;10;4;QuickSort;2548;976;462;37800
100;10;4;InsertionSort;357;119;0;11810
100;10;4;BubbleSort;1970;945;20;72591
100;10;4;MergeSort;1344;362;0;19780
100;10;4;CountingSort;301;0;0;19840
100;10;4;QuickSort;2490;945;451;12740
100;10;4;InsertionSort;387;129;0;9950
100;10;4;BubbleSort;2010;945;30;54180
100;10;4;MergeSort;1344;363;0;16270
100;10;4;CountingSort;301;0;0;14010
100;10;4;QuickSort;2276;905;390;10330
100;10;4;InsertionSort;354;118;0;13970
100;10;4;BubbleSort;1786;855;19;58491
100;10;4;MergeSort;1344;358;0;1144933
100;10;4;CountingSort;301;0;0;16120
100;10;4;QuickSort;2599;1027;456;7870
100;10;4;InsertionSort;345;115;0;12750
100;10;4;BubbleSort;1034;485;16;69811
100;10;4;MergeSort;1344;362;0;27220
100;10;4;CountingSort;301;0;0;26740
100;10;4;QuickSort;2786;1109;493;9960
100;10;4;InsertionSort;399;133;0;14250
100;10;4;BubbleSort;2026;945;34;74611
100;10;4;MergeSort;1344;362;0;24030
100;10;4;CountingSort;301;0;0;21450
100;10;4;QuickSort;2530;976;451;17130
100;10;4;InsertionSort;372;124;0;10710
100;10;4;BubbleSort;1810;855;25;53260
100;10;4;MergeSort;1344;363;0;19950
100;10;4;CountingSort;301;0;0;18630
100;10;4;QuickSort;2767;1069;498;10430
100;10;4;InsertionSort;351;117;0;11570
100;10;4;BubbleSort;1600;764;18;59791
100;10;4;MergeSort;1344;362;0;22611
100;10;4;CountingSort;301;0;0;16720
100;10;4;QuickSort;2617;1009;471;10520
100;10;4;InsertionSort;372;124;0;12330
100;10;4;BubbleSort;1628;764;25;63500
100;10;4;MergeSort;1344;363;0;12530
100;10;4;CountingSort;301;0;0;16640
100;10;4;QuickSort;2566;988;459;9290
100;10;4;InsertionSort;378;126;0;15130
100;10;4;BubbleSort;1636;764;27;69560
100;10;4;MergeSort;1344;362;0;24631
100;10;4;CountingSort;301;0;0;13410
100;10;4;QuickSort;2330;872;422;8910
100;10;4;InsertionSort;372;124;0;15990
100;10;4;BubbleSort;1810;855;25;94210
100;10;4;MergeSort;1344;361;0;37120
100;10;4;CountingSort;301;0;0;14000
100;10;4;QuickSort;2380;883;432;8500
100;10;4;InsertionSort;381;127;0;12140
100;10;4;BubbleSort;1822;855;28;57350
100;10;4;MergeSort;1344;364;0;17110
100;10;4;CountingSort;301;0;0;15120
100;10;4;QuickSort;2867;1073;535;7630
100;10;4;InsertionSort;333;111;0;9910
100;10;4;BubbleSort;828;390;12;38090
100;10;4;MergeSort;1344;361;0;8430
100;10;4;CountingSort;301;0;0;15850
100;10;4;QuickSort;2517;933;461;7840
100;10;4;InsertionSort;369;123;0;12320
100;10;4;BubbleSort;1440;672;24;50501
100;10;4;MergeSort;1344;363;0;6860
100;10;4;CountingSort;301;0;0;17800
100;10;4;QuickSort;2304;882;409;6730
100;10;4;InsertionSort;351;117;0;11010
100;10;4;BubbleSort;1230;579;18;31121
100;10;4;MergeSort;1344;360;0;10710
100;10;4;CountingSort;301;0;0;14650
100;10;4;QuickSort;2135;893;347;9010
100;10;4;InsertionSort;354;118;0;14290
100;10;4;BubbleSort;1234;579;19;53380
100;10;4;MergeSort;1344;360;0;12640
100;10;4;CountingSort;301;0;0;13760
100;10;4;QuickSort;2567;971;465;8940
100;10;4;InsertionSort;375;125;0;15500
100;10;4;BubbleSort;1632;764;26;49100
100;10;4;MergeSort;1344;362;0;12021
100;10;4;CountingSort;301;0;0;17930
100;10;4;QuickSort;2388;915;424;8840
100;10;4;InsertionSort;330;110;0;9730
100;10;4;BubbleSort;1014;485;11;39901
100;10;4;MergeSort;1344;361;0;10750
100;10;4;CountingSort;301;0;0;16050
100;10;4;QuickSort;2771;1106;487;9830
100;10;4;InsertionSort;369;123;0;15970
100;10;4;BubbleSort;1624;764;24;56190
100;10;4;MergeSort;1344;362;0;10780
100;10;4;CountingSort;301;0;0;21990
100;10;4;QuickSort;2907;1167;515;112230
100;10;4;InsertionSort;318;106;0;9110
100;10;4;BubbleSort;808;390;7;28260
100;10;4;MergeSort;1344;359;0;9330
100;10;4;CountingSort;301;0;0;21240
100;10;4;QuickSort;2329;910;404;43670
100;10;4;InsertionSort;390;130;0;10490
100;10;4;BubbleSort;1834;855;31;73220
100;10;4;MergeSort;1344;362;0;9600
100;10;4;CountingSort;301;0;0;14570
100;10;4;QuickSort;2845;1105;514;50240
100;10;4;InsertionSort;366;122;0;14020
100;10;4;BubbleSort;1436;672;23;61390
100;10;4;MergeSort;1344;362;0;24950
100;10;4;CountingSort;301;0;0;18300
100;10;4;QuickSort;2722;1024;501;49580
100;10;4;InsertionSort;375;125;0;10720
100;10;4;BubbleSort;1448;672;26;38270
100;10;4;MergeSort;1344;362;0;9490
100;10;4;CountingSort;301;0;0;14420
100;10;4;QuickSort;2679;1011;486;53000
100;10;4;InsertionSort;360;120;0;17491
100;10;4;BubbleSort;1054;485;21;32830
100;10;4;MergeSort;1344;362;0;15760
100;10;4;CountingSort;301;0;0;16740
100;10;4;QuickSort;2980;1147;544;50120
100;10;4;InsertionSort;366;122;0;12490
100;10;4;BubbleSort;1802;855;23;49860
100;10;4;MergeSort;1344;363;0;19990
100;10;4;CountingSort;301;0;0;15660
100;10;4;QuickSort;2327;914;407;44081
100;10;4;InsertionSort;381;127;0;10520
100;10;4;BubbleSort;1640;764;28;55670
100;10;4;MergeSort;1344;361;0;9340
100;10;4;CountingSort;301;0;0;17580
100;10;4;QuickSort;2584;976;471;19940
100;10;4;InsertionSort;381;127;0;15310
100;10;4;BubbleSort;2002;945;28;67141
100;10;4;MergeSort;1344;364;0;7550
100;10;4;CountingSort;301;0;0;17140
100;10;4;QuickSort;2279;839;416;3180
100;10;4;InsertionSort;336;112;0;10780
100;10;4;BubbleSort;832;390;13;28230
100;10;4;MergeSort;1344;360;0;14050
100;10;4;CountingSort;301;0;0;17390
100;10;4;QuickSort;2698;1048;481;3610
100;10;4;InsertionSort;357;119;0;16020
100;10;4;BubbleSort;1970;945;20;66541
100;10;4;MergeSort;1344;361;0;24790
100;10;4;CountingSort;301;0;0;16870
100;10;4;QuickSort;2610;960;487;3170
100;10;4;InsertionSort;363;121;0;17170
100;10;4;BubbleSort;1432;672;22;39190
100;10;4;MergeSort;1344;363;0;17450
100;10;4;CountingSort;301;0;0;20940
100;10;4;QuickSort;2560;934;474;3060
100;10;4;InsertionSort;366;122;0;11710
100;10;4;BubbleSort;1802;855;23;66731
100;10;4;MergeSort;1344;361;0;11860
100;10;4;CountingSort;301;0;0;21760
100;10;4;QuickSort;2358;897;422;11890
100;10;4;InsertionSort;360;120;0;12190
100;10;4;BubbleSort;1242;579;21;52780
100;10;4;MergeSort;1344;363;0;14550
100;10;4;CountingSort;301;0;0;17820
100;10;4;QuickSort;2713;1018;498;4560
100;10;4;InsertionSort;387;129;0;13870
100;10;4;BubbleSort;2010;945;30;63620
100;10;4;MergeSort;1344;363;0;11700
100;10;4;CountingSort;301;0;0;15680
100;10;4;QuickSort;2389;901;432;3690
100;10;4;InsertionSort;339;113;0;15370
100;10;4;BubbleSort;1584;764;14;85460
100;10;4;MergeSort;1344;362;0;11501
100;10;4;CountingSort;301;0;0;17930
100;10;4;QuickSort;2404;922;427;5110
100;10;4;InsertionSort;366;122;0;12940
100;10;4;BubbleSort;1620;764;23;53120
100;10;4;MergeSort;1344;364;0;12410
100;10;4;CountingSort;301;0;0;19910
100;10;4;QuickSort;2396;887;436;4210
100;10;4;InsertionSort;390;130;0;12110
100;10;4;BubbleSort;2014;945;31;79850
100;10;4;MergeSort;1344;361;0;22310
100;10;4;CountingSort;301;0;0;24590
100;10;4;QuickSort;2534;941;461;3020
100;10;4;InsertionSort;369;123;0;10360
100;10;4;BubbleSort;1624;764;24;65680
100;10;4;MergeSort;1344;363;0;10910
100;10;4;CountingSort;301;0;0;16740
100;10;4;QuickSort;2703;1071;475;3170
100;10;4;InsertionSort;345;115;0;17250
100;10;4;BubbleSort;844;390;16;28680
100;10;4;MergeSort;1344;364;0;13270
100;10;4;CountingSort;301;0;0;18210
100;10;4;QuickSort;2336;953;395;3810
100;10;4;InsertionSort;354;118;0;10780
100;10;4;BubbleSort;1420;672;19;49070
100;10;4;MergeSort;1344;365;0;8930
100;10;4;CountingSort;301;0;0;16480
100;10;4;QuickSort;3336;1341;600;3360
100;10;4;InsertionSort;393;131;0;10300
100;10;4;BubbleSort;1838;855;32;58051
100;10;4;MergeSort;1344;360;0;9580
100;10;4;CountingSort;301;0;0;16330
100;10;4;QuickSort;2217;876;380;2900
100;10;4;InsertionSort;390;130;0;11520
100;10;4;BubbleSort;1834;855;31;63490
100;10;4;MergeSort;1344;361;0;8870
100;10;4;CountingSort;301;0;0;16920
100;10;4;QuickSort;2300;896;402;3690
100;10;4;InsertionSort;366;122;0;11660
100;10;4;BubbleSort;1250;579;23;53060
100;10;4;MergeSort;1344;364;0;17800
100;10;4;CountingSort;301;0;0;16130
100;10;4;QuickSort;3102;1164;581;4440
100;10;4;InsertionSort;342;114;0;11940
100;10;4;BubbleSort;1030;485;15;29300
100;10;4;MergeSort;1344;360;0;12170
100;10;4;CountingSort;301;0;0;16490
100;10;4;QuickSort;2256;891;391;3270
100;10;4;InsertionSort;381;127;0;18010
100;10;4;BubbleSort;1456;672;28;64921
100;10;4;MergeSort;1344;363;0;12761
100;10;4;CountingSort;301;0;0;16070
100;10;4;QuickSort;2361;885;424;3300
100;10;4;InsertionSort;357;119;0;12690
100;10;4;BubbleSort;1238;579;20;42910
100;10;4;MergeSort;1344;363;0;14720
100;10;4;CountingSort;301;0;0;15140
100;10;4;QuickSort;2379;957;406;3871
100;10;4;InsertionSort;375;125;0;12050
100;10;4;BubbleSort;1994;945;26;60580
100;10;4;MergeSort;1344;363;0;8320
100;10;4;CountingSort;301;0;0;13700
100;10;4;QuickSort;2573;1052;443;3010
100;10;4;InsertionSort;327;109;0;9610
100;10;4;BubbleSort;1010;485;10;30190
100;10;4;MergeSort;1344;359;0;9080
100;10;4;CountingSort;301;0;0;15850
100;10;4;QuickSort;2327;905;407;3000
100;10;4;InsertionSort;339;113;0;8570
100;10;4;BubbleSort;1400;672;14;45550
100;10;4;MergeSort;1344;359;0;8540
100;10;4;CountingSort;301;0;0;17980
100;10;4;QuickSort;2388;927;420;2920
100;10;4;InsertionSort;354;118;0;8900
100;10;4;BubbleSort;1420;672;19;43300
100;10;4;MergeSort;1344;361;0;9750
100;10;4;CountingSort;301;0;0;16200
100;10;4;QuickSort;2358;861;433;13950
100;10;4;InsertionSort;372;124;0;12540
100;10;4;BubbleSort;1444;672;25;40930
100;10;4;MergeSort;1344;364;0;9540
100;10;4;CountingSort;301;0;0;18040
100;10;4;QuickSort;2469;930;447;3150
100;10;4;InsertionSort;333;111;0;9130
100;10;4;BubbleSort;1018;485;12;34660
100;10;4;MergeSort;1344;363;0;10110
100;10;4;CountingSort;301;0;0;16910
100;10;4;QuickSort;3198;1188;601;3930
100;10;4;InsertionSort;336;112;0;8890
100;10;4;BubbleSort;1022;485;13;34870
100;10;4;MergeSort;1344;362;0;8350
100;10;4;CountingSort;301;0;0;16450
100;10;4;QuickSort;2275;916;386;5670
100;10;4;InsertionSort;369;123;0;9570
100;10;4;BubbleSort;1624;764;24;52990
100;10;4;MergeSort;1344;365;0;8810
100;10;4;CountingSort;301;0;0;15400
100;10;4;QuickSort;2776;1102;495;3890
100;10;4;InsertionSort;378;126;0;9450
100;10;4;BubbleSort;1452;672;27;58810
100;10;4;MergeSort;1344;361;0;7820
100;10;4;CountingSort;301;0;0;19020
100;10;4;QuickSort;2561;929;477;3400
100;10;4;InsertionSort;330;110;0;11560
100;10;4;BubbleSort;824;390;11;21970
100;10;4;MergeSort;1344;358;0;31300
100;10;4;CountingSort;301;0;0;17160
100;10;4;QuickSort;2417;950;421;3390
100;10;4;InsertionSort;345;115;0;13180
100;10;4;BubbleSort;1592;764;16;46170
100;10;4;MergeSort;1344;359;0;9750
100;10;4;CountingSort;301;0;0;21820
100;10;4;QuickSort;2591;977;470;5490
100;10;4;InsertionSort;381;127;0;12010
100;10;4;BubbleSort;1640;764;28;45560
100;10;4;MergeSort;1344;363;0;10860
100;10;4;CountingSort;301;0;0;16640
100;10;4;QuickSort;2546;950;464;3160
100;10;4;InsertionSort;375;125;0;9330
100;10;4;BubbleSort;1632;764;26;55860
100;10;4;MergeSort;1344;364;0;7750
100;10;4;CountingSort;301;0;0;49290
100;10;4;QuickSort;2318;923;397;3070
100;10;4;InsertionSort;333;111;0;8520
100;10;4;BubbleSort;828;390;12;21440
100;10;4;MergeSort;1344;359;0;8890
100;10;4;CountingSort;301;0;0;14651
100;10;4;QuickSort;2314;907;405;3340
100;10;4;InsertionSort;369;123;0;11570
100;10;4;BubbleSort;1986;945;24;66670
100;10;4;MergeSort;1344;362;0;9740
100;10;4;CountingSort;301;0;0;15990
100;10;4;QuickSort;2511;933;458;4660
100;10;4;InsertionSort;354;118;0;10990
100;10;4;BubbleSort;1420;672;19;47890
100;10;4;MergeSort;1344;361;0;12470
100;10;4;CountingSort;301;0;0;17720
100;10;4;QuickSort;2544;936;470;3700
100;10;4;InsertionSort;363;121;0;11350
100;10;4;BubbleSort;1798;855;22;69160
100;10;4;MergeSort;1344;361;0;10640
100;10;4;CountingSort;301;0;0;17180
100;10;4;QuickSort;2554;1003;450;3820
100;10;4;InsertionSort;399;133;0;12580
100;10;4;BubbleSort;1664;764;34;69270
100;10;4;MergeSort;1344;362;0;10020
100;10;4;CountingSort;301;0;0;18500
100;10;4;QuickSort;2655;1038;470;4380
100;10;4;InsertionSort;363;121;0;13160
100;10;4;BubbleSort;1432;672;22;53860
100;10;4;MergeSort;1344;360;0;9320
100;10;4;CountingSort;301;0;0;15850
100;10;4;QuickSort;3124;1204;569;3650
100;10;4;InsertionSort;375;125;0;12310
100;10;4;BubbleSort;1814;855;26;52871
100;10;4;MergeSort;1344;361;0;10260
100;10;4;CountingSort;301;0;0;16070
100;10;4;QuickSort;2327;875;416;3710
100;10;4;InsertionSort;384;128;0;10810
100;10;4;BubbleSort;2006;945;29;43031
100;10;4;MergeSort;1344;360;0;11770
100;10;4;CountingSort;301;0;0;17460
100;10;4;QuickSort;2467;919;451;4040
100;10;4;InsertionSort;351;117;0;11050
100;10;4;BubbleSort;1416;672;18;19920
100;10;4;MergeSort;1344;362;0;9821
100;10;4;CountingSort;301;0;0;15750
100;10;4;QuickSort;2706;1029;494;3890
100;10;4;InsertionSort;357;119;0;12500
100;10;4;BubbleSort;1608;764;20;6930
100;10;4;MergeSort;1344;363;0;10121
100;10;4;CountingSort;301;0;0;18060
100;10;4;QuickSort;2492;956;447;4000
100;10;4;InsertionSort;354;118;0;12060
100;10;4;BubbleSort;1604;764;19;7710
100;10;4;MergeSort;1344;361;0;8090
100;10;4;CountingSort;301;0;0;15330
100;10;4;QuickSort;2690;1058;476;3710
100;10;4;InsertionSort;372;124;0;11320
100;10;4;BubbleSort;1444;672;25;7400
100;10;4;MergeSort;1344;363;0;22890
100;10;4;CountingSort;301;0;0;15720
100;10;4;QuickSort;2594;1004;461;3850
100;10;4;InsertionSort;327;109;0;10280
100;10;4;BubbleSort;820;390;10;4660
100;10;4;MergeSort;1344;361;0;11561
100;10;4;CountingSort;301;0;0;17230
100;10;4;QuickSort;2465;920;452;3470
100;10;4;InsertionSort;378;126;0;12820
100;10;4;BubbleSort;1998;945;27;8400
100;10;4;MergeSort;1344;361;0;10140
100;10;4;CountingSort;301;0;0;16550
100;10;4;QuickSort;2316;858;418;3420
100;10;4;InsertionSort;333;111;0;12170
100;10;4;BubbleSort;1206;579;12;5170
100;10;4;MergeSort;1344;363;0;11230
100;10;4;CountingSort;301;0;0;17210
100;10;4;QuickSort;2527;925;466;3680
100;10;4;InsertionSort;375;125;0;11390
100;10;4;BubbleSort;1632;764;26;5600
100;10;4;MergeSort;1344;363;0;9610
100;10;4;CountingSort;301;0;0;21160
100;10;4;QuickSort;2544;1026;442;4070
100;10;4;InsertionSort;354;118;0;9410
100;10;4;BubbleSort;1786;855;19;7980
100;10;4;MergeSort;1344;364;0;8920
100;10;4;CountingSort;301;0;0;15170
100;10;4;QuickSort;2377;895;424;4040
100;10;4;InsertionSort;348;116;0;8870
100;10;4;BubbleSort;1038;485;17;6300
100;10;4;MergeSort;1344;361;0;12070
100;10;4;CountingSort;301;0;0;16950
100;10;4;QuickSort;2679;1023;488;3840
100;10;4;InsertionSort;387;129;0;9350
100;10;4;BubbleSort;1648;764;30;6680
100;10;4;MergeSort;1344;363;0;9651
100;10;4;CountingSort;301;0;0;21731
100;10;4;QuickSort;2518;949;459;5260
100;10;4;InsertionSort;390;130;0;13360
100;10;4;BubbleSort;1652;764;31;9350
100;10;4;MergeSort;1344;359;0;21520
100;10;4;CountingSort;301;0;0;14010
100;10;4;QuickSort;2843;1148;499;3770
100;10;4;InsertionSort;330;110;0;14550
100;10;4;BubbleSort;824;390;11;4950
100;10;4;MergeSort;1344;363;0;9700
100;20;1;CountingSort;301;0;0;20310
100;20;1;QuickSort;2852;1055;537;203730
100;20;1;InsertionSort;2628;876;0;146780
100;20;1;BubbleSort;12408;4650;777;478072
100;20;1;MergeSort;1344;502;0;123441
100;20;1;CountingSort;301;0;0;16630
100;20;1;QuickSort;2336;884;414;102170
100;20;1;InsertionSort;2256;752;0;87450
100;20;1;BubbleSort;11390;4389;653;355101
100;20;1;MergeSort;1344;495;0;104311
100;20;1;CountingSort;301;0;0;20130
100;20;1;QuickSort;2652;1011;480;90911
100;20;1;InsertionSort;2064;688;0;82080
100;20;1;BubbleSort;11950;4797;589;284581
100;20;1;MergeSort;1344;492;0;108460
100;20;1;CountingSort;301;0;0;12560
100;20;1;QuickSort;2420;950;427;74420
100;20;1;InsertionSort;1876;624;0;52410
100;20;1;BubbleSort;10748;4320;527;300431
100;20;1;MergeSort;1344;460;0;58170
100;20;1;CountingSort;301;0;0;12470
100;20;1;QuickSort;2467;946;442;48160
100;20;1;InsertionSort;1891;629;0;43570
100;20;1;BubbleSort;10622;4247;532;259801
100;20;1;MergeSort;1344;475;0;34330
100;20;1;CountingSort;301;0;0;16400
100;20;1;QuickSort;2475;963;435;72450
100;20;1;InsertionSort;1884;628;0;65440
100;20;1;BubbleSort;11366;4625;529;261271
100;20;1;MergeSort;1344;469;0;19400
100;20;1;CountingSort;301;0;0;12050
100;20;1;QuickSort;2681;1016;489;44270
100;20;1;InsertionSort;1539;513;0;44290
100;20;1;BubbleSort;10500;4422;414;301231
100;20;1;MergeSort;1344;482;0;36071
100;20;1;CountingSort;301;0;0;16360
100;20;1;QuickSort;2652;987;487;18680
100;20;1;InsertionSort;2157;719;0;55270
100;20;1;BubbleSort;10820;4170;620;252981
100;20;1;MergeSort;1344;492;0;15470
100;20;1;CountingSort;301;0;0;14600
100;20;1;QuickSort;2217;873;381;9590
100;20;1;InsertionSort;2076;692;0;65240
100;20;1;BubbleSort;12032;4830;593;343311
100;20;1;MergeSort;1344;496;0;28360
100;20;1;CountingSort;301;0;0;16840
100;20;1;QuickSort;2473;916;452;11070
100;20;1;InsertionSort;1410;470;0;41240
100;20;1;BubbleSort;8732;3624;371;253861
100;20;1;MergeSort;1344;446;0;17980
100;20;1;CountingSort;301;0;0;17870
100;20;1;QuickSort;2478;942;445;9750
100;20;1;InsertionSort;2319;773;0;69330
100;20;1;BubbleSort;12440;4872;674;348171
100;20;1;MergeSort;1344;505;0;26630
100;20;1;CountingSort;301;0;0;16750
100;20;1;QuickSort;2658;993;487;20920
100;20;1;InsertionSort;2313;771;0;62820
100;20;1;BubbleSort;12036;4674;672;312821
100;20;1;MergeSort;1344;504;0;28740
100;20;1;CountingSort;301;0;0;15960
100;20;1;QuickSort;2784;1074;502;10510
100;20;1;InsertionSort;2160;720;0;64080
100;20;1;BubbleSort;11832;4674;621;311941
100;20;1;MergeSort;1344;498;0;39140
100;20;1;CountingSort;301;0;0;14360
100;20;1;QuickSort;2307;900;405;9070
100;20;1;InsertionSort;2856;952;0;85900
100;20;1;BubbleSort;13270;4929;853;386001
100;20;1;MergeSort;1344;509;0;20690
100;20;1;CountingSort;301;0;0;15640
100;20;1;QuickSort;2156;815;385;10220
100;20;1;InsertionSort;1563;521;0;53360
100;20;1;BubbleSort;10256;4284;422;101460
100;20;1;MergeSort;1344;460;0;44840
100;20;1;CountingSort;301;0;0;16010
100;20;1;QuickSort;2828;1043;528;10160
100;20;1;InsertionSort;1764;588;0;50110
100;20;1;BubbleSort;10216;4130;489;76000
100;20;1;MergeSort;1344;468;0;20000
100;20;1;CountingSort;301;0;0;14630
100;20;1;QuickSort;2502;969;443;10160
100;20;1;InsertionSort;1755;585;0;62410
100;20;1;BubbleSort;11194;4625;486;67101
100;20;1;MergeSort;1344;502;0;30080
100;20;1;CountingSort;301;0;0;16000
100;20;1;QuickSort;3126;1149;595;11500
100;20;1;InsertionSort;2119;705;0;62130
100;20;1;BubbleSort;12222;4895;608;45960
100;20;1;MergeSort;1344;509;0;28670
100;20;1;CountingSort;301;0;0;23500
100;20;1;QuickSort;2784;1056;509;10860
100;20;1;InsertionSort;2530;842;0;92491
100;20;1;BubbleSort;12374;4697;745;82111
100;20;1;MergeSort;1344;488;0;25800
100;20;1;CountingSort;301;0;0;15180
100;20;1;QuickSort;2493;951;447;8040
100;20;1;InsertionSort;1647;549;0;47630
100;20;1;BubbleSort;9150;3675;450;26940
100;20;1;MergeSort;1344;482;0;31731
100;20;1;CountingSort;301;0;0;28101
100;20;1;QuickSort;2856;1068;533;8070
100;20;1;InsertionSort;1815;605;0;55030
100;20;1;BubbleSort;10284;4130;506;68430
100;20;1;MergeSort;1344;490;0;18130
100;20;1;CountingSort;301;0;0;15290
100;20;1;QuickSort;2580;951;476;11800
100;20;1;InsertionSort;2451;817;0;121941
100;20;1;BubbleSort;12562;4845;718;37571
100;20;1;MergeSort;1344;504;0;47610
100;20;1;CountingSort;301;0;0;13040
100;20;1;QuickSort;2474;983;432;9610
100;20;1;InsertionSort;2161;719;0;67340
100;20;1;BubbleSort;9632;3572;622;88200
100;20;1;MergeSort;1344;480;0;42360
100;20;1;CountingSort;301;0;0;13940
100;20;1;QuickSort;2523;942;458;9890
100;20;1;InsertionSort;2281;759;0;80331
100;20;1;BubbleSort;12506;4929;662;55790
100;20;1;MergeSort;1344;513;0;29620
100;20;1;CountingSort;301;0;0;11910
100;20;1;QuickSort;2384;923;421;9230
100;20;1;InsertionSort;2217;739;0;51620
100;20;1;BubbleSort;12118;4779;640;1241343
100;20;1;MergeSort;1344;496;0;1223233
100;20;1;CountingSort;301;0;0;17160
100;20;1;QuickSort;3806;1514;697;13420
100;20;1;InsertionSort;1731;577;0;47920
100;20;1;BubbleSort;10172;4130;478;62921
100;20;1;MergeSort;1344;473;0;19600
100;20;1;CountingSort;301;0;0;14260
100;20;1;QuickSort;2382;936;413;14420
100;20;1;InsertionSort;1998;666;0;56770
100;20;1;BubbleSort;11788;4760;567;82470
100;20;1;MergeSort;1344;481;0;25100
100;20;1;CountingSort;301;0;0;14650
100;20;1;QuickSort;2507;956;454;9290
100;20;1;InsertionSort;1995;665;0;56730
100;20;1;BubbleSort;11234;4485;566;44760
100;20;1;MergeSort;1344;502;0;14080
100;20;1;CountingSort;301;0;0;14780
100;20;1;QuickSort;3018;1131;562;10400
100;20;1;InsertionSort;2037;679;0;98960
100;20;1;BubbleSort;11914;4797;580;86890
100;20;1;MergeSort;1344;511;0;15610
100;20;1;CountingSort;301;0;0;12320
100;20;1;QuickSort;2414;902;438;8970
100;20;1;InsertionSort;2163;721;0;85791
100;20;1;BubbleSort;9196;3354;622;148301
100;20;1;MergeSort;1344;504;0;7430
100;20;1;CountingSort;301;0;0;14360
100;20;1;QuickSort;2325;918;402;9930
100;20;1;InsertionSort;2547;849;0;97780
100;20;1;BubbleSort;12888;4944;750;55880
100;20;1;MergeSort;1344;499;0;6110
100;20;1;CountingSort;301;0;0;12280
100;20;1;QuickSort;2389;868;436;7700
100;20;1;InsertionSort;1731;577;0;50250
100;20;1;BubbleSort;11656;4872;478;100141
100;20;1;MergeSort;1344;466;0;5650
100;20;1;CountingSort;301;0;0;11511
100;20;1;QuickSort;2542;1036;438;10950
100;20;1;InsertionSort;1953;651;0;43800
100;20;1;BubbleSort;11646;4719;552;68250
100;20;1;MergeSort;1344;475;0;13030
100;20;1;CountingSort;301;0;0;11300
100;20;1;QuickSort;2932;1126;538;10250
100;20;1;InsertionSort;1530;510;0;45920
100;20;1;BubbleSort;9094;3725;411;127061
100;20;1;MergeSort;1344;451;0;7830
100;20;1;CountingSort;301;0;0;12550
100;20;1;QuickSort;2333;884;417;10130
100;20;1;InsertionSort;1872;624;0;54240
100;20;1;BubbleSort;11130;4515;525;53570
100;20;1;MergeSort;1344;483;0;8270
100;20;1;CountingSort;301;0;0;11690
100;20;1;QuickSort;2545;994;446;9620
100;20;1;InsertionSort;3144;1048;0;116671
100;20;1;BubbleSort;13564;4884;949;164401
100;20;1;MergeSort;1344;486;0;6460
100;20;1;CountingSort;301;0;0;10220
100;20;1;QuickSort;2781;1029;515;127920
100;20;1;InsertionSort;1929;643;0;53550
100;20;1;BubbleSort;11426;4625;544;36120
100;20;1;MergeSort;1344;487;0;9170
100;20;1;CountingSort;301;0;0;11420
100;20;1;QuickSort;2343;852;428;40660
100;20;1;InsertionSort;1801;599;0;57711
100;20;1;BubbleSort;10502;4247;502;86350
100;20;1;MergeSort;1344;462;0;15130
100;20;1;CountingSort;301;0;0;16500
100;20;1;QuickSort;2599;964;478;58460
100;20;1;InsertionSort;2524;840;0;69590
100;20;1;BubbleSort;12716;4872;743;51910
100;20;1;MergeSort;1344;516;0;12940
100;20;1;CountingSort;301;0;0;13250
100;20;1;QuickSort;2625;996;476;61340
100;20;1;InsertionSort;1860;620;0;88420
100;20;1;BubbleSort;11054;4485;521;121571
100;20;1;MergeSort;1344;480;0;14380
100;20;1;CountingSort;301;0;0;15190
100;20;1;QuickSort;2623;964;484;47440
100;20;1;InsertionSort;2874;958;0;75780
100;20;1;BubbleSort;13324;4944;859;74940
100;20;1;MergeSort;1344;523;0;13680
100;20;1;CountingSort;301;0;0;13950
100;20;1;QuickSort;2613;978;479;59290
100;20;1;InsertionSort;1501;499;0;37090
100;20;1;BubbleSort;10516;4454;402;84740
100;20;1;MergeSort;1344;435;0;12110
100;20;1;CountingSort;301;0;0;16880
100;20;1;QuickSort;2393;923;423;76450
100;20;1;InsertionSort;2142;714;0;82230
100;20;1;BubbleSort;11658;4599;615;5800
100;20;1;MergeSort;1344;493;0;14180
100;20;1;CountingSort;301;0;0;22790
100;20;1;QuickSort;2465;971;433;70540
100;20;1;InsertionSort;2100;700;0;63890
100;20;1;BubbleSort;12292;4944;601;18200
100;20;1;MergeSort;1344;499;0;14210
100;20;1;CountingSort;301;0;0;11600
100;20;1;QuickSort;2810;1037;523;114291
100;20;1;InsertionSort;3300;1100;0;85191
100;20;1;BubbleSort;13664;4830;1001;8230
100;20;1;MergeSort;1344;483;0;9870
100;20;1;CountingSort;301;0;0;11910
100;20;1;QuickSort;2147;839;373;48121
100;20;1;InsertionSort;2535;843;0;97060
100;20;1;BubbleSort;12778;4895;747;12520
100;20;1;MergeSort;1344;494;0;16390
100;20;1;CountingSort;301;0;0;14190
100;20;1;QuickSort;2757;1032;508;60400
100;20;1;InsertionSort;2029;675;0;78350
100;20;1;BubbleSort;12122;4905;578;8740
100;20;1;MergeSort;1344;501;0;9490
100;20;1;CountingSort;301;0;0;14580
100;20;1;QuickSort;2461;901;453;19440
100;20;1;InsertionSort;1701;567;0;52360
100;20;1;BubbleSort;9222;3675;468;12680
100;20;1;MergeSort;1344;475;0;14450
100;20;1;CountingSort;301;0;0;13520
100;20;1;QuickSort;2686;1033;485;3500
100;20;1;InsertionSort;1698;566;0;54480
100;20;1;BubbleSort;11496;4814;467;7320
100;20;1;MergeSort;1344;478;0;9490
100;20;1;CountingSort;301;0;0;12050
100;20;1;QuickSort;2345;893;416;3350
100;20;1;InsertionSort;2232;744;0;71010
100;20;1;BubbleSort;11610;4515;645;16150
100;20;1;MergeSort;1344;488;0;10720
100;20;1;CountingSort;301;0;0;11770
100;20;1;QuickSort;2267;902;390;4090
100;20;1;InsertionSort;1974;658;0;57270
100;20;1;BubbleSort;11830;4797;559;8290
100;20;1;MergeSort;1344;477;0;9390
100;20;1;CountingSort;301;0;0;13890
100;20;1;QuickSort;2303;845;418;3970
100;20;1;InsertionSort;2148;716;0;64191
100;20;1;BubbleSort;12062;4797;617;9490
100;20;1;MergeSort;1344;458;0;10450
100;20;1;CountingSort;301;0;0;19130
100;20;1;QuickSort;3041;1100;579;10710
100;20;1;InsertionSort;2316;772;0;76100
100;20;1;BubbleSort;12212;4760;673;8480
100;20;1;MergeSort;1344;464;0;9770
100;20;1;CountingSort;301;0;0;13080
100;20;1;QuickSort;2254;826;409;3300
100;20;1;InsertionSort;2298;766;0;84910
100;20;1;BubbleSort;12538;4935;667;13810
100;20;1;MergeSort;1344;504;0;11270
100;20;1;CountingSort;301;0;0;14960
100;20;1;QuickSort;2247;861;397;4230
100;20;1;InsertionSort;1581;527;0;123180
100;20;1;BubbleSort;9890;4089;428;6980
100;20;1;MergeSort;1344;484;0;14020
100;20;1;CountingSort;301;0;0;11930
100;20;1;QuickSort;2497;922;459;10440
100;20;1;InsertionSort;1728;576;0;57430
100;20;1;BubbleSort;10168;4130;477;19410
100;20;1;MergeSort;1344;498;0;11270
100;20;1;CountingSort;301;0;0;14600
100;20;1;QuickSort;2401;919;429;3900
100;20;1;InsertionSort;2209;735;0;86341
100;20;1;BubbleSort;12320;4884;638;9690
100;20;1;MergeSort;1344;515;0;7860
100;20;1;CountingSort;301;0;0;13980
100;20;1;QuickSort;2423;989;412;4260
100;20;1;InsertionSort;1987;661;0;77240
100;20;1;BubbleSort;11226;4485;564;11960
100;20;1;MergeSort;1344;505;0;15540
100;20;1;CountingSort;301;0;0;15020
100;20;1;QuickSort;2334;903;410;3950
100;20;1;InsertionSort;1926;642;0;52860
100;20;1;BubbleSort;12030;4929;543;20980
100;20;1;MergeSort;1344;490;0;11450
100;20;1;CountingSort;301;0;0;13320
100;20;1;QuickSort;2233;832;404;4770
100;20;1;InsertionSort;2541;847;0;77020
100;20;1;BubbleSort;12512;4760;748;16500
100;20;1;MergeSort;1344;491;0;15240
100;20;1;CountingSort;301;0;0;11810
100;20;1;QuickSort;2252;854;399;3410
100;20;1;InsertionSort;2049;683;0;62740
100;20;1;BubbleSort;11684;4674;584;6390
100;20;1;MergeSort;1344;484;0;10160
100;20;1;CountingSort;301;0;0;13810
100;20;1;QuickSort;2467;976;433;3320
100;20;1;InsertionSort;2697;899;0;84090
100;20;1;BubbleSort;12230;4515;800;4730
100;20;1;MergeSort;1344;487;0;10920
100;20;1;CountingSort;301;0;0;11850
100;20;1;QuickSort;2265;879;397;5420
100;20;1;InsertionSort;2082;694;0;80121
100;20;1;BubbleSort;11224;4422;595;6200
100;20;1;MergeSort;1344;509;0;16590
100;20;1;CountingSort;301;0;0;12890
100;20;1;QuickSort;2114;854;355;5580
100;20;1;InsertionSort;2179;725;0;63981
100;20;1;BubbleSort;12202;4845;628;22790
100;20;1;MergeSort;1344;494;0;13810
100;20;1;CountingSort;301;0;0;15940
100;20;1;QuickSort;2436;906;447;3210
100;20;1;InsertionSort;1251;417;0;54490
100;20;1;BubbleSort;10242;4485;318;4810
100;20;1;MergeSort;1344;470;0;9170
100;20;1;CountingSort;301;0;0;11290
100;20;1;QuickSort;2425;931;431;5420
100;20;1;InsertionSort;2526;842;0;77801
100;20;1;BubbleSort;12830;4929;743;35251
100;20;1;MergeSort;1344;519;0;19280
100;20;1;CountingSort;301;0;0;13110
100;20;1;QuickSort;2399;896;436;3280
100;20;1;InsertionSort;1693;563;0;38111
100;20;1;BubbleSort;9412;3774;466;3690
100;20;1;MergeSort;1344;508;0;14920
100;20;1;CountingSort;301;0;0;12210
100;20;1;QuickSort;2198;830;392;3180
100;20;1;InsertionSort;2121;707;0;59590
100;20;1;BubbleSort;11072;4320;608;21150
100;20;1;MergeSort;1344;495;0;31660
100;20;1;CountingSort;301;0;0;12540
100;20;1;QuickSort;2911;1060;549;3690
100;20;1;InsertionSort;2187;729;0;76760
100;20;1;BubbleSort;11608;4544;630;5940
100;20;1;MergeSort;1344;488;0;13790
100;20;1;CountingSort;301;0;0;18090
100;20;1;QuickSort;2297;866;410;5750
100;20;1;InsertionSort;2265;755;0;86171
100;20;1;BubbleSort;11712;4544;656;8390
100;20;1;MergeSort;1344;501;0;19920
100;20;1;CountingSort;301;0;0;32910
100;20;1;QuickSort;2692;1027;489;4180
100;20;1;InsertionSort;2259;753;0;78220
100;20;1;BubbleSort;11326;4355;654;5780
100;20;1;MergeSort;1344;489;0;25070
100;20;1;CountingSort;301;0;0;13240
100;20;1;QuickSort;2142;822;372;3960
100;20;1;InsertionSort;2268;756;0;91140
100;20;1;BubbleSort;11122;4247;657;10430
100;20;1;MergeSort;1344;529;0;12751
100;20;1;CountingSort;301;0;0;14500
100;20;1;QuickSort;2682;1002;493;4300
100;20;1;InsertionSort;1797;599;0;46361
100;20;1;BubbleSort;11480;4740;500;7710
100;20;1;MergeSort;1344;484;0;13950
100;20;1;CountingSort;301;0;0;12610
100;20;1;QuickSort;2491;955;445;4090
100;20;1;InsertionSort;1687;561;0;48660
100;20;1;BubbleSort;10196;4170;464;4950
100;20;1;MergeSort;1344;492;0;13770
100;20;1;CountingSort;301;0;0;16820
100;20;1;QuickSort;2628;972;487;4610
100;20;1;InsertionSort;1981;659;0;60350
100;20;1;BubbleSort;11966;4859;562;6750
100;20;1;MergeSort;1344;478;0;8400
100;20;1;CountingSort;301;0;0;14140
100;20;1;QuickSort;2567;989;458;4730
100;20;1;InsertionSort;1888;628;0;61390
100;20;1;BubbleSort;10834;4355;531;25260
100;20;1;MergeSort;1344;465;0;19150
100;20;1;CountingSort;301;0;0;15290
100;20;1;QuickSort;2475;957;440;4490
100;20;1;InsertionSort;2232;744;0;67570
100;20;1;BubbleSort;12100;4760;645;6870
100;20;1;MergeSort;1344;479;0;8860
100;20;1;CountingSort;301;0;0;12510
100;20;1;QuickSort;2593;1003;464;4560
100;20;1;InsertionSort;2013;671;0;50780
100;20;1;BubbleSort;11588;4650;572;11010
100;20;1;MergeSort;1344;494;0;15211
100;20;1;CountingSort;301;0;0;11900
100;20;1;QuickSort;2362;892;423;3590
100;20;1;InsertionSort;1944;648;0;60180
100;20;1;BubbleSort;9546;3675;549;5540
100;20;1;MergeSort;1344;497;0;10780
100;20;1;CountingSort;301;0;0;18120
100;20;1;QuickSort;2253;837;404;3400
100;20;1;InsertionSort;2355;785;0;77870
100;20;1;BubbleSort;12338;4797;686;25280
100;20;1;MergeSort;1344;527;0;9340
100;20;1;CountingSort;301;0;0;12110
100;20;1;QuickSort;2659;997;486;4800
100;20;1;InsertionSort;1839;613;0;84370
100;20;1;BubbleSort;11404;4674;514;4580
100;20;1;MergeSort;1344;476;0;8300
100;20;1;CountingSort;301;0;0;13420
100;20;1;QuickSort;2784;1083;503;3340
100;20;1;InsertionSort;2220;740;0;50220
100;20;1;BubbleSort;12044;4740;641;15380
100;20;1;MergeSort;1344;484;0;10770
100;20;1;CountingSort;301;0;0;14360
100;20;1;QuickSort;2909;1079;547;3580
100;20;1;InsertionSort;1899;633;0;49290
100;20;1;BubbleSort;11280;4572;534;4100
100;20;1;MergeSort;1344;477;0;21240
100;20;1;CountingSort;301;0;0;11980
100;20;1;QuickSort;3199;1240;587;3590
100;20;1;InsertionSort;1728;576;0;55491
100;20;1;BubbleSort;10168;4130;477;30260
100;20;1;MergeSort;1344;477;0;12441
100;20;1;CountingSort;301;0;0;13330
100;20;1;QuickSort;2479;910;459;5340
100;20;1;InsertionSort;2361;787;0;75690
100;20;1;BubbleSort;12520;4884;688;4790
100;20;1;MergeSort;1344;507;0;16040
100;20;1;CountingSort;301;0;0;12880
100;20;1;QuickSort;2073;798;359;3290
100;20;1;InsertionSort;1845;615;0;67680
100;20;1;BubbleSort;9312;3624;516;6790
100;20;1;MergeSort;1344;495;0;9330
100;20;1;CountingSort;301;0;0;14680
100;20;1;QuickSort;2428;898;439;15240
100;20;1;InsertionSort;1734;578;0;50070
100;20;1;BubbleSort;11660;4872;479;4550
100;20;1;MergeSort;1344;490;0;11310
100;20;1;CountingSort;301;0;0;12960
100;20;1;QuickSort;2058;831;346;3690
100;20;1;InsertionSort;2376;792;0;72020
100;20;1;BubbleSort;12166;4697;693;28590
100;20;1;MergeSort;1344;508;0;11760
100;20;1;CountingSort;301;0;0;11620
100;20;1;QuickSort;3131;1160;592;3840
100;20;1;InsertionSort;1758;586;0;55580
100;20;1;BubbleSort;10126;4089;487;4050
100;20;1;MergeSort;1344;501;0;10660
100;20;1;CountingSort;301;0;0;13210
100;20;1;QuickSort;2568;1053;441;4490
100;20;1;InsertionSort;2160;720;0;54260
100;20;1;BubbleSort;12042;4779;621;4540
100;20;1;MergeSort;1344;481;0;11020
100;20;1;CountingSort;301;0;0;12730
100;20;1;QuickSort;3670;1390;694;4680
100;20;1;InsertionSort;2646;882;0;21260
100;20;1;BubbleSort;12922;4895;783;5570
100;20;1;MergeSort;1344;483;0;8250
100;20;1;CountingSort;301;0;0;13790
100;20;1;QuickSort;2439;918;440;3970
100;20;1;InsertionSort;1734;578;0;9021
100;20;1;BubbleSort;8394;3239;479;5980
100;20;1;MergeSort;1344;478;0;9130
100;20;1;CountingSort;301;0;0;13171
100;20;1;QuickSort;2945;1094;547;3960
100;20;1;InsertionSort;2019;673;0;7980
100;20;1;BubbleSort;11494;4599;574;4530
100;20;1;MergeSort;1344;497;0;11990
100;20;1;CountingSort;301;0;0;12950
100;20;1;QuickSort;2495;938;452;4290
100;20;1;InsertionSort;1707;569;0;9190
100;20;1;BubbleSort;11474;4797;470;7850
100;20;1;MergeSort;1344;484;0;12150
100;20;1;CountingSort;301;0;0;15690
100;20;1;QuickSort;3127;1228;565;4830
100;20;1;InsertionSort;2988;996;0;8790
100;20;1;BubbleSort;13398;4905;897;8440
100;20;1;MergeSort;1344;503;0;10960
100;20;1;CountingSort;301;0;0;12330
100;20;1;QuickSort;3158;1268;563;4011
100;20;1;InsertionSort;2806;934;0;10200
100;20;1;BubbleSort;12492;4572;837;6870
100;20;1;MergeSort;1344;490;0;7590
100;20;1;CountingSort;301;0;0;13530
100;20;1;QuickSort;2623;940;495;3460
100;20;1;InsertionSort;2106;702;0;10810
100;20;1;BubbleSort;11850;4719;603;4680
100;20;1;MergeSort;1344;464;0;15860
100;20;1;CountingSort;301;0;0;13810
100;20;1;QuickSort;2775;1050;508;3910
100;20;1;InsertionSort;2422;806;0;12720
100;20;1;BubbleSort;12136;4650;709;4730
100;20;1;MergeSort;1344;507;0;12310
100;20;1;CountingSort;301;0;0;13580
100;20;1;QuickSort;2527;946;461;3450
100;20;1;InsertionSort;1974;658;0;11550
100;20;1;BubbleSort;10330;4047;559;4750
100;20;1;MergeSort;1344;470;0;20580
100;20;1;CountingSort;301;0;0;13160
100;20;1;QuickSort;2353;895;421;3420
100;20;1;InsertionSort;2199;733;0;11290
100;20;1;BubbleSort;11734;4599;634;4670
100;20;1;MergeSort;1344;504;0;16330
100;20;2;CountingSort;301;0;0;20571
100;20;2;QuickSort;2485;940;447;224260
100;20;2;InsertionSort;582;192;0;35980
100;20;2;BubbleSort;3478;1547;96;180661
100;20;2;MergeSort;1344;373;0;113321
100;20;2;CountingSort;301;0;0;17350
100;20;2;QuickSort;2858;1106;515;122570
100;20;2;InsertionSort;598;198;0;19300
100;20;2;BubbleSort;3332;1464;101;123530
100;20;2;MergeSort;1344;371;0;112280
100;20;2;CountingSort;301;0;0;21380
100;20;2;QuickSort;2472;972;436;102611
100;20;2;InsertionSort;570;190;0;18980
100;20;2;BubbleSort;3458;1547;91;96171
100;20;2;MergeSort;1344;373;0;108360
100;20;2;CountingSort;301;0;0;15000
100;20;2;QuickSort;2445;906;447;65320
100;20;2;InsertionSort;583;193;0;19620
100;20;2;BubbleSort;2974;1295;96;115730
100;20;2;MergeSort;1344;372;0;66010
100;20;2;CountingSort;301;0;0;13090
100;20;2;QuickSort;2296;880;406;85380
100;20;2;InsertionSort;588;196;0;15410
100;20;2;BubbleSort;3316;1464;97;124460
100;20;2;MergeSort;1344;373;0;23370
100;20;2;CountingSort;301;0;0;13540
100;20;2;QuickSort;2933;1109;544;71000
100;20;2;InsertionSort;531;177;0;20040
100;20;2;BubbleSort;3072;1380;78;111370
100;20;2;MergeSort;1344;370;0;19901
100;20;2;CountingSort;301;0;0;22560
100;20;2;QuickSort;2565;987;459;40920
100;20;2;InsertionSort;567;187;0;23740
100;20;2;BubbleSort;3458;1547;91;142601
100;20;2;MergeSort;1344;373;0;18350
100;20;2;CountingSort;301;0;0;23360
100;20;2;QuickSort;2118;798;373;14680
100;20;2;InsertionSort;577;191;0;17850
100;20;2;BubbleSort;3634;1629;94;147350
100;20;2;MergeSort;1344;370;0;21560
100;20;2;CountingSort;301;0;0;12500
100;20;2;QuickSort;3435;1281;651;43740
100;20;2;InsertionSort;523;173;0;25130
100;20;2;BubbleSort;2722;1209;76;83500
100;20;2;MergeSort;1344;373;0;29380
100;20;2;CountingSort;301;0;0;13420
100;20;2;QuickSort;2406;912;433;13360
100;20;2;InsertionSort;616;204;0;23580
100;20;2;BubbleSort;3686;1629;107;112330
100;20;2;MergeSort;1344;373;0;16700
100;20;2;CountingSort;301;0;0;14640
100;20;2;QuickSort;2317;862;419;13450
100;20;2;InsertionSort;555;183;0;29580
100;20;2;BubbleSort;3108;1380;87;129381
100;20;2;MergeSort;1344;368;0;27830
100;20;2;CountingSort;301;0;0;20850
100;20;2;QuickSort;2398;916;428;29550
100;20;2;InsertionSort;581;191;0;17910
100;20;2;BubbleSort;2974;1295;96;89640
100;20;2;MergeSort;1344;368;0;21240
100;20;2;CountingSort;301;0;0;16830
100;20;2;QuickSort;2932;1135;533;10340
100;20;2;InsertionSort;543;179;0;18890
100;20;2;BubbleSort;3260;1464;83;79720
100;20;2;MergeSort;1344;374;0;18840
100;20;2;CountingSort;301;0;0;14590
100;20;2;QuickSort;2814;1041;523;9890
100;20;2;InsertionSort;591;195;0;17800
100;20;2;BubbleSort;3156;1380;99;108550
100;20;2;MergeSort;1344;369;0;26200
100;20;2;CountingSort;301;0;0;14400
100;20;2;QuickSort;2393;908;431;15910
100;20;2;InsertionSort;541;179;0;13270
100;20;2;BubbleSort;2746;1209;82;89610
100;20;2;MergeSort;1344;369;0;23540
100;20;2;CountingSort;301;0;0;16320
100;20;2;QuickSort;2783;1058;511;9590
100;20;2;InsertionSort;597;197;0;23920
100;20;2;BubbleSort;3662;1629;101;123660
100;20;2;MergeSort;1344;371;0;17790
100;20;2;CountingSort;301;0;0;15640
100;20;2;QuickSort;2742;1056;493;11330
100;20;2;InsertionSort;488;160;0;16840
100;20;2;BubbleSort;2150;945;65;65150
100;20;2;MergeSort;1344;371;0;19800
100;20;2;CountingSort;301;0;0;14080
100;20;2;QuickSort;2373;936;411;10570
100;20;2;InsertionSort;573;189;0;15260
100;20;2;BubbleSort;3792;1710;93;165920
100;20;2;MergeSort;1344;367;0;20990
100;20;2;CountingSort;301;0;0;47160
100;20;2;QuickSort;3034;1171;553;8430
100;20;2;InsertionSort;565;185;0;22800
100;20;2;BubbleSort;2954;1295;91;92241
100;20;2;MergeSort;1344;369;0;37721
100;20;2;CountingSort;301;0;0;14940
100;20;2;QuickSort;2611;1015;464;9880
100;20;2;InsertionSort;512;170;0;21610
100;20;2;BubbleSort;3048;1380;72;80950
100;20;2;MergeSort;1344;366;0;23500
100;20;2;CountingSort;301;0;0;19570
100;20;2;QuickSort;2840;1112;512;9840
100;20;2;InsertionSort;601;199;0;22850
100;20;2;BubbleSort;3666;1629;102;165030
100;20;2;MergeSort;1344;372;0;18770
100;20;2;CountingSort;301;0;0;12680
100;20;2;QuickSort;2830;1120;504;9880
100;20;2;InsertionSort;656;214;0;21750
100;20;2;BubbleSort;4068;1790;122;124080
100;20;2;MergeSort;1344;371;0;20400
100;20;2;CountingSort;301;0;0;15220
100;20;2;QuickSort;2275;901;391;7370
100;20;2;InsertionSort;630;206;0;17970
100;20;2;BubbleSort;3212;1380;113;110250
100;20;2;MergeSort;1344;372;0;23760
100;20;2;CountingSort;301;0;0;17230
100;20;2;QuickSort;2532;1002;440;9540
100;20;2;InsertionSort;527;175;0;13340
100;20;2;BubbleSort;2898;1295;77;77140
100;20;2;MergeSort;1344;366;0;14280
100;20;2;CountingSort;301;0;0;13970
100;20;2;QuickSort;2567;938;481;8820
100;20;2;InsertionSort;588;194;0;29540
100;20;2;BubbleSort;2982;1295;98;2093596
100;20;2;MergeSort;1344;369;0;2038446
100;20;2;CountingSort;301;0;0;17260
100;20;2;QuickSort;2736;1047;496;10600
100;20;2;InsertionSort;614;204;0;18410
100;20;2;BubbleSort;3184;1380;106;97431
100;20;2;MergeSort;1344;372;0;16480
100;20;2;CountingSort;301;0;0;15030
100;20;2;QuickSort;3193;1258;579;22470
100;20;2;InsertionSort;655;217;0;22960
100;20;2;BubbleSort;3408;1464;120;133251
100;20;2;MergeSort;1344;371;0;33940
100;20;2;CountingSort;301;0;0;15260
100;20;2;QuickSort;2684;1007;494;9180
100;20;2;InsertionSort;520;172;0;16730
100;20;2;BubbleSort;3060;1380;75;108301
100;20;2;MergeSort;1344;367;0;20420
100;20;2;CountingSort;301;0;0;19490
100;20;2;QuickSort;2572;961;473;9080
100;20;2;InsertionSort;570;188;0;18860
100;20;2;BubbleSort;3296;1464;92;81200
100;20;2;MergeSort;1344;372;0;20010
100;20;2;CountingSort;301;0;0;16900
100;20;2;QuickSort;2302;916;395;8970
100;20;2;InsertionSort;600;198;0;18440
100;20;2;BubbleSort;3336;1464;102;88560
100;20;2;MergeSort;1344;372;0;35140
100;20;2;CountingSort;301;0;0;28830
100;20;2;QuickSort;2771;1055;506;10130
100;20;2;InsertionSort;600;198;0;14670
100;20;2;BubbleSort;3502;1547;102;130451
100;20;2;MergeSort;1344;371;0;22851
100;20;2;CountingSort;301;0;0;26640
100;20;2;QuickSort;2689;1009;495;10230
100;20;2;InsertionSort;609;201;0;19770
100;20;2;BubbleSort;4000;1790;105;136040
100;20;2;MergeSort;1344;373;0;10970
100;20;2;CountingSort;301;0;0;11900
100;20;2;QuickSort;2767;1051;501;11440
100;20;2;InsertionSort;697;229;0;30720
100;20;2;BubbleSort;4120;1790;135;122740
100;20;2;MergeSort;1344;370;0;17180
100;20;2;CountingSort;301;0;0;19420
100;20;2;QuickSort;3551;1355;665;11390
100;20;2;InsertionSort;585;193;0;14620
100;20;2;BubbleSort;3148;1380;97;163890
100;20;2;MergeSort;1344;369;0;52710
100;20;2;CountingSort;301;0;0;16810
100;20;2;QuickSort;2463;948;438;9120
100;20;2;InsertionSort;548;182;0;13060
100;20;2;BubbleSort;2926;1295;84;131791
100;20;2;MergeSort;1344;368;0;16600
100;20;2;CountingSort;301;0;0;18770
100;20;2;QuickSort;2469;930;444;8950
100;20;2;InsertionSort;516;170;0;16400
100;20;2;BubbleSort;2364;1034;74;100550
100;20;2;MergeSort;1344;367;0;33520
100;20;2;CountingSort;301;0;0;22360
100;20;2;QuickSort;2330;866;424;12370
100;20;2;InsertionSort;585;193;0;20110
100;20;2;BubbleSort;3968;1790;97;128971
100;20;2;MergeSort;1344;375;0;13440
100;20;2;CountingSort;301;0;0;14250
100;20;2;QuickSort;2459;935;442;89660
100;20;2;InsertionSort;648;214;0;21370
100;20;2;BubbleSort;3232;1380;118;104810
100;20;2;MergeSort;1344;371;0;14270
100;20;2;CountingSort;301;0;0;18710
100;20;2;QuickSort;2535;930;469;56110
100;20;2;InsertionSort;564;186;0;17820
100;20;2;BubbleSort;2950;1295;90;95590
100;20;2;MergeSort;1344;370;0;12370
100;20;2;CountingSort;301;0;0;16570
100;20;2;QuickSort;2741;1019;505;58341
100;20;2;InsertionSort;566;186;0;23560
100;20;2;BubbleSort;3622;1629;91;116970
100;20;2;MergeSort;1344;373;0;14450
100;20;2;CountingSort;301;0;0;16420
100;20;2;QuickSort;2275;838;416;49880
100;20;2;InsertionSort;558;184;0;17240
100;20;2;BubbleSort;3280;1464;88;81451
100;20;2;MergeSort;1344;373;0;12760
100;20;2;CountingSort;301;0;0;19940
100;20;2;QuickSort;2438;917;440;58910
100;20;2;InsertionSort;566;188;0;31940
100;20;2;BubbleSort;3618;1629;90;123380
100;20;2;MergeSort;1344;375;0;11450
100;20;2;CountingSort;301;0;0;23200
100;20;2;QuickSort;2926;1111;535;65500
100;20;2;InsertionSort;549;181;0;27050
100;20;2;BubbleSort;3434;1547;85;53950
100;20;2;MergeSort;1344;369;0;10150
100;20;2;CountingSort;301;0;0;19820
100;20;2;QuickSort;2350;898;419;56600
100;20;2;InsertionSort;563;187;0;25570
100;20;2;BubbleSort;3284;1464;89;22080
100;20;2;MergeSort;1344;375;0;9520
100;20;2;CountingSort;301;0;0;14340
100;20;2;QuickSort;2306;908;398;44930
100;20;2;InsertionSort;570;188;0;29861
100;20;2;BubbleSort;3462;1547;92;11280
100;20;2;MergeSort;1344;376;0;12060
100;20;2;CountingSort;301;0;0;16680
100;20;2;QuickSort;2758;1027;514;4090
100;20;2;InsertionSort;585;193;0;14600
100;20;2;BubbleSort;3482;1547;97;17640
100;20;2;MergeSort;1344;370;0;11820
100;20;2;CountingSort;301;0;0;18690
100;20;2;QuickSort;2659;1033;474;4050
100;20;2;InsertionSort;527;173;0;16000
100;20;2;BubbleSort;3892;1790;78;21460
100;20;2;MergeSort;1344;371;0;33760
100;20;2;CountingSort;301;0;0;14910
100;20;2;QuickSort;2377;949;407;11930
100;20;2;InsertionSort;615;203;0;26370
100;20;2;BubbleSort;3356;1464;107;14690
100;20;2;MergeSort;1344;368;0;10770
100;20;2;CountingSort;301;0;0;15180
100;20;2;QuickSort;2268;873;400;3020
100;20;2;InsertionSort;581;191;0;17430
100;20;2;BubbleSort;3144;1380;96;33420
100;20;2;MergeSort;1344;369;0;26160
100;20;2;CountingSort;301;0;0;16760
100;20;2;QuickSort;2533;934;468;3900
100;20;2;InsertionSort;542;180;0;17920
100;20;2;BubbleSort;2918;1295;82;23490
100;20;2;MergeSort;1344;368;0;11670
100;20;2;CountingSort;301;0;0;22350
100;20;2;QuickSort;2851;1084;524;4080
100;20;2;InsertionSort;576;190;0;17820
100;20;2;BubbleSort;3304;1464;94;22340
100;20;2;MergeSort;1344;373;0;11890
100;20;2;CountingSort;301;0;0;20980
100;20;2;QuickSort;2291;893;401;5330
100;20;2;InsertionSort;624;206;0;33850
100;20;2;BubbleSort;3534;1547;110;11400
100;20;2;MergeSort;1344;373;0;14750
100;20;2;CountingSort;301;0;0;21320
100;20;2;QuickSort;2912;1160;519;3230
100;20;2;InsertionSort;577;191;0;46480
100;20;2;BubbleSort;2794;1209;94;18830
100;20;2;MergeSort;1344;369;0;8170
100;20;2;CountingSort;301;0;0;17880
100;20;2;QuickSort;2605;952;482;5210
100;20;2;InsertionSort;601;197;0;14280
100;20;2;BubbleSort;3002;1295;103;17940
100;20;2;MergeSort;1344;370;0;9270
100;20;2;CountingSort;301;0;0;15430
100;20;2;QuickSort;2732;1025;499;3370
100;20;2;InsertionSort;547;181;0;16310
100;20;2;BubbleSort;3264;1464;84;10630
100;20;2;MergeSort;1344;373;0;10610
100;20;2;CountingSort;301;0;0;19740
100;20;2;QuickSort;2337;891;415;4520
100;20;2;InsertionSort;556;184;0;13660
100;20;2;BubbleSort;2592;1122;87;24100
100;20;2;MergeSort;1344;373;0;8180
100;20;2;CountingSort;301;0;0;15650
100;20;2;QuickSort;2477;983;433;3420
100;20;2;InsertionSort;670;222;0;15910
100;20;2;BubbleSort;3594;1547;125;11310
100;20;2;MergeSort;1344;373;0;11180
100;20;2;CountingSort;301;0;0;18010
100;20;2;QuickSort;2636;1022;471;3510
100;20;2;InsertionSort;579;191;0;14440
100;20;2;BubbleSort;3638;1629;95;31210
100;20;2;MergeSort;1344;371;0;9770
100;20;2;CountingSort;301;0;0;16250
100;20;2;QuickSort;2167;832;378;3930
100;20;2;InsertionSort;587;193;0;20710
100;20;2;BubbleSort;3650;1629;98;23020
100;20;2;MergeSort;1344;369;0;10890
100;20;2;CountingSort;301;0;0;19400
100;20;2;QuickSort;2673;1062;471;4200
100;20;2;InsertionSort;620;204;0;20420
100;20;2;BubbleSort;3530;1547;109;20560
100;20;2;MergeSort;1344;371;0;10211
100;20;2;CountingSort;301;0;0;13710
100;20;2;QuickSort;2285;920;389;3940
100;20;2;InsertionSort;577;191;0;17610
100;20;2;BubbleSort;2966;1295;94;9700
100;20;2;MergeSort;1344;374;0;10400
100;20;2;CountingSort;301;0;0;17830
100;20;2;QuickSort;2709;984;509;3720
100;20;2;InsertionSort;558;186;0;13990
100;20;2;BubbleSort;3108;1380;87;12130
100;20;2;MergeSort;1344;370;0;12261
100;20;2;CountingSort;301;0;0;14930
100;20;2;QuickSort;2441;947;430;4060
100;20;2;InsertionSort;600;198;0;18990
100;20;2;BubbleSort;3502;1547;102;25830
100;20;2;MergeSort;1344;372;0;10880
100;20;2;CountingSort;301;0;0;15540
100;20;2;QuickSort;2183;842;381;3650
100;20;2;InsertionSort;644;214;0;32170
100;20;2;BubbleSort;3722;1629;116;18690
100;20;2;MergeSort;1344;372;0;8741
100;20;2;CountingSort;301;0;0;15590
100;20;2;QuickSort;2508;993;439;3850
100;20;2;InsertionSort;559;185;0;18650
100;20;2;BubbleSort;2596;1122;88;8290
100;20;2;MergeSort;1344;372;0;13770
100;20;2;CountingSort;301;0;0;14380
100;20;2;QuickSort;2523;936;461;3480
100;20;2;InsertionSort;654;216;0;15980
100;20;2;BubbleSort;3738;1629;120;11740
100;20;2;MergeSort;1344;372;0;22151
100;20;2;CountingSort;301;0;0;15651
100;20;2;QuickSort;2649;984;486;3460
100;20;2;InsertionSort;585;193;0;14080
100;20;2;BubbleSort;3482;1547;97;28900
100;20;2;MergeSort;1344;370;0;9380
100;20;2;CountingSort;301;0;0;16790
100;20;2;QuickSort;2791;1048;513;4350
100;20;2;InsertionSort;649;215;0;15980
100;20;2;BubbleSort;3730;1629;118;20310
100;20;2;MergeSort;1344;372;0;9840
100;20;2;CountingSort;301;0;0;17580
100;20;2;QuickSort;2997;1143;548;6790
100;20;2;InsertionSort;574;188;0;15600
100;20;2;BubbleSort;3304;1464;94;27391
100;20;2;MergeSort;1344;366;0;8050
100;20;2;CountingSort;301;0;0;15120
100;20;2;QuickSort;2524;973;451;3930
100;20;2;InsertionSort;581;191;0;17620
100;20;2;BubbleSort;2802;1209;96;16860
100;20;2;MergeSort;1344;373;0;10680
100;20;2;CountingSort;301;0;0;13220
100;20;2;QuickSort;2244;852;397;3780
100;20;2;InsertionSort;649;215;0;25191
100;20;2;BubbleSort;3232;1380;118;19950
100;20;2;MergeSort;1344;370;0;11920
100;20;2;CountingSort;301;0;0;15011
100;20;2;QuickSort;2869;1102;519;4080
100;20;2;InsertionSort;623;207;0;18510
100;20;2;BubbleSort;2854;1209;109;22670
100;20;2;MergeSort;1344;373;0;7740
100;20;2;CountingSort;301;0;0;17030
100;20;2;QuickSort;2069;821;351;3240
100;20;2;InsertionSort;603;199;0;17640
100;20;2;BubbleSort;3172;1380;103;12100
100;20;2;MergeSort;1344;366;0;12420
100;20;2;CountingSort;301;0;0;16690
100;20;2;QuickSort;2547;1152;399;4280
100;20;2;InsertionSort;612;202;0;20080
100;20;2;BubbleSort;3682;1629;106;17220
100;20;2;MergeSort;1344;371;0;13360
100;20;2;CountingSort;301;0;0;18290
100;20;2;QuickSort;2661;1014;483;14640
100;20;2;InsertionSort;567;187;0;14060
100;20;2;BubbleSort;3458;1547;91;12740
100;20;2;MergeSort;1344;373;0;10160
100;20;2;CountingSort;301;0;0;16310
100;20;2;QuickSort;2292;921;394;4050
100;20;2;InsertionSort;674;222;0;21040
100;20;2;BubbleSort;4088;1790;127;27180
100;20;2;MergeSort;1344;372;0;10600
100;20;2;CountingSort;301;0;0;15390
100;20;2;QuickSort;2087;803;361;3420
100;20;2;InsertionSort;569;187;0;23230
100;20;2;BubbleSort;3128;1380;92;10110
100;20;2;MergeSort;1344;371;0;11140
100;20;2;CountingSort;301;0;0;13890
100;20;2;QuickSort;2794;1057;515;4281
100;20;2;InsertionSort;550;182;0;22850
100;20;2;BubbleSort;3268;1464;85;13300
100;20;2;MergeSort;1344;372;0;11670
100;20;2;CountingSort;301;0;0;13540
100;20;2;QuickSort;2529;987;446;4600
100;20;2;InsertionSort;587;195;0;23480
100;20;2;BubbleSort;3482;1547;97;16340
100;20;2;MergeSort;1344;373;0;8130
100;20;2;CountingSort;301;0;0;14841
100;20;2;QuickSort;2449;889;452;3820
100;20;2;InsertionSort;571;189;0;100580
100;20;2;BubbleSort;3626;1629;92;35040
100;20;2;MergeSort;1344;372;0;6660
100;20;2;CountingSort;301;0;0;17180
100;20;2;QuickSort;2359;892;422;3540
100;20;2;InsertionSort;598;198;0;14950
100;20;2;BubbleSort;3824;1710;101;24330
100;20;2;MergeSort;1344;369;0;8250
100;20;2;CountingSort;301;0;0;13520
100;20;2;QuickSort;2342;959;395;4050
100;20;2;InsertionSort;542;180;0;13810
100;20;2;BubbleSort;3088;1380;82;29000
100;20;2;MergeSort;1344;369;0;19230
100;20;2;CountingSort;301;0;0;25470
100;20;2;QuickSort;2304;906;399;4460
100;20;2;InsertionSort;542;180;0;16650
100;20;2;BubbleSort;3422;1547;82;14850
100;20;2;MergeSort;1344;373;0;15480
100;20;2;CountingSort;301;0;0;17850
100;20;2;QuickSort;2668;1003;489;3480
100;20;2;InsertionSort;684;226;0;22060
100;20;2;BubbleSort;4100;1790;130;33170
100;20;2;MergeSort;1344;367;0;9130
100;20;2;CountingSort;301;0;0;17610
100;20;2;QuickSort;2752;1081;492;3360
100;20;2;InsertionSort;566;188;0;13770
100;20;2;BubbleSort;3780;1710;90;27900
100;20;2;MergeSort;1344;371;0;11860
100;20;2;CountingSort;301;0;0;19940
100;20;2;QuickSort;2395;889;436;3300
100;20;2;InsertionSort;572;190;0;14150
100;20;2;BubbleSort;3626;1629;92;21151
100;20;2;MergeSort;1344;373;0;12480
100;20;2;CountingSort;301;0;0;13810
100;20;2;QuickSort;2322;894;412;3100
100;20;2;InsertionSort;535;177;0;13061
100;20;2;BubbleSort;3414;1547;80;19460
100;20;2;MergeSort;1344;371;0;9500
100;20;2;CountingSort;301;0;0;19890
100;20;2;QuickSort;3053;1172;560;4500
100;20;2;InsertionSort;613;203;0;15180
100;20;2;BubbleSort;3682;1629;106;2560
100;20;2;MergeSort;1344;372;0;11260
100;20;2;CountingSort;301;0;0;13860
100;20;2;QuickSort;2799;1086;505;3520
100;20;2;InsertionSort;603;199;0;19870
100;20;2;BubbleSort;3002;1295;103;2600
100;20;2;MergeSort;1344;372;0;18580
100;20;2;CountingSort;301;0;0;18490
100;20;2;QuickSort;2333;893;418;4160
100;20;2;InsertionSort;564;186;0;17610
100;20;2;BubbleSort;3780;1710;90;1610
100;20;2;MergeSort;1344;372;0;15220
100;20;2;CountingSort;301;0;0;18500
100;20;2;QuickSort;2614;1066;449;4290
100;20;2;InsertionSort;512;170;0;15400
100;20;2;BubbleSort;2878;1295;72;1520
100;20;2;MergeSort;1344;370;0;10410
100;20;2;CountingSort;301;0;0;16870
100;20;2;QuickSort;2183;875;371;3810
100;20;2;InsertionSort;615;203;0;19420
100;20;2;BubbleSort;4008;1790;107;5140
100;20;2;MergeSort;1344;374;0;12880
100;20;2;CountingSort;301;0;0;15170
100;20;2;QuickSort;2661;1017;480;3860
100;20;2;InsertionSort;526;174;0;16110
100;20;2;BubbleSort;2552;1122;77;1830
100;20;2;MergeSort;1344;373;0;11070
100;20;2;CountingSort;301;0;0;17380
100;20;2;QuickSort;2733;1029;499;3680
100;20;2;InsertionSort;562;186;0;21030
100;20;2;BubbleSort;3116;1380;89;1620
100;20;2;MergeSort;1344;374;0;11010
100;20;2;CountingSort;301;0;0;18790
100;20;2;QuickSort;2296;862;410;3910
100;20;2;InsertionSort;626;208;0;16420
100;20;2;BubbleSort;3368;1464;110;1670
100;20;2;MergeSort;1344;372;0;8080
100;20;2;CountingSort;301;0;0;15420
100;20;2;QuickSort;2663;1064;466;3880
100;20;2;InsertionSort;582;192;0;17780
100;20;2;BubbleSort;3478;1547;96;1770
100;20;2;MergeSort;1344;370;0;11060
100;20;2;CountingSort;301;0;0;16180
100;20;2;QuickSort;2727;1014;507;3950
100;20;2;InsertionSort;614;204;0;15650
100;20;2;BubbleSort;3682;1629;106;1910
100;20;2;MergeSort;1344;374;0;22620
100;20;2;CountingSort;301;0;0;16010
100;20;2;QuickSort;2147;806;384;3730
100;20;2;InsertionSort;551;183;0;16540
100;20;2;BubbleSort;3100;1380;85;5780
100;20;2;MergeSort;1344;371;0;26070
100;20;2;CountingSort;301;0;0;17150
100;20;2;QuickSort;2268;876;399;3730
100;20;2;InsertionSort;479;159;0;14740
100;20;2;BubbleSort;3172;1464;61;1570
100;20;2;MergeSort;1344;369;0;9960
100;20;2;CountingSort;301;0;0;16840
100;20;2;QuickSort;2749;1054;498;4310
100;20;2;InsertionSort;621;205;0;28490
100;20;2;BubbleSort;3694;1629;109;4770
100;20;2;MergeSort;1344;372;0;7670
100;20;3;CountingSort;301;0;0;21440
100;20;3;QuickSort;2336;896;413;172000
100;20;3;InsertionSort;609;203;0;46420
100;20;3;BubbleSort;3176;1380;104;142790
100;20;3;MergeSort;1344;378;0;113561
100;20;3;CountingSort;301;0;0;20420
100;20;3;QuickSort;2330;878;419;93931
100;20;3;InsertionSort;540;180;0;20060
100;20;3;BubbleSort;2392;1034;81;85480
100;20;3;MergeSort;1344;379;0;108320
100;20;3;CountingSort;301;0;0;17490
100;20;3;QuickSort;2665;973;498;82050
100;20;3;InsertionSort;594;198;0;21140
100;20;3;BubbleSort;3490;1547;99;96671
100;20;3;MergeSort;1344;375;0;99410
100;20;3;CountingSort;301;0;0;11760
100;20;3;QuickSort;2358;894;423;129421
100;20;3;InsertionSort;519;173;0;20700
100;20;3;BubbleSort;3056;1380;74;104461
100;20;3;MergeSort;1344;377;0;61220
100;20;3;CountingSort;301;0;0;16600
100;20;3;QuickSort;2434;889;449;80970
100;20;3;InsertionSort;609;203;0;29160
100;20;3;BubbleSort;3006;1295;104;111010
100;20;3;MergeSort;1344;375;0;51810
100;20;3;CountingSort;301;0;0;16050
100;20;3;QuickSort;2384;899;425;64421
100;20;3;InsertionSort;636;212;0;22550
100;20;3;BubbleSort;3380;1464;113;149001
100;20;3;MergeSort;1344;377;0;22640
100;20;3;CountingSort;301;0;0;12190
100;20;3;QuickSort;2286;909;397;15360
100;20;3;InsertionSort;522;174;0;22520
100;20;3;BubbleSort;2544;1122;75;104350
100;20;3;MergeSort;1344;370;0;57440
100;20;3;CountingSort;301;0;0;16830
100;20;3;QuickSort;2804;1019;528;17780
100;20;3;InsertionSort;567;189;0;23660
100;20;3;BubbleSort;3120;1380;90;105411
100;20;3;MergeSort;1344;376;0;28421
100;20;3;CountingSort;301;0;0;14690
100;20;3;QuickSort;2300;884;407;27420
100;20;3;InsertionSort;567;189;0;21330
100;20;3;BubbleSort;3120;1380;90;110030
100;20;3;MergeSort;1344;375;0;23790
100;20;3;CountingSort;301;0;0;15671
100;20;3;QuickSort;2593;1000;464;13820
100;20;3;InsertionSort;708;236;0;27510
100;20;3;BubbleSort;3968;1710;137;130290
100;20;3;MergeSort;1344;379;0;24990
100;20;3;CountingSort;301;0;0;16020
100;20;3;QuickSort;3013;1114;573;22020
100;20;3;InsertionSort;585;195;0;25190
100;20;3;BubbleSort;3478;1547;96;118930
100;20;3;MergeSort;1344;379;0;17340
100;20;3;CountingSort;301;0;0;17490
100;20;3;QuickSort;2581;1042;446;13350
100;20;3;InsertionSort;630;210;0;25610
100;20;3;BubbleSort;3204;1380;111;117090
100;20;3;MergeSort;1344;376;0;22500
100;20;3;CountingSort;301;0;0;17360
100;20;3;QuickSort;2698;1009;495;26570
100;20;3;InsertionSort;567;189;0;14440
100;20;3;BubbleSort;3120;1380;90;104840
100;20;3;MergeSort;1344;372;0;25310
100;20;3;CountingSort;301;0;0;14761
100;20;3;QuickSort;2449;916;445;9120
100;20;3;InsertionSort;618;206;0;24510
100;20;3;BubbleSort;3188;1380;107;139880
100;20;3;MergeSort;1344;371;0;16780
100;20;3;CountingSort;301;0;0;15220
100;20;3;QuickSort;2362;898;418;8680
100;20;3;InsertionSort;609;203;0;16480
100;20;3;BubbleSort;3510;1547;104;102790
100;20;3;MergeSort;1344;374;0;31130
100;20;3;CountingSort;301;0;0;15780
100;20;3;QuickSort;2345;875;421;13030
100;20;3;InsertionSort;567;189;0;24620
100;20;3;BubbleSort;3454;1547;90;125550
100;20;3;MergeSort;1344;374;0;16810
100;20;3;CountingSort;301;0;0;15500
100;20;3;QuickSort;2480;902;455;10820
100;20;3;InsertionSort;576;192;0;23551
100;20;3;BubbleSort;3630;1629;93;119790
100;20;3;MergeSort;1344;372;0;16070
100;20;3;CountingSort;301;0;0;13410
100;20;3;QuickSort;2316;930;394;9250
100;20;3;InsertionSort;528;176;0;13250
100;20;3;BubbleSort;3236;1464;77;107131
100;20;3;MergeSort;1344;379;0;21040
100;20;3;CountingSort;301;0;0;12970
100;20;3;QuickSort;2461;919;446;8600
100;20;3;InsertionSort;504;168;0;22000
100;20;3;BubbleSort;3036;1380;69;87111
100;20;3;MergeSort;1344;379;0;13490
100;20;3;CountingSort;301;0;0;16210
100;20;3;QuickSort;2761;1033;510;9740
100;20;3;InsertionSort;588;196;0;17740
100;20;3;BubbleSort;2806;1209;97;86600
100;20;3;MergeSort;1344;377;0;27250
100;20;3;CountingSort;301;0;0;19390
100;20;3;QuickSort;2291;827;419;8680
100;20;3;InsertionSort;621;207;0;19930
100;20;3;BubbleSort;3360;1464;108;125061
100;20;3;MergeSort;1344;379;0;19000
100;20;3;CountingSort;301;0;0;16100
100;20;3;QuickSort;2247;861;395;9060
100;20;3;InsertionSort;561;187;0;19290
100;20;3;BubbleSort;3280;1464;88;124100
100;20;3;MergeSort;1344;377;0;19350
100;20;3;CountingSort;301;0;0;14550
100;20;3;QuickSort;2393;908;427;7500
100;20;3;InsertionSort;603;201;0;17950
100;20;3;BubbleSort;3988;1790;102;103600
100;20;3;MergeSort;1344;375;0;27510
100;20;3;CountingSort;301;0;0;17080
100;20;3;QuickSort;2382;921;421;8640
100;20;3;InsertionSort;585;195;0;17860
100;20;3;BubbleSort;3312;1464;96;115160
100;20;3;MergeSort;1344;375;0;17060
100;20;3;CountingSort;301;0;0;13050
100;20;3;QuickSort;2764;1048;504;10150
100;20;3;InsertionSort;600;200;0;20500
100;20;3;BubbleSort;3332;1464;101;112321
100;20;3;MergeSort;1344;378;0;1489284
100;20;3;CountingSort;301;0;0;15751
100;20;3;QuickSort;2743;1033;501;9020
100;20;3;InsertionSort;528;176;0;16780
100;20;3;BubbleSort;2376;1034;77;62580
100;20;3;MergeSort;1344;378;0;18400
100;20;3;CountingSort;301;0;0;14570
100;20;3;QuickSort;2645;965;494;8630
100;20;3;InsertionSort;600;200;0;33240
100;20;3;BubbleSort;3498;1547;101;106681
100;20;3;MergeSort;1344;373;0;28250
100;20;3;CountingSort;301;0;0;29730
100;20;3;QuickSort;2767;997;521;10780
100;20;3;InsertionSort;627;209;0;21630
100;20;3;BubbleSort;3368;1464;110;108230
100;20;3;MergeSort;1344;375;0;21330
100;20;3;CountingSort;301;0;0;21100
100;20;3;QuickSort;2746;1069;492;12050
100;20;3;InsertionSort;651;217;0;19971
100;20;3;BubbleSort;3566;1547;118;104480
100;20;3;MergeSort;1344;377;0;17930
100;20;3;CountingSort;301;0;0;15540
100;20;3;QuickSort;2250;876;393;17330
100;20;3;InsertionSort;597;199;0;15550
100;20;3;BubbleSort;3494;1547;100;87220
100;20;3;MergeSort;1344;378;0;23100
100;20;3;CountingSort;301;0;0;14860
100;20;3;QuickSort;2478;987;432;7610
100;20;3;InsertionSort;579;193;0;14750
100;20;3;BubbleSort;3304;1464;94;105911
100;20;3;MergeSort;1344;370;0;23180
100;20;3;CountingSort;301;0;0;15950
100;20;3;QuickSort;2462;932;442;8740
100;20;3;InsertionSort;603;201;0;16560
100;20;3;BubbleSort;3168;1380;102;87770
100;20;3;MergeSort;1344;378;0;30460
100;20;3;CountingSort;301;0;0;13960
100;20;3;QuickSort;2052;870;328;7340
100;20;3;InsertionSort;627;209;0;15520
100;20;3;BubbleSort;3368;1464;110;122120
100;20;3;MergeSort;1344;374;0;19580
100;20;3;CountingSort;301;0;0;17190
100;20;3;QuickSort;2923;1114;536;14910
100;20;3;InsertionSort;513;171;0;12570
100;20;3;BubbleSort;1816;764;72;71050
100;20;3;MergeSort;1344;375;0;8940
100;20;3;CountingSort;301;0;0;14240
100;20;3;QuickSort;2476;985;426;11961
100;20;3;InsertionSort;534;178;0;17020
100;20;3;BubbleSort;2906;1295;79;71760
100;20;3;MergeSort;1344;372;0;22900
100;20;3;CountingSort;301;0;0;16680
100;20;3;QuickSort;2508;930;460;8630
100;20;3;InsertionSort;531;177;0;17090
100;20;3;BubbleSort;3240;1464;78;86970
100;20;3;MergeSort;1344;374;0;11660
100;20;3;CountingSort;301;0;0;13820
100;20;3;QuickSort;2478;918;450;9090
100;20;3;InsertionSort;537;179;0;23591
100;20;3;BubbleSort;3578;1629;80;111990
100;20;3;MergeSort;1344;376;0;10830
100;20;3;CountingSort;301;0;0;15380
100;20;3;QuickSort;2986;1153;545;8500
100;20;3;InsertionSort;561;187;0;23450
100;20;3;BubbleSort;3112;1380;88;110280
100;20;3;MergeSort;1344;376;0;12020
100;20;3;CountingSort;301;0;0;17800
100;20;3;QuickSort;2503;988;439;7850
100;20;3;InsertionSort;594;198;0;17980
100;20;3;BubbleSort;3156;1380;99;82460
100;20;3;MergeSort;1344;377;0;8710
100;20;3;CountingSort;301;0;0;16380
100;20;3;QuickSort;2833;1036;532;9330
100;20;3;InsertionSort;531;177;0;21811
100;20;3;BubbleSort;2556;1122;78;90660
100;20;3;MergeSort;1344;375;0;10870
100;20;3;CountingSort;301;0;0;17210
100;20;3;QuickSort;2250;852;398;10170
100;20;3;InsertionSort;588;196;0;14290
100;20;3;BubbleSort;3482;1547;97;123530
100;20;3;MergeSort;1344;378;0;11270
100;20;3;CountingSort;301;0;0;18580
100;20;3;QuickSort;2762;1019;511;11200
100;20;3;InsertionSort;627;209;0;20871
100;20;3;BubbleSort;3698;1629;110;118940
100;20;3;MergeSort;1344;378;0;9730
100;20;3;CountingSort;301;0;0;18440
100;20;3;QuickSort;3412;1282;643;86990
100;20;3;InsertionSort;555;185;0;15640
100;20;3;BubbleSort;3104;1380;86;128201
100;20;3;MergeSort;1344;373;0;8081
100;20;3;CountingSort;301;0;0;15910
100;20;3;QuickSort;2428;931;435;51320
100;20;3;InsertionSort;570;190;0;14490
100;20;3;BubbleSort;3622;1629;91;43670
100;20;3;MergeSort;1344;370;0;9370
100;20;3;CountingSort;301;0;0;18750
100;20;3;QuickSort;2277;891;396;53870
100;20;3;InsertionSort;600;200;0;15030
100;20;3;BubbleSort;2994;1295;101;32630
100;20;3;MergeSort;1344;375;0;10410
100;20;3;CountingSort;301;0;0;14570
100;20;3;QuickSort;3535;1312;674;82930
100;20;3;InsertionSort;576;192;0;14500
100;20;3;BubbleSort;2790;1209;93;23270
100;20;3;MergeSort;1344;370;0;11591
100;20;3;CountingSort;301;0;0;15840
100;20;3;QuickSort;2718;1044;489;70661
100;20;3;InsertionSort;579;193;0;18910
100;20;3;BubbleSort;3304;1464;94;21241
100;20;3;MergeSort;1344;377;0;18950
100;20;3;CountingSort;301;0;0;14280
100;20;3;QuickSort;2337;918;409;43610
100;20;3;InsertionSort;573;191;0;32811
100;20;3;BubbleSort;3128;1380;92;31350
100;20;3;MergeSort;1344;375;0;7400
100;20;3;CountingSort;301;0;0;17820
100;20;3;QuickSort;2573;962;470;49941
100;20;3;InsertionSort;522;174;0;15410
100;20;3;BubbleSort;3060;1380;75;12880
100;20;3;MergeSort;1344;369;0;10890
100;20;3;CountingSort;301;0;0;13260
100;20;3;QuickSort;2744;1022;508;62560
100;20;3;InsertionSort;582;194;0;14220
100;20;3;BubbleSort;3638;1629;95;21740
100;20;3;MergeSort;1344;375;0;12110
100;20;3;CountingSort;301;0;0;15920
100;20;3;QuickSort;2505;930;459;17990
100;20;3;InsertionSort;612;204;0;18600
100;20;3;BubbleSort;3678;1629;105;11940
100;20;3;MergeSort;1344;374;0;8880
100;20;3;CountingSort;301;0;0;14530
100;20;3;QuickSort;2889;1086;532;5650
100;20;3;InsertionSort;618;206;0;18890
100;20;3;BubbleSort;3686;1629;107;21840
100;20;3;MergeSort;1344;377;0;8790
100;20;3;CountingSort;301;0;0;14420
100;20;3;QuickSort;2542;991;448;4670
100;20;3;InsertionSort;696;232;0;26170
100;20;3;BubbleSort;3952;1710;133;28810
100;20;3;MergeSort;1344;378;0;10570
100;20;3;CountingSort;301;0;0;19710
100;20;3;QuickSort;2484;915;457;4920
100;20;3;InsertionSort;528;176;0;15170
100;20;3;BubbleSort;3566;1629;77;25190
100;20;3;MergeSort;1344;375;0;8590
100;20;3;CountingSort;301;0;0;23400
100;20;3;QuickSort;2183;824;387;12250
100;20;3;InsertionSort;522;174;0;13520
100;20;3;BubbleSort;3720;1710;75;32320
100;20;3;MergeSort;1344;376;0;11330
100;20;3;CountingSort;301;0;0;15480
100;20;3;QuickSort;2349;879;421;4070
100;20;3;InsertionSort;666;222;0;15960
100;20;3;BubbleSort;3912;1710;123;29830
100;20;3;MergeSort;1344;378;0;34140
100;20;3;CountingSort;301;0;0;17440
100;20;3;QuickSort;2644;1033;471;4980
100;20;3;InsertionSort;546;182;0;12770
100;20;3;BubbleSort;3260;1464;83;12260
100;20;3;MergeSort;1344;372;0;9180
100;20;3;CountingSort;301;0;0;15780
100;20;3;QuickSort;2344;889;420;3250
100;20;3;InsertionSort;549;183;0;18160
100;20;3;BubbleSort;3096;1380;84;17510
100;20;3;MergeSort;1344;379;0;8360
100;20;3;CountingSort;301;0;0;16180
100;20;3;QuickSort;2581;955;474;3100
100;20;3;InsertionSort;603;201;0;20560
100;20;3;BubbleSort;3666;1629;102;16540
100;20;3;MergeSort;1344;373;0;8620
100;20;3;CountingSort;301;0;0;17570
100;20;3;QuickSort;2790;1092;499;3240
100;20;3;InsertionSort;591;197;0;18270
100;20;3;BubbleSort;2982;1295;98;19100
100;20;3;MergeSort;1344;373;0;13870
100;20;3;CountingSort;301;0;0;15980
100;20;3;QuickSort;2372;926;415;3310
100;20;3;InsertionSort;612;204;0;14370
100;20;3;BubbleSort;3348;1464;105;14930
100;20;3;MergeSort;1344;376;0;8690
100;20;3;CountingSort;301;0;0;18440
100;20;3;QuickSort;2796;1119;494;3340
100;20;3;InsertionSort;519;173;0;12380
100;20;3;BubbleSort;2714;1209;74;20950
100;20;3;MergeSort;1344;373;0;10060
100;20;3;CountingSort;301;0;0;13850
100;20;3;QuickSort;2375;890;428;4010
100;20;3;InsertionSort;555;185;0;13510
100;20;3;BubbleSort;3104;1380;86;11430
100;20;3;MergeSort;1344;374;0;8660
100;20;3;CountingSort;301;0;0;48950
100;20;3;QuickSort;2317;889;412;4360
100;20;3;InsertionSort;579;193;0;26220
100;20;3;BubbleSort;2966;1295;94;24850
100;20;3;MergeSort;1344;377;0;10580
100;20;3;CountingSort;301;0;0;13240
100;20;3;QuickSort;2378;866;433;4290
100;20;3;InsertionSort;567;189;0;17900
100;20;3;BubbleSort;3288;1464;90;21760
100;20;3;MergeSort;1344;377;0;12820
100;20;3;CountingSort;301;0;0;19001
100;20;3;QuickSort;2179;835;380;4600
100;20;3;InsertionSort;615;205;0;20660
100;20;3;BubbleSort;3352;1464;106;21590
100;20;3;MergeSort;1344;373;0;10580
100;20;3;CountingSort;301;0;0;15700
100;20;3;QuickSort;2432;935;432;3550
100;20;3;InsertionSort;552;184;0;14580
100;20;3;BubbleSort;3100;1380;85;20390
100;20;3;MergeSort;1344;374;0;8000
100;20;3;CountingSort;301;0;0;13880
100;20;3;QuickSort;2202;834;388;3130
100;20;3;InsertionSort;573;191;0;15250
100;20;3;BubbleSort;2436;1034;92;7700
100;20;3;MergeSort;1344;375;0;6590
100;20;3;CountingSort;301;0;0;12980
100;20;3;QuickSort;2358;864;429;2970
100;20;3;InsertionSort;639;213;0;16890
100;20;3;BubbleSort;3876;1710;114;17300
100;20;3;MergeSort;1344;378;0;7080
100;20;3;CountingSort;301;0;0;14440
100;20;3;QuickSort;2549;1016;445;2870
100;20;3;InsertionSort;660;220;0;16410
100;20;3;BubbleSort;3578;1547;121;12490
100;20;3;MergeSort;1344;375;0;10320
100;20;3;CountingSort;301;0;0;12850
100;20;3;QuickSort;2343;915;409;3180
100;20;3;InsertionSort;546;182;0;13930
100;20;3;BubbleSort;2922;1295;83;19160
100;20;3;MergeSort;1344;373;0;9920
100;20;3;CountingSort;301;0;0;14750
100;20;3;QuickSort;2724;1080;478;3760
100;20;3;InsertionSort;651;217;0;54711
100;20;3;BubbleSort;3566;1547;118;14870
100;20;3;MergeSort;1344;377;0;8340
100;20;3;CountingSort;301;0;0;17480
100;20;3;QuickSort;2388;918;426;3150
100;20;3;InsertionSort;534;178;0;16340
100;20;3;BubbleSort;3076;1380;79;20440
100;20;3;MergeSort;1344;377;0;7780
100;20;3;CountingSort;301;0;0;12520
100;20;3;QuickSort;2794;1024;518;3870
100;20;3;InsertionSort;699;233;0;26051
100;20;3;BubbleSort;3956;1710;134;16920
100;20;3;MergeSort;1344;374;0;12410
100;20;3;CountingSort;301;0;0;14090
100;20;3;QuickSort;2935;1186;514;4560
100;20;3;InsertionSort;567;189;0;17670
100;20;3;BubbleSort;3454;1547;90;26320
100;20;3;MergeSort;1344;369;0;11080
100;20;3;CountingSort;301;0;0;12091
100;20;3;QuickSort;2484;936;447;3730
100;20;3;InsertionSort;690;230;0;22460
100;20;3;BubbleSort;4104;1790;131;20210
100;20;3;MergeSort;1344;380;0;9240
100;20;3;CountingSort;301;0;0;16050
100;20;3;QuickSort;2357;923;411;3530
100;20;3;InsertionSort;468;156;0;14800
100;20;3;BubbleSort;2646;1209;57;16950
100;20;3;MergeSort;1344;378;0;10860
100;20;3;CountingSort;301;0;0;16940
100;20;3;QuickSort;2451;996;421;14820
100;20;3;InsertionSort;600;200;0;18310
100;20;3;BubbleSort;3662;1629;101;18890
100;20;3;MergeSort;1344;373;0;14340
100;20;3;CountingSort;301;0;0;19000
100;20;3;QuickSort;2334;888;415;3990
100;20;3;InsertionSort;477;159;0;15030
100;20;3;BubbleSort;2130;945;60;13430
100;20;3;MergeSort;1344;370;0;11600
100;20;3;CountingSort;301;0;0;17940
100;20;3;QuickSort;2301;879;406;3540
100;20;3;InsertionSort;645;215;0;23420
100;20;3;BubbleSort;3722;1629;116;30210
100;20;3;MergeSort;1344;376;0;15860
100;20;3;CountingSort;301;0;0;15530
100;20;3;QuickSort;2407;892;443;4060
100;20;3;InsertionSort;594;198;0;18380
100;20;3;BubbleSort;3816;1710;99;16800
100;20;3;MergeSort;1344;375;0;12230
100;20;3;CountingSort;301;0;0;19050
100;20;3;QuickSort;2429;887;444;5620
100;20;3;InsertionSort;612;204;0;17930
100;20;3;BubbleSort;2838;1209;105;12450
100;20;3;MergeSort;1344;381;0;13840
100;20;3;CountingSort;301;0;0;17340
100;20;3;QuickSort;2786;1100;494;3660
100;20;3;InsertionSort;525;175;0;13100
100;20;3;BubbleSort;2894;1295;76;14220
100;20;3;MergeSort;1344;374;0;9960
100;20;3;CountingSort;301;0;0;16670
100;20;3;QuickSort;3342;1233;639;4570
100;20;3;InsertionSort;555;185;0;13360
100;20;3;BubbleSort;3924;1790;86;14010
100;20;3;MergeSort;1344;376;0;9560
100;20;3;CountingSort;301;0;0;15731
100;20;3;QuickSort;2747;1064;493;4260
100;20;3;InsertionSort;561;187;0;17990
100;20;3;BubbleSort;3112;1380;88;10400
100;20;3;MergeSort;1344;376;0;8370
100;20;3;CountingSort;301;0;0;13300
100;20;3;QuickSort;3170;1193;591;5740
100;20;3;InsertionSort;603;201;0;18880
100;20;3;BubbleSort;2826;1209;102;10080
100;20;3;MergeSort;1344;377;0;10380
100;20;3;CountingSort;301;0;0;12360
100;20;3;QuickSort;2632;1012;471;3990
100;20;3;InsertionSort;618;206;0;19450
100;20;3;BubbleSort;3356;1464;107;81480
100;20;3;MergeSort;1344;377;0;9270
100;20;3;CountingSort;301;0;0;17250
100;20;3;QuickSort;2973;1119;552;3830
100;20;3;InsertionSort;543;181;0;13540
100;20;3;BubbleSort;3088;1380;82;12620
100;20;3;MergeSort;1344;376;0;9620
100;20;3;CountingSort;301;0;0;21810
100;20;3;QuickSort;3026;1226;536;3620
100;20;3;InsertionSort;573;191;0;23210
100;20;3;BubbleSort;3128;1380;92;23741
100;20;3;MergeSort;1344;376;0;9820
100;20;3;CountingSort;301;0;0;17950
100;20;3;QuickSort;3408;1311;635;4280
100;20;3;InsertionSort;531;177;0;18410
100;20;3;BubbleSort;2902;1295;78;18940
100;20;3;MergeSort;1344;374;0;8050
100;20;3;CountingSort;301;0;0;17380
100;20;3;QuickSort;2544;981;454;4360
100;20;3;InsertionSort;603;201;0;14960
100;20;3;BubbleSort;3168;1380;102;11280
100;20;3;MergeSort;1344;377;0;9200
100;20;3;CountingSort;301;0;0;12510
100;20;3;QuickSort;2444;944;433;3540
100;20;3;InsertionSort;594;198;0;18560
100;20;3;BubbleSort;2814;1209;99;17020
100;20;3;MergeSort;1344;374;0;10100
100;20;3;CountingSort;301;0;0;15550
100;20;3;QuickSort;2388;909;424;3340
100;20;3;InsertionSort;516;172;0;12381
100;20;3;BubbleSort;2710;1209;73;40990
100;20;3;MergeSort;1344;372;0;8520
100;20;3;CountingSort;301;0;0;19651
100;20;3;QuickSort;2682;990;500;3190
100;20;3;InsertionSort;585;195;0;17190
100;20;3;BubbleSort;3642;1629;96;19370
100;20;3;MergeSort;1344;373;0;8610
100;20;3;CountingSort;301;0;0;15240
100;20;3;QuickSort;2222;818;405;2990
100;20;3;InsertionSort;555;185;0;17420
100;20;3;BubbleSort;3602;1629;86;30900
100;20;3;MergeSort;1344;374;0;10550
100;20;3;CountingSort;301;0;0;18200
100;20;3;QuickSort;2457;903;449;3490
100;20;3;InsertionSort;600;200;0;17011
100;20;3;BubbleSort;3164;1380;101;2430
100;20;3;MergeSort;1344;375;0;10320
100;20;3;CountingSort;301;0;0;12670
100;20;3;QuickSort;2540;926;468;3530
100;20;3;InsertionSort;528;176;0;12790
100;20;3;BubbleSort;3728;1710;77;2410
100;20;3;MergeSort;1344;374;0;11510
100;20;3;CountingSort;301;0;0;14690
100;20;3;QuickSort;2301;855;414;3200
100;20;3;InsertionSort;621;207;0;16480
100;20;3;BubbleSort;3022;1295;108;1540
100;20;3;MergeSort;1344;374;0;8790
100;20;3;CountingSort;301;0;0;13750
100;20;3;QuickSort;2448;903;451;2990
100;20;3;InsertionSort;480;160;0;12670
100;20;3;BubbleSort;2488;1122;61;1690
100;20;3;MergeSort;1344;373;0;12920
100;20;3;CountingSort;301;0;0;12820
100;20;3;QuickSort;2505;957;450;3210
100;20;3;InsertionSort;588;196;0;14870
100;20;3;BubbleSort;3482;1547;97;1550
100;20;3;MergeSort;1344;379;0;6880
100;20;4;CountingSort;301;0;0;18080
100;20;4;QuickSort;2221;880;383;179240
100;20;4;InsertionSort;633;211;0;40950
100;20;4;BubbleSort;3542;1547;112;138761
100;20;4;MergeSort;1344;375;0;117390
100;20;4;CountingSort;301;0;0;20650
100;20;4;QuickSort;2324;869;415;117601
100;20;4;InsertionSort;564;188;0;17610
100;20;4;BubbleSort;3450;1547;89;87991
100;20;4;MergeSort;1344;375;0;87750
100;20;4;CountingSort;301;0;0;22430
100;20;4;QuickSort;2348;998;383;149241
100;20;4;InsertionSort;564;188;0;28340
100;20;4;BubbleSort;3116;1380;89;138361
100;20;4;MergeSort;1344;381;0;84260
100;20;4;CountingSort;301;0;0;12440
100;20;4;QuickSort;2626;967;486;95700
100;20;4;InsertionSort;591;197;0;18190
100;20;4;BubbleSort;3812;1710;98;158570
100;20;4;MergeSort;1344;377;0;60220
100;20;4;CountingSort;301;0;0;15090
100;20;4;QuickSort;2192;890;368;61061
100;20;4;InsertionSort;624;208;0;15340
100;20;4;BubbleSort;3694;1629;109;97090
100;20;4;MergeSort;1344;371;0;20560
100;20;4;CountingSort;301;0;0;16570
100;20;4;QuickSort;2802;1038;521;72470
100;20;4;InsertionSort;555;185;0;19380
100;20;4;BubbleSort;3602;1629;86;96290
100;20;4;MergeSort;1344;382;0;25970
100;20;4;CountingSort;301;0;0;12030
100;20;4;QuickSort;2365;895;423;52100
100;20;4;InsertionSort;549;183;0;19540
100;20;4;BubbleSort;3096;1380;84;110791
100;20;4;MergeSort;1344;379;0;28871
100;20;4;CountingSort;301;0;0;15950
100;20;4;QuickSort;2584;982;468;25650
100;20;4;InsertionSort;576;192;0;17600
100;20;4;BubbleSort;2962;1295;93;96210
100;20;4;MergeSort;1344;378;0;17960
100;20;4;CountingSort;301;0;0;14710
100;20;4;QuickSort;2417;884;446;15090
100;20;4;InsertionSort;480;160;0;16520
100;20;4;BubbleSort;2312;1034;61;89891
100;20;4;MergeSort;1344;375;0;41950
100;20;4;CountingSort;301;0;0;16160
100;20;4;QuickSort;2305;883;410;35770
100;20;4;InsertionSort;588;196;0;15700
100;20;4;BubbleSort;3808;1710;97;91250
100;20;4;MergeSort;1344;378;0;25470
100;20;4;CountingSort;301;0;0;17270
100;20;4;QuickSort;2679;1149;443;20210
100;20;4;InsertionSort;618;206;0;22700
100;20;4;BubbleSort;3522;1547;107;111421
100;20;4;MergeSort;1344;376;0;20460
100;20;4;CountingSort;301;0;0;46680
100;20;4;QuickSort;2329;883;416;10770
100;20;4;InsertionSort;615;205;0;18120
100;20;4;BubbleSort;3014;1295;106;83350
100;20;4;MergeSort;1344;376;0;27900
100;20;4;CountingSort;301;0;0;13710
100;20;4;QuickSort;2188;823;390;20941
100;20;4;InsertionSort;630;210;0;25280
100;20;4;BubbleSort;3034;1295;111;80880
100;20;4;MergeSort;1344;378;0;28020
100;20;4;CountingSort;301;0;0;14540
100;20;4;QuickSort;2751;1050;503;7830
100;20;4;InsertionSort;684;228;0;20070
100;20;4;BubbleSort;3610;1547;129;91971
100;20;4;MergeSort;1344;377;0;18321
100;20;4;CountingSort;301;0;0;14820
100;20;4;QuickSort;2693;1064;475;13650
100;20;4;InsertionSort;558;186;0;13850
100;20;4;BubbleSort;3606;1629;87;114050
100;20;4;MergeSort;1344;374;0;28670
100;20;4;CountingSort;301;0;0;13350
100;20;4;QuickSort;2552;998;453;10810
100;20;4;InsertionSort;591;197;0;19070
100;20;4;BubbleSort;3320;1464;98;99551
100;20;4;MergeSort;1344;374;0;16931
100;20;4;CountingSort;301;0;0;12800
100;20;4;QuickSort;2670;981;495;9100
100;20;4;InsertionSort;531;177;0;15700
100;20;4;BubbleSort;3240;1464;78;116730
100;20;4;MergeSort;1344;376;0;22710
100;20;4;CountingSort;301;0;0;13620
100;20;4;QuickSort;2524;955;460;16890
100;20;4;InsertionSort;570;190;0;21930
100;20;4;BubbleSort;3622;1629;91;116110
100;20;4;MergeSort;1344;377;0;29960
100;20;4;CountingSort;301;0;0;22461
100;20;4;QuickSort;2678;1085;464;8130
100;20;4;InsertionSort;618;206;0;19170
100;20;4;BubbleSort;3356;1464;107;97040
100;20;4;MergeSort;1344;374;0;59750
100;20;4;CountingSort;301;0;0;11790
100;20;4;QuickSort;2381;902;428;7190
100;20;4;InsertionSort;561;187;0;16610
100;20;4;BubbleSort;3112;1380;88;82081
100;20;4;MergeSort;1344;377;0;23890
100;20;4;CountingSort;301;0;0;19320
100;20;4;QuickSort;2545;976;455;9411
100;20;4;InsertionSort;534;178;0;12940
100;20;4;BubbleSort;3736;1710;79;124280
100;20;4;MergeSort;1344;376;0;17390
100;20;4;CountingSort;301;0;0;15600
100;20;4;QuickSort;2669;992;490;7530
100;20;4;InsertionSort;567;189;0;15390
100;20;4;BubbleSort;3618;1629;90;100550
100;20;4;MergeSort;1344;377;0;16160
100;20;4;CountingSort;301;0;0;15420
100;20;4;QuickSort;2845;1063;525;8170
100;20;4;InsertionSort;555;185;0;16741
100;20;4;BubbleSort;2762;1209;86;91540
100;20;4;MergeSort;1344;374;0;26110
100;20;4;CountingSort;301;0;0;16620
100;20;4;QuickSort;2275;892;398;7190
100;20;4;InsertionSort;627;209;0;18120
100;20;4;BubbleSort;3534;1547;110;108161
100;20;4;MergeSort;1344;379;0;15440
100;20;4;CountingSort;301;0;0;15520
100;20;4;QuickSort;2549;956;462;8920
100;20;4;InsertionSort;564;188;0;30170
100;20;4;BubbleSort;2424;1034;89;86060
100;20;4;MergeSort;1344;377;0;1041493
100;20;4;CountingSort;301;0;0;16500
100;20;4;QuickSort;2277;858;406;8560
100;20;4;InsertionSort;636;212;0;15070
100;20;4;BubbleSort;3380;1464;113;102120
100;20;4;MergeSort;1344;379;0;13740
100;20;4;CountingSort;301;0;0;15200
100;20;4;QuickSort;2333;881;418;7410
100;20;4;InsertionSort;561;187;0;19290
100;20;4;BubbleSort;2596;1122;88;72470
100;20;4;MergeSort;1344;377;0;22290
100;20;4;CountingSort;301;0;0;11330
100;20;4;QuickSort;2337;876;422;16280
100;20;4;InsertionSort;681;227;0;21691
100;20;4;BubbleSort;3440;1464;128;89430
100;20;4;MergeSort;1344;375;0;17810
100;20;4;CountingSort;301;0;0;27450
100;20;4;QuickSort;2596;952;483;7530
100;20;4;InsertionSort;594;198;0;17370
100;20;4;BubbleSort;3490;1547;99;86600
100;20;4;MergeSort;1344;380;0;14340
100;20;4;CountingSort;301;0;0;14400
100;20;4;QuickSort;2313;840;421;6680
100;20;4;InsertionSort;558;186;0;16290
100;20;4;BubbleSort;3768;1710;87;113671
100;20;4;MergeSort;1344;379;0;16900
100;20;4;CountingSort;301;0;0;15310
100;20;4;QuickSort;2877;1083;529;9360
100;20;4;InsertionSort;645;215;0;18480
100;20;4;BubbleSort;3392;1464;116;109830
100;20;4;MergeSort;1344;376;0;18500
100;20;4;CountingSort;301;0;0;14250
100;20;4;QuickSort;2605;982;475;9090
100;20;4;InsertionSort;543;181;0;18260
100;20;4;BubbleSort;2572;1122;82;110711
100;20;4;MergeSort;1344;378;0;12450
100;20;4;CountingSort;301;0;0;11910
100;20;4;QuickSort;2311;889;410;8361
100;20;4;InsertionSort;615;205;0;24190
100;20;4;BubbleSort;3682;1629;106;115810
100;20;4;MergeSort;1344;377;0;34680
100;20;4;CountingSort;301;0;0;18940
100;20;4;QuickSort;2622;1002;473;15760
100;20;4;InsertionSort;630;210;0;19000
100;20;4;BubbleSort;4024;1790;111;119210
100;20;4;MergeSort;1344;376;0;21040
100;20;4;CountingSort;301;0;0;13900
100;20;4;QuickSort;2342;890;419;7460
100;20;4;InsertionSort;519;173;0;12910
100;20;4;BubbleSort;2186;945;74;53240
100;20;4;MergeSort;1344;380;0;6860
100;20;4;CountingSort;301;0;0;13960
100;20;4;QuickSort;2750;1001;518;7550
100;20;4;InsertionSort;570;190;0;13240
100;20;4;BubbleSort;3292;1464;91;81171
100;20;4;MergeSort;1344;381;0;11580
100;20;4;CountingSort;301;0;0;12830
100;20;4;QuickSort;2829;1062;522;7730
100;20;4;InsertionSort;645;215;0;21960
100;20;4;BubbleSort;3054;1295;116;81170
100;20;4;MergeSort;1344;379;0;11230
100;20;4;CountingSort;301;0;0;11370
100;20;4;QuickSort;3022;1126;564;13810
100;20;4;InsertionSort;600;200;0;15210
100;20;4;BubbleSort;2822;1209;101;88240
100;20;4;MergeSort;1344;382;0;11000
100;20;4;CountingSort;301;0;0;17750
100;20;4;QuickSort;2404;916;429;7150
100;20;4;InsertionSort;612;204;0;14280
100;20;4;BubbleSort;3514;1547;105;84671
100;20;4;MergeSort;1344;379;0;14040
100;20;4;CountingSort;301;0;0;21660
100;20;4;QuickSort;2612;1019;464;12100
100;20;4;InsertionSort;633;211;0;15920
100;20;4;BubbleSort;3868;1710;112;127920
100;20;4;MergeSort;1344;371;0;12510
100;20;4;CountingSort;301;0;0;16230
100;20;4;QuickSort;2375;956;409;8800
100;20;4;InsertionSort;561;187;0;14610
100;20;4;BubbleSort;2942;1295;88;84700
100;20;4;MergeSort;1344;373;0;16850
100;20;4;CountingSort;301;0;0;18880
100;20;4;QuickSort;2533;949;462;114180
100;20;4;InsertionSort;672;224;0;18010
100;20;4;BubbleSort;3594;1547;125;121571
100;20;4;MergeSort;1344;378;0;15780
100;20;4;CountingSort;301;0;0;14700
100;20;4;QuickSort;2311;868;415;68130
100;20;4;InsertionSort;606;202;0;23370
100;20;4;BubbleSort;3670;1629;103;65600
100;20;4;MergeSort;1344;378;0;10180
100;20;4;CountingSort;301;0;0;19880
100;20;4;QuickSort;3060;1149;572;58670
100;20;4;InsertionSort;609;203;0;25720
100;20;4;BubbleSort;3510;1547;104;60140
100;20;4;MergeSort;1344;376;0;34881
100;20;4;CountingSort;301;0;0;16670
100;20;4;QuickSort;2620;952;485;49300
100;20;4;InsertionSort;579;193;0;22010
100;20;4;BubbleSort;3304;1464;94;27150
100;20;4;MergeSort;1344;377;0;12310
100;20;4;CountingSort;301;0;0;15680
100;20;4;QuickSort;2238;825;409;43180
100;20;4;InsertionSort;594;198;0;17790
100;20;4;BubbleSort;2814;1209;99;16400
100;20;4;MergeSort;1344;377;0;11080
100;20;4;CountingSort;301;0;0;13570
100;20;4;QuickSort;2306;938;390;47970
100;20;4;InsertionSort;660;220;0;16730
100;20;4;BubbleSort;3412;1464;121;10650
100;20;4;MergeSort;1344;377;0;11270
100;20;4;CountingSort;301;0;0;17710
100;20;4;QuickSort;2256;840;408;43060
100;20;4;InsertionSort;549;183;0;16180
100;20;4;BubbleSort;2404;1034;84;12270
100;20;4;MergeSort;1344;377;0;7990
100;20;4;CountingSort;301;0;0;17470
100;20;4;QuickSort;2337;933;404;21030
100;20;4;InsertionSort;567;189;0;19230
100;20;4;BubbleSort;3618;1629;90;27570
100;20;4;MergeSort;1344;377;0;27251
100;20;4;CountingSort;301;0;0;29590
100;20;4;QuickSort;2170;835;381;4970
100;20;4;InsertionSort;615;205;0;23350
100;20;4;BubbleSort;3352;1464;106;20211
100;20;4;MergeSort;1344;380;0;16420
100;20;4;CountingSort;301;0;0;16660
100;20;4;QuickSort;2328;903;406;3400
100;20;4;InsertionSort;639;213;0;19950
100;20;4;BubbleSort;3876;1710;114;12390
100;20;4;MergeSort;1344;376;0;12100
100;20;4;CountingSort;301;0;0;14520
100;20;4;QuickSort;3533;1331;666;4250
100;20;4;InsertionSort;570;190;0;18550
100;20;4;BubbleSort;3944;1790;91;31991
100;20;4;MergeSort;1344;377;0;10570
100;20;4;CountingSort;301;0;0;23490
100;20;4;QuickSort;2925;1209;506;11620
100;20;4;InsertionSort;552;184;0;17360
100;20;4;BubbleSort;2758;1209;85;10170
100;20;4;MergeSort;1344;374;0;8740
100;20;4;CountingSort;301;0;0;17490
100;20;4;QuickSort;2342;890;414;4180
100;20;4;InsertionSort;540;180;0;13730
100;20;4;BubbleSort;2568;1122;81;9350
100;20;4;MergeSort;1344;379;0;10510
100;20;4;CountingSort;301;0;0;16470
100;20;4;QuickSort;2982;1188;533;4070
100;20;4;InsertionSort;549;183;0;17300
100;20;4;BubbleSort;3264;1464;84;19340
100;20;4;MergeSort;1344;378;0;11850
100;20;4;CountingSort;301;0;0;19410
100;20;4;QuickSort;2543;1004;449;4170
100;20;4;InsertionSort;672;224;0;16010
100;20;4;BubbleSort;3594;1547;125;15430
100;20;4;MergeSort;1344;375;0;10530
100;20;4;CountingSort;301;0;0;17800
100;20;4;QuickSort;2374;862;435;3320
100;20;4;InsertionSort;624;208;0;14331
100;20;4;BubbleSort;3026;1295;109;18320
100;20;4;MergeSort;1344;378;0;10420
100;20;4;CountingSort;301;0;0;17240
100;20;4;QuickSort;2916;1134;527;4370
100;20;4;InsertionSort;555;185;0;14910
100;20;4;BubbleSort;2934;1295;86;13260
100;20;4;MergeSort;1344;377;0;10260
100;20;4;CountingSort;301;0;0;14731
100;20;4;QuickSort;2699;998;501;3660
100;20;4;InsertionSort;591;197;0;14240
100;20;4;BubbleSort;3320;1464;98;16390
100;20;4;MergeSort;1344;379;0;8560
100;20;4;CountingSort;301;0;0;17470
100;20;4;QuickSort;3117;1179;580;3440
100;20;4;InsertionSort;465;155;0;12090
100;20;4;BubbleSort;3152;1464;56;14260
100;20;4;MergeSort;1344;372;0;11250
100;20;4;CountingSort;301;0;0;15860
100;20;4;QuickSort;2778;1032;515;4240
100;20;4;InsertionSort;696;232;0;25630
100;20;4;BubbleSort;4112;1790;133;20270
100;20;4;MergeSort;1344;378;0;10750
100;20;4;CountingSort;301;0;0;17470
100;20;4;QuickSort;2807;1136;493;3750
100;20;4;InsertionSort;636;212;0;14720
100;20;4;BubbleSort;3872;1710;113;16840
100;20;4;MergeSort;1344;378;0;10050
100;20;4;CountingSort;301;0;0;13250
100;20;4;QuickSort;2328;948;394;2900
100;20;4;InsertionSort;573;191;0;19120
100;20;4;BubbleSort;3296;1464;92;15570
100;20;4;MergeSort;1344;378;0;7480
100;20;4;CountingSort;301;0;0;17860
100;20;4;QuickSort;2555;947;470;10200
100;20;4;InsertionSort;612;204;0;18260
100;20;4;BubbleSort;4000;1790;105;26590
100;20;4;MergeSort;1344;377;0;7640
100;20;4;CountingSort;301;0;0;13980
100;20;4;QuickSort;2849;1049;532;4270
100;20;4;InsertionSort;546;182;0;16640
100;20;4;BubbleSort;3912;1790;83;16130
100;20;4;MergeSort;1344;378;0;16790
100;20;4;CountingSort;301;0;0;11600
100;20;4;QuickSort;2446;889;456;3550
100;20;4;InsertionSort;549;183;0;17260
100;20;4;BubbleSort;2754;1209;84;10960
100;20;4;MergeSort;1344;378;0;11150
100;20;4;CountingSort;301;0;0;15041
100;20;4;QuickSort;2519;956;454;3100
100;20;4;InsertionSort;675;225;0;16960
100;20;4;BubbleSort;4084;1790;126;20770
100;20;4;MergeSort;1344;377;0;15300
100;20;4;CountingSort;301;0;0;19760
100;20;4;QuickSort;2999;1178;544;3860
100;20;4;InsertionSort;591;197;0;30471
100;20;4;BubbleSort;3650;1629;98;14490
100;20;4;MergeSort;1344;374;0;8770
100;20;4;CountingSort;301;0;0;31090
100;20;4;QuickSort;2141;869;363;3920
100;20;4;InsertionSort;552;184;0;17160
100;20;4;BubbleSort;3100;1380;85;18490
100;20;4;MergeSort;1344;377;0;11220
100;20;4;CountingSort;301;0;0;18500
100;20;4;QuickSort;3281;1217;620;4070
100;20;4;InsertionSort;570;190;0;36150
100;20;4;BubbleSort;3784;1710;91;28340
100;20;4;MergeSort;1344;376;0;11880
100;20;4;CountingSort;301;0;0;15610
100;20;4;QuickSort;2415;927;430;3930
100;20;4;InsertionSort;576;192;0;17520
100;20;4;BubbleSort;3792;1710;93;15200
100;20;4;MergeSort;1344;373;0;12591
100;20;4;CountingSort;301;0;0;16490
100;20;4;QuickSort;2760;1071;494;5750
100;20;4;InsertionSort;516;172;0;16330
100;20;4;BubbleSort;2710;1209;73;13270
100;20;4;MergeSort;1344;380;0;14200
100;20;4;CountingSort;301;0;0;16490
100;20;4;QuickSort;3103;1195;569;3420
100;20;4;InsertionSort;558;186;0;18550
100;20;4;BubbleSort;3276;1464;87;26560
100;20;4;MergeSort;1344;372;0;10680
100;20;4;CountingSort;301;0;0;16960
100;20;4;QuickSort;2390;920;428;3900
100;20;4;InsertionSort;594;198;0;17510
100;20;4;BubbleSort;2814;1209;99;17041
100;20;4;MergeSort;1344;381;0;9560
100;20;4;CountingSort;301;0;0;18990
100;20;4;QuickSort;3418;1375;615;3570
100;20;4;InsertionSort;639;213;0;76180
100;20;4;BubbleSort;3384;1464;114;17540
100;20;4;MergeSort;1344;380;0;8840
100;20;4;CountingSort;301;0;0;16730
100;20;4;QuickSort;2280;954;378;3770
100;20;4;InsertionSort;615;205;0;18110
100;20;4;BubbleSort;3518;1547;106;25230
100;20;4;MergeSort;1344;368;0;15380
100;20;4;CountingSort;301;0;0;18060
100;20;4;QuickSort;2405;914;431;3230
100;20;4;InsertionSort;612;204;0;18750
100;20;4;BubbleSort;3348;1464;105;22121
100;20;4;MergeSort;1344;376;0;11420
100;20;4;CountingSort;301;0;0;13710
100;20;4;QuickSort;2344;880;419;4130
100;20;4;InsertionSort;531;177;0;21380
100;20;4;BubbleSort;2902;1295;78;12110
100;20;4;MergeSort;1344;379;0;13650
100;20;4;CountingSort;301;0;0;14140
100;20;4;QuickSort;2502;969;444;3590
100;20;4;InsertionSort;540;180;0;14910
100;20;4;BubbleSort;2914;1295;81;17440
100;20;4;MergeSort;1344;374;0;11540
100;20;4;CountingSort;301;0;0;19130
100;20;4;QuickSort;2498;1004;429;3410
100;20;4;InsertionSort;552;184;0;16960
100;20;4;BubbleSort;3100;1380;85;18360
100;20;4;MergeSort;1344;380;0;10210
100;20;4;CountingSort;301;0;0;13070
100;20;4;QuickSort;2854;1108;515;3520
100;20;4;InsertionSort;558;186;0;17340
100;20;4;BubbleSort;3276;1464;87;20370
100;20;4;MergeSort;1344;372;0;9900
100;20;4;CountingSort;301;0;0;17950
100;20;4;QuickSort;2582;995;465;3060
100;20;4;InsertionSort;609;203;0;19320
100;20;4;BubbleSort;3344;1464;104;12850
100;20;4;MergeSort;1344;377;0;11210
100;20;4;CountingSort;301;0;0;19840
100;20;4;QuickSort;2437;922;439;3310
100;20;4;InsertionSort;618;206;0;15690
100;20;4;BubbleSort;3686;1629;107;16430
100;20;4;MergeSort;1344;376;0;9750
100;20;4;CountingSort;301;0;0;13850
100;20;4;QuickSort;2546;959;463;4060
100;20;4;InsertionSort;585;195;0;15380
100;20;4;BubbleSort;3312;1464;96;15140
100;20;4;MergeSort;1344;380;0;19290
100;20;4;CountingSort;301;0;0;18830
100;20;4;QuickSort;2243;860;394;3310
100;20;4;InsertionSort;633;211;0;14950
100;20;4;BubbleSort;3868;1710;112;26430
100;20;4;MergeSort;1344;378;0;12620
100;20;4;CountingSort;301;0;0;14620
100;20;4;QuickSort;2345;902;413;3100
100;20;4;InsertionSort;570;190;0;14650
100;20;4;BubbleSort;3124;1380;91;12800
100;20;4;MergeSort;1344;378;0;14190
100;20;4;CountingSort;301;0;0;12680
100;20;4;QuickSort;2179;835;383;4000
100;20;4;InsertionSort;528;176;0;12770
100;20;4;BubbleSort;3236;1464;77;10530
100;20;4;MergeSort;1344;376;0;12140
100;20;4;CountingSort;301;0;0;68140
100;20;4;QuickSort;2268;855;404;15780
100;20;4;InsertionSort;618;206;0;18610
100;20;4;BubbleSort;3522;1547;107;13080
100;20;4;MergeSort;1344;377;0;9450
100;20;4;CountingSort;301;0;0;18010
100;20;4;QuickSort;2454;945;434;4500
100;20;4;InsertionSort;630;210;0;16840
100;20;4;BubbleSort;3034;1295;111;9390
100;20;4;MergeSort;1344;380;0;8931
100;20;4;CountingSort;301;0;0;15400
100;20;4;QuickSort;2187;846;385;3330
100;20;4;InsertionSort;603;201;0;19940
100;20;4;BubbleSort;3168;1380;102;19210
100;20;4;MergeSort;1344;374;0;7370
100;20;4;CountingSort;301;0;0;12520
100;20;4;QuickSort;2389;901;429;3510
100;20;4;InsertionSort;570;190;0;13220
100;20;4;BubbleSort;2608;1122;91;15800
100;20;4;MergeSort;1344;378;0;9550
100;20;4;CountingSort;301;0;0;17330
100;20;4;QuickSort;3011;1160;549;3570
100;20;4;InsertionSort;600;200;0;13640
100;20;4;BubbleSort;3164;1380;101;22040
100;20;4;MergeSort;1344;380;0;10280
100;20;4;CountingSort;301;0;0;14010
100;20;4;QuickSort;2751;1110;481;4570
100;20;4;InsertionSort;681;227;0;15950
100;20;4;BubbleSort;3770;1629;128;13660
100;20;4;MergeSort;1344;378;0;10340
100;20;4;CountingSort;301;0;0;13680
100;20;4;QuickSort;2616;996;473;5220
100;20;4;InsertionSort;567;189;0;14840
100;20;4;BubbleSort;3618;1629;90;14740
100;20;4;MergeSort;1344;376;0;9270
100;20;4;CountingSort;301;0;0;14360
100;20;4;QuickSort;2411;929;429;3270
100;20;4;InsertionSort;579;193;0;14830
100;20;4;BubbleSort;3634;1629;94;12990
100;20;4;MergeSort;1344;377;0;9270
100;20;4;CountingSort;301;0;0;13150
100;20;4;QuickSort;2378;953;406;3580
100;20;4;InsertionSort;585;195;0;13910
100;20;4;BubbleSort;3312;1464;96;19760
100;20;4;MergeSort;1344;374;0;7600
100;20;4;CountingSort;301;0;0;13640
100;20;4;QuickSort;2311;907;403;3400
100;20;4;InsertionSort;633;211;0;32060
100;20;4;BubbleSort;3038;1295;112;66770
100;20;4;MergeSort;1344;375;0;12270
100;20;4;CountingSort;301;0;0;15370
100;20;4;QuickSort;2312;926;395;3070
100;20;4;InsertionSort;543;181;0;13800
100;20;4;BubbleSort;3088;1380;82;12860
100;20;4;MergeSort;1344;374;0;14610
100;20;4;CountingSort;301;0;0;14290
100;20;4;QuickSort;2254;853;401;3170
100;20;4;InsertionSort;522;174;0;13370
100;20;4;BubbleSort;3558;1629;75;22700
100;20;4;MergeSort;1344;372;0;8930
100;20;4;CountingSort;301;0;0;15760
100;20;4;QuickSort;2526;1029;432;3520
100;20;4;InsertionSort;552;184;0;28070
100;20;4;BubbleSort;2930;1295;85;17340
100;20;4;MergeSort;1344;376;0;10630
100;30;1;CountingSort;301;0;0;20760
100;30;1;QuickSort;2563;946;471;178091
100;30;1;InsertionSort;2781;927;0;174841
100;30;1;BubbleSort;12792;4740;828;538681
100;30;1;MergeSort;1344;501;0;123950
100;30;1;CountingSort;301;0;0;14480
100;30;1;QuickSort;2281;847;411;74001
100;30;1;InsertionSort;3462;1154;0;103880
100;30;1;BubbleSort;13778;4779;1055;331071
100;30;1;MergeSort;1344;522;0;94660
100;30;1;CountingSort;301;0;0;21700
100;30;1;QuickSort;2251;883;392;72641
100;30;1;InsertionSort;2892;964;0;83640
100;30;1;BubbleSort;13018;4779;865;290561
100;30;1;MergeSort;1344;503;0;108670
100;30;1;CountingSort;301;0;0;16180
100;30;1;QuickSort;2827;1096;513;89400
100;30;1;InsertionSort;2787;929;0;99090
100;30;1;BubbleSort;12290;4485;830;353911
100;30;1;MergeSort;1344;489;0;56530
100;30;1;CountingSort;301;0;0;11990
100;30;1;QuickSort;2202;918;362;65110
100;30;1;InsertionSort;2241;747;0;86210
100;30;1;BubbleSort;12336;4872;648;381681
100;30;1;MergeSort;1344;523;0;40010
100;30;1;CountingSort;301;0;0;16990
100;30;1;QuickSort;2421;915;436;64100
100;30;1;InsertionSort;2949;983;0;113810
100;30;1;BubbleSort;12836;4650;884;373101
100;30;1;MergeSort;1344;514;0;31530
100;30;1;CountingSort;301;0;0;15120
100;30;1;QuickSort;2149;829;373;58700
100;30;1;InsertionSort;2721;907;0;83730
100;30;1;BubbleSort;13090;4929;808;349211
100;30;1;MergeSort;1344;528;0;29810
100;30;1;CountingSort;301;0;0;16480
100;30;1;QuickSort;2626;967;488;30000
100;30;1;InsertionSort;3021;1007;0;114171
100;30;1;BubbleSort;12410;4389;908;328611
100;30;1;MergeSort;1344;524;0;17460
100;30;1;CountingSort;301;0;0;13920
100;30;1;QuickSort;2578;964;468;9980
100;30;1;InsertionSort;3027;1009;0;98680
100;30;1;BubbleSort;13268;4814;910;353951
100;30;1;MergeSort;1344;532;0;28120
100;30;1;CountingSort;301;0;0;16520
100;30;1;QuickSort;2269;880;395;11440
100;30;1;InsertionSort;3321;1107;0;79670
100;30;1;BubbleSort;12742;4355;1008;318641
100;30;1;MergeSort;1344;497;0;32640
100;30;1;CountingSort;301;0;0;13260
100;30;1;QuickSort;2541;948;466;9970
100;30;1;InsertionSort;3249;1083;0;107040
100;30;1;BubbleSort;13024;4544;984;326651
100;30;1;MergeSort;1344;499;0;18720
100;30;1;CountingSort;301;0;0;22291
100;30;1;QuickSort;2344;889;417;7920
100;30;1;InsertionSort;2817;939;0;125560
100;30;1;BubbleSort;12918;4779;840;282841
100;30;1;MergeSort;1344;492;0;15500
100;30;1;CountingSort;301;0;0;22700
100;30;1;QuickSort;2264;878;397;8050
100;30;1;InsertionSort;2673;891;0;70290
100;30;1;BubbleSort;12936;4884;792;315301
100;30;1;MergeSort;1344;542;0;21771
100;30;1;CountingSort;301;0;0;21230
100;30;1;QuickSort;2930;1124;535;10770
100;30;1;InsertionSort;2679;893;0;86660
100;30;1;BubbleSort;12426;4625;794;105091
100;30;1;MergeSort;1344;514;0;26630
100;30;1;CountingSort;301;0;0;14590
100;30;1;QuickSort;2405;902;437;7710
100;30;1;InsertionSort;2781;927;0;65170
100;30;1;BubbleSort;12156;4422;828;70100
100;30;1;MergeSort;1344;532;0;24450
100;30;1;CountingSort;301;0;0;16810
100;30;1;QuickSort;2199;867;383;8480
100;30;1;InsertionSort;2790;930;0;96651
100;30;1;BubbleSort;13212;4944;831;69801
100;30;1;MergeSort;1344;487;0;17240
100;30;1;CountingSort;301;0;0;17470
100;30;1;QuickSort;2319;921;398;8200
100;30;1;InsertionSort;2754;918;0;91020
100;30;1;BubbleSort;12526;4625;819;83690
100;30;1;MergeSort;1344;522;0;31360
100;30;1;CountingSort;301;0;0;16230
100;30;1;QuickSort;2767;1060;504;9360
100;30;1;InsertionSort;2811;937;0;93530
100;30;1;BubbleSort;12872;4760;838;55450
100;30;1;MergeSort;1344;503;0;30020
100;30;1;CountingSort;301;0;0;12340
100;30;1;QuickSort;2345;851;431;10280
100;30;1;InsertionSort;3066;1022;0;77140
100;30;1;BubbleSort;13562;4935;923;51071
100;30;1;MergeSort;1344;511;0;25940
100;30;1;CountingSort;301;0;0;11430
100;30;1;QuickSort;2517;1026;433;9760
100;30;1;InsertionSort;3051;1017;0;101930
100;30;1;BubbleSort;13230;4779;918;92890
100;30;1;MergeSort;1344;519;0;15010
100;30;1;CountingSort;301;0;0;18600
100;30;1;QuickSort;3223;1204;605;11030
100;30;1;InsertionSort;3432;1142;0;131280
100;30;1;BubbleSort;13664;4740;1046;98420
100;30;1;MergeSort;1344;504;0;41260
100;30;1;CountingSort;301;0;0;14630
100;30;1;QuickSort;2432;974;418;9930
100;30;1;InsertionSort;3283;1093;0;95691
100;30;1;BubbleSort;13884;4950;996;90361
100;30;1;MergeSort;1344;517;0;19370
100;30;1;CountingSort;301;0;0;15800
100;30;1;QuickSort;2512;928;459;7790
100;30;1;InsertionSort;3192;1064;0;105080
100;30;1;BubbleSort;13550;4845;965;39900
100;30;1;MergeSort;1344;520;0;19870
100;30;1;CountingSort;301;0;0;17980
100;30;1;QuickSort;2406;942;419;9640
100;30;1;InsertionSort;3435;1145;0;110660
100;30;1;BubbleSort;13382;4599;1046;70250
100;30;1;MergeSort;1344;516;0;17440
100;30;1;CountingSort;301;0;0;15080
100;30;1;QuickSort;2617;1042;458;16530
100;30;1;InsertionSort;2940;980;0;96871
100;30;1;BubbleSort;13394;4935;881;1891866
100;30;1;MergeSort;1344;503;0;1853165
100;30;1;CountingSort;301;0;0;27790
100;30;1;QuickSort;2609;986;473;9660
100;30;1;InsertionSort;3204;1068;0;105831
100;30;1;BubbleSort;13620;4872;969;57890
100;30;1;MergeSort;1344;499;0;17190
100;30;1;CountingSort;301;0;0;12010
100;30;1;QuickSort;2390;1037;383;10140
100;30;1;InsertionSort;2220;740;0;65530
100;30;1;BubbleSort;11594;4515;641;68030
100;30;1;MergeSort;1344;520;0;16560
100;30;1;CountingSort;301;0;0;15160
100;30;1;QuickSort;2573;956;470;9530
100;30;1;InsertionSort;2844;948;0;105681
100;30;1;BubbleSort;12790;4697;849;100710
100;30;1;MergeSort;1344;526;0;29820
100;30;1;CountingSort;301;0;0;19850
100;30;1;QuickSort;2474;953;440;10420
100;30;1;InsertionSort;2077;691;0;60920
100;30;1;BubbleSort;9306;3465;594;37710
100;30;1;MergeSort;1344;500;0;18690
100;30;1;CountingSort;301;0;0;16890
100;30;1;QuickSort;2487;942;446;9220
100;30;1;InsertionSort;3384;1128;0;98380
100;30;1;BubbleSort;13744;4814;1029;55760
100;30;1;MergeSort;1344;488;0;12740
100;30;1;CountingSort;301;0;0;18330
100;30;1;QuickSort;2411;929;428;9260
100;30;1;InsertionSort;3077;1023;0;89321
100;30;1;BubbleSort;13600;4944;928;79971
100;30;1;MergeSort;1344;522;0;17180
100;30;1;CountingSort;301;0;0;16970
100;30;1;QuickSort;3354;1245;635;11221
100;30;1;InsertionSort;3477;1159;0;109290
100;30;1;BubbleSort;13834;4797;1060;97120
100;30;1;MergeSort;1344;528;0;31330
100;30;1;CountingSort;301;0;0;15170
100;30;1;QuickSort;2189;863;377;8930
100;30;1;InsertionSort;3502;1166;0;101390
100;30;1;BubbleSort;13870;4797;1069;74980
100;30;1;MergeSort;1344;515;0;16650
100;30;1;CountingSort;301;0;0;18460
100;30;1;QuickSort;2178;813;389;11680
100;30;1;InsertionSort;2683;893;0;76241
100;30;1;BubbleSort;12664;4740;796;49940
100;30;1;MergeSort;1344;524;0;13070
100;30;1;CountingSort;301;0;0;16280
100;30;1;QuickSort;2237;860;392;8730
100;30;1;InsertionSort;3121;1039;0;92160
100;30;1;BubbleSort;12336;4284;942;73120
100;30;1;MergeSort;1344;497;0;8020
100;30;1;CountingSort;301;0;0;24200
100;30;1;QuickSort;2391;900;429;11770
100;30;1;InsertionSort;2797;931;0;108261
100;30;1;BubbleSort;12480;4572;834;141021
100;30;1;MergeSort;1344;520;0;14641
100;30;1;CountingSort;301;0;0;17880
100;30;1;QuickSort;2430;927;434;12660
100;30;1;InsertionSort;2595;865;0;86900
100;30;1;BubbleSort;12034;4485;766;65710
100;30;1;MergeSort;1344;511;0;15250
100;30;1;CountingSort;301;0;0;13850
100;30;1;QuickSort;2588;1079;433;15870
100;30;1;InsertionSort;3336;1112;0;118351
100;30;1;BubbleSort;13770;4859;1013;96471
100;30;1;MergeSort;1344;521;0;15080
100;30;1;CountingSort;301;0;0;17210
100;30;1;QuickSort;2761;1072;495;8600
100;30;1;InsertionSort;2634;878;0;76610
100;30;1;BubbleSort;12596;4740;779;88560
100;30;1;MergeSort;1344;512;0;12260
100;30;1;CountingSort;301;0;0;17010
100;30;1;QuickSort;2485;967;443;12220
100;30;1;InsertionSort;2364;788;0;77480
100;30;1;BubbleSort;10934;4089;689;140160
100;30;1;MergeSort;1344;501;0;19980
100;30;1;CountingSort;301;0;0;21230
100;30;1;QuickSort;2188;865;374;9910
100;30;1;InsertionSort;2673;891;0;107610
100;30;1;BubbleSort;12562;4697;792;66060
100;30;1;MergeSort;1344;511;0;11160
100;30;1;CountingSort;301;0;0;20400
100;30;1;QuickSort;2567;938;477;11050
100;30;1;InsertionSort;2817;939;0;67610
100;30;1;BubbleSort;13078;4859;840;134451
100;30;1;MergeSort;1344;519;0;11690
100;30;1;CountingSort;301;0;0;14670
100;30;1;QuickSort;2122;805;374;121821
100;30;1;InsertionSort;3870;1290;0;101561
100;30;1;BubbleSort;14608;4922;1191;27130
100;30;1;MergeSort;1344;529;0;14620
100;30;1;CountingSort;301;0;0;14810
100;30;1;QuickSort;2591;1037;451;72840
100;30;1;InsertionSort;2139;713;0;62000
100;30;1;BubbleSort;11300;4422;614;10860
100;30;1;MergeSort;1344;527;0;16070
100;30;1;CountingSort;301;0;0;17000
100;30;1;QuickSort;2405;884;442;100510
100;30;1;InsertionSort;3420;1140;0;90500
100;30;1;BubbleSort;13722;4779;1041;7770
100;30;1;MergeSort;1344;500;0;23360
100;30;1;CountingSort;301;0;0;21290
100;30;1;QuickSort;2691;1083;468;64290
100;30;1;InsertionSort;2899;965;0;69060
100;30;1;BubbleSort;12952;4740;868;7710
100;30;1;MergeSort;1344;512;0;18470
100;30;1;CountingSort;301;0;0;19200
100;30;1;QuickSort;2211;813;398;47520
100;30;1;InsertionSort;2854;950;0;92440
100;30;1;BubbleSort;12122;4355;853;17590
100;30;1;MergeSort;1344;520;0;13700
100;30;1;CountingSort;301;0;0;17690
100;30;1;QuickSort;2429;920;442;52180
100;30;1;InsertionSort;3130;1042;0;125941
100;30;1;BubbleSort;13470;4845;945;9630
100;30;1;MergeSort;1344;486;0;9410
100;30;1;CountingSort;301;0;0;14650
100;30;1;QuickSort;2624;1019;467;61560
100;30;1;InsertionSort;3039;1013;0;98230
100;30;1;BubbleSort;13050;4697;914;8530
100;30;1;MergeSort;1344;504;0;12090
100;30;1;CountingSort;301;0;0;12890
100;30;1;QuickSort;2760;1077;495;78870
100;30;1;InsertionSort;2835;945;0;73051
100;30;1;BubbleSort;12414;4515;846;7220
100;30;1;MergeSort;1344;513;0;18000
100;30;1;CountingSort;301;0;0;15270
100;30;1;QuickSort;2603;965;476;54930
100;30;1;InsertionSort;3288;1096;0;114620
100;30;1;BubbleSort;13238;4625;997;15670
100;30;1;MergeSort;1344;498;0;11060
100;30;1;CountingSort;301;0;0;18070
100;30;1;QuickSort;2382;888;434;25240
100;30;1;InsertionSort;3282;1092;0;100561
100;30;1;BubbleSort;13828;4922;996;11960
100;30;1;MergeSort;1344;511;0;28370
100;30;1;CountingSort;301;0;0;30960
100;30;1;QuickSort;2568;1053;437;5430
100;30;1;InsertionSort;3034;1010;0;153130
100;30;1;BubbleSort;13496;4922;913;8510
100;30;1;MergeSort;1344;503;0;12320
100;30;1;CountingSort;301;0;0;26130
100;30;1;QuickSort;2726;1034;500;4271
100;30;1;InsertionSort;2406;802;0;56180
100;30;1;BubbleSort;12556;4872;703;5000
100;30;1;MergeSort;1344;516;0;13520
100;30;1;CountingSort;301;0;0;16320
100;30;1;QuickSort;2249;893;386;4540
100;30;1;InsertionSort;2767;921;0;63661
100;30;1;BubbleSort;12734;4719;824;14710
100;30;1;MergeSort;1344;526;0;15870
100;30;1;CountingSort;301;0;0;18490
100;30;1;QuickSort;3247;1279;590;4830
100;30;1;InsertionSort;2799;933;0;102450
100;30;1;BubbleSort;12480;4572;834;10690
100;30;1;MergeSort;1344;510;0;19900
100;30;1;CountingSort;301;0;0;15690
100;30;1;QuickSort;2791;1057;511;4890
100;30;1;InsertionSort;3012;1004;0;172670
100;30;1;BubbleSort;13014;4697;905;7300
100;30;1;MergeSort;1344;527;0;12560
100;30;1;CountingSort;301;0;0;15520
100;30;1;QuickSort;2645;977;488;3680
100;30;1;InsertionSort;3006;1002;0;89971
100;30;1;BubbleSort;13240;4814;903;5290
100;30;1;MergeSort;1344;483;0;22960
100;30;1;CountingSort;301;0;0;15970
100;30;1;QuickSort;2364;951;401;4281
100;30;1;InsertionSort;2928;976;0;71790
100;30;1;BubbleSort;13226;4859;877;13620
100;30;1;MergeSort;1344;498;0;14230
100;30;1;CountingSort;301;0;0;15520
100;30;1;QuickSort;2360;887;424;4220
100;30;1;InsertionSort;2970;990;0;91990
100;30;1;BubbleSort;13308;4872;891;14530
100;30;1;MergeSort;1344;528;0;11630
100;30;1;CountingSort;301;0;0;16770
100;30;1;QuickSort;2598;954;479;3550
100;30;1;InsertionSort;2874;958;0;85200
100;30;1;BubbleSort;13064;4814;859;8060
100;30;1;MergeSort;1344;533;0;12920
100;30;1;CountingSort;301;0;0;19210
100;30;1;QuickSort;2543;1028;441;3590
100;30;1;InsertionSort;3354;1118;0;100680
100;30;1;BubbleSort;13106;4515;1019;5370
100;30;1;MergeSort;1344;522;0;22360
100;30;1;CountingSort;301;0;0;13430
100;30;1;QuickSort;2501;929;456;3320
100;30;1;InsertionSort;2853;951;0;76411
100;30;1;BubbleSort;13198;4895;852;5020
100;30;1;MergeSort;1344;505;0;11240
100;30;1;CountingSort;301;0;0;15850
100;30;1;QuickSort;2062;841;343;3330
100;30;1;InsertionSort;3078;1026;0;38240
100;30;1;BubbleSort;13452;4872;927;10030
100;30;1;MergeSort;1344;512;0;16270
100;30;1;CountingSort;301;0;0;14500
100;30;1;QuickSort;2643;978;491;3990
100;30;1;InsertionSort;3303;1101;0;9660
100;30;1;BubbleSort;13402;4697;1002;6960
100;30;1;MergeSort;1344;527;0;13790
100;30;1;CountingSort;301;0;0;16240
100;30;1;QuickSort;2529;960;454;5230
100;30;1;InsertionSort;2853;951;0;10860
100;30;1;BubbleSort;13152;4872;852;9350
100;30;1;MergeSort;1344;491;0;16330
100;30;1;CountingSort;301;0;0;18430
100;30;1;QuickSort;2925;1098;543;4010
100;30;1;InsertionSort;2670;890;0;12270
100;30;1;BubbleSort;12362;4599;791;9170
100;30;1;MergeSort;1344;512;0;16660
100;30;1;CountingSort;301;0;0;13810
100;30;1;QuickSort;2779;1048;511;3920
100;30;1;InsertionSort;3345;1115;0;11260
100;30;1;BubbleSort;13458;4697;1016;6460
100;30;1;MergeSort;1344;522;0;10230
100;30;1;CountingSort;301;0;0;13360
100;30;1;QuickSort;2406;855;448;3800
100;30;1;InsertionSort;2229;743;0;9260
100;30;1;BubbleSort;10584;4004;644;5220
100;30;1;MergeSort;1344;496;0;10180
100;30;1;CountingSort;301;0;0;20430
100;30;1;QuickSort;2427;1005;406;4840
100;30;1;InsertionSort;3682;1226;0;25560
100;30;1;BubbleSort;14144;4814;1129;7580
100;30;1;MergeSort;1344;533;0;13501
100;30;1;CountingSort;301;0;0;15330
100;30;1;QuickSort;2781;1101;496;4000
100;30;1;InsertionSort;3276;1092;0;20100
100;30;1;BubbleSort;13492;4760;993;7160
100;30;1;MergeSort;1344;521;0;11620
100;30;1;CountingSort;301;0;0;18770
100;30;1;QuickSort;3026;1175;553;5540
100;30;1;InsertionSort;2739;913;0;23620
100;30;1;BubbleSort;11750;4247;814;11740
100;30;1;MergeSort;1344;521;0;14410
100;30;1;CountingSort;301;0;0;16760
100;30;1;QuickSort;2890;1162;513;3730
100;30;1;InsertionSort;3276;1092;0;9520
100;30;1;BubbleSort;13600;4814;993;5450
100;30;1;MergeSort;1344;526;0;10130
100;30;1;CountingSort;301;0;0;16980
100;30;1;QuickSort;2756;1010;512;3330
100;30;1;InsertionSort;2787;929;0;8240
100;30;1;BubbleSort;12620;4650;830;7090
100;30;1;MergeSort;1344;512;0;15910
100;30;1;CountingSort;301;0;0;14030
100;30;1;QuickSort;3164;1238;579;3950
100;30;1;InsertionSort;3075;1025;0;18530
100;30;1;BubbleSort;13494;4895;926;11140
100;30;1;MergeSort;1344;535;0;16630
100;30;1;CountingSort;301;0;0;15110
100;30;1;QuickSort;3651;1419;677;5160
100;30;1;InsertionSort;3058;1018;0;19230
100;30;1;BubbleSort;13512;4914;921;9320
100;30;1;MergeSort;1344;507;0;12450
100;30;1;CountingSort;301;0;0;16500
100;30;1;QuickSort;2334;897;409;18460
100;30;1;InsertionSort;2925;975;0;16600
100;30;1;BubbleSort;12754;4625;876;5130
100;30;1;MergeSort;1344;524;0;15880
100;30;1;CountingSort;301;0;0;16210
100;30;1;QuickSort;2336;908;407;4860
100;30;1;InsertionSort;2844;948;0;15700
100;30;1;BubbleSort;13086;4845;849;9240
100;30;1;MergeSort;1344;508;0;30920
100;30;1;CountingSort;301;0;0;17780
100;30;1;QuickSort;2539;937;467;4510
100;30;1;InsertionSort;4303;1433;0;26960
100;30;1;BubbleSort;15224;4940;1336;6640
100;30;1;MergeSort;1344;491;0;11480
100;30;1;CountingSort;301;0;0;18180
100;30;1;QuickSort;2427;936;431;4540
100;30;1;InsertionSort;2808;936;0;14860
100;30;1;BubbleSort;12828;4740;837;8370
100;30;1;MergeSort;1344;522;0;14260
100;30;1;CountingSort;301;0;0;14130
100;30;1;QuickSort;2749;1084;487;4040
100;30;1;InsertionSort;3654;1218;0;14630
100;30;1;BubbleSort;14220;4872;1119;7620
100;30;1;MergeSort;1344;519;0;10340
100;30;1;CountingSort;301;0;0;13310
100;30;1;QuickSort;2429;896;447;3640
100;30;1;InsertionSort;3540;1178;0;10370
100;30;1;BubbleSort;13988;4830;1082;8220
100;30;1;MergeSort;1344;494;0;10920
100;30;1;CountingSort;301;0;0;14550
100;30;1;QuickSort;2787;1029;518;3670
100;30;1;InsertionSort;3252;1084;0;11780
100;30;1;BubbleSort;13730;4895;985;5540
100;30;1;MergeSort;1344;526;0;10520
100;30;1;CountingSort;301;0;0;13890
100;30;1;QuickSort;2763;996;519;4480
100;30;1;InsertionSort;2475;825;0;9090
100;30;1;BubbleSort;12424;4760;726;4940
100;30;1;MergeSort;1344;524;0;11300
100;30;1;CountingSort;301;0;0;15110
100;30;1;QuickSort;3074;1157;572;4450
100;30;1;InsertionSort;2955;985;0;8830
100;30;1;BubbleSort;13234;4845;886;8110
100;30;1;MergeSort;1344;521;0;10410
100;30;1;CountingSort;301;0;0;12740
100;30;1;QuickSort;2444;992;422;4640
100;30;1;InsertionSort;2909;969;0;16870
100;30;1;BubbleSort;13328;4922;871;7031
100;30;1;MergeSort;1344;507;0;9670
100;30;1;CountingSort;301;0;0;12640
100;30;1;QuickSort;2697;1062;478;4110
100;30;1;InsertionSort;2610;870;0;9721
100;30;1;BubbleSort;12384;4650;771;7010
100;30;1;MergeSort;1344;511;0;10660
100;30;1;CountingSort;301;0;0;17070
100;30;1;QuickSort;2213;884;374;4770
100;30;1;InsertionSort;3072;1024;0;11181
100;30;1;BubbleSort;13418;4859;925;5630
100;30;1;MergeSort;1344;504;0;21380
100;30;1;CountingSort;301;0;0;17170
100;30;1;QuickSort;2826;1053;523;4450
100;30;1;InsertionSort;2988;996;0;8990
100;30;1;BubbleSort;13068;4740;897;6780
100;30;1;MergeSort;1344;520;0;12070
100;30;1;CountingSort;301;0;0;18240
100;30;1;QuickSort;2595;1020;458;4740
100;30;1;InsertionSort;3264;1088;0;16810
100;30;1;BubbleSort;13514;4779;989;6480
100;30;1;MergeSort;1344;523;0;15280
100;30;1;CountingSort;301;0;0;16140
100;30;1;QuickSort;2727;1044;496;4540
100;30;1;InsertionSort;2527;841;0;12610
100;30;1;BubbleSort;12370;4697;744;8490
100;30;1;MergeSort;1344;508;0;11251
100;30;1;CountingSort;301;0;0;15310
100;30;1;QuickSort;2158;829;380;4320
100;30;1;InsertionSort;3027;1009;0;16331
100;30;1;BubbleSort;13330;4845;910;10860
100;30;1;MergeSort;1344;514;0;11990
100;30;1;CountingSort;301;0;0;18230
100;30;1;QuickSort;2197;865;378;4590
100;30;1;InsertionSort;3246;1082;0;9910
100;30;1;BubbleSort;13076;4572;983;10400
100;30;1;MergeSort;1344;522;0;14730
100;30;1;CountingSort;301;0;0;13660
100;30;1;QuickSort;2358;876;425;3740
100;30;1;InsertionSort;3243;1081;0;16330
100;30;1;BubbleSort;13696;4884;982;8390
100;30;1;MergeSort;1344;500;0;19840
100;30;1;CountingSort;301;0;0;18100
100;30;1;QuickSort;2951;1079;558;4700
100;30;1;InsertionSort;2466;822;0;7840
100;30;1;BubbleSort;11386;4247;723;8330
100;30;1;MergeSort;1344;523;0;21320
100;30;1;CountingSort;301;0;0;12880
100;30;1;QuickSort;2693;1028;488;4610
100;30;1;InsertionSort;2940;980;0;9120
100;30;1;BubbleSort;13082;4779;881;12930
100;30;1;MergeSort;1344;515;0;20670
100;30;1;CountingSort;301;0;0;13240
100;30;1;QuickSort;2156;824;379;4340
100;30;1;InsertionSort;2911;969;0;10900
100;30;1;BubbleSort;13298;4905;872;7291
100;30;1;MergeSort;1344;517;0;13250
100;30;1;CountingSort;301;0;0;14260
100;30;1;QuickSort;2963;1109;555;3750
100;30;1;InsertionSort;3465;1155;0;12690
100;30;1;BubbleSort;13942;4859;1056;6390
100;30;1;MergeSort;1344;529;0;9290
100;30;1;CountingSort;301;0;0;13890
100;30;1;QuickSort;2608;976;480;3580
100;30;1;InsertionSort;2613;871;0;12230
100;30;1;BubbleSort;11996;4454;772;4860
100;30;1;MergeSort;1344;486;0;10880
100;30;1;CountingSort;301;0;0;14960
100;30;1;QuickSort;2585;986;467;3750
100;30;1;InsertionSort;3123;1041;0;9110
100;30;1;BubbleSort;13662;4947;942;7480
100;30;1;MergeSort;1344;505;0;11860
100;30;2;CountingSort;301;0;0;20610
100;30;2;QuickSort;2352;867;426;210100
100;30;2;InsertionSort;833;275;0;76400
100;30;2;BubbleSort;5070;2175;180;322201
100;30;2;MergeSort;1344;390;0;153151
100;30;2;CountingSort;301;0;0;17080
100;30;2;QuickSort;2787;1038;516;102370
100;30;2;InsertionSort;898;298;0;30020
100;30;2;BubbleSort;5004;2100;201;212831
100;30;2;MergeSort;1344;384;0;123061
100;30;2;CountingSort;301;0;0;20640
100;30;2;QuickSort;2650;994;485;90880
100;30;2;InsertionSort;872;288;0;27710
100;30;2;BubbleSort;4510;1869;193;137761
100;30;2;MergeSort;1344;383;0;141131
100;30;2;CountingSort;301;0;0;14510
100;30;2;QuickSort;2406;954;416;70080
100;30;2;InsertionSort;899;299;0;29950
100;30;2;BubbleSort;4698;1947;201;135271
100;30;2;MergeSort;1344;388;0;66210
100;30;2;CountingSort;301;0;0;14690
100;30;2;QuickSort;2827;1048;527;58290
100;30;2;InsertionSort;981;323;0;40751
100;30;2;BubbleSort;5270;2175;230;139960
100;30;2;MergeSort;1344;384;0;39110
100;30;2;CountingSort;301;0;0;13420
100;30;2;QuickSort;2939;1136;535;85531
100;30;2;InsertionSort;1124;372;0;40760
100;30;2;BubbleSort;5896;2394;277;199100
100;30;2;MergeSort;1344;386;0;21490
100;30;2;CountingSort;301;0;0;15540
100;30;2;QuickSort;2372;914;419;49030
100;30;2;InsertionSort;956;316;0;40331
100;30;2;BubbleSort;4932;2024;221;163080
100;30;2;MergeSort;1344;390;0;27830
100;30;2;CountingSort;301;0;0;13320
100;30;2;QuickSort;2418;930;430;25780
100;30;2;InsertionSort;885;295;0;25960
100;30;2;BubbleSort;5572;2394;196;217040
100;30;2;MergeSort;1344;387;0;22540
100;30;2;CountingSort;301;0;0;16630
100;30;2;QuickSort;2405;896;437;35910
100;30;2;InsertionSort;1071;355;0;41750
100;30;2;BubbleSort;5824;2394;259;144860
100;30;2;MergeSort;1344;382;0;37280
100;30;2;CountingSort;301;0;0;16280
100;30;2;QuickSort;2537;932;467;15230
100;30;2;InsertionSort;933;309;0;27460
100;30;2;BubbleSort;4900;2024;213;114980
100;30;2;MergeSort;1344;388;0;14240
100;30;2;CountingSort;301;0;0;14170
100;30;2;QuickSort;2280;846;417;20880
100;30;2;InsertionSort;876;290;0;30160
100;30;2;BubbleSort;5274;2249;194;157941
100;30;2;MergeSort;1344;386;0;13910
100;30;2;CountingSort;301;0;0;13960
100;30;2;QuickSort;2400;903;430;9240
100;30;2;InsertionSort;823;273;0;19310
100;30;2;BubbleSort;4284;1790;176;131540
100;30;2;MergeSort;1344;387;0;27040
100;30;2;CountingSort;301;0;0;13030
100;30;2;QuickSort;2412;915;431;9080
100;30;2;InsertionSort;975;323;0;39640
100;30;2;BubbleSort;5258;2175;227;154020
100;30;2;MergeSort;1344;385;0;25480
100;30;2;CountingSort;301;0;0;14410
100;30;2;QuickSort;2774;1082;496;20730
100;30;2;InsertionSort;1096;362;0;46690
100;30;2;BubbleSort;5120;2024;268;125671
100;30;2;MergeSort;1344;384;0;17520
100;30;2;CountingSort;301;0;0;12450
100;30;2;QuickSort;2370;957;405;34740
100;30;2;InsertionSort;874;290;0;25630
100;30;2;BubbleSort;5270;2249;193;153531
100;30;2;MergeSort;1344;388;0;28370
100;30;2;CountingSort;301;0;0;16151
100;30;2;QuickSort;2458;925;444;9420
100;30;2;InsertionSort;971;323;0;22480
100;30;2;BubbleSort;5544;2322;225;133110
100;30;2;MergeSort;1344;386;0;25750
100;30;2;CountingSort;301;0;0;15150
100;30;2;QuickSort;2290;889;401;8680
100;30;2;InsertionSort;901;299;0;27170
100;30;2;BubbleSort;5306;2249;202;129750
100;30;2;MergeSort;1344;389;0;21510
100;30;2;CountingSort;301;0;0;22310
100;30;2;QuickSort;2492;935;449;11050
100;30;2;InsertionSort;682;226;0;19730
100;30;2;BubbleSort;3774;1629;129;97590
100;30;2;MergeSort;1344;383;0;17240
100;30;2;CountingSort;301;0;0;16020
100;30;2;QuickSort;2732;1034;496;9930
100;30;2;InsertionSort;1104;366;0;34890
100;30;2;BubbleSort;5868;2394;270;145281
100;30;2;MergeSort;1344;380;0;18050
100;30;2;CountingSort;301;0;0;14690
100;30;2;QuickSort;2376;888;432;9810
100;30;2;InsertionSort;1003;333;0;23950
100;30;2;BubbleSort;5588;2322;236;162971
100;30;2;MergeSort;1344;385;0;25820
100;30;2;CountingSort;301;0;0;18720
100;30;2;QuickSort;2494;922;455;8560
100;30;2;InsertionSort;912;302;0;25720
100;30;2;BubbleSort;5754;2465;206;177270
100;30;2;MergeSort;1344;388;0;24060
100;30;2;CountingSort;301;0;0;24050
100;30;2;QuickSort;2794;1012;524;8100
100;30;2;InsertionSort;811;269;0;28090
100;30;2;BubbleSort;5038;2175;172;135501
100;30;2;MergeSort;1344;385;0;22520
100;30;2;CountingSort;301;0;0;13421
100;30;2;QuickSort;2537;968;459;22760
100;30;2;InsertionSort;1135;375;0;35430
100;30;2;BubbleSort;5912;2394;281;186920
100;30;2;MergeSort;1344;386;0;21310
100;30;2;CountingSort;301;0;0;17060
100;30;2;QuickSort;2494;928;455;9280
100;30;2;InsertionSort;1035;343;0;56890
100;30;2;BubbleSort;5486;2249;247;131251
100;30;2;MergeSort;1344;389;0;23980
100;30;2;CountingSort;301;0;0;15660
100;30;2;QuickSort;2433;927;434;9580
100;30;2;InsertionSort;1082;358;0;33100
100;30;2;BubbleSort;5696;2322;263;2060006
100;30;2;MergeSort;1344;387;0;1959116
100;30;2;CountingSort;301;0;0;19020
100;30;2;QuickSort;2146;823;377;7290
100;30;2;InsertionSort;1106;366;0;33180
100;30;2;BubbleSort;5872;2394;271;137351
100;30;2;MergeSort;1344;389;0;23071
100;30;2;CountingSort;301;0;0;15040
100;30;2;QuickSort;2582;926;483;7320
100;30;2;InsertionSort;896;296;0;26360
100;30;2;BubbleSort;4852;2024;201;112411
100;30;2;MergeSort;1344;382;0;28100
100;30;2;CountingSort;301;0;0;14031
100;30;2;QuickSort;3350;1421;577;19770
100;30;2;InsertionSort;741;245;0;17500
100;30;2;BubbleSort;4176;1790;149;124930
100;30;2;MergeSort;1344;388;0;20610
100;30;2;CountingSort;301;0;0;18210
100;30;2;QuickSort;2498;995;434;7710
100;30;2;InsertionSort;943;311;0;26870
100;30;2;BubbleSort;5218;2175;217;78870
100;30;2;MergeSort;1344;385;0;22470
100;30;2;CountingSort;301;0;0;13440
100;30;2;QuickSort;2250;867;400;11330
100;30;2;InsertionSort;929;309;0;29660
100;30;2;BubbleSort;4892;2024;211;54061
100;30;2;MergeSort;1344;390;0;19920
100;30;2;CountingSort;301;0;0;16210
100;30;2;QuickSort;2639;1016;473;7810
100;30;2;InsertionSort;800;264;0;24820
100;30;2;BubbleSort;4876;2100;169;15380
100;30;2;MergeSort;1344;380;0;13620
100;30;2;CountingSort;301;0;0;16620
100;30;2;QuickSort;2556;930;477;7650
100;30;2;InsertionSort;859;285;0;20970
100;30;2;BubbleSort;5250;2249;188;17550
100;30;2;MergeSort;1344;384;0;32660
100;30;2;CountingSort;301;0;0;13530
100;30;2;QuickSort;2444;1001;419;8910
100;30;2;InsertionSort;890;294;0;22320
100;30;2;BubbleSort;5726;2465;199;31500
100;30;2;MergeSort;1344;378;0;25230
100;30;2;CountingSort;301;0;0;16340
100;30;2;QuickSort;2867;1118;515;7920
100;30;2;InsertionSort;1134;374;0;56660
100;30;2;BubbleSort;6054;2465;281;44931
100;30;2;MergeSort;1344;386;0;12950
100;30;2;CountingSort;301;0;0;26721
100;30;2;QuickSort;2702;1016;495;13670
100;30;2;InsertionSort;973;321;0;38650
100;30;2;BubbleSort;4956;2024;227;28260
100;30;2;MergeSort;1344;382;0;7010
100;30;2;CountingSort;301;0;0;18720
100;30;2;QuickSort;2529;960;459;9480
100;30;2;InsertionSort;893;297;0;29630
100;30;2;BubbleSort;5294;2249;199;29600
100;30;2;MergeSort;1344;388;0;13200
100;30;2;CountingSort;301;0;0;16710
100;30;2;QuickSort;2562;1047;440;13960
100;30;2;InsertionSort;856;284;0;20000
100;30;2;BubbleSort;4328;1790;187;25570
100;30;2;MergeSort;1344;383;0;11420
100;30;2;CountingSort;301;0;0;12140
100;30;2;QuickSort;3011;1100;567;9710
100;30;2;InsertionSort;860;284;0;24800
100;30;2;BubbleSort;4176;1710;189;32930
100;30;2;MergeSort;1344;385;0;10470
100;30;2;CountingSort;301;0;0;17520
100;30;2;QuickSort;2750;1010;513;7820
100;30;2;InsertionSort;761;253;0;23320
100;30;2;BubbleSort;5118;2249;155;35770
100;30;2;MergeSort;1344;384;0;14941
100;30;2;CountingSort;301;0;0;16440
100;30;2;QuickSort;2280;843;414;8920
100;30;2;InsertionSort;931;309;0;29720
100;30;2;BubbleSort;5778;2465;212;35551
100;30;2;MergeSort;1344;384;0;16810
100;30;2;CountingSort;301;0;0;16120
100;30;2;QuickSort;2406;885;444;81041
100;30;2;InsertionSort;923;305;0;27640
100;30;2;BubbleSort;4420;1790;210;26940
100;30;2;MergeSort;1344;387;0;12560
100;30;2;CountingSort;301;0;0;15510
100;30;2;QuickSort;2495;956;445;57310
100;30;2;InsertionSort;980;324;0;37510
100;30;2;BubbleSort;4810;1947;229;22990
100;30;2;MergeSort;1344;382;0;16740
100;30;2;CountingSort;301;0;0;14410
100;30;2;QuickSort;2436;927;440;53550
100;30;2;InsertionSort;1119;369;0;47040
100;30;2;BubbleSort;5748;2322;276;45731
100;30;2;MergeSort;1344;385;0;32590
100;30;2;CountingSort;301;0;0;14690
100;30;2;QuickSort;2332;874;419;52601
100;30;2;InsertionSort;940;312;0;38261
100;30;2;BubbleSort;5358;2249;215;36270
100;30;2;MergeSort;1344;385;0;11510
100;30;2;CountingSort;301;0;0;13500
100;30;2;QuickSort;2614;955;487;53031
100;30;2;InsertionSort;884;292;0;36420
100;30;2;BubbleSort;5718;2465;197;43290
100;30;2;MergeSort;1344;388;0;16290
100;30;2;CountingSort;301;0;0;15890
100;30;2;QuickSort;2348;923;407;54060
100;30;2;InsertionSort;1085;359;0;45170
100;30;2;BubbleSort;4950;1947;264;36770
100;30;2;MergeSort;1344;385;0;11120
100;30;2;CountingSort;301;0;0;18220
100;30;2;QuickSort;2454;930;444;52640
100;30;2;InsertionSort;1151;381;0;32290
100;30;2;BubbleSort;5932;2394;286;72940
100;30;2;MergeSort;1344;381;0;12671
100;30;2;CountingSort;301;0;0;18700
100;30;2;QuickSort;2579;1034;447;46380
100;30;2;InsertionSort;949;313;0;30671
100;30;2;BubbleSort;4456;1790;219;26030
100;30;2;MergeSort;1344;379;0;9080
100;30;2;CountingSort;301;0;0;14980
100;30;2;QuickSort;2368;871;434;89481
100;30;2;InsertionSort;944;314;0;28760
100;30;2;BubbleSort;5214;2175;216;41010
100;30;2;MergeSort;1344;389;0;9440
100;30;2;CountingSort;301;0;0;15821
100;30;2;QuickSort;2749;1081;491;59590
100;30;2;InsertionSort;975;323;0;28740
100;30;2;BubbleSort;5696;2394;227;58500
100;30;2;MergeSort;1344;387;0;12150
100;30;2;CountingSort;301;0;0;15920
100;30;2;QuickSort;3303;1242;620;24160
100;30;2;InsertionSort;909;301;0;27850
100;30;2;BubbleSort;5750;2465;205;37000
100;30;2;MergeSort;1344;377;0;11890
100;30;2;CountingSort;301;0;0;16730
100;30;2;QuickSort;2981;1100;561;3920
100;30;2;InsertionSort;965;319;0;62150
100;30;2;BubbleSort;4790;1947;224;14480
100;30;2;MergeSort;1344;382;0;10760
100;30;2;CountingSort;301;0;0;22380
100;30;2;QuickSort;2669;1040;479;3980
100;30;2;InsertionSort;802;266;0;24660
100;30;2;BubbleSort;3934;1629;169;15330
100;30;2;MergeSort;1344;380;0;13900
100;30;2;CountingSort;301;0;0;29760
100;30;2;QuickSort;2603;935;488;3710
100;30;2;InsertionSort;1111;367;0;36700
100;30;2;BubbleSort;4830;1869;273;41030
100;30;2;MergeSort;1344;385;0;20400
100;30;2;CountingSort;301;0;0;75370
100;30;2;QuickSort;2475;951;447;3670
100;30;2;InsertionSort;1037;343;0;49960
100;30;2;BubbleSort;5192;2100;248;131991
100;30;2;MergeSort;1344;387;0;10390
100;30;2;CountingSort;301;0;0;25430
100;30;2;QuickSort;2547;951;464;4040
100;30;2;InsertionSort;1000;332;0;39060
100;30;2;BubbleSort;5584;2322;235;21670
100;30;2;MergeSort;1344;385;0;11710
100;30;2;CountingSort;301;0;0;19810
100;30;2;QuickSort;2831;1163;488;6260
100;30;2;InsertionSort;792;262;0;24620
100;30;2;BubbleSort;4558;1947;166;24740
100;30;2;MergeSort;1344;381;0;10990
100;30;2;CountingSort;301;0;0;14340
100;30;2;QuickSort;2684;1019;486;4150
100;30;2;InsertionSort;887;293;0;20760
100;30;2;BubbleSort;4686;1947;198;20530
100;30;2;MergeSort;1344;382;0;11500
100;30;2;CountingSort;301;0;0;17630
100;30;2;QuickSort;2141;833;371;2980
100;30;2;InsertionSort;1000;332;0;25030
100;30;2;BubbleSort;5584;2322;235;79850
100;30;2;MergeSort;1344;387;0;9430
100;30;2;CountingSort;301;0;0;17620
100;30;2;QuickSort;2800;1087;505;3600
100;30;2;InsertionSort;853;281;0;20270
100;30;2;BubbleSort;4328;1790;187;27700
100;30;2;MergeSort;1344;382;0;10600
100;30;2;CountingSort;301;0;0;16160
100;30;2;QuickSort;2385;933;415;3240
100;30;2;InsertionSort;846;280;0;24590
100;30;2;BubbleSort;5086;2175;184;27500
100;30;2;MergeSort;1344;388;0;11050
100;30;2;CountingSort;301;0;0;16451
100;30;2;QuickSort;2637;1092;454;3680
100;30;2;InsertionSort;934;310;0;28980
100;30;2;BubbleSort;5052;2100;213;31850
100;30;2;MergeSort;1344;387;0;10450
100;30;2;CountingSort;301;0;0;16380
100;30;2;QuickSort;2324;860;421;3470
100;30;2;InsertionSort;943;311;0;26610
100;30;2;BubbleSort;5798;2465;217;3750
100;30;2;MergeSort;1344;389;0;8060
100;30;2;CountingSort;301;0;0;13670
100;30;2;QuickSort;2306;875;414;10090
100;30;2;InsertionSort;846;280;0;24000
100;30;2;BubbleSort;4474;1869;184;2690
100;30;2;MergeSort;1344;386;0;9470
100;30;2;CountingSort;301;0;0;17860
100;30;2;QuickSort;2581;961;476;3730
100;30;2;InsertionSort;946;314;0;28290
100;30;2;BubbleSort;5218;2175;217;4320
100;30;2;MergeSort;1344;386;0;17570
100;30;2;CountingSort;301;0;0;15790
100;30;2;QuickSort;2285;932;384;3230
100;30;2;InsertionSort;1020;338;0;30811
100;30;2;BubbleSort;5318;2175;242;3360
100;30;2;MergeSort;1344;379;0;9560
100;30;2;CountingSort;301;0;0;17530
100;30;2;QuickSort;2406;903;434;3040
100;30;2;InsertionSort;966;320;0;27430
100;30;2;BubbleSort;4634;1869;224;2760
100;30;2;MergeSort;1344;385;0;8450
100;30;2;CountingSort;301;0;0;18140
100;30;2;QuickSort;2833;1114;508;3800
100;30;2;InsertionSort;947;313;0;26860
100;30;2;BubbleSort;5370;2249;218;2940
100;30;2;MergeSort;1344;390;0;13270
100;30;2;CountingSort;301;0;0;16410
100;30;2;QuickSort;2768;1010;521;3970
100;30;2;InsertionSort;884;294;0;21971
100;30;2;BubbleSort;5428;2322;196;4570
100;30;2;MergeSort;1344;386;0;14910
100;30;2;CountingSort;301;0;0;16190
100;30;2;QuickSort;3016;1294;505;5050
100;30;2;InsertionSort;1031;341;0;40420
100;30;2;BubbleSort;5772;2394;246;6150
100;30;2;MergeSort;1344;383;0;11630
100;30;2;CountingSort;301;0;0;18780
100;30;2;QuickSort;2583;960;477;3500
100;30;2;InsertionSort;1001;333;0;30291
100;30;2;BubbleSort;5438;2249;235;4300
100;30;2;MergeSort;1344;384;0;52960
100;30;2;CountingSort;301;0;0;15250
100;30;2;QuickSort;2544;960;464;3810
100;30;2;InsertionSort;874;290;0;26330
100;30;2;BubbleSort;4352;1790;193;2240
100;30;2;MergeSort;1344;389;0;8960
100;30;2;CountingSort;301;0;0;13780
100;30;2;QuickSort;2435;890;448;3570
100;30;2;InsertionSort;855;283;0;35470
100;30;2;BubbleSort;4006;1629;187;3450
100;30;2;MergeSort;1344;380;0;12790
100;30;2;CountingSort;301;0;0;16190
100;30;2;QuickSort;2269;895;393;3380
100;30;2;InsertionSort;898;296;0;36220
100;30;2;BubbleSort;5596;2394;202;8040
100;30;2;MergeSort;1344;383;0;10320
100;30;2;CountingSort;301;0;0;18390
100;30;2;QuickSort;2970;1134;543;4060
100;30;2;InsertionSort;875;289;0;25980
100;30;2;BubbleSort;5274;2249;194;4320
100;30;2;MergeSort;1344;380;0;8690
100;30;2;CountingSort;301;0;0;16000
100;30;2;QuickSort;3018;1146;557;3840
100;30;2;InsertionSort;1088;360;0;29520
100;30;2;BubbleSort;5704;2322;265;2880
100;30;2;MergeSort;1344;385;0;9070
100;30;2;CountingSort;301;0;0;25390
100;30;2;QuickSort;3116;1181;579;4130
100;30;2;InsertionSort;935;311;0;36510
100;30;2;BubbleSort;5052;2100;213;4130
100;30;2;MergeSort;1344;390;0;12210
100;30;2;CountingSort;301;0;0;13550
100;30;2;QuickSort;2198;851;385;4030
100;30;2;InsertionSort;1083;359;0;36600
100;30;2;BubbleSort;5696;2322;263;8700
100;30;2;MergeSort;1344;381;0;20930
100;30;2;CountingSort;301;0;0;20330
100;30;2;QuickSort;2809;1078;514;4500
100;30;2;InsertionSort;989;327;0;29780
100;30;2;BubbleSort;5128;2100;232;2400
100;30;2;MergeSort;1344;386;0;8810
100;30;2;CountingSort;301;0;0;15840
100;30;2;QuickSort;2340;867;421;3350
100;30;2;InsertionSort;1018;338;0;23340
100;30;2;BubbleSort;4858;1947;241;2080
100;30;2;MergeSort;1344;384;0;9640
100;30;2;CountingSort;301;0;0;17990
100;30;2;QuickSort;3127;1222;571;4180
100;30;2;InsertionSort;1049;347;0;28030
100;30;2;BubbleSort;5796;2394;252;4200
100;30;2;MergeSort;1344;387;0;9840
100;30;2;CountingSort;301;0;0;13240
100;30;2;QuickSort;2608;955;484;3800
100;30;2;InsertionSort;844;280;0;19710
100;30;2;BubbleSort;5376;2322;183;5050
100;30;2;MergeSort;1344;383;0;8940
100;30;2;CountingSort;301;0;0;17930
100;30;2;QuickSort;2289;849;412;3530
100;30;2;InsertionSort;998;330;0;27890
100;30;2;BubbleSort;5584;2322;235;5660
100;30;2;MergeSort;1344;387;0;9570
100;30;2;CountingSort;301;0;0;14251
100;30;2;QuickSort;2226;879;384;4000
100;30;2;InsertionSort;1125;373;0;38360
100;30;2;BubbleSort;5752;2322;277;3040
100;30;2;MergeSort;1344;389;0;12100
100;30;2;CountingSort;301;0;0;18430
100;30;2;QuickSort;2282;872;401;3950
100;30;2;InsertionSort;1063;351;0;25550
100;30;2;BubbleSort;5816;2394;257;5600
100;30;2;MergeSort;1344;383;0;8480
100;30;2;CountingSort;301;0;0;15740
100;30;2;QuickSort;2795;1058;516;5340
100;30;2;InsertionSort;931;309;0;24670
100;30;2;BubbleSort;5198;2175;212;11420
100;30;2;MergeSort;1344;385;0;16020
100;30;2;CountingSort;301;0;0;13890
100;30;2;QuickSort;2635;1033;467;5700
100;30;2;InsertionSort;910;302;0;26441
100;30;2;BubbleSort;5318;2249;205;2890
100;30;2;MergeSort;1344;389;0;13610
100;30;2;CountingSort;301;0;0;14520
100;30;2;QuickSort;2755;1033;505;3960
100;30;2;InsertionSort;947;313;0;38080
100;30;2;BubbleSort;5222;2175;218;2930
100;30;2;MergeSort;1344;386;0;8380
100;30;2;CountingSort;301;0;0;13900
100;30;2;QuickSort;2546;944;466;3950
100;30;2;InsertionSort;852;282;0;24690
100;30;2;BubbleSort;4638;1947;186;2050
100;30;2;MergeSort;1344;385;0;7680
100;30;2;CountingSort;301;0;0;14550
100;30;2;QuickSort;2477;953;443;3570
100;30;2;InsertionSort;844;280;0;23691
100;30;2;BubbleSort;4470;1869;183;3860
100;30;2;MergeSort;1344;383;0;6980
100;30;2;CountingSort;301;0;0;14220
100;30;2;QuickSort;2303;947;387;3830
100;30;2;InsertionSort;1119;371;0;27050
100;30;2;BubbleSort;5598;2249;275;4080
100;30;2;MergeSort;1344;385;0;9350
100;30;2;CountingSort;301;0;0;13040
100;30;2;QuickSort;2649;990;487;3510
100;30;2;InsertionSort;970;322;0;22860
100;30;2;BubbleSort;5544;2322;225;2651
100;30;2;MergeSort;1344;387;0;13250
100;30;2;CountingSort;301;0;0;15130
100;30;2;QuickSort;2343;879;424;3290
100;30;2;InsertionSort;990;328;0;33201
100;30;2;BubbleSort;5128;2100;232;5320
100;30;2;MergeSort;1344;385;0;8770
100;30;2;CountingSort;301;0;0;13600
100;30;2;QuickSort;2436;945;433;3290
100;30;2;InsertionSort;897;297;0;29010
100;30;2;BubbleSort;5154;2175;201;6620
100;30;2;MergeSort;1344;388;0;7861
100;30;2;CountingSort;301;0;0;20680
100;30;2;QuickSort;2272;874;398;5130
100;30;2;InsertionSort;839;279;0;19840
100;30;2;BubbleSort;4772;2024;181;2220
100;30;2;MergeSort;1344;382;0;8520
100;30;2;CountingSort;301;0;0;13180
100;30;2;QuickSort;3176;1238;577;14780
100;30;2;InsertionSort;1033;343;0;32221
100;30;2;BubbleSort;5334;2175;246;3770
100;30;2;MergeSort;1344;383;0;10050
100;30;2;CountingSort;301;0;0;13580
100;30;2;QuickSort;2416;925;429;3570
100;30;2;InsertionSort;927;305;0;29081
100;30;2;BubbleSort;5048;2100;212;4190
100;30;2;MergeSort;1344;386;0;13030
100;30;2;CountingSort;301;0;0;17240
100;30;2;QuickSort;2459;890;456;3490
100;30;2;InsertionSort;900;298;0;23451
100;30;2;BubbleSort;5008;2100;202;8071
100;30;2;MergeSort;1344;384;0;11310
100;30;2;CountingSort;301;0;0;11180
100;30;2;QuickSort;2206;844;389;4120
100;30;2;InsertionSort;918;306;0;96721
100;30;2;BubbleSort;4566;1869;207;2040
100;30;2;MergeSort;1344;382;0;15310
100;30;2;CountingSort;301;0;0;14780
100;30;2;QuickSort;2205;816;397;4230
100;30;2;InsertionSort;1024;340;0;23850
100;30;2;BubbleSort;4552;1790;243;3430
100;30;2;MergeSort;1344;384;0;8970
100;30;3;CountingSort;301;0;0;21520
100;30;3;QuickSort;2331;927;402;184181
100;30;3;InsertionSort;1134;378;0;87091
100;30;3;BubbleSort;5466;2175;279;237450
100;30;3;MergeSort;1344;391;0;96470
100;30;3;CountingSort;301;0;0;16190
100;30;3;QuickSort;2666;1019;480;111161
100;30;3;InsertionSort;972;324;0;29911
100;30;3;BubbleSort;5100;2100;225;130770
100;30;3;MergeSort;1344;395;0;145080
100;30;3;CountingSort;301;0;0;16810
100;30;3;QuickSort;2536;961;462;84501
100;30;3;InsertionSort;975;325;0;36161
100;30;3;BubbleSort;5254;2175;226;139040
100;30;3;MergeSort;1344;393;0;146080
100;30;3;CountingSort;301;0;0;14630
100;30;3;QuickSort;2438;935;437;99600
100;30;3;InsertionSort;975;325;0;31830
100;30;3;BubbleSort;5548;2322;226;148281
100;30;3;MergeSort;1344;397;0;110741
100;30;3;CountingSort;301;0;0;15560
100;30;3;QuickSort;3071;1157;569;113190
100;30;3;InsertionSort;951;317;0;33810
100;30;3;BubbleSort;5370;2249;218;146430
100;30;3;MergeSort;1344;392;0;78920
100;30;3;CountingSort;301;0;0;17500
100;30;3;QuickSort;2702;1043;482;85271
100;30;3;InsertionSort;828;276;0;27641
100;30;3;BubbleSort;5352;2322;177;174220
100;30;3;MergeSort;1344;398;0;36000
100;30;3;CountingSort;301;0;0;17801
100;30;3;QuickSort;2458;916;446;52700
100;30;3;InsertionSort;984;328;0;31250
100;30;3;BubbleSort;5560;2322;229;138270
100;30;3;MergeSort;1344;394;0;22610
100;30;3;CountingSort;301;0;0;15510
100;30;3;QuickSort;2462;944;438;12470
100;30;3;InsertionSort;963;321;0;30740
100;30;3;BubbleSort;4782;1947;222;157550
100;30;3;MergeSort;1344;394;0;26400
100;30;3;CountingSort;301;0;0;15940
100;30;3;QuickSort;2484;927;449;16070
100;30;3;InsertionSort;894;298;0;26160
100;30;3;BubbleSort;5440;2322;199;194260
100;30;3;MergeSort;1344;394;0;47670
100;30;3;CountingSort;301;0;0;14750
100;30;3;QuickSort;2444;935;438;26830
100;30;3;InsertionSort;1098;366;0;33550
100;30;3;BubbleSort;5998;2465;267;164240
100;30;3;MergeSort;1344;396;0;26500
100;30;3;CountingSort;301;0;0;16230
100;30;3;QuickSort;2274;852;408;10500
100;30;3;InsertionSort;948;316;0;28470
100;30;3;BubbleSort;5938;2535;217;182311
100;30;3;MergeSort;1344;392;0;21480
100;30;3;CountingSort;301;0;0;15620
100;30;3;QuickSort;2713;1081;476;28270
100;30;3;InsertionSort;804;268;0;24220
100;30;3;BubbleSort;4724;2024;169;144470
100;30;3;MergeSort;1344;397;0;17290
100;30;3;CountingSort;301;0;0;15860
100;30;3;QuickSort;2564;956;470;9650
100;30;3;InsertionSort;882;294;0;26620
100;30;3;BubbleSort;4200;1710;195;130960
100;30;3;MergeSort;1344;397;0;28110
100;30;3;CountingSort;301;0;0;15560
100;30;3;QuickSort;2445;927;439;7750
100;30;3;InsertionSort;996;332;0;30750
100;30;3;BubbleSort;4980;2024;233;122840
100;30;3;MergeSort;1344;392;0;23350
100;30;3;CountingSort;301;0;0;15370
100;30;3;QuickSort;2471;887;460;14210
100;30;3;InsertionSort;777;259;0;25480
100;30;3;BubbleSort;5428;2394;160;222721
100;30;3;MergeSort;1344;377;0;22760
100;30;3;CountingSort;301;0;0;19500
100;30;3;QuickSort;2313;873;412;9020
100;30;3;InsertionSort;1050;350;0;30250
100;30;3;BubbleSort;5648;2322;251;166100
100;30;3;MergeSort;1344;396;0;19890
100;30;3;CountingSort;301;0;0;14970
100;30;3;QuickSort;2436;900;443;11010
100;30;3;InsertionSort;921;307;0;29540
100;30;3;BubbleSort;4090;1629;208;124681
100;30;3;MergeSort;1344;396;0;26110
100;30;3;CountingSort;301;0;0;15820
100;30;3;QuickSort;2616;960;485;9120
100;30;3;InsertionSort;951;317;0;26810
100;30;3;BubbleSort;5072;2100;218;114791
100;30;3;MergeSort;1344;389;0;18580
100;30;3;CountingSort;301;0;0;14600
100;30;3;QuickSort;2370;915;417;9550
100;30;3;InsertionSort;909;303;0;29960
100;30;3;BubbleSort;4864;2024;204;115580
100;30;3;MergeSort;1344;389;0;20420
100;30;3;CountingSort;301;0;0;14060
100;30;3;QuickSort;2342;911;410;10740
100;30;3;InsertionSort;933;311;0;27460
100;30;3;BubbleSort;5048;2100;212;120220
100;30;3;MergeSort;1344;391;0;22900
100;30;3;CountingSort;301;0;0;16770
100;30;3;QuickSort;2298;948;378;9980
100;30;3;InsertionSort;897;299;0;20801
100;30;3;BubbleSort;4848;2024;200;145690
100;30;3;MergeSort;1344;398;0;25580
100;30;3;CountingSort;301;0;0;14800
100;30;3;QuickSort;2320;883;414;9030
100;30;3;InsertionSort;1008;336;0;22600
100;30;3;BubbleSort;5298;2175;237;149521
100;30;3;MergeSort;1344;393;0;17550
100;30;3;CountingSort;301;0;0;17770
100;30;3;QuickSort;3009;1116;563;8330
100;30;3;InsertionSort;939;313;0;28950
100;30;3;BubbleSort;4750;1947;214;136681
100;30;3;MergeSort;1344;392;0;17980
100;30;3;CountingSort;301;0;0;17050
100;30;3;QuickSort;2748;1098;483;10170
100;30;3;InsertionSort;984;328;0;28490
100;30;3;BubbleSort;5704;2394;229;179261
100;30;3;MergeSort;1344;388;0;21840
100;30;3;CountingSort;301;0;0;1180394
100;30;3;QuickSort;2124;825;367;8440
100;30;3;InsertionSort;969;323;0;1117523
100;30;3;BubbleSort;5246;2175;224;163000
100;30;3;MergeSort;1344;383;0;24110
100;30;3;CountingSort;301;0;0;16380
100;30;3;QuickSort;2576;947;479;10630
100;30;3;InsertionSort;888;296;0;31960
100;30;3;BubbleSort;5432;2322;197;165880
100;30;3;MergeSort;1344;391;0;24540
100;30;3;CountingSort;301;0;0;15110
100;30;3;QuickSort;2636;980;482;9690
100;30;3;InsertionSort;834;278;0;24820
100;30;3;BubbleSort;4296;1790;179;113501
100;30;3;MergeSort;1344;391;0;16370
100;30;3;CountingSort;301;0;0;17330
100;30;3;QuickSort;2477;923;452;8780
100;30;3;InsertionSort;903;301;0;27330
100;30;3;BubbleSort;5158;2175;202;133830
100;30;3;MergeSort;1344;393;0;22490
100;30;3;CountingSort;301;0;0;19190
100;30;3;QuickSort;2269;835;413;7270
100;30;3;InsertionSort;882;294;0;25910
100;30;3;BubbleSort;4200;1710;195;100600
100;30;3;MergeSort;1344;396;0;19140
100;30;3;CountingSort;301;0;0;14150
100;30;3;QuickSort;2853;1065;529;9050
100;30;3;InsertionSort;1020;340;0;36290
100;30;3;BubbleSort;5314;2175;241;34210
100;30;3;MergeSort;1344;396;0;17080
100;30;3;CountingSort;301;0;0;17690
100;30;3;QuickSort;3073;1135;578;7930
100;30;3;InsertionSort;1029;343;0;31050
100;30;3;BubbleSort;5474;2249;244;35850
100;30;3;MergeSort;1344;397;0;14660
100;30;3;CountingSort;301;0;0;16270
100;30;3;QuickSort;2728;1045;492;9560
100;30;3;InsertionSort;954;318;0;29900
100;30;3;BubbleSort;5806;2465;219;24110
100;30;3;MergeSort;1344;395;0;12820
100;30;3;CountingSort;301;0;0;16070
100;30;3;QuickSort;3436;1303;644;10390
100;30;3;InsertionSort;891;297;0;28090
100;30;3;BubbleSort;4530;1869;198;18790
100;30;3;MergeSort;1344;400;0;19340
100;30;3;CountingSort;301;0;0;17810
100;30;3;QuickSort;2139;813;375;8180
100;30;3;InsertionSort;972;324;0;27290
100;30;3;BubbleSort;5100;2100;225;32440
100;30;3;MergeSort;1344;400;0;24000
100;30;3;CountingSort;301;0;0;13120
100;30;3;QuickSort;2595;939;484;13430
100;30;3;InsertionSort;855;285;0;28560
100;30;3;BubbleSort;4324;1790;186;16890
100;30;3;MergeSort;1344;389;0;13930
100;30;3;CountingSort;301;0;0;17900
100;30;3;QuickSort;2502;912;462;8690
100;30;3;InsertionSort;909;303;0;27510
100;30;3;BubbleSort;4710;1947;204;18300
100;30;3;MergeSort;1344;394;0;15221
100;30;3;CountingSort;301;0;0;16190
100;30;3;QuickSort;2924;1124;533;18280
100;30;3;InsertionSort;837;279;0;24890
100;30;3;BubbleSort;4920;2100;180;24360
100;30;3;MergeSort;1344;395;0;22710
100;30;3;CountingSort;301;0;0;16080
100;30;3;QuickSort;2460;972;428;9700
100;30;3;InsertionSort;918;306;0;26590
100;30;3;BubbleSort;5028;2100;207;26221
100;30;3;MergeSort;1344;391;0;12220
100;30;3;CountingSort;301;0;0;28590
100;30;3;QuickSort;2428;913;439;7440
100;30;3;InsertionSort;903;301;0;26761
100;30;3;BubbleSort;4702;1947;202;21100
100;30;3;MergeSort;1344;397;0;19990
100;30;3;CountingSort;301;0;0;16720
100;30;3;QuickSort;2505;918;464;7040
100;30;3;InsertionSort;1110;370;0;33630
100;30;3;BubbleSort;6014;2465;271;20350
100;30;3;MergeSort;1344;396;0;10510
100;30;3;CountingSort;301;0;0;15980
100;30;3;QuickSort;2523;948;456;9080
100;30;3;InsertionSort;1131;377;0;26080
100;30;3;BubbleSort;6042;2465;278;38040
100;30;3;MergeSort;1344;398;0;10790
100;30;3;CountingSort;301;0;0;17930
100;30;3;QuickSort;2880;1065;537;10610
100;30;3;InsertionSort;1005;335;0;23281
100;30;3;BubbleSort;5294;2175;236;19170
100;30;3;MergeSort;1344;394;0;11010
100;30;3;CountingSort;301;0;0;16040
100;30;3;QuickSort;2102;806;371;9461
100;30;3;InsertionSort;870;290;0;21590
100;30;3;BubbleSort;4964;2100;191;20460
100;30;3;MergeSort;1344;389;0;13260
100;30;3;CountingSort;301;0;0;18160
100;30;3;QuickSort;2700;1056;481;9351
100;30;3;InsertionSort;996;332;0;29640
100;30;3;BubbleSort;5132;2100;233;24900
100;30;3;MergeSort;1344;396;0;11490
100;30;3;CountingSort;301;0;0;17060
100;30;3;QuickSort;2838;1104;509;9680
100;30;3;InsertionSort;867;289;0;26230
100;30;3;BubbleSort;5830;2535;190;42900
100;30;3;MergeSort;1344;394;0;9280
100;30;3;CountingSort;301;0;0;16400
100;30;3;QuickSort;2066;833;348;104051
100;30;3;InsertionSort;1029;343;0;25160
100;30;3;BubbleSort;5620;2322;244;23560
100;30;3;MergeSort;1344;391;0;10770
100;30;3;CountingSort;301;0;0;18190
100;30;3;QuickSort;2257;892;393;43360
100;30;3;InsertionSort;1005;335;0;34330
100;30;3;BubbleSort;4682;1869;236;22020
100;30;3;MergeSort;1344;399;0;13640
100;30;3;CountingSort;301;0;0;16420
100;30;3;QuickSort;2266;871;398;46210
100;30;3;InsertionSort;1020;340;0;35850
100;30;3;BubbleSort;5608;2322;241;19530
100;30;3;MergeSort;1344;395;0;29260
100;30;3;CountingSort;301;0;0;15270
100;30;3;QuickSort;2603;1016;458;78010
100;30;3;InsertionSort;906;302;0;34250
100;30;3;BubbleSort;5600;2394;203;42291
100;30;3;MergeSort;1344;389;0;16090
100;30;3;CountingSort;301;0;0;17940
100;30;3;QuickSort;2573;935;478;48411
100;30;3;InsertionSort;966;322;0;27051
100;30;3;BubbleSort;5390;2249;223;41230
100;30;3;MergeSort;1344;394;0;8070
100;30;3;CountingSort;301;0;0;16010
100;30;3;QuickSort;2316;885;409;47020
100;30;3;InsertionSort;921;307;0;25440
100;30;3;BubbleSort;4880;2024;208;33160
100;30;3;MergeSort;1344;387;0;10200
100;30;3;CountingSort;301;0;0;17140
100;30;3;QuickSort;2233;844;398;53761
100;30;3;InsertionSort;996;332;0;39850
100;30;3;BubbleSort;5862;2465;233;33720
100;30;3;MergeSort;1344;388;0;14630
100;30;3;CountingSort;301;0;0;22170
100;30;3;QuickSort;3077;1199;560;80060
100;30;3;InsertionSort;1029;343;0;35230
100;30;3;BubbleSort;5326;2175;244;28740
100;30;3;MergeSort;1344;389;0;13410
100;30;3;CountingSort;301;0;0;18490
100;30;3;QuickSort;2572;973;465;12450
100;30;3;InsertionSort;756;252;0;21600
100;30;3;BubbleSort;5110;2249;153;31520
100;30;3;MergeSort;1344;389;0;9730
100;30;3;CountingSort;301;0;0;16690
100;30;3;QuickSort;2764;1003;521;3110
100;30;3;InsertionSort;801;267;0;18650
100;30;3;BubbleSort;4872;2100;168;40651
100;30;3;MergeSort;1344;389;0;17350
100;30;3;CountingSort;301;0;0;13080
100;30;3;QuickSort;2387;923;425;3900
100;30;3;InsertionSort;858;286;0;34830
100;30;3;BubbleSort;5678;2465;187;20530
100;30;3;MergeSort;1344;398;0;14970
100;30;3;CountingSort;301;0;0;17260
100;30;3;QuickSort;2674;1027;481;3250
100;30;3;InsertionSort;996;332;0;28470
100;30;3;BubbleSort;5282;2175;233;24110
100;30;3;MergeSort;1344;391;0;12110
100;30;3;CountingSort;301;0;0;12780
100;30;3;QuickSort;2488;931;448;3900
100;30;3;InsertionSort;846;282;0;30840
100;30;3;BubbleSort;4626;1947;183;47110
100;30;3;MergeSort;1344;398;0;10710
100;30;3;CountingSort;301;0;0;14080
100;30;3;QuickSort;2416;895;443;3770
100;30;3;InsertionSort;945;315;0;34170
100;30;3;BubbleSort;4602;1869;216;37390
100;30;3;MergeSort;1344;393;0;9570
100;30;3;CountingSort;301;0;0;15850
100;30;3;QuickSort;2149;859;365;3580
100;30;3;InsertionSort;927;309;0;26300
100;30;3;BubbleSort;4734;1947;210;18550
100;30;3;MergeSort;1344;396;0;8820
100;30;3;CountingSort;301;0;0;30740
100;30;3;QuickSort;2513;950;457;3540
100;30;3;InsertionSort;867;289;0;33880
100;30;3;BubbleSort;5110;2175;190;38700
100;30;3;MergeSort;1344;396;0;13060
100;30;3;CountingSort;301;0;0;16130
100;30;3;QuickSort;2199;801;397;3470
100;30;3;InsertionSort;933;311;0;21181
100;30;3;BubbleSort;5048;2100;212;48420
100;30;3;MergeSort;1344;395;0;11840
100;30;3;CountingSort;301;0;0;13360
100;30;3;QuickSort;2953;1120;542;3740
100;30;3;InsertionSort;990;330;0;23680
100;30;3;BubbleSort;5568;2322;231;31940
100;30;3;MergeSort;1344;395;0;8000
100;30;3;CountingSort;301;0;0;13400
100;30;3;QuickSort;2459;899;455;3370
100;30;3;InsertionSort;969;323;0;22131
100;30;3;BubbleSort;5684;2394;224;18810
100;30;3;MergeSort;1344;391;0;10260
100;30;3;CountingSort;301;0;0;20140
100;30;3;QuickSort;2311;919;399;3390
100;30;3;InsertionSort;957;319;0;21390
100;30;3;BubbleSort;4774;1947;220;16680
100;30;3;MergeSort;1344;397;0;7610
100;30;3;CountingSort;301;0;0;13180
100;30;3;QuickSort;2654;983;490;3340
100;30;3;InsertionSort;900;300;0;26830
100;30;3;BubbleSort;4698;1947;201;75190
100;30;3;MergeSort;1344;398;0;8150
100;30;3;CountingSort;301;0;0;14410
100;30;3;QuickSort;2765;1013;519;3510
100;30;3;InsertionSort;867;289;0;25810
100;30;3;BubbleSort;5110;2175;190;19760
100;30;3;MergeSort;1344;387;0;11420
100;30;3;CountingSort;301;0;0;13500
100;30;3;QuickSort;2543;1055;432;4190
100;30;3;InsertionSort;1065;355;0;32920
100;30;3;BubbleSort;6094;2535;256;29780
100;30;3;MergeSort;1344;397;0;13170
100;30;3;CountingSort;301;0;0;22490
100;30;3;QuickSort;2138;818;375;3620
100;30;3;InsertionSort;1086;362;0;31990
100;30;3;BubbleSort;5840;2394;263;41210
100;30;3;MergeSort;1344;395;0;21140
100;30;3;CountingSort;301;0;0;18960
100;30;3;QuickSort;2356;904;420;5500
100;30;3;InsertionSort;978;326;0;27650
100;30;3;BubbleSort;5696;2394;227;78550
100;30;3;MergeSort;1344;392;0;10080
100;30;3;CountingSort;301;0;0;16640
100;30;3;QuickSort;2331;858;422;3710
100;30;3;InsertionSort;933;311;0;26030
100;30;3;BubbleSort;4742;1947;212;28080
100;30;3;MergeSort;1344;386;0;14090
100;30;3;CountingSort;301;0;0;14720
100;30;3;QuickSort;2323;904;407;3730
100;30;3;InsertionSort;993;331;0;49280
100;30;3;BubbleSort;5278;2175;232;28910
100;30;3;MergeSort;1344;395;0;12040
100;30;3;CountingSort;301;0;0;13150
100;30;3;QuickSort;2259;918;384;3790
100;30;3;InsertionSort;861;287;0;30790
100;30;3;BubbleSort;5682;2465;188;42301
100;30;3;MergeSort;1344;400;0;20900
100;30;3;CountingSort;301;0;0;18170
100;30;3;QuickSort;2432;914;439;3790
100;30;3;InsertionSort;942;314;0;28680
100;30;3;BubbleSort;5060;2100;215;98811
100;30;3;MergeSort;1344;396;0;10180
100;30;3;CountingSort;301;0;0;15720
100;30;3;QuickSort;2608;1003;468;3940
100;30;3;InsertionSort;813;271;0;24520
100;30;3;BubbleSort;3616;1464;172;28370
100;30;3;MergeSort;1344;390;0;8930
100;30;3;CountingSort;301;0;0;16060
100;30;3;QuickSort;2436;879;453;3670
100;30;3;InsertionSort;864;288;0;23710
100;30;3;BubbleSort;4804;2024;189;33610
100;30;3;MergeSort;1344;393;0;10610
100;30;3;CountingSort;301;0;0;16790
100;30;3;QuickSort;2348;926;409;3780
100;30;3;InsertionSort;957;319;0;26560
100;30;3;BubbleSort;5810;2465;220;23810
100;30;3;MergeSort;1344;395;0;10800
100;30;3;CountingSort;301;0;0;16270
100;30;3;QuickSort;2490;963;446;3700
100;30;3;InsertionSort;918;306;0;25150
100;30;3;BubbleSort;4722;1947;207;94970
100;30;3;MergeSort;1344;389;0;20200
100;30;3;CountingSort;301;0;0;16580
100;30;3;QuickSort;2984;1190;535;4100
100;30;3;InsertionSort;1041;347;0;33151
100;30;3;BubbleSort;5490;2249;248;30031
100;30;3;MergeSort;1344;396;0;11790
100;30;3;CountingSort;301;0;0;18280
100;30;3;QuickSort;2379;924;420;3710
100;30;3;InsertionSort;882;294;0;25940
100;30;3;BubbleSort;5278;2249;195;28660
100;30;3;MergeSort;1344;395;0;9680
100;30;3;CountingSort;301;0;0;15840
100;30;3;QuickSort;2967;1128;547;5460
100;30;3;InsertionSort;855;285;0;24180
100;30;3;BubbleSort;4164;1710;186;27420
100;30;3;MergeSort;1344;395;0;19280
100;30;3;CountingSort;301;0;0;19090
100;30;3;QuickSort;2828;1055;523;3800
100;30;3;InsertionSort;768;256;0;23870
100;30;3;BubbleSort;4676;2024;157;93920
100;30;3;MergeSort;1344;391;0;10730
100;30;3;CountingSort;301;0;0;17250
100;30;3;QuickSort;2904;1149;516;4020
100;30;3;InsertionSort;1026;342;0;29080
100;30;3;BubbleSort;5172;2100;243;33000
100;30;3;MergeSort;1344;393;0;15390
100;30;3;CountingSort;301;0;0;16760
100;30;3;QuickSort;2641;1036;469;3950
100;30;3;InsertionSort;990;330;0;26880
100;30;3;BubbleSort;5124;2100;231;28070
100;30;3;MergeSort;1344;398;0;9760
100;30;3;CountingSort;301;0;0;18290
100;30;3;QuickSort;2840;1055;530;4220
100;30;3;InsertionSort;819;273;0;23670
100;30;3;BubbleSort;4590;1947;174;19310
100;30;3;MergeSort;1344;395;0;9120
100;30;3;CountingSort;301;0;0;16240
100;30;3;QuickSort;2453;881;454;17150
100;30;3;InsertionSort;996;332;0;29080
100;30;3;BubbleSort;4826;1947;233;89711
100;30;3;MergeSort;1344;397;0;11730
100;30;3;CountingSort;301;0;0;15871
100;30;3;QuickSort;2203;838;389;4030
100;30;3;InsertionSort;879;293;0;25270
100;30;3;BubbleSort;4670;1947;194;17780
100;30;3;MergeSort;1344;397;0;10380
100;30;3;CountingSort;301;0;0;17880
100;30;3;QuickSort;2236;838;402;4060
100;30;3;InsertionSort;984;328;0;33400
100;30;3;BubbleSort;5560;2322;229;23250
100;30;3;MergeSort;1344;399;0;12100
100;30;3;CountingSort;301;0;0;16800
100;30;3;QuickSort;2739;1026;500;4530
100;30;3;InsertionSort;804;268;0;24380
100;30;3;BubbleSort;4876;2100;169;20530
100;30;3;MergeSort;1344;388;0;9970
100;30;3;CountingSort;301;0;0;18950
100;30;3;QuickSort;2766;1032;509;4460
100;30;3;InsertionSort;1101;367;0;31840
100;30;3;BubbleSort;5716;2322;268;100740
100;30;3;MergeSort;1344;396;0;8660
100;30;3;CountingSort;301;0;0;15960
100;30;3;QuickSort;2450;923;441;3970
100;30;3;InsertionSort;1053;351;0;28730
100;30;3;BubbleSort;5938;2465;252;23771
100;30;3;MergeSort;1344;397;0;10550
100;30;3;CountingSort;301;0;0;16260
100;30;3;QuickSort;2359;874;430;3740
100;30;3;InsertionSort;876;292;0;30751
100;30;3;BubbleSort;4666;1947;193;28700
100;30;3;MergeSort;1344;393;0;12550
100;30;3;CountingSort;301;0;0;17650
100;30;3;QuickSort;2671;997;489;3890
100;30;3;InsertionSort;1101;367;0;29060
100;30;3;BubbleSort;5860;2394;268;23830
100;30;3;MergeSort;1344;396;0;10550
100;30;3;CountingSort;301;0;0;16930
100;30;3;QuickSort;2373;894;425;4000
100;30;3;InsertionSort;1008;336;0;26460
100;30;3;BubbleSort;5592;2322;237;6000
100;30;3;MergeSort;1344;399;0;9940
100;30;3;CountingSort;301;0;0;18100
100;30;3;QuickSort;2643;990;485;4430
100;30;3;InsertionSort;1029;343;0;29101
100;30;3;BubbleSort;5326;2175;244;2980
100;30;3;MergeSort;1344;388;0;10020
100;30;3;CountingSort;301;0;0;15980
100;30;3;QuickSort;2219;836;396;4110
100;30;3;InsertionSort;930;310;0;21290
100;30;3;BubbleSort;5342;2249;211;2810
100;30;3;MergeSort;1344;392;0;9950
100;30;3;CountingSort;301;0;0;15820
100;30;3;QuickSort;2540;983;451;4150
100;30;3;InsertionSort;990;330;0;27040
100;30;3;BubbleSort;5854;2465;231;3220
100;30;3;MergeSort;1344;398;0;16671
100;30;3;CountingSort;301;0;0;19910
100;30;3;QuickSort;2424;1020;403;4290
100;30;3;InsertionSort;918;306;0;30331
100;30;3;BubbleSort;5898;2535;207;3260
100;30;3;MergeSort;1344;391;0;11970
100;30;3;CountingSort;301;0;0;24070
100;30;3;QuickSort;2529;948;461;3990
100;30;3;InsertionSort;933;311;0;21920
100;30;3;BubbleSort;5778;2465;212;4480
100;30;3;MergeSort;1344;398;0;10060
100;30;3;CountingSort;301;0;0;13820
100;30;3;QuickSort;2568;1020;450;3860
100;30;3;InsertionSort;792;264;0;24950
100;30;3;BubbleSort;3754;1547;165;9530
100;30;3;MergeSort;1344;387;0;6570
100;30;4;CountingSort;301;0;0;16690
100;30;4;QuickSort;2331;876;418;299611
100;30;4;InsertionSort;837;279;0;62720
100;30;4;BubbleSort;4614;1947;180;293911
100;30;4;MergeSort;1344;400;0;100590
100;30;4;CountingSort;301;0;0;19510
100;30;4;QuickSort;2270;905;387;110861
100;30;4;InsertionSort;903;301;0;26430
100;30;4;BubbleSort;5158;2175;202;227101
100;30;4;MergeSort;1344;400;0;123570
100;30;4;CountingSort;301;0;0;29940
100;30;4;QuickSort;2607;960;486;101430
100;30;4;InsertionSort;1098;366;0;35270
100;30;4;BubbleSort;6138;2535;267;229961
100;30;4;MergeSort;1344;402;0;149230
100;30;4;CountingSort;301;0;0;14730
100;30;4;QuickSort;2548;940;470;70630
100;30;4;InsertionSort;882;294;0;29470
100;30;4;BubbleSort;5130;2175;195;207331
100;30;4;MergeSort;1344;397;0;105391
100;30;4;CountingSort;301;0;0;14920
100;30;4;QuickSort;2602;1015;460;78140
100;30;4;InsertionSort;915;305;0;29070
100;30;4;BubbleSort;4872;2024;206;171680
100;30;4;MergeSort;1344;397;0;64070
100;30;4;CountingSort;301;0;0;16540
100;30;4;QuickSort;2254;931;378;104021
100;30;4;InsertionSort;924;308;0;28511
100;30;4;BubbleSort;5186;2175;209;179590
100;30;4;MergeSort;1344;401;0;26850
100;30;4;CountingSort;301;0;0;14180
100;30;4;QuickSort;2714;998;500;59511
100;30;4;InsertionSort;966;322;0;30341
100;30;4;BubbleSort;5390;2249;223;173800
100;30;4;MergeSort;1344;406;0;41010
100;30;4;CountingSort;301;0;0;13090
100;30;4;QuickSort;2409;900;435;20890
100;30;4;InsertionSort;864;288;0;24650
100;30;4;BubbleSort;4494;1869;189;142201
100;30;4;MergeSort;1344;396;0;19510
100;30;4;CountingSort;301;0;0;14630
100;30;4;QuickSort;2456;905;447;34490
100;30;4;InsertionSort;912;304;0;27360
100;30;4;BubbleSort;4868;2024;205;153010
100;30;4;MergeSort;1344;402;0;36270
100;30;4;CountingSort;301;0;0;12520
100;30;4;QuickSort;2363;860;434;29240
100;30;4;InsertionSort;960;320;0;29070
100;30;4;BubbleSort;5382;2249;221;138450
100;30;4;MergeSort;1344;403;0;17430
100;30;4;CountingSort;301;0;0;16180
100;30;4;QuickSort;2533;976;454;8660
100;30;4;InsertionSort;912;304;0;25640
100;30;4;BubbleSort;5464;2322;205;168100
100;30;4;MergeSort;1344;408;0;14370
100;30;4;CountingSort;301;0;0;23630
100;30;4;QuickSort;2993;1157;545;11490
100;30;4;InsertionSort;990;330;0;28380
100;30;4;BubbleSort;4972;2024;231;115000
100;30;4;MergeSort;1344;400;0;27580
100;30;4;CountingSort;301;0;0;15620
100;30;4;QuickSort;2911;1066;548;8640
100;30;4;InsertionSort;990;330;0;22580
100;30;4;BubbleSort;5854;2465;231;139110
100;30;4;MergeSort;1344;405;0;23230
100;30;4;CountingSort;301;0;0;15750
100;30;4;QuickSort;2387;1007;394;10320
100;30;4;InsertionSort;996;332;0;26880
100;30;4;BubbleSort;5576;2322;233;132830
100;30;4;MergeSort;1344;397;0;16330
100;30;4;CountingSort;301;0;0;12300
100;30;4;QuickSort;2472;960;439;12700
100;30;4;InsertionSort;951;317;0;22400
100;30;4;BubbleSort;5516;2322;218;167591
100;30;4;MergeSort;1344;407;0;29800
100;30;4;CountingSort;301;0;0;15480
100;30;4;QuickSort;2130;837;363;7610
100;30;4;InsertionSort;900;300;0;20360
100;30;4;BubbleSort;4698;1947;201;115540
100;30;4;MergeSort;1344;405;0;22320
100;30;4;CountingSort;301;0;0;13840
100;30;4;QuickSort;2657;980;491;9400
100;30;4;InsertionSort;960;320;0;31410
100;30;4;BubbleSort;5084;2100;221;118711
100;30;4;MergeSort;1344;395;0;23330
100;30;4;CountingSort;301;0;0;16380
100;30;4;QuickSort;2413;916;434;9140
100;30;4;InsertionSort;807;269;0;24490
100;30;4;BubbleSort;4260;1790;170;133420
100;30;4;MergeSort;1344;405;0;24310
100;30;4;CountingSort;301;0;0;15160
100;30;4;QuickSort;2395;913;429;7720
100;30;4;InsertionSort;978;326;0;31250
100;30;4;BubbleSort;5406;2249;227;124961
100;30;4;MergeSort;1344;397;0;20860
100;30;4;CountingSort;301;0;0;14200
100;30;4;QuickSort;2161;814;384;9100
100;30;4;InsertionSort;918;306;0;27830
100;30;4;BubbleSort;4722;1947;207;121460
100;30;4;MergeSort;1344;399;0;20030
100;30;4;CountingSort;301;0;0;17850
100;30;4;QuickSort;2314;892;407;9350
100;30;4;InsertionSort;924;308;0;21280
100;30;4;BubbleSort;5480;2322;209;163100
100;30;4;MergeSort;1344;401;0;25010
100;30;4;CountingSort;301;0;0;13850
100;30;4;QuickSort;2786;1094;499;10700
100;30;4;InsertionSort;1023;341;0;28110
100;30;4;BubbleSort;5756;2394;242;168040
100;30;4;MergeSort;1344;398;0;16100
100;30;4;CountingSort;301;0;0;13350
100;30;4;QuickSort;2703;1041;485;10020
100;30;4;InsertionSort;819;273;0;19590
100;30;4;BubbleSort;4744;2024;174;138881
100;30;4;MergeSort;1344;407;0;18560
100;30;4;CountingSort;301;0;0;13040
100;30;4;QuickSort;2602;1003;467;9410
100;30;4;InsertionSort;1053;351;0;31820
100;30;4;BubbleSort;5208;2100;252;162191
100;30;4;MergeSort;1344;399;0;23460
100;30;4;CountingSort;301;0;0;13730
100;30;4;QuickSort;2407;910;430;9640
100;30;4;InsertionSort;936;312;0;31170
100;30;4;BubbleSort;5350;2249;213;1384664
100;30;4;MergeSort;1344;396;0;1259184
100;30;4;CountingSort;301;0;0;13380
100;30;4;QuickSort;2793;1035;521;10400
100;30;4;InsertionSort;981;327;0;22570
100;30;4;BubbleSort;4650;1869;228;141971
100;30;4;MergeSort;1344;406;0;18620
100;30;4;CountingSort;301;0;0;14280
100;30;4;QuickSort;2782;1126;488;12550
100;30;4;InsertionSort;846;282;0;27190
100;30;4;BubbleSort;4780;2024;183;114230
100;30;4;MergeSort;1344;395;0;16970
100;30;4;CountingSort;301;0;0;13390
100;30;4;QuickSort;2704;1009;503;13460
100;30;4;InsertionSort;960;320;0;28590
100;30;4;BubbleSort;5954;2535;221;138961
100;30;4;MergeSort;1344;405;0;16530
100;30;4;CountingSort;301;0;0;14620
100;30;4;QuickSort;2675;986;493;8260
100;30;4;InsertionSort;1056;352;0;31440
100;30;4;BubbleSort;5656;2322;253;94850
100;30;4;MergeSort;1344;398;0;25600
100;30;4;CountingSort;301;0;0;12680
100;30;4;QuickSort;3055;1174;557;11480
100;30;4;InsertionSort;945;315;0;26270
100;30;4;BubbleSort;5064;2100;216;40820
100;30;4;MergeSort;1344;401;0;14020
100;30;4;CountingSort;301;0;0;18000
100;30;4;QuickSort;2610;1059;452;10000
100;30;4;InsertionSort;861;287;0;24940
100;30;4;BubbleSort;4490;1869;188;20841
100;30;4;MergeSort;1344;394;0;29660
100;30;4;CountingSort;301;0;0;16070
100;30;4;QuickSort;2762;1013;517;9890
100;30;4;InsertionSort;1014;338;0;30170
100;30;4;BubbleSort;5004;2024;239;41120
100;30;4;MergeSort;1344;397;0;20130
100;30;4;CountingSort;301;0;0;12340
100;30;4;QuickSort;2221;856;394;10330
100;30;4;InsertionSort;999;333;0;25900
100;30;4;BubbleSort;5866;2465;234;31940
100;30;4;MergeSort;1344;394;0;39480
100;30;4;CountingSort;301;0;0;18450
100;30;4;QuickSort;2458;934;442;7950
100;30;4;InsertionSort;927;309;0;38130
100;30;4;BubbleSort;4888;2024;210;30650
100;30;4;MergeSort;1344;396;0;12270
100;30;4;CountingSort;301;0;0;16950
100;30;4;QuickSort;2410;925;425;8130
100;30;4;InsertionSort;996;332;0;28320
100;30;4;BubbleSort;4980;2024;233;24140
100;30;4;MergeSort;1344;406;0;10070
100;30;4;CountingSort;301;0;0;14720
100;30;4;QuickSort;2200;832;386;9850
100;30;4;InsertionSort;780;260;0;24850
100;30;4;BubbleSort;3572;1464;161;29150
100;30;4;MergeSort;1344;393;0;16510
100;30;4;CountingSort;301;0;0;18730
100;30;4;QuickSort;2286;870;406;7420
100;30;4;InsertionSort;1086;362;0;42130
100;30;4;BubbleSort;5840;2394;263;37180
100;30;4;MergeSort;1344;406;0;14270
100;30;4;CountingSort;301;0;0;12780
100;30;4;QuickSort;2319;906;404;11410
100;30;4;InsertionSort;993;331;0;25420
100;30;4;BubbleSort;4186;1629;232;23730
100;30;4;MergeSort;1344;398;0;11441
100;30;4;CountingSort;301;0;0;18000
100;30;4;QuickSort;2544;1029;436;10050
100;30;4;InsertionSort;900;300;0;35630
100;30;4;BubbleSort;5004;2100;201;45420
100;30;4;MergeSort;1344;402;0;22520
100;30;4;CountingSort;301;0;0;16130
100;30;4;QuickSort;2084;887;335;13240
100;30;4;InsertionSort;1002;334;0;40280
100;30;4;BubbleSort;5140;2100;235;31290
100;30;4;MergeSort;1344;409;0;11580
100;30;4;CountingSort;301;0;0;16020
100;30;4;QuickSort;2539;982;454;12780
100;30;4;InsertionSort;975;325;0;25870
100;30;4;BubbleSort;5548;2322;226;34320
100;30;4;MergeSort;1344;399;0;21440
100;30;4;CountingSort;301;0;0;15310
100;30;4;QuickSort;2560;967;464;127111
100;30;4;InsertionSort;882;294;0;35661
100;30;4;BubbleSort;4828;2024;195;30680
100;30;4;MergeSort;1344;398;0;10640
100;30;4;CountingSort;301;0;0;13810
100;30;4;QuickSort;3067;1183;561;79520
100;30;4;InsertionSort;1131;377;0;27670
100;30;4;BubbleSort;5610;2249;278;22270
100;30;4;MergeSort;1344;401;0;32820
100;30;4;CountingSort;301;0;0;14311
100;30;4;QuickSort;2167;850;371;51310
100;30;4;InsertionSort;1044;348;0;30530
100;30;4;BubbleSort;5640;2322;249;29320
100;30;4;MergeSort;1344;400;0;8760
100;30;4;CountingSort;301;0;0;17450
100;30;4;QuickSort;2634;969;492;56790
100;30;4;InsertionSort;921;307;0;36050
100;30;4;BubbleSort;5620;2394;208;36030
100;30;4;MergeSort;1344;397;0;13190
100;30;4;CountingSort;301;0;0;13610
100;30;4;QuickSort;2214;864;385;47190
100;30;4;InsertionSort;957;319;0;29790
100;30;4;BubbleSort;5080;2100;220;31460
100;30;4;MergeSort;1344;406;0;14010
100;30;4;CountingSort;301;0;0;15500
100;30;4;QuickSort;3507;1326;658;76380
100;30;4;InsertionSort;969;323;0;26050
100;30;4;BubbleSort;5540;2322;224;34680
100;30;4;MergeSort;1344;404;0;9310
100;30;4;CountingSort;301;0;0;13540
100;30;4;QuickSort;2422;895;440;48030
100;30;4;InsertionSort;957;319;0;31380
100;30;4;BubbleSort;5950;2535;220;26351
100;30;4;MergeSort;1344;401;0;13090
100;30;4;CountingSort;301;0;0;14060
100;30;4;QuickSort;2562;1008;451;13000
100;30;4;InsertionSort;957;319;0;37420
100;30;4;BubbleSort;5668;2394;220;41160
100;30;4;MergeSort;1344;396;0;13450
100;30;4;CountingSort;301;0;0;12830
100;30;4;QuickSort;2337;870;423;3800
100;30;4;InsertionSort;1071;357;0;38860
100;30;4;BubbleSort;5530;2249;258;35140
100;30;4;MergeSort;1344;404;0;17190
100;30;4;CountingSort;301;0;0;15930
100;30;4;QuickSort;2857;1066;528;3020
100;30;4;InsertionSort;1032;344;0;31470
100;30;4;BubbleSort;5768;2394;245;59230
100;30;4;MergeSort;1344;405;0;10940
100;30;4;CountingSort;301;0;0;17920
100;30;4;QuickSort;2445;933;438;3940
100;30;4;InsertionSort;969;323;0;35950
100;30;4;BubbleSort;5096;2100;224;36430
100;30;4;MergeSort;1344;406;0;14410
100;30;4;CountingSort;301;0;0;19180
100;30;4;QuickSort;2355;852;434;11280
100;30;4;InsertionSort;864;288;0;33100
100;30;4;BubbleSort;4176;1710;189;18420
100;30;4;MergeSort;1344;403;0;11450
100;30;4;CountingSort;301;0;0;14200
100;30;4;QuickSort;2419;1006;404;3940
100;30;4;InsertionSort;999;333;0;27710
100;30;4;BubbleSort;4984;2024;234;27210
100;30;4;MergeSort;1344;406;0;19380
100;30;4;CountingSort;301;0;0;16090
100;30;4;QuickSort;2542;943;467;3620
100;30;4;InsertionSort;1059;353;0;30890
100;30;4;BubbleSort;5366;2175;254;35340
100;30;4;MergeSort;1344;400;0;11800
100;30;4;CountingSort;301;0;0;15680
100;30;4;QuickSort;2426;944;427;3990
100;30;4;InsertionSort;1026;342;0;30080
100;30;4;BubbleSort;5020;2024;243;19310
100;30;4;MergeSort;1344;401;0;21170
100;30;4;CountingSort;301;0;0;15290
100;30;4;QuickSort;2486;929;452;3340
100;30;4;InsertionSort;894;298;0;23200
100;30;4;BubbleSort;5866;2535;199;21630
100;30;4;MergeSort;1344;393;0;14190
100;30;4;CountingSort;301;0;0;17060
100;30;4;QuickSort;2489;932;458;4910
100;30;4;InsertionSort;828;276;0;26860
100;30;4;BubbleSort;4128;1710;177;32190
100;30;4;MergeSort;1344;404;0;14280
100;30;4;CountingSort;301;0;0;17880
100;30;4;QuickSort;2510;947;458;3930
100;30;4;InsertionSort;1038;346;0;33460
100;30;4;BubbleSort;5632;2322;247;31680
100;30;4;MergeSort;1344;403;0;13450
100;30;4;CountingSort;301;0;0;17650
100;30;4;QuickSort;2308;877;410;4270
100;30;4;InsertionSort;1053;351;0;40770
100;30;4;BubbleSort;5506;2249;252;18380
100;30;4;MergeSort;1344;398;0;10740
100;30;4;CountingSort;301;0;0;16340
100;30;4;QuickSort;2338;904;409;3330
100;30;4;InsertionSort;855;285;0;25010
100;30;4;BubbleSort;4792;2024;186;16590
100;30;4;MergeSort;1344;392;0;12480
100;30;4;CountingSort;301;0;0;13160
100;30;4;QuickSort;2481;912;456;3940
100;30;4;InsertionSort;831;277;0;25101
100;30;4;BubbleSort;5210;2249;178;32710
100;30;4;MergeSort;1344;393;0;16670
100;30;4;CountingSort;301;0;0;16670
100;30;4;QuickSort;2311;928;396;11060
100;30;4;InsertionSort;981;327;0;27511
100;30;4;BubbleSort;5112;2100;228;21410
100;30;4;MergeSort;1344;405;0;9950
100;30;4;CountingSort;301;0;0;15460
100;30;4;QuickSort;2036;794;349;5180
100;30;4;InsertionSort;885;295;0;27470
100;30;4;BubbleSort;5134;2175;196;23260
100;30;4;MergeSort;1344;399;0;10400
100;30;4;CountingSort;301;0;0;17330
100;30;4;QuickSort;2511;918;466;3600
100;30;4;InsertionSort;1002;334;0;31340
100;30;4;BubbleSort;6010;2535;235;41710
100;30;4;MergeSort;1344;402;0;20430
100;30;4;CountingSort;301;0;0;15650
100;30;4;QuickSort;2572;961;466;3970
100;30;4;InsertionSort;912;304;0;27810
100;30;4;BubbleSort;4400;1790;205;26810
100;30;4;MergeSort;1344;401;0;15860
100;30;4;CountingSort;301;0;0;17560
100;30;4;QuickSort;2727;1167;456;4040
100;30;4;InsertionSort;921;307;0;25630
100;30;4;BubbleSort;5476;2322;208;36530
100;30;4;MergeSort;1344;394;0;11020
100;30;4;CountingSort;301;0;0;13980
100;30;4;QuickSort;2496;930;458;3630
100;30;4;InsertionSort;924;308;0;28460
100;30;4;BubbleSort;5480;2322;209;27830
100;30;4;MergeSort;1344;393;0;8560
100;30;4;CountingSort;301;0;0;17200
100;30;4;QuickSort;2529;933;467;3800
100;30;4;InsertionSort;1059;353;0;23370
100;30;4;BubbleSort;5660;2322;254;18950
100;30;4;MergeSort;1344;395;0;9070
100;30;4;CountingSort;301;0;0;13800
100;30;4;QuickSort;2410;874;443;3980
100;30;4;InsertionSort;1041;347;0;31930
100;30;4;BubbleSort;5490;2249;248;29000
100;30;4;MergeSort;1344;400;0;10250
100;30;4;CountingSort;301;0;0;19240
100;30;4;QuickSort;2885;1049;545;17970
100;30;4;InsertionSort;969;323;0;36650
100;30;4;BubbleSort;5966;2535;224;49060
100;30;4;MergeSort;1344;399;0;13390
100;30;4;CountingSort;301;0;0;17980
100;30;4;QuickSort;2473;997;427;4470
100;30;4;InsertionSort;903;301;0;25450
100;30;4;BubbleSort;5158;2175;202;22160
100;30;4;MergeSort;1344;402;0;12161
100;30;4;CountingSort;301;0;0;17150
100;30;4;QuickSort;2279;836;415;4870
100;30;4;InsertionSort;1032;344;0;36210
100;30;4;BubbleSort;4874;1947;245;26180
100;30;4;MergeSort;1344;406;0;9040
100;30;4;CountingSort;301;0;0;12920
100;30;4;QuickSort;2793;1095;504;4300
100;30;4;InsertionSort;939;313;0;60991
100;30;4;BubbleSort;4750;1947;214;32090
100;30;4;MergeSort;1344;404;0;8600
100;30;4;CountingSort;301;0;0;14460
100;30;4;QuickSort;2340;924;407;3620
100;30;4;InsertionSort;987;329;0;31410
100;30;4;BubbleSort;5418;2249;230;18291
100;30;4;MergeSort;1344;408;0;8490
100;30;4;CountingSort;301;0;0;15020
100;30;4;QuickSort;2370;924;413;4990
100;30;4;InsertionSort;894;298;0;20350
100;30;4;BubbleSort;4690;1947;199;31490
100;30;4;MergeSort;1344;402;0;11310
100;30;4;CountingSort;301;0;0;13270
100;30;4;QuickSort;2425;919;435;4380
100;30;4;InsertionSort;924;308;0;27410
100;30;4;BubbleSort;5334;2249;209;81081
100;30;4;MergeSort;1344;391;0;14140
100;30;4;CountingSort;301;0;0;16490
100;30;4;QuickSort;2692;997;500;5310
100;30;4;InsertionSort;999;333;0;33251
100;30;4;BubbleSort;5866;2465;234;47440
100;30;4;MergeSort;1344;404;0;13470
100;30;4;CountingSort;301;0;0;13580
100;30;4;QuickSort;2648;995;484;4490
100;30;4;InsertionSort;927;309;0;31340
100;30;4;BubbleSort;5628;2394;210;65850
100;30;4;MergeSort;1344;400;0;14190
100;30;4;CountingSort;301;0;0;14730
100;30;4;QuickSort;2261;857;401;3530
100;30;4;InsertionSort;933;311;0;26310
100;30;4;BubbleSort;4742;1947;212;16390
100;30;4;MergeSort;1344;398;0;8530
100;30;4;CountingSort;301;0;0;12640
100;30;4;QuickSort;2387;932;420;3200
100;30;4;InsertionSort;900;300;0;23260
100;30;4;BubbleSort;4852;2024;201;74350
100;30;4;MergeSort;1344;398;0;16110
100;30;4;CountingSort;301;0;0;17460
100;30;4;QuickSort;2545;1003;448;3550
100;30;4;InsertionSort;1047;349;0;30000
100;30;4;BubbleSort;5788;2394;250;34990
100;30;4;MergeSort;1344;402;0;10220
100;30;4;CountingSort;301;0;0;14250
100;30;4;QuickSort;2538;945;463;3260
100;30;4;InsertionSort;1089;363;0;29230
100;30;4;BubbleSort;5256;2100;264;32800
100;30;4;MergeSort;1344;402;0;9630
100;30;4;CountingSort;301;0;0;16290
100;30;4;QuickSort;2160;861;369;3850
100;30;4;InsertionSort;1065;355;0;30690
100;30;4;BubbleSort;5522;2249;256;37860
100;30;4;MergeSort;1344;405;0;12430
100;30;4;CountingSort;301;0;0;17640
100;30;4;QuickSort;2229;864;387;4090
100;30;4;InsertionSort;849;283;0;25671
100;30;4;BubbleSort;4316;1790;184;77960
100;30;4;MergeSort;1344;408;0;12640
100;30;4;CountingSort;301;0;0;15421
100;30;4;QuickSort;2392;922;423;4060
100;30;4;InsertionSort;1083;361;0;33190
100;30;4;BubbleSort;5546;2249;262;9420
100;30;4;MergeSort;1344;404;0;9330
100;30;4;CountingSort;301;0;0;12190
100;30;4;QuickSort;2349;891;419;3500
100;30;4;InsertionSort;957;319;0;45700
100;30;4;BubbleSort;5378;2249;220;3770
100;30;4;MergeSort;1344;394;0;9030
100;30;4;CountingSort;301;0;0;13760
100;30;4;QuickSort;2456;1004;418;4140
100;30;4;InsertionSort;1068;356;0;31590
100;30;4;BubbleSort;5378;2175;257;3710
100;30;4;MergeSort;1344;396;0;11130
100;30;4;CountingSort;301;0;0;13181
100;30;4;QuickSort;2859;1107;518;4170
100;30;4;InsertionSort;903;301;0;20800
100;30;4;BubbleSort;4856;2024;202;4130
100;30;4;MergeSort;1344;406;0;13300
100;30;4;CountingSort;301;0;0;14310
100;30;4;QuickSort;2386;919;421;3870
100;30;4;InsertionSort;1005;335;0;23860
100;30;4;BubbleSort;5732;2394;236;2790
100;30;4;MergeSort;1344;403;0;8920
100;30;4;CountingSort;301;0;0;12480
100;30;4;QuickSort;2360;899;423;3250
100;30;4;InsertionSort;996;332;0;27300
100;30;4;BubbleSort;5282;2175;233;2230
100;30;4;MergeSort;1344;403;0;9230
100;30;4;CountingSort;301;0;0;12630
100;30;4;QuickSort;2570;968;470;4130
100;30;4;InsertionSort;822;274;0;24531
100;30;4;BubbleSort;4594;1947;175;2000
100;30;4;MergeSort;1344;404;0;8930
100;30;4;CountingSort;301;0;0;14030
100;30;4;QuickSort;2677;1042;479;39910
100;30;4;InsertionSort;957;319;0;26970
100;30;4;BubbleSort;5378;2249;220;4560
100;30;4;MergeSort;1344;408;0;10700
100;30;4;CountingSort;301;0;0;16950
100;30;4;QuickSort;2837;1052;529;4410
100;30;4;InsertionSort;954;318;0;26821
100;30;4;BubbleSort;5806;2465;219;3110
100;30;4;MergeSort;1344;399;0;9740
100;30;4;CountingSort;301;0;0;19161
100;30;4;QuickSort;2553;945;469;4040
100;30;4;InsertionSort;903;301;0;24350
100;30;4;BubbleSort;5306;2249;202;2840
100;30;4;MergeSort;1344;403;0;20370
100;30;4;CountingSort;301;0;0;12970
100;30;4;QuickSort;2314;859;417;3620
100;30;4;InsertionSort;912;304;0;27060
100;30;4;BubbleSort;4714;1947;205;2820
100;30;4;MergeSort;1344;400;0;9300
100;30;4;CountingSort;301;0;0;12440
100;30;4;QuickSort;2385;906;429;3970
100;30;4;InsertionSort;960;320;0;31160
100;30;4;BubbleSort;5382;2249;221;4160
100;30;4;MergeSort;1344;395;0;34510
100;30;4;CountingSort;301;0;0;15000
100;30;4;QuickSort;2564;989;456;3670
100;30;4;InsertionSort;1056;352;0;27830
100;30;4;BubbleSort;5362;2175;253;3130
100;30;4;MergeSort;1344;407;0;9730
100;30;4;CountingSort;301;0;0;15020
100;30;4;QuickSort;2421;885;445;5410
100;30;4;InsertionSort;990;330;0;22740
100;30;4;BubbleSort;5712;2394;231;2460
100;30;4;MergeSort;1344;410;0;15130
100;30;4;CountingSort;301;0;0;13250
100;30;4;QuickSort;2195;827;394;4110
100;30;4;InsertionSort;942;314;0;33990
100;30;4;BubbleSort;5060;2100;215;2730
100;30;4;MergeSort;1344;400;0;11850
100;40;1;CountingSort;301;0;0;21440
100;40;1;QuickSort;2549;965;461;316311
100;40;1;InsertionSort;4180;1392;0;280010
100;40;1;BubbleSort;14738;4779;1295;533051
100;40;1;MergeSort;1344;527;0;118870
100;40;1;CountingSort;301;0;0;17100
100;40;1;QuickSort;2174;842;379;96890
100;40;1;InsertionSort;4213;1403;0;144811
100;40;1;BubbleSort;14942;4859;1306;371641
100;40;1;MergeSort;1344;531;0;1019833
100;40;1;CountingSort;301;0;0;21190
100;40;1;QuickSort;2547;1023;444;80990
100;40;1;InsertionSort;3996;1332;0;111480
100;40;1;BubbleSort;14802;4935;1233;384771
100;40;1;MergeSort;1344;530;0;138731
100;40;1;CountingSort;301;0;0;13100
100;40;1;QuickSort;3132;1176;585;129190
100;40;1;InsertionSort;4249;1413;0;127050
100;40;1;BubbleSort;14994;4859;1319;384571
100;40;1;MergeSort;1344;535;0;58170
100;40;1;CountingSort;301;0;0;11370
100;40;1;QuickSort;2367;885;426;54220
100;40;1;InsertionSort;3114;1038;0;99480
100;40;1;BubbleSort;12844;4544;939;262881
100;40;1;MergeSort;1344;526;0;45880
100;40;1;CountingSort;301;0;0;15960
100;40;1;QuickSort;2587;1000;465;45310
100;40;1;InsertionSort;3426;1142;0;132821
100;40;1;BubbleSort;13982;4905;1043;330411
100;40;1;MergeSort;1344;536;0;15660
100;40;1;CountingSort;301;0;0;11700
100;40;1;QuickSort;2400;945;418;23340
100;40;1;InsertionSort;3949;1315;0;115830
100;40;1;BubbleSort;14430;4779;1218;468961
100;40;1;MergeSort;1344;513;0;21020
100;40;1;CountingSort;301;0;0;16810
100;40;1;QuickSort;2599;1015;460;10380
100;40;1;InsertionSort;3298;1098;0;73610
100;40;1;BubbleSort;13484;4740;1001;333991
100;40;1;MergeSort;1344;531;0;23380
100;40;1;CountingSort;301;0;0;14461
100;40;1;QuickSort;2421;939;427;9630
100;40;1;InsertionSort;3381;1127;0;73040
100;40;1;BubbleSort;13020;4454;1028;250931
100;40;1;MergeSort;1344;513;0;18840
100;40;1;CountingSort;301;0;0;14930
100;40;1;QuickSort;2618;1001;475;20220
100;40;1;InsertionSort;3891;1297;0;111741
100;40;1;BubbleSort;14672;4940;1198;363511
100;40;1;MergeSort;1344;523;0;17050
100;40;1;CountingSort;301;0;0;16890
100;40;1;QuickSort;2359;1015;385;11340
100;40;1;InsertionSort;4839;1613;0;142581
100;40;1;BubbleSort;15306;4625;1514;344821
100;40;1;MergeSort;1344;515;0;18040
100;40;1;CountingSort;301;0;0;17150
100;40;1;QuickSort;2698;1003;500;9560
100;40;1;InsertionSort;3606;1200;0;133121
100;40;1;BubbleSort;13614;4599;1104;365951
100;40;1;MergeSort;1344;506;0;20000
100;40;1;CountingSort;301;0;0;15611
100;40;1;QuickSort;2204;854;380;9460
100;40;1;InsertionSort;3365;1121;0;93720
100;40;1;BubbleSort;13836;4872;1023;340951
100;40;1;MergeSort;1344;527;0;22670
100;40;1;CountingSort;301;0;0;14830
100;40;1;QuickSort;2311;841;423;9290
100;40;1;InsertionSort;3384;1128;0;74220
100;40;1;BubbleSort;13960;4922;1029;178871
100;40;1;MergeSort;1344;512;0;43850
100;40;1;CountingSort;301;0;0;21020
100;40;1;QuickSort;2773;1006;522;8470
100;40;1;InsertionSort;4530;1510;0;107400
100;40;1;BubbleSort;15488;4922;1411;92351
100;40;1;MergeSort;1344;525;0;18040
100;40;1;CountingSort;301;0;0;16310
100;40;1;QuickSort;2687;974;503;11650
100;40;1;InsertionSort;3816;1272;0;104901
100;40;1;BubbleSort;14250;4779;1173;37971
100;40;1;MergeSort;1344;515;0;20920
100;40;1;CountingSort;301;0;0;16560
100;40;1;QuickSort;2710;988;507;9910
100;40;1;InsertionSort;3327;1109;0;77911
100;40;1;BubbleSort;12948;4454;1010;52271
100;40;1;MergeSort;1344;539;0;26770
100;40;1;CountingSort;301;0;0;16780
100;40;1;QuickSort;2806;1081;509;10580
100;40;1;InsertionSort;3862;1286;0;112910
100;40;1;BubbleSort;14626;4935;1189;53450
100;40;1;MergeSort;1344;519;0;24790
100;40;1;CountingSort;301;0;0;16820
100;40;1;QuickSort;2485;973;440;11730
100;40;1;InsertionSort;3987;1329;0;151181
100;40;1;BubbleSort;14610;4845;1230;85701
100;40;1;MergeSort;1344;529;0;28100
100;40;1;CountingSort;301;0;0;14370
100;40;1;QuickSort;3010;1123;562;10640
100;40;1;InsertionSort;3942;1314;0;99850
100;40;1;BubbleSort;14380;4760;1215;39740
100;40;1;MergeSort;1344;521;0;19070
100;40;1;CountingSort;301;0;0;18400
100;40;1;QuickSort;2553;963;465;9410
100;40;1;InsertionSort;3957;1319;0;97450
100;40;1;BubbleSort;14648;4884;1220;72490
100;40;1;MergeSort;1344;516;0;18460
100;40;1;CountingSort;301;0;0;14450
100;40;1;QuickSort;2392;898;434;8820
100;40;1;InsertionSort;3195;1065;0;75240
100;40;1;BubbleSort;13212;4674;966;41090
100;40;1;MergeSort;1344;509;0;28360
100;40;1;CountingSort;301;0;0;14260
100;40;1;QuickSort;2322;933;397;8250
100;40;1;InsertionSort;3705;1235;0;151930
100;40;1;BubbleSort;14354;4905;1136;63030
100;40;1;MergeSort;1344;533;0;26170
100;40;1;CountingSort;301;0;0;16310
100;40;1;QuickSort;2832;1068;523;11230
100;40;1;InsertionSort;4167;1389;0;130810
100;40;1;BubbleSort;14680;4760;1290;39000
100;40;1;MergeSort;1344;515;0;24010
100;40;1;CountingSort;301;0;0;14420
100;40;1;QuickSort;2447;1004;419;9990
100;40;1;InsertionSort;3534;1178;0;89281
100;40;1;BubbleSort;13286;4485;1079;57101
100;40;1;MergeSort;1344;512;0;1063633
100;40;1;CountingSort;301;0;0;16030
100;40;1;QuickSort;2318;899;406;9180
100;40;1;InsertionSort;3618;1206;0;79051
100;40;1;BubbleSort;14172;4872;1107;54361
100;40;1;MergeSort;1344;523;0;30560
100;40;1;CountingSort;301;0;0;11430
100;40;1;QuickSort;2692;1012;495;14920
100;40;1;InsertionSort;3207;1069;0;94580
100;40;1;BubbleSort;13078;4599;970;51630
100;40;1;MergeSort;1344;522;0;15780
100;40;1;CountingSort;301;0;0;12410
100;40;1;QuickSort;2884;1096;532;10260
100;40;1;InsertionSort;3180;1060;0;109481
100;40;1;BubbleSort;13094;4625;961;89960
100;40;1;MergeSort;1344;527;0;26150
100;40;1;CountingSort;301;0;0;14940
100;40;1;QuickSort;2732;989;512;12300
100;40;1;InsertionSort;4260;1420;0;138700
100;40;1;BubbleSort;14842;4779;1321;38870
100;40;1;MergeSort;1344;534;0;19800
100;40;1;CountingSort;301;0;0;12320
100;40;1;QuickSort;2367;933;410;9790
100;40;1;InsertionSort;3512;1168;0;103731
100;40;1;BubbleSort;14120;4914;1073;94750
100;40;1;MergeSort;1344;524;0;25890
100;40;1;CountingSort;301;0;0;31460
100;40;1;QuickSort;2360;884;424;9370
100;40;1;InsertionSort;4051;1349;0;119980
100;40;1;BubbleSort;14726;4859;1252;66340
100;40;1;MergeSort;1344;532;0;22950
100;40;1;CountingSort;301;0;0;13120
100;40;1;QuickSort;2448;954;430;8470
100;40;1;InsertionSort;3738;1246;0;150621
100;40;1;BubbleSort;13982;4697;1147;56851
100;40;1;MergeSort;1344;504;0;19571
100;40;1;CountingSort;301;0;0;13970
100;40;1;QuickSort;2667;981;496;7710
100;40;1;InsertionSort;3535;1177;0;110860
100;40;1;BubbleSort;13164;4422;1080;74490
100;40;1;MergeSort;1344;543;0;15390
100;40;1;CountingSort;301;0;0;13780
100;40;1;QuickSort;3142;1159;596;16960
100;40;1;InsertionSort;3603;1201;0;84010
100;40;1;BubbleSort;14306;4949;1102;53791
100;40;1;MergeSort;1344;527;0;20190
100;40;1;CountingSort;301;0;0;14690
100;40;1;QuickSort;2512;958;452;9930
100;40;1;InsertionSort;3994;1330;0;124161
100;40;1;BubbleSort;14700;4884;1233;54910
100;40;1;MergeSort;1344;515;0;8890
100;40;1;CountingSort;301;0;0;16600
100;40;1;QuickSort;2338;847;432;23460
100;40;1;InsertionSort;3135;1045;0;95940
100;40;1;BubbleSort;13178;4697;946;49940
100;40;1;MergeSort;1344;528;0;9370
100;40;1;CountingSort;301;0;0;10470
100;40;1;QuickSort;2671;1030;480;15600
100;40;1;InsertionSort;3738;1246;0;114851
100;40;1;BubbleSort;13676;4544;1147;98090
100;40;1;MergeSort;1344;511;0;7260
100;40;1;CountingSort;301;0;0;11480
100;40;1;QuickSort;2642;986;486;8180
100;40;1;InsertionSort;3816;1272;0;112900
100;40;1;BubbleSort;14286;4797;1173;38370
100;40;1;MergeSort;1344;515;0;17430
100;40;1;CountingSort;301;0;0;14490
100;40;1;QuickSort;2567;1019;449;7890
100;40;1;InsertionSort;4099;1365;0;138951
100;40;1;BubbleSort;14510;4719;1268;39130
100;40;1;MergeSort;1344;492;0;12790
100;40;1;CountingSort;301;0;0;12860
100;40;1;QuickSort;2465;923;449;14580
100;40;1;InsertionSort;3984;1326;0;140991
100;40;1;BubbleSort;14610;4845;1230;188051
100;40;1;MergeSort;1344;528;0;13890
100;40;1;CountingSort;301;0;0;15350
100;40;1;QuickSort;3396;1269;644;10280
100;40;1;InsertionSort;3918;1306;0;124471
100;40;1;BubbleSort;14546;4859;1207;60600
100;40;1;MergeSort;1344;526;0;16100
100;40;1;CountingSort;301;0;0;14371
100;40;1;QuickSort;2247;888;390;15400
100;40;1;InsertionSort;4512;1504;0;165490
100;40;1;BubbleSort;15248;4814;1405;101720
100;40;1;MergeSort;1344;535;0;11560
100;40;1;CountingSort;301;0;0;14130
100;40;1;QuickSort;2420;896;441;28611
100;40;1;InsertionSort;4273;1423;0;118350
100;40;1;BubbleSort;14698;4697;1326;36260
100;40;1;MergeSort;1344;520;0;18830
100;40;1;CountingSort;301;0;0;13870
100;40;1;QuickSort;2489;971;440;12790
100;40;1;InsertionSort;4011;1337;0;148581
100;40;1;BubbleSort;14252;4650;1238;130051
100;40;1;MergeSort;1344;524;0;19481
100;40;1;CountingSort;301;0;0;15471
100;40;1;QuickSort;2738;1034;500;10000
100;40;1;InsertionSort;3322;1106;0;115480
100;40;1;BubbleSort;12944;4454;1009;57190
100;40;1;MergeSort;1344;526;0;14890
100;40;1;CountingSort;301;0;0;17490
100;40;1;QuickSort;2409;963;414;94121
100;40;1;InsertionSort;3258;1084;0;130311
100;40;1;BubbleSort;13810;4929;988;147401
100;40;1;MergeSort;1344;498;0;16890
100;40;1;CountingSort;301;0;0;14010
100;40;1;QuickSort;2424;957;423;59910
100;40;1;InsertionSort;3597;1199;0;92570
100;40;1;BubbleSort;13880;4740;1100;53960
100;40;1;MergeSort;1344;523;0;9910
100;40;1;CountingSort;301;0;0;15830
100;40;1;QuickSort;3214;1201;605;66120
100;40;1;InsertionSort;3781;1259;0;182420
100;40;1;BubbleSort;13678;4515;1162;99910
100;40;1;MergeSort;1344;516;0;17860
100;40;1;CountingSort;301;0;0;13770
100;40;1;QuickSort;2515;1000;441;62510
100;40;1;InsertionSort;3132;1044;0;94261
100;40;1;BubbleSort;13624;4922;945;74131
100;40;1;MergeSort;1344;513;0;15510
100;40;1;CountingSort;301;0;0;11840
100;40;1;QuickSort;2743;1012;509;62881
100;40;1;InsertionSort;3426;1142;0;92301
100;40;1;BubbleSort;13422;4625;1043;119030
100;40;1;MergeSort;1344;527;0;15040
100;40;1;CountingSort;301;0;0;20720
100;40;1;QuickSort;3196;1204;596;92961
100;40;1;InsertionSort;4527;1509;0;156470
100;40;1;BubbleSort;15120;4740;1410;67980
100;40;1;MergeSort;1344;535;0;14540
100;40;1;CountingSort;301;0;0;16060
100;40;1;QuickSort;3122;1196;574;52740
100;40;1;InsertionSort;4113;1371;0;150051
100;40;1;BubbleSort;14646;4779;1272;148870
100;40;1;MergeSort;1344;541;0;10550
100;40;1;CountingSort;301;0;0;23210
100;40;1;QuickSort;2232;903;383;61660
100;40;1;InsertionSort;3483;1161;0;126660
100;40;1;BubbleSort;14106;4929;1062;25350
100;40;1;MergeSort;1344;525;0;15890
100;40;1;CountingSort;301;0;0;16920
100;40;1;QuickSort;2292;933;388;60430
100;40;1;InsertionSort;3235;1077;0;138651
100;40;1;BubbleSort;12890;4485;980;7530
100;40;1;MergeSort;1344;511;0;21350
100;40;1;CountingSort;301;0;0;13790
100;40;1;QuickSort;2337;918;407;62370
100;40;1;InsertionSort;4042;1346;0;149690
100;40;1;BubbleSort;14476;4740;1249;9070
100;40;1;MergeSort;1344;544;0;12260
100;40;1;CountingSort;301;0;0;11800
100;40;1;QuickSort;2181;885;364;48361
100;40;1;InsertionSort;3534;1178;0;90470
100;40;1;BubbleSort;14196;4940;1079;7670
100;40;1;MergeSort;1344;523;0;10780
100;40;1;CountingSort;301;0;0;14600
100;40;1;QuickSort;2760;1089;492;57900
100;40;1;InsertionSort;3790;1262;0;32450
100;40;1;BubbleSort;14558;4949;1165;9110
100;40;1;MergeSort;1344;516;0;12340
100;40;1;CountingSort;301;0;0;12410
100;40;1;QuickSort;2179;844;380;47770
100;40;1;InsertionSort;3747;1249;0;19530
100;40;1;BubbleSort;13948;4674;1150;8180
100;40;1;MergeSort;1344;529;0;11980
100;40;1;CountingSort;301;0;0;12590
100;40;1;QuickSort;2305;853;414;41810
100;40;1;InsertionSort;3211;1069;0;16630
100;40;1;BubbleSort;13368;4740;972;9030
100;40;1;MergeSort;1344;527;0;15400
100;40;1;CountingSort;301;0;0;14710
100;40;1;QuickSort;2487;954;446;26800
100;40;1;InsertionSort;4569;1523;0;14130
100;40;1;BubbleSort;15584;4944;1424;7870
100;40;1;MergeSort;1344;534;0;14220
100;40;1;CountingSort;301;0;0;12230
100;40;1;QuickSort;2199;867;378;4930
100;40;1;InsertionSort;3223;1073;0;16910
100;40;1;BubbleSort;12164;4130;976;5410
100;40;1;MergeSort;1344;520;0;13890
100;40;1;CountingSort;301;0;0;13070
100;40;1;QuickSort;2247;882;389;3830
100;40;1;InsertionSort;3426;1142;0;18971
100;40;1;BubbleSort;13940;4884;1043;6450
100;40;1;MergeSort;1344;509;0;14180
100;40;1;CountingSort;301;0;0;11980
100;40;1;QuickSort;2449;913;447;3440
100;40;1;InsertionSort;4108;1368;0;19811
100;40;1;BubbleSort;14744;4830;1271;5960
100;40;1;MergeSort;1344;528;0;10300
100;40;1;CountingSort;301;0;0;13030
100;40;1;QuickSort;2371;874;431;3660
100;40;1;InsertionSort;3102;1034;0;9320
100;40;1;BubbleSort;12990;4625;935;8600
100;40;1;MergeSort;1344;510;0;11330
100;40;1;CountingSort;301;0;0;15000
100;40;1;QuickSort;2261;881;390;3541
100;40;1;InsertionSort;3339;1113;0;17520
100;40;1;BubbleSort;13800;4872;1014;5630
100;40;1;MergeSort;1344;520;0;11710
100;40;1;CountingSort;301;0;0;12230
100;40;1;QuickSort;2672;1037;478;3820
100;40;1;InsertionSort;3176;1056;0;16590
100;40;1;BubbleSort;12932;4544;961;7590
100;40;1;MergeSort;1344;499;0;10360
100;40;1;CountingSort;301;0;0;13450
100;40;1;QuickSort;2797;1066;513;3930
100;40;1;InsertionSort;4512;1504;0;17620
100;40;1;BubbleSort;15388;4884;1405;9210
100;40;1;MergeSort;1344;532;0;11620
100;40;1;CountingSort;301;0;0;12420
100;40;1;QuickSort;2520;1011;439;3810
100;40;1;InsertionSort;4765;1587;0;23920
100;40;1;BubbleSort;15480;4760;1490;6530
100;40;1;MergeSort;1344;546;0;13110
100;40;1;CountingSort;301;0;0;12750
100;40;1;QuickSort;2532;984;449;3510
100;40;1;InsertionSort;2795;931;0;9630
100;40;1;BubbleSort;11972;4320;833;6920
100;40;1;MergeSort;1344;512;0;10210
100;40;1;CountingSort;301;0;0;15350
100;40;1;QuickSort;2202;816;396;3640
100;40;1;InsertionSort;3376;1124;0;17300
100;40;1;BubbleSort;13666;4779;1027;8510
100;40;1;MergeSort;1344;511;0;10020
100;40;1;CountingSort;301;0;0;12080
100;40;1;QuickSort;2581;1036;447;3780
100;40;1;InsertionSort;3828;1276;0;11250
100;40;1;BubbleSort;14336;4814;1177;5890
100;40;1;MergeSort;1344;512;0;9960
100;40;1;CountingSort;301;0;0;12570
100;40;1;QuickSort;2378;911;419;3840
100;40;1;InsertionSort;3913;1303;0;11340
100;40;1;BubbleSort;14262;4719;1206;8100
100;40;1;MergeSort;1344;514;0;10840
100;40;1;CountingSort;301;0;0;11380
100;40;1;QuickSort;2584;970;472;8080
100;40;1;InsertionSort;4602;1534;0;24980
100;40;1;BubbleSort;15610;4935;1435;13850
100;40;1;MergeSort;1344;530;0;18480
100;40;1;CountingSort;301;0;0;15851
100;40;1;QuickSort;2469;990;426;4320
100;40;1;InsertionSort;3801;1267;0;17230
100;40;1;BubbleSort;13816;4572;1168;9800
100;40;1;MergeSort;1344;537;0;11020
100;40;1;CountingSort;301;0;0;16040
100;40;1;QuickSort;2619;990;481;4100
100;40;1;InsertionSort;4224;1408;0;23520
100;40;1;BubbleSort;15046;4905;1309;7660
100;40;1;MergeSort;1344;535;0;14410
100;40;1;CountingSort;301;0;0;16170
100;40;1;QuickSort;2787;1161;476;4240
100;40;1;InsertionSort;4077;1359;0;26100
100;40;1;BubbleSort;14910;4935;1260;8210
100;40;1;MergeSort;1344;529;0;13550
100;40;1;CountingSort;301;0;0;23720
100;40;1;QuickSort;2741;1019;509;4140
100;40;1;InsertionSort;4261;1419;0;17260
100;40;1;BubbleSort;14768;4740;1322;8630
100;40;1;MergeSort;1344;525;0;14840
100;40;1;CountingSort;301;0;0;13910
100;40;1;QuickSort;2450;920;445;4070
100;40;1;InsertionSort;3333;1111;0;17541
100;40;1;BubbleSort;13708;4830;1012;11280
100;40;1;MergeSort;1344;530;0;16590
100;40;1;CountingSort;301;0;0;14680
100;40;1;QuickSort;2368;910;420;18910
100;40;1;InsertionSort;3658;1218;0;19300
100;40;1;BubbleSort;14328;4922;1121;15990
100;40;1;MergeSort;1344;537;0;14760
100;40;1;CountingSort;301;0;0;19140
100;40;1;QuickSort;2384;977;402;3740
100;40;1;InsertionSort;3094;1030;0;12670
100;40;1;BubbleSort;13422;4845;933;5810
100;40;1;MergeSort;1344;525;0;21120
100;40;1;CountingSort;301;0;0;11900
100;40;1;QuickSort;2473;925;449;3510
100;40;1;InsertionSort;4069;1355;0;11990
100;40;1;BubbleSort;14282;4625;1258;5630
100;40;1;MergeSort;1344;544;0;12280
100;40;1;CountingSort;301;0;0;13330
100;40;1;QuickSort;2458;1009;418;4350
100;40;1;InsertionSort;3535;1177;0;39270
100;40;1;BubbleSort;12960;4320;1080;5340
100;40;1;MergeSort;1344;533;0;13280
100;40;1;CountingSort;301;0;0;12880
100;40;1;QuickSort;2517;912;466;3660
100;40;1;InsertionSort;3484;1160;0;16620
100;40;1;BubbleSort;13396;4572;1063;8860
100;40;1;MergeSort;1344;533;0;12630
100;40;1;CountingSort;301;0;0;12780
100;40;1;QuickSort;2405;899;436;5710
100;40;1;InsertionSort;3858;1284;0;26840
100;40;1;BubbleSort;14632;4940;1188;6680
100;40;1;MergeSort;1344;536;0;13700
100;40;1;CountingSort;301;0;0;37150
100;40;1;QuickSort;2434;910;442;5910
100;40;1;InsertionSort;4036;1344;0;24590
100;40;1;BubbleSort;14546;4779;1247;6420
100;40;1;MergeSort;1344;544;0;11820
100;40;1;CountingSort;301;0;0;14240
100;40;1;QuickSort;2887;1096;529;3610
100;40;1;InsertionSort;3153;1051;0;9340
100;40;1;BubbleSort;13156;4674;952;6970
100;40;1;MergeSort;1344;514;0;9640
100;40;1;CountingSort;301;0;0;16650
100;40;1;QuickSort;2535;933;471;3620
100;40;1;InsertionSort;4636;1544;0;13420
100;40;1;BubbleSort;15506;4859;1447;6300
100;40;1;MergeSort;1344;523;0;15210
100;40;1;CountingSort;301;0;0;16020
100;40;1;QuickSort;2333;887;413;5640
100;40;1;InsertionSort;3013;1003;0;20710
100;40;1;BubbleSort;13218;4797;906;9430
100;40;1;MergeSort;1344;524;0;12460
100;40;1;CountingSort;301;0;0;13580
100;40;1;QuickSort;3077;1217;554;4430
100;40;1;InsertionSort;4032;1344;0;19380
100;40;1;BubbleSort;14124;4572;1245;11701
100;40;1;MergeSort;1344;526;0;23720
100;40;1;CountingSort;301;0;0;14590
100;40;1;QuickSort;2181;813;391;4200
100;40;1;InsertionSort;4140;1380;0;12140
100;40;1;BubbleSort;14752;4814;1281;8540
100;40;1;MergeSort;1344;537;0;31610
100;40;1;CountingSort;301;0;0;11440
100;40;1;QuickSort;2936;1079;549;4200
100;40;1;InsertionSort;4239;1413;0;28500
100;40;1;BubbleSort;15100;4922;1314;8410
100;40;1;MergeSort;1344;540;0;24520
100;40;1;CountingSort;301;0;0;12210
100;40;1;QuickSort;2747;1094;486;5010
100;40;1;InsertionSort;3696;1232;0;18770
100;40;1;BubbleSort;14376;4922;1133;7870
100;40;1;MergeSort;1344;525;0;12370
100;40;1;CountingSort;301;0;0;14450
100;40;1;QuickSort;2918;1097;545;3690
100;40;1;InsertionSort;4035;1345;0;20030
100;40;1;BubbleSort;14752;4884;1246;6310
100;40;1;MergeSort;1344;522;0;14190
100;40;1;CountingSort;301;0;0;13540
100;40;1;QuickSort;2375;917;418;3680
100;40;1;InsertionSort;3940;1312;0;13060
100;40;1;BubbleSort;14704;4922;1215;6180
100;40;1;MergeSort;1344;521;0;12480
100;40;1;CountingSort;301;0;0;13320
100;40;1;QuickSort;2814;1065;516;3580
100;40;1;InsertionSort;3855;1285;0;19860
100;40;1;BubbleSort;14224;4740;1186;6180
100;40;1;MergeSort;1344;523;0;13870
100;40;1;CountingSort;301;0;0;11290
100;40;1;QuickSort;2388;966;408;4610
100;40;1;InsertionSort;4143;1381;0;18650
100;40;1;BubbleSort;14272;4572;1282;5920
100;40;1;MergeSort;1344;517;0;11550
100;40;1;CountingSort;301;0;0;12070
100;40;1;QuickSort;2285;920;390;3800
100;40;1;InsertionSort;4899;1633;0;24151
100;40;1;BubbleSort;16006;4935;1534;8980
100;40;1;MergeSort;1344;528;0;9740
100;40;1;CountingSort;301;0;0;13970
100;40;1;QuickSort;2378;947;408;3510
100;40;1;InsertionSort;3646;1214;0;10600
100;40;1;BubbleSort;13498;4515;1117;5900
100;40;1;MergeSort;1344;520;0;12250
100;40;1;CountingSort;301;0;0;12980
100;40;1;QuickSort;2327;944;397;3470
100;40;1;InsertionSort;3774;1258;0;10930
100;40;1;BubbleSort;14354;4859;1159;5950
100;40;1;MergeSort;1344;511;0;14500
100;40;1;CountingSort;301;0;0;11490
100;40;1;QuickSort;2348;851;432;3340
100;40;1;InsertionSort;3457;1151;0;16980
100;40;1;BubbleSort;13696;4740;1054;5660
100;40;1;MergeSort;1344;525;0;12960
100;40;2;CountingSort;301;0;0;20930
100;40;2;QuickSort;3137;1217;571;203970
100;40;2;InsertionSort;1411;469;0;97330
100;40;2;BubbleSort;7098;2805;372;340541
100;40;2;MergeSort;1344;402;0;102020
100;40;2;CountingSort;301;0;0;16580
100;40;2;QuickSort;2360;869;428;83100
100;40;2;InsertionSort;1294;430;0;46870
100;40;2;BubbleSort;6120;2394;333;177610
100;40;2;MergeSort;1344;401;0;87740
100;40;2;CountingSort;301;0;0;22290
100;40;2;QuickSort;2291;881;404;78300
100;40;2;InsertionSort;1721;571;0;55730
100;40;2;BubbleSort;7898;2997;476;206291
100;40;2;MergeSort;1344;402;0;138170
100;40;2;CountingSort;301;0;0;16430
100;40;2;QuickSort;2242;901;382;110750
100;40;2;InsertionSort;1504;500;0;57420
100;40;2;BubbleSort;7606;2997;403;257691
100;40;2;MergeSort;1344;399;0;43060
100;40;2;CountingSort;301;0;0;15680
100;40;2;QuickSort;2058;801;354;63610
100;40;2;InsertionSort;1389;461;0;48960
100;40;2;BubbleSort;6938;2739;365;173850
100;40;2;MergeSort;1344;403;0;34190
100;40;2;CountingSort;301;0;0;16300
100;40;2;QuickSort;2470;991;425;60440
100;40;2;InsertionSort;1514;502;0;53240
100;40;2;BubbleSort;6972;2672;407;171060
100;40;2;MergeSort;1344;405;0;30710
100;40;2;CountingSort;301;0;0;12510
100;40;2;QuickSort;2307;891;408;13920
100;40;2;InsertionSort;1461;483;0;53560
100;40;2;BubbleSort;7920;3180;390;222351
100;40;2;MergeSort;1344;399;0;30800
100;40;2;CountingSort;301;0;0;13200
100;40;2;QuickSort;2703;1041;489;29900
100;40;2;InsertionSort;1455;485;0;39791
100;40;2;BubbleSort;7284;2870;386;214380
100;40;2;MergeSort;1344;406;0;19280
100;40;2;CountingSort;301;0;0;15440
100;40;2;QuickSort;2784;1032;515;19620
100;40;2;InsertionSort;1472;486;0;43690
100;40;2;BubbleSort;7694;3059;394;188760
100;40;2;MergeSort;1344;400;0;29840
100;40;2;CountingSort;301;0;0;17560
100;40;2;QuickSort;2729;1028;498;10350
100;40;2;InsertionSort;1594;528;0;46870
100;40;2;BubbleSort;7476;2870;434;202991
100;40;2;MergeSort;1344;406;0;28340
100;40;2;CountingSort;301;0;0;18510
100;40;2;QuickSort;2256;945;375;13340
100;40;2;InsertionSort;1557;517;0;47400
100;40;2;BubbleSort;7294;2805;421;211211
100;40;2;MergeSort;1344;401;0;25921
100;40;2;CountingSort;301;0;0;17870
100;40;2;QuickSort;2326;934;396;14100
100;40;2;InsertionSort;1562;518;0;42230
100;40;2;BubbleSort;7810;3059;423;226571
100;40;2;MergeSort;1344;400;0;34791
100;40;2;CountingSort;301;0;0;17220
100;40;2;QuickSort;2997;1137;551;12300
100;40;2;InsertionSort;1201;399;0;37300
100;40;2;BubbleSort;6278;2535;302;174741
100;40;2;MergeSort;1344;403;0;20380
100;40;2;CountingSort;301;0;0;15330
100;40;2;QuickSort;2653;994;485;9870
100;40;2;InsertionSort;1641;545;0;50940
100;40;2;BubbleSort;6726;2465;449;178801
100;40;2;MergeSort;1344;401;0;32480
100;40;2;CountingSort;301;0;0;15520
100;40;2;QuickSort;2228;869;386;8850
100;40;2;InsertionSort;1608;534;0;64840
100;40;2;BubbleSort;7230;2739;438;191291
100;40;2;MergeSort;1344;400;0;37830
100;40;2;CountingSort;301;0;0;16210
100;40;2;QuickSort;2658;963;496;9031
100;40;2;InsertionSort;1678;558;0;56450
100;40;2;BubbleSort;7962;3059;461;218190
100;40;2;MergeSort;1344;402;0;18560
100;40;2;CountingSort;301;0;0;12590
100;40;2;QuickSort;2190;834;386;6810
100;40;2;InsertionSort;1565;519;0;47741
100;40;2;BubbleSort;7306;2805;424;206970
100;40;2;MergeSort;1344;406;0;24480
100;40;2;CountingSort;301;0;0;13360
100;40;2;QuickSort;2612;971;481;9550
100;40;2;InsertionSort;1742;576;0;62871
100;40;2;BubbleSort;7546;2805;484;208320
100;40;2;MergeSort;1344;398;0;33430
100;40;2;CountingSort;301;0;0;16250
100;40;2;QuickSort;2409;948;423;11550
100;40;2;InsertionSort;1244;412;0;42021
100;40;2;BubbleSort;5468;2100;317;125760
100;40;2;MergeSort;1344;403;0;26140
100;40;2;CountingSort;301;0;0;14940
100;40;2;QuickSort;2475;966;435;9800
100;40;2;InsertionSort;1256;416;0;44520
100;40;2;BubbleSort;6894;2805;321;157410
100;40;2;MergeSort;1344;404;0;28720
100;40;2;CountingSort;301;0;0;18490
100;40;2;QuickSort;2273;890;391;9060
100;40;2;InsertionSort;1607;533;0;49770
100;40;2;BubbleSort;7362;2805;438;223721
100;40;2;MergeSort;1344;402;0;34780
100;40;2;CountingSort;301;0;0;15530
100;40;2;QuickSort;2556;990;454;11240
100;40;2;InsertionSort;1286;428;0;35200
100;40;2;BubbleSort;7060;2870;330;215911
100;40;2;MergeSort;1344;406;0;17700
100;40;2;CountingSort;301;0;0;14770
100;40;2;QuickSort;2800;1093;500;13610
100;40;2;InsertionSort;1366;454;0;32420
100;40;2;BubbleSort;7668;3120;357;86740
100;40;2;MergeSort;1344;403;0;25410
100;40;2;CountingSort;301;0;0;17980
100;40;2;QuickSort;2345;875;420;9090
100;40;2;InsertionSort;1427;473;0;53670
100;40;2;BubbleSort;6156;2322;378;30260
100;40;2;MergeSort;1344;404;0;53210
100;40;2;CountingSort;301;0;0;13200
100;40;2;QuickSort;2302;907;400;9040
100;40;2;InsertionSort;1392;462;0;79961
100;40;2;BubbleSort;6942;2739;366;45191
100;40;2;MergeSort;1344;408;0;961163
100;40;2;CountingSort;301;0;0;16760
100;40;2;QuickSort;2418;906;438;8610
100;40;2;InsertionSort;1651;549;0;45110
100;40;2;BubbleSort;7286;2739;452;27150
100;40;2;MergeSort;1344;400;0;17580
100;40;2;CountingSort;301;0;0;12640
100;40;2;QuickSort;2335;919;408;9450
100;40;2;InsertionSort;1491;495;0;51130
100;40;2;BubbleSort;7590;2997;399;41720
100;40;2;MergeSort;1344;404;0;17910
100;40;2;CountingSort;301;0;0;11860
100;40;2;QuickSort;2276;896;393;9230
100;40;2;InsertionSort;1259;417;0;46290
100;40;2;BubbleSort;7282;2997;322;37500
100;40;2;MergeSort;1344;400;0;13380
100;40;2;CountingSort;301;0;0;15950
100;40;2;QuickSort;2618;1004;474;12810
100;40;2;InsertionSort;1467;487;0;46460
100;40;2;BubbleSort;7558;2997;391;57440
100;40;2;MergeSort;1344;399;0;20510
100;40;2;CountingSort;301;0;0;12970
100;40;2;QuickSort;2728;1015;504;7860
100;40;2;InsertionSort;1632;540;0;56640
100;40;2;BubbleSort;7906;3059;447;55470
100;40;2;MergeSort;1344;404;0;18900
100;40;2;CountingSort;301;0;0;15820
100;40;2;QuickSort;2418;912;438;9350
100;40;2;InsertionSort;1625;539;0;50610
100;40;2;BubbleSort;7644;2934;444;49130
100;40;2;MergeSort;1344;402;0;28220
100;40;2;CountingSort;301;0;0;14000
100;40;2;QuickSort;3011;1103;569;9550
100;40;2;InsertionSort;1466;486;0;48640
100;40;2;BubbleSort;6772;2604;391;53420
100;40;2;MergeSort;1344;403;0;20710
100;40;2;CountingSort;301;0;0;15500
100;40;2;QuickSort;2290;868;406;8880
100;40;2;InsertionSort;1602;532;0;43910
100;40;2;BubbleSort;7484;2870;436;50470
100;40;2;MergeSort;1344;403;0;22930
100;40;2;CountingSort;301;0;0;25150
100;40;2;QuickSort;2236;826;403;10540
100;40;2;InsertionSort;1558;516;0;52470
100;40;2;BubbleSort;7032;2672;422;21670
100;40;2;MergeSort;1344;407;0;20490
100;40;2;CountingSort;301;0;0;13780
100;40;2;QuickSort;2800;1069;509;8510
100;40;2;InsertionSort;1525;505;0;50491
100;40;2;BubbleSort;7884;3120;411;37841
100;40;2;MergeSort;1344;405;0;6440
100;40;2;CountingSort;301;0;0;17571
100;40;2;QuickSort;2906;1109;534;8560
100;40;2;InsertionSort;1621;539;0;35810
100;40;2;BubbleSort;7886;3059;442;61250
100;40;2;MergeSort;1344;399;0;8910
100;40;2;CountingSort;301;0;0;14810
100;40;2;QuickSort;2380;916;423;7410
100;40;2;InsertionSort;1628;540;0;47960
100;40;2;BubbleSort;6988;2604;445;19640
100;40;2;MergeSort;1344;404;0;13950
100;40;2;CountingSort;301;0;0;11540
100;40;2;QuickSort;2739;1020;511;9910
100;40;2;InsertionSort;1271;423;0;40931
100;40;2;BubbleSort;6778;2739;325;35050
100;40;2;MergeSort;1344;402;0;8460
100;40;2;CountingSort;301;0;0;19950
100;40;2;QuickSort;2473;925;447;7650
100;40;2;InsertionSort;1492;494;0;34681
100;40;2;BubbleSort;7340;2870;400;63630
100;40;2;MergeSort;1344;402;0;25270
100;40;2;CountingSort;301;0;0;14210
100;40;2;QuickSort;2839;1057;526;13230
100;40;2;InsertionSort;1519;505;0;56990
100;40;2;BubbleSort;7750;3059;408;23280
100;40;2;MergeSort;1344;404;0;24760
100;40;2;CountingSort;301;0;0;15350
100;40;2;QuickSort;2376;915;418;73710
100;40;2;InsertionSort;1371;455;0;41380
100;40;2;BubbleSort;7304;2934;359;42780
100;40;2;MergeSort;1344;397;0;14340
100;40;2;CountingSort;301;0;0;19130
100;40;2;QuickSort;2363;872;429;47920
100;40;2;InsertionSort;1521;505;0;60661
100;40;2;BubbleSort;7630;2997;409;44670
100;40;2;MergeSort;1344;403;0;10640
100;40;2;CountingSort;301;0;0;14130
100;40;2;QuickSort;2491;958;442;42560
100;40;2;InsertionSort;1407;467;0;41670
100;40;2;BubbleSort;6414;2465;371;37040
100;40;2;MergeSort;1344;400;0;25040
100;40;2;CountingSort;301;0;0;14860
100;40;2;QuickSort;2611;1042;458;51710
100;40;2;InsertionSort;1374;456;0;41230
100;40;2;BubbleSort;6370;2465;360;31680
100;40;2;MergeSort;1344;403;0;8040
100;40;2;CountingSort;301;0;0;13280
100;40;2;QuickSort;2223;855;391;40840
100;40;2;InsertionSort;1625;539;0;36980
100;40;2;BubbleSort;8016;3120;444;101871
100;40;2;MergeSort;1344;405;0;12720
100;40;2;CountingSort;301;0;0;14090
100;40;2;QuickSort;2310;939;389;54501
100;40;2;InsertionSort;1539;511;0;50700
100;40;2;BubbleSort;7400;2870;415;50610
100;40;2;MergeSort;1344;402;0;14240
100;40;2;CountingSort;301;0;0;19770
100;40;2;QuickSort;2295;873;407;56040
100;40;2;InsertionSort;1426;472;0;37360
100;40;2;BubbleSort;6442;2465;378;59030
100;40;2;MergeSort;1344;398;0;17030
100;40;2;CountingSort;301;0;0;14090
100;40;2;QuickSort;2358;948;402;60770
100;40;2;InsertionSort;1406;464;0;43590
100;40;2;BubbleSort;7098;2805;372;105590
100;40;2;MergeSort;1344;397;0;12880
100;40;2;CountingSort;301;0;0;14670
100;40;2;QuickSort;2597;983;476;61000
100;40;2;InsertionSort;1629;541;0;48820
100;40;2;BubbleSort;7390;2805;445;26290
100;40;2;MergeSort;1344;402;0;13430
100;40;2;CountingSort;301;0;0;18590
100;40;2;QuickSort;2313;879;411;41990
100;40;2;InsertionSort;1521;505;0;43341
100;40;2;BubbleSort;6280;2322;409;33451
100;40;2;MergeSort;1344;401;0;11120
100;40;2;CountingSort;301;0;0;13360
100;40;2;QuickSort;2534;950;463;17110
100;40;2;InsertionSort;1523;505;0;39470
100;40;2;BubbleSort;7118;2739;410;85390
100;40;2;MergeSort;1344;401;0;9590
100;40;2;CountingSort;301;0;0;14820
100;40;2;QuickSort;3261;1203;618;3370
100;40;2;InsertionSort;1552;514;0;43840
100;40;2;BubbleSort;8040;3180;420;46760
100;40;2;MergeSort;1344;401;0;10870
100;40;2;CountingSort;301;0;0;15250
100;40;2;QuickSort;2592;1017;460;3090
100;40;2;InsertionSort;1411;469;0;33790
100;40;2;BubbleSort;7228;2870;372;33831
100;40;2;MergeSort;1344;402;0;11230
100;40;2;CountingSort;301;0;0;14240
100;40;2;QuickSort;2509;967;448;3210
100;40;2;InsertionSort;1591;527;0;50850
100;40;2;BubbleSort;7850;3059;433;6400
100;40;2;MergeSort;1344;401;0;10770
100;40;2;CountingSort;301;0;0;19300
100;40;2;QuickSort;2565;963;469;10580
100;40;2;InsertionSort;1637;543;0;41931
100;40;2;BubbleSort;7786;2997;448;6761
100;40;2;MergeSort;1344;401;0;11660
100;40;2;CountingSort;301;0;0;15140
100;40;2;QuickSort;2648;1019;479;3520
100;40;2;InsertionSort;1539;511;0;72680
100;40;2;BubbleSort;7270;2805;415;3210
100;40;2;MergeSort;1344;401;0;13070
100;40;2;CountingSort;301;0;0;16801
100;40;2;QuickSort;2941;1108;542;13260
100;40;2;InsertionSort;1128;374;0;32590
100;40;2;BubbleSort;6042;2465;278;3990
100;40;2;MergeSort;1344;404;0;13780
100;40;2;CountingSort;301;0;0;19610
100;40;2;QuickSort;2698;1069;475;4240
100;40;2;InsertionSort;1458;484;0;46810
100;40;2;BubbleSort;7792;3120;388;4270
100;40;2;MergeSort;1344;403;0;9050
100;40;2;CountingSort;301;0;0;13620
100;40;2;QuickSort;2841;1209;479;3590
100;40;2;InsertionSort;1440;480;0;41920
100;40;2;BubbleSort;7764;3120;381;3480
100;40;2;MergeSort;1344;402;0;9280
100;40;2;CountingSort;301;0;0;15010
100;40;2;QuickSort;2692;1009;492;3360
100;40;2;InsertionSort;1476;490;0;34000
100;40;2;BubbleSort;7694;3059;394;3550
100;40;2;MergeSort;1344;401;0;10480
100;40;2;CountingSort;301;0;0;12290
100;40;2;QuickSort;2310;882;412;4110
100;40;2;InsertionSort;1693;559;0;37460
100;40;2;BubbleSort;7866;2997;468;5070
100;40;2;MergeSort;1344;398;0;7880
100;40;2;CountingSort;301;0;0;18930
100;40;2;QuickSort;2353;904;421;4370
100;40;2;InsertionSort;1458;484;0;43500
100;40;2;BubbleSort;7162;2805;388;3430
100;40;2;MergeSort;1344;402;0;7740
100;40;2;CountingSort;301;0;0;26100
100;40;2;QuickSort;2565;1023;442;3440
100;40;2;InsertionSort;1750;582;0;38320
100;40;2;BubbleSort;8180;3120;485;4740
100;40;2;MergeSort;1344;400;0;8480
100;40;2;CountingSort;301;0;0;17380
100;40;2;QuickSort;3024;1146;560;3170
100;40;2;InsertionSort;1585;523;0;39081
100;40;2;BubbleSort;7846;3059;432;12160
100;40;2;MergeSort;1344;398;0;12680
100;40;2;CountingSort;301;0;0;15350
100;40;2;QuickSort;2250;870;396;3080
100;40;2;InsertionSort;1512;504;0;60090
100;40;2;BubbleSort;7098;2739;405;4660
100;40;2;MergeSort;1344;402;0;13610
100;40;2;CountingSort;301;0;0;17130
100;40;2;QuickSort;2560;952;467;3170
100;40;2;InsertionSort;1509;499;0;37010
100;40;2;BubbleSort;7984;3180;406;6420
100;40;2;MergeSort;1344;400;0;12260
100;40;2;CountingSort;301;0;0;23600
100;40;2;QuickSort;2550;957;463;3640
100;40;2;InsertionSort;1584;526;0;47640
100;40;2;BubbleSort;7838;3059;430;4770
100;40;2;MergeSort;1344;394;0;13930
100;40;2;CountingSort;301;0;0;14440
100;40;2;QuickSort;2292;894;401;3710
100;40;2;InsertionSort;1677;557;0;49010
100;40;2;BubbleSort;7188;2672;461;4550
100;40;2;MergeSort;1344;393;0;16090
100;40;2;CountingSort;301;0;0;14360
100;40;2;QuickSort;2241;876;388;3460
100;40;2;InsertionSort;1524;506;0;45810
100;40;2;BubbleSort;6848;2604;410;3180
100;40;2;MergeSort;1344;403;0;10970
100;40;2;CountingSort;301;0;0;15840
100;40;2;QuickSort;2475;903;457;3260
100;40;2;InsertionSort;1338;444;0;30420
100;40;2;BubbleSort;6322;2465;348;4300
100;40;2;MergeSort;1344;400;0;12190
100;40;2;CountingSort;301;0;0;16740
100;40;2;QuickSort;2719;1060;485;3520
100;40;2;InsertionSort;1448;480;0;46271
100;40;2;BubbleSort;7018;2739;385;9440
100;40;2;MergeSort;1344;399;0;10811
100;40;2;CountingSort;301;0;0;19330
100;40;2;QuickSort;2363;899;422;3020
100;40;2;InsertionSort;1681;559;0;53550
100;40;2;BubbleSort;8088;3120;462;16280
100;40;2;MergeSort;1344;398;0;10820
100;40;2;CountingSort;301;0;0;14080
100;40;2;QuickSort;2598;1008;466;3210
100;40;2;InsertionSort;1186;394;0;26740
100;40;2;BubbleSort;6798;2805;297;4140
100;40;2;MergeSort;1344;404;0;13810
100;40;2;CountingSort;301;0;0;13210
100;40;2;QuickSort;2867;1064;532;3190
100;40;2;InsertionSort;1505;499;0;35230
100;40;2;BubbleSort;7610;2997;404;3460
100;40;2;MergeSort;1344;402;0;8920
100;40;2;CountingSort;301;0;0;16290
100;40;2;QuickSort;2269;883;397;3280
100;40;2;InsertionSort;1417;471;0;32170
100;40;2;BubbleSort;6284;2394;374;4090
100;40;2;MergeSort;1344;403;0;9260
100;40;2;CountingSort;301;0;0;13570
100;40;2;QuickSort;2707;1021;497;3220
100;40;2;InsertionSort;1563;519;0;49581
100;40;2;BubbleSort;7560;2934;423;3300
100;40;2;MergeSort;1344;402;0;10050
100;40;2;CountingSort;301;0;0;17960
100;40;2;QuickSort;2751;1005;514;3950
100;40;2;InsertionSort;1253;417;0;36281
100;40;2;BubbleSort;6754;2739;319;3170
100;40;2;MergeSort;1344;402;0;13670
100;40;2;CountingSort;301;0;0;13240
100;40;2;QuickSort;2507;977;445;3700
100;40;2;InsertionSort;1470;488;0;34170
100;40;2;BubbleSort;6912;2672;392;6750
100;40;2;MergeSort;1344;405;0;8570
100;40;2;CountingSort;301;0;0;14940
100;40;2;QuickSort;2330;956;395;4090
100;40;2;InsertionSort;1457;483;0;32610
100;40;2;BubbleSort;6760;2604;388;3330
100;40;2;MergeSort;1344;402;0;12651
100;40;2;CountingSort;301;0;0;16590
100;40;2;QuickSort;3310;1300;600;4590
100;40;2;InsertionSort;1289;429;0;30860
100;40;2;BubbleSort;6394;2535;331;5240
100;40;2;MergeSort;1344;407;0;15430
100;40;2;CountingSort;301;0;0;14110
100;40;2;QuickSort;2237;908;379;4000
100;40;2;InsertionSort;1347;447;0;31580
100;40;2;BubbleSort;6612;2604;351;4800
100;40;2;MergeSort;1344;405;0;14500
100;40;2;CountingSort;301;0;0;18550
100;40;2;QuickSort;2502;927;459;3250
100;40;2;InsertionSort;1443;479;0;39550
100;40;2;BubbleSort;6740;2604;383;3890
100;40;2;MergeSort;1344;398;0;13760
100;40;2;CountingSort;301;0;0;20890
100;40;2;QuickSort;2246;863;392;3380
100;40;2;InsertionSort;1506;500;0;37730
100;40;2;BubbleSort;6960;2672;404;3110
100;40;2;MergeSort;1344;398;0;19750
100;40;2;CountingSort;301;0;0;13670
100;40;2;QuickSort;2403;888;433;4370
100;40;2;InsertionSort;1289;429;0;37740
100;40;2;BubbleSort;7192;2934;331;3090
100;40;2;MergeSort;1344;400;0;9800
100;40;2;CountingSort;301;0;0;15740
100;40;2;QuickSort;2700;993;501;4530
100;40;2;InsertionSort;1422;472;0;34510
100;40;2;BubbleSort;7744;3120;376;3220
100;40;2;MergeSort;1344;406;0;9160
100;40;2;CountingSort;301;0;0;12830
100;40;2;QuickSort;2733;1038;498;3490
100;40;2;InsertionSort;1516;504;0;33251
100;40;2;BubbleSort;7622;2997;407;3200
100;40;2;MergeSort;1344;401;0;8540
100;40;2;CountingSort;301;0;0;12961
100;40;2;QuickSort;2349;903;420;5650
100;40;2;InsertionSort;1288;426;0;33350
100;40;2;BubbleSort;5972;2322;332;5390
100;40;2;MergeSort;1344;405;0;12810
100;40;2;CountingSort;301;0;0;18090
100;40;2;QuickSort;2525;980;451;17970
100;40;2;InsertionSort;1223;407;0;27300
100;40;2;BubbleSort;5586;2175;309;5090
100;40;2;MergeSort;1344;399;0;12010
100;40;2;CountingSort;301;0;0;17460
100;40;2;QuickSort;2838;1074;516;3920
100;40;2;InsertionSort;1507;501;0;44220
100;40;2;BubbleSort;7356;2870;404;5590
100;40;2;MergeSort;1344;404;0;12210
100;40;2;CountingSort;301;0;0;18710
100;40;2;QuickSort;2382;906;423;3630
100;40;2;InsertionSort;1268;422;0;29560
100;40;2;BubbleSort;6366;2535;324;5080
100;40;2;MergeSort;1344;403;0;8740
100;40;2;CountingSort;301;0;0;12990
100;40;2;QuickSort;2408;884;440;3530
100;40;2;InsertionSort;1442;480;0;33490
100;40;2;BubbleSort;7006;2739;382;5340
100;40;2;MergeSort;1344;400;0;8690
100;40;2;CountingSort;301;0;0;13060
100;40;2;QuickSort;3031;1180;553;3330
100;40;2;InsertionSort;1561;519;0;56200
100;40;2;BubbleSort;7806;3059;422;4780
100;40;2;MergeSort;1344;400;0;10270
100;40;2;CountingSort;301;0;0;18740
100;40;2;QuickSort;2361;876;429;4480
100;40;2;InsertionSort;1568;520;0;36980
100;40;2;BubbleSort;7440;2870;425;3130
100;40;2;MergeSort;1344;398;0;13620
100;40;2;CountingSort;301;0;0;13540
100;40;2;QuickSort;2529;972;457;3360
100;40;2;InsertionSort;1608;534;0;57650
100;40;2;BubbleSort;7362;2805;438;4570
100;40;2;MergeSort;1344;399;0;12440
100;40;2;CountingSort;301;0;0;15250
100;40;2;QuickSort;2553;1002;447;3700
100;40;2;InsertionSort;1630;542;0;48780
100;40;2;BubbleSort;7774;2997;445;12700
100;40;2;MergeSort;1344;406;0;7260
100;40;2;CountingSort;301;0;0;13030
100;40;2;QuickSort;2827;1057;524;3460
100;40;2;InsertionSort;1576;522;0;49590
100;40;2;BubbleSort;7580;2934;428;19020
100;40;2;MergeSort;1344;406;0;6680
100;40;2;CountingSort;301;0;0;12071
100;40;2;QuickSort;2747;1115;480;4660
100;40;2;InsertionSort;1418;470;0;40970
100;40;2;BubbleSort;7618;3059;375;9850
100;40;2;MergeSort;1344;405;0;8500
100;40;2;CountingSort;301;0;0;19640
100;40;2;QuickSort;2430;963;423;3630
100;40;2;InsertionSort;1563;519;0;37290
100;40;2;BubbleSort;7432;2870;423;5280
100;40;2;MergeSort;1344;402;0;11260
100;40;2;CountingSort;301;0;0;18790
100;40;2;QuickSort;2472;930;448;3561
100;40;2;InsertionSort;1281;425;0;39760
100;40;2;BubbleSort;7310;2997;329;4220
100;40;2;MergeSort;1344;404;0;7880
100;40;2;CountingSort;301;0;0;14280
100;40;2;QuickSort;2867;1088;528;3470
100;40;2;InsertionSort;1323;439;0;54831
100;40;2;BubbleSort;6160;2394;343;5030
100;40;2;MergeSort;1344;403;0;7660
100;40;3;CountingSort;301;0;0;21490
100;40;3;QuickSort;2382;990;397;223981
100;40;3;InsertionSort;1251;417;0;87520
100;40;3;BubbleSort;6480;2604;318;282161
100;40;3;MergeSort;1344;412;0;114620
100;40;3;CountingSort;301;0;0;16410
100;40;3;QuickSort;2464;943;441;78150
100;40;3;InsertionSort;1305;435;0;52950
100;40;3;BubbleSort;6552;2604;336;274511
100;40;3;MergeSort;1344;414;0;97170
100;40;3;CountingSort;301;0;0;22190
100;40;3;QuickSort;2175;864;370;105520
100;40;3;InsertionSort;1482;494;0;59520
100;40;3;BubbleSort;7058;2739;395;244601
100;40;3;MergeSort;1344;416;0;132320
100;40;3;CountingSort;301;0;0;15960
100;40;3;QuickSort;2534;947;461;135511
100;40;3;InsertionSort;1335;445;0;50371
100;40;3;BubbleSort;6454;2535;346;167091
100;40;3;MergeSort;1344;418;0;85150
100;40;3;CountingSort;301;0;0;14470
100;40;3;QuickSort;2836;1111;510;75270
100;40;3;InsertionSort;1521;507;0;86781
100;40;3;BubbleSort;6840;2604;408;158751
100;40;3;MergeSort;1344;415;0;37590
100;40;3;CountingSort;301;0;0;17250
100;40;3;QuickSort;2333;893;416;59450
100;40;3;InsertionSort;1728;576;0;69250
100;40;3;BubbleSort;7902;2997;477;244681
100;40;3;MergeSort;1344;413;0;48710
100;40;3;CountingSort;301;0;0;14370
100;40;3;QuickSort;3039;1152;564;30380
100;40;3;InsertionSort;1392;464;0;42491
100;40;3;BubbleSort;5958;2249;365;223600
100;40;3;MergeSort;1344;415;0;19350
100;40;3;CountingSort;301;0;0;12900
100;40;3;QuickSort;2439;879;452;30180
100;40;3;InsertionSort;1431;477;0;31560
100;40;3;BubbleSort;6442;2465;378;230861
100;40;3;MergeSort;1344;406;0;20460
100;40;3;CountingSort;301;0;0;14080
100;40;3;QuickSort;2447;962;428;9910
100;40;3;InsertionSort;1515;505;0;45030
100;40;3;BubbleSort;7364;2870;406;208111
100;40;3;MergeSort;1344;412;0;35520
100;40;3;CountingSort;301;0;0;15810
100;40;3;QuickSort;2704;1051;481;9880
100;40;3;InsertionSort;1356;452;0;52580
100;40;3;BubbleSort;6890;2739;353;209291
100;40;3;MergeSort;1344;409;0;33100
100;40;3;CountingSort;301;0;0;15800
100;40;3;QuickSort;2549;962;465;11900
100;40;3;InsertionSort;1539;513;0;43400
100;40;3;BubbleSort;7650;2997;414;216570
100;40;3;MergeSort;1344;414;0;27240
100;40;3;CountingSort;301;0;0;16520
100;40;3;QuickSort;2761;1078;493;23560
100;40;3;InsertionSort;1461;487;0;55750
100;40;3;BubbleSort;7420;2934;388;238791
100;40;3;MergeSort;1344;411;0;34390
100;40;3;CountingSort;301;0;0;16780
100;40;3;QuickSort;2293;880;404;10600
100;40;3;InsertionSort;1434;478;0;42740
100;40;3;BubbleSort;6860;2672;379;184751
100;40;3;MergeSort;1344;407;0;21181
100;40;3;CountingSort;301;0;0;14440
100;40;3;QuickSort;2848;1117;507;10690
100;40;3;InsertionSort;1716;572;0;47430
100;40;3;BubbleSort;8132;3120;473;167661
100;40;3;MergeSort;1344;415;0;19650
100;40;3;CountingSort;301;0;0;14931
100;40;3;QuickSort;2199;903;368;9020
100;40;3;InsertionSort;1512;504;0;44900
100;40;3;BubbleSort;6550;2465;405;139680
100;40;3;MergeSort;1344;415;0;25040
100;40;3;CountingSort;301;0;0;16370
100;40;3;QuickSort;2972;1115;553;12200
100;40;3;InsertionSort;1494;498;0;34560
100;40;3;BubbleSort;6666;2535;399;142021
100;40;3;MergeSort;1344;416;0;15470
100;40;3;CountingSort;301;0;0;14300
100;40;3;QuickSort;2491;910;459;7720
100;40;3;InsertionSort;1548;516;0;62340
100;40;3;BubbleSort;7278;2805;417;188181
100;40;3;MergeSort;1344;410;0;22230
100;40;3;CountingSort;301;0;0;18500
100;40;3;QuickSort;2120;905;341;9220
100;40;3;InsertionSort;1746;582;0;38180
100;40;3;BubbleSort;7276;2672;483;196701
100;40;3;MergeSort;1344;407;0;27100
100;40;3;CountingSort;301;0;0;15530
100;40;3;QuickSort;2174;806;391;10050
100;40;3;InsertionSort;1494;498;0;55420
100;40;3;BubbleSort;7336;2870;399;165710
100;40;3;MergeSort;1344;409;0;23260
100;40;3;CountingSort;301;0;0;14340
100;40;3;QuickSort;2346;924;408;9320
100;40;3;InsertionSort;1452;484;0;40801
100;40;3;BubbleSort;7534;2997;385;170851
100;40;3;MergeSort;1344;416;0;31850
100;40;3;CountingSort;301;0;0;18310
100;40;3;QuickSort;2615;980;479;16660
100;40;3;InsertionSort;1488;496;0;42980
100;40;3;BubbleSort;7198;2805;397;231491
100;40;3;MergeSort;1344;413;0;15741
100;40;3;CountingSort;301;0;0;14650
100;40;3;QuickSort;2316;891;411;7440
100;40;3;InsertionSort;1440;480;0;45880
100;40;3;BubbleSort;7518;2997;381;190301
100;40;3;MergeSort;1344;414;0;19460
100;40;3;CountingSort;301;0;0;14540
100;40;3;QuickSort;2409;936;430;9290
100;40;3;InsertionSort;1611;537;0;37130
100;40;3;BubbleSort;7992;3120;438;98110
100;40;3;MergeSort;1344;413;0;21580
100;40;3;CountingSort;301;0;0;16050
100;40;3;QuickSort;2313;885;408;7390
100;40;3;InsertionSort;1560;520;0;47210
100;40;3;BubbleSort;7552;2934;421;73231
100;40;3;MergeSort;1344;408;0;16260
100;40;3;CountingSort;301;0;0;15460
100;40;3;QuickSort;2342;872;423;10510
100;40;3;InsertionSort;1554;518;0;52160
100;40;3;BubbleSort;7916;3120;419;54040
100;40;3;MergeSort;1344;412;0;1001483
100;40;3;CountingSort;301;0;0;21310
100;40;3;QuickSort;2577;1002;461;9720
100;40;3;InsertionSort;1515;505;0;33180
100;40;3;BubbleSort;6832;2604;406;31480
100;40;3;MergeSort;1344;408;0;17960
100;40;3;CountingSort;301;0;0;14330
100;40;3;QuickSort;3006;1173;540;10060
100;40;3;InsertionSort;1413;471;0;56570
100;40;3;BubbleSort;7228;2870;372;21240
100;40;3;MergeSort;1344;409;0;23890
100;40;3;CountingSort;301;0;0;14200
100;40;3;QuickSort;3391;1297;632;17330
100;40;3;InsertionSort;1422;474;0;31970
100;40;3;BubbleSort;7860;3180;375;24621
100;40;3;MergeSort;1344;403;0;15200
100;40;3;CountingSort;301;0;0;17760
100;40;3;QuickSort;2608;1018;462;12940
100;40;3;InsertionSort;1608;536;0;47480
100;40;3;BubbleSort;7866;3059;437;36620
100;40;3;MergeSort;1344;409;0;13220
100;40;3;CountingSort;301;0;0;14580
100;40;3;QuickSort;3175;1231;583;17480
100;40;3;InsertionSort;1587;529;0;54770
100;40;3;BubbleSort;7460;2870;430;27840
100;40;3;MergeSort;1344;411;0;14050
100;40;3;CountingSort;301;0;0;15500
100;40;3;QuickSort;2647;988;485;9590
100;40;3;InsertionSort;1401;467;0;47550
100;40;3;BubbleSort;6950;2739;368;53661
100;40;3;MergeSort;1344;410;0;31251
100;40;3;CountingSort;301;0;0;22390
100;40;3;QuickSort;2506;943;453;11740
100;40;3;InsertionSort;1548;516;0;58381
100;40;3;BubbleSort;7278;2805;417;44511
100;40;3;MergeSort;1344;413;0;19970
100;40;3;CountingSort;301;0;0;14080
100;40;3;QuickSort;2864;1085;527;13720
100;40;3;InsertionSort;1461;487;0;41631
100;40;3;BubbleSort;7792;3120;388;56440
100;40;3;MergeSort;1344;413;0;15900
100;40;3;CountingSort;301;0;0;14670
100;40;3;QuickSort;2394;900;432;12620
100;40;3;InsertionSort;1575;525;0;60410
100;40;3;BubbleSort;6774;2535;426;45570
100;40;3;MergeSort;1344;409;0;8480
100;40;3;CountingSort;301;0;0;13220
100;40;3;QuickSort;2505;936;458;7890
100;40;3;InsertionSort;1500;500;0;45560
100;40;3;BubbleSort;7598;2997;401;41740
100;40;3;MergeSort;1344;409;0;8520
100;40;3;CountingSort;301;0;0;17510
100;40;3;QuickSort;2361;891;423;7640
100;40;3;InsertionSort;1443;481;0;32770
100;40;3;BubbleSort;6458;2465;382;22010
100;40;3;MergeSort;1344;416;0;11320
100;40;3;CountingSort;301;0;0;16200
100;40;3;QuickSort;2193;843;384;6780
100;40;3;InsertionSort;1434;478;0;40060
100;40;3;BubbleSort;7126;2805;379;50970
100;40;3;MergeSort;1344;406;0;10040
100;40;3;CountingSort;301;0;0;14460
100;40;3;QuickSort;2375;917;414;8940
100;40;3;InsertionSort;1512;504;0;56690
100;40;3;BubbleSort;6690;2535;405;25340
100;40;3;MergeSort;1344;410;0;10680
100;40;3;CountingSort;301;0;0;20300
100;40;3;QuickSort;2368;892;426;18510
100;40;3;InsertionSort;1422;474;0;39610
100;40;3;BubbleSort;7494;2997;375;28090
100;40;3;MergeSort;1344;409;0;11320
100;40;3;CountingSort;301;0;0;14750
100;40;3;QuickSort;2835;1056;523;132451
100;40;3;InsertionSort;1470;490;0;57291
100;40;3;BubbleSort;6634;2535;391;50170
100;40;3;MergeSort;1344;411;0;21790
100;40;3;CountingSort;301;0;0;19240
100;40;3;QuickSort;2288;869;409;45310
100;40;3;InsertionSort;1476;492;0;48290
100;40;3;BubbleSort;7440;2934;393;28860
100;40;3;MergeSort;1344;410;0;21150
100;40;3;CountingSort;301;0;0;13990
100;40;3;QuickSort;2621;1028;465;51470
100;40;3;InsertionSort;1575;525;0;46511
100;40;3;BubbleSort;7048;2672;426;23880
100;40;3;MergeSort;1344;410;0;26330
100;40;3;CountingSort;301;0;0;17150
100;40;3;QuickSort;2710;997;504;64630
100;40;3;InsertionSort;1533;511;0;37760
100;40;3;BubbleSort;7126;2739;412;24320
100;40;3;MergeSort;1344;413;0;13780
100;40;3;CountingSort;301;0;0;18300
100;40;3;QuickSort;2710;1057;486;66710
100;40;3;InsertionSort;1482;494;0;34440
100;40;3;BubbleSort;7698;3059;395;38240
100;40;3;MergeSort;1344;410;0;15580
100;40;3;CountingSort;301;0;0;15910
100;40;3;QuickSort;2818;1069;516;62740
100;40;3;InsertionSort;1548;516;0;48641
100;40;3;BubbleSort;7146;2739;417;45531
100;40;3;MergeSort;1344;415;0;11120
100;40;3;CountingSort;301;0;0;15820
100;40;3;QuickSort;2257;841;407;51071
100;40;3;InsertionSort;1149;383;0;35430
100;40;3;BubbleSort;6614;2739;284;27280
100;40;3;MergeSort;1344;411;0;16180
100;40;3;CountingSort;301;0;0;26440
100;40;3;QuickSort;2314;865;417;15020
100;40;3;InsertionSort;1374;458;0;41490
100;40;3;BubbleSort;7430;2997;359;52791
100;40;3;MergeSort;1344;414;0;16030
100;40;3;CountingSort;301;0;0;14781
100;40;3;QuickSort;2341;913;408;3580
100;40;3;InsertionSort;1593;531;0;49371
100;40;3;BubbleSort;7338;2805;432;46121
100;40;3;MergeSort;1344;409;0;14300
100;40;3;CountingSort;301;0;0;17851
100;40;3;QuickSort;2606;974;478;19220
100;40;3;InsertionSort;1419;473;0;40680
100;40;3;BubbleSort;7856;3180;374;55940
100;40;3;MergeSort;1344;403;0;11870
100;40;3;CountingSort;301;0;0;16920
100;40;3;QuickSort;2537;962;458;4110
100;40;3;InsertionSort;1776;592;0;39990
100;40;3;BubbleSort;7712;2870;493;49400
100;40;3;MergeSort;1344;407;0;13590
100;40;3;CountingSort;301;0;0;16460
100;40;3;QuickSort;2420;929;432;4140
100;40;3;InsertionSort;1587;529;0;34470
100;40;3;BubbleSort;7838;3059;430;121510
100;40;3;MergeSort;1344;409;0;11140
100;40;3;CountingSort;301;0;0;18030
100;40;3;QuickSort;2227;871;387;3870
100;40;3;InsertionSort;1377;459;0;39300
100;40;3;BubbleSort;7680;3120;360;28981
100;40;3;MergeSort;1344;414;0;17770
100;40;3;CountingSort;301;0;0;25250
100;40;3;QuickSort;2349;918;412;3990
100;40;3;InsertionSort;1221;407;0;46460
100;40;3;BubbleSort;6440;2604;308;51300
100;40;3;MergeSort;1344;411;0;15311
100;40;3;CountingSort;301;0;0;17670
100;40;3;QuickSort;2669;1004;494;3720
100;40;3;InsertionSort;1554;518;0;63670
100;40;3;BubbleSort;7286;2805;419;136320
100;40;3;MergeSort;1344;413;0;9690
100;40;3;CountingSort;301;0;0;22250
100;40;3;QuickSort;3500;1307;666;3990
100;40;3;InsertionSort;1443;481;0;46790
100;40;3;BubbleSort;7888;3180;382;50150
100;40;3;MergeSort;1344;402;0;24040
100;40;3;CountingSort;301;0;0;17010
100;40;3;QuickSort;2186;845;379;4460
100;40;3;InsertionSort;1608;536;0;49210
100;40;3;BubbleSort;7866;3059;437;34990
100;40;3;MergeSort;1344;415;0;10490
100;40;3;CountingSort;301;0;0;18690
100;40;3;QuickSort;2687;968;508;4580
100;40;3;InsertionSort;1494;498;0;39320
100;40;3;BubbleSort;7336;2870;399;92960
100;40;3;MergeSort;1344;412;0;11350
100;40;3;CountingSort;301;0;0;13850
100;40;3;QuickSort;2565;972;466;4490
100;40;3;InsertionSort;1326;442;0;30540
100;40;3;BubbleSort;7612;3120;343;45660
100;40;3;MergeSort;1344;410;0;11280
100;40;3;CountingSort;301;0;0;16360
100;40;3;QuickSort;2380;895;429;3260
100;40;3;InsertionSort;1635;545;0;35480
100;40;3;BubbleSort;7262;2739;446;28880
100;40;3;MergeSort;1344;412;0;9240
100;40;3;CountingSort;301;0;0;18530
100;40;3;QuickSort;2567;968;465;3090
100;40;3;InsertionSort;1578;526;0;39850
100;40;3;BubbleSort;7448;2870;427;84200
100;40;3;MergeSort;1344;413;0;11060
100;40;3;CountingSort;301;0;0;12360
100;40;3;QuickSort;2164;838;377;3820
100;40;3;InsertionSort;1386;462;0;31680
100;40;3;BubbleSort;5950;2249;363;33120
100;40;3;MergeSort;1344;410;0;9970
100;40;3;CountingSort;301;0;0;13850
100;40;3;QuickSort;2698;1060;479;3750
100;40;3;InsertionSort;1494;498;0;35520
100;40;3;BubbleSort;6666;2535;399;18860
100;40;3;MergeSort;1344;410;0;9920
100;40;3;CountingSort;301;0;0;13820
100;40;3;QuickSort;2544;939;466;5600
100;40;3;InsertionSort;1491;497;0;44010
100;40;3;BubbleSort;6662;2535;398;52751
100;40;3;MergeSort;1344;410;0;7590
100;40;3;CountingSort;301;0;0;12900
100;40;3;QuickSort;2193;894;370;3770
100;40;3;InsertionSort;1593;531;0;49251
100;40;3;BubbleSort;7722;2997;432;51360
100;40;3;MergeSort;1344;409;0;10070
100;40;3;CountingSort;301;0;0;18281
100;40;3;QuickSort;2592;972;473;4050
100;40;3;InsertionSort;1305;435;0;37230
100;40;3;BubbleSort;6414;2535;336;38510
100;40;3;MergeSort;1344;418;0;23560
100;40;3;CountingSort;301;0;0;18750
100;40;3;QuickSort;2245;889;384;5240
100;40;3;InsertionSort;1599;533;0;36410
100;40;3;BubbleSort;7854;3059;434;84590
100;40;3;MergeSort;1344;407;0;18270
100;40;3;CountingSort;301;0;0;19161
100;40;3;QuickSort;2704;1069;480;3510
100;40;3;InsertionSort;1443;481;0;33980
100;40;3;BubbleSort;7646;3059;382;32700
100;40;3;MergeSort;1344;411;0;19050
100;40;3;CountingSort;301;0;0;16780
100;40;3;QuickSort;2578;982;467;3290
100;40;3;InsertionSort;1383;461;0;38740
100;40;3;BubbleSort;6926;2739;362;35220
100;40;3;MergeSort;1344;413;0;8370
100;40;3;CountingSort;301;0;0;12910
100;40;3;QuickSort;2398;922;428;4000
100;40;3;InsertionSort;1281;427;0;29270
100;40;3;BubbleSort;6382;2535;328;96150
100;40;3;MergeSort;1344;414;0;8910
100;40;3;CountingSort;301;0;0;14290
100;40;3;QuickSort;2489;914;457;3820
100;40;3;InsertionSort;1617;539;0;37850
100;40;3;BubbleSort;7754;2997;440;34370
100;40;3;MergeSort;1344;405;0;11230
100;40;3;CountingSort;301;0;0;16340
100;40;3;QuickSort;2342;971;386;3370
100;40;3;InsertionSort;1605;535;0;39180
100;40;3;BubbleSort;7984;3120;436;28850
100;40;3;MergeSort;1344;417;0;17200
100;40;3;CountingSort;301;0;0;61540
100;40;3;QuickSort;2411;935;424;3550
100;40;3;InsertionSort;1425;475;0;31200
100;40;3;BubbleSort;6574;2535;376;120791
100;40;3;MergeSort;1344;410;0;18600
100;40;3;CountingSort;301;0;0;16920
100;40;3;QuickSort;2646;999;482;3770
100;40;3;InsertionSort;1788;596;0;40260
100;40;3;BubbleSort;8106;3059;497;35200
100;40;3;MergeSort;1344;411;0;11620
100;40;3;CountingSort;301;0;0;16290
100;40;3;QuickSort;2339;851;429;3220
100;40;3;InsertionSort;1386;462;0;34070
100;40;3;BubbleSort;7062;2805;363;38590
100;40;3;MergeSort;1344;414;0;11790
100;40;3;CountingSort;301;0;0;37240
100;40;3;QuickSort;2610;993;472;14480
100;40;3;InsertionSort;1365;455;0;39130
100;40;3;BubbleSort;7034;2805;356;91630
100;40;3;MergeSort;1344;413;0;21070
100;40;3;CountingSort;301;0;0;13650
100;40;3;QuickSort;3076;1159;573;4710
100;40;3;InsertionSort;1422;474;0;32240
100;40;3;BubbleSort;7494;2997;375;50450
100;40;3;MergeSort;1344;418;0;12320
100;40;3;CountingSort;301;0;0;18580
100;40;3;QuickSort;2562;957;465;5040
100;40;3;InsertionSort;1485;495;0;57600
100;40;3;BubbleSort;7578;2997;396;45150
100;40;3;MergeSort;1344;409;0;11180
100;40;3;CountingSort;301;0;0;15340
100;40;3;QuickSort;2110;832;359;3200
100;40;3;InsertionSort;1209;403;0;48410
100;40;3;BubbleSort;6146;2465;304;113280
100;40;3;MergeSort;1344;414;0;10060
100;40;3;CountingSort;301;0;0;17750
100;40;3;QuickSort;2855;1112;515;3910
100;40;3;InsertionSort;1704;568;0;44870
100;40;3;BubbleSort;8116;3120;469;47970
100;40;3;MergeSort;1344;412;0;11790
100;40;3;CountingSort;301;0;0;18030
100;40;3;QuickSort;2700;1011;500;4460
100;40;3;InsertionSort;1251;417;0;27470
100;40;3;BubbleSort;6342;2535;318;34270
100;40;3;MergeSort;1344;413;0;12700
100;40;3;CountingSort;301;0;0;15760
100;40;3;QuickSort;2466;933;443;3940
100;40;3;InsertionSort;1257;419;0;55630
100;40;3;BubbleSort;6624;2672;320;103930
100;40;3;MergeSort;1344;415;0;11230
100;40;3;CountingSort;301;0;0;15000
100;40;3;QuickSort;2630;1073;454;4150
100;40;3;InsertionSort;1572;524;0;36020
100;40;3;BubbleSort;7694;2997;425;32380
100;40;3;MergeSort;1344;411;0;10090
100;40;3;CountingSort;301;0;0;14810
100;40;3;QuickSort;2604;957;486;3380
100;40;3;InsertionSort;1407;469;0;42520
100;40;3;BubbleSort;7220;2870;370;37840
100;40;3;MergeSort;1344;413;0;10040
100;40;3;CountingSort;301;0;0;13770
100;40;3;QuickSort;2405;905;434;3430
100;40;3;InsertionSort;1524;508;0;32970
100;40;3;BubbleSort;7114;2739;409;4230
100;40;3;MergeSort;1344;413;0;12750
100;40;3;CountingSort;301;0;0;15640
100;40;3;QuickSort;2580;969;470;4660
100;40;3;InsertionSort;1749;583;0;39610
100;40;3;BubbleSort;7930;2997;484;3320
100;40;3;MergeSort;1344;409;0;7690
100;40;3;CountingSort;301;0;0;13140
100;40;3;QuickSort;3841;1468;728;3990
100;40;3;InsertionSort;1644;548;0;129330
100;40;3;BubbleSort;7536;2870;449;3330
100;40;3;MergeSort;1344;410;0;10980
100;40;3;CountingSort;301;0;0;13800
100;40;3;QuickSort;2577;918;480;4410
100;40;3;InsertionSort;1302;434;0;30621
100;40;3;BubbleSort;6410;2535;335;5430
100;40;3;MergeSort;1344;413;0;13740
100;40;3;CountingSort;301;0;0;14290
100;40;3;QuickSort;2444;950;433;3560
100;40;3;InsertionSort;1446;482;0;31670
100;40;3;BubbleSort;7400;2934;383;7900
100;40;3;MergeSort;1344;413;0;11840
100;40;3;CountingSort;301;0;0;17201
100;40;3;QuickSort;3241;1204;612;3830
100;40;3;InsertionSort;1578;526;0;45650
100;40;3;BubbleSort;7186;2739;427;4810
100;40;3;MergeSort;1344;412;0;11280
100;40;3;CountingSort;301;0;0;21120
100;40;3;QuickSort;2617;1009;465;3630
100;40;3;InsertionSort;1458;486;0;44240
100;40;3;BubbleSort;7288;2870;387;3690
100;40;3;MergeSort;1344;409;0;13120
100;40;3;CountingSort;301;0;0;17400
100;40;3;QuickSort;2579;950;475;4330
100;40;3;InsertionSort;1419;473;0;30720
100;40;3;BubbleSort;7490;2997;374;3820
100;40;3;MergeSort;1344;415;0;10540
100;40;3;CountingSort;301;0;0;15990
100;40;3;QuickSort;2724;1029;496;4360
100;40;3;InsertionSort;1425;475;0;31040
100;40;3;BubbleSort;6712;2604;376;5860
100;40;3;MergeSort;1344;410;0;12080
100;40;3;CountingSort;301;0;0;14140
100;40;3;QuickSort;2702;1010;496;4020
100;40;3;InsertionSort;1488;496;0;32380
100;40;3;BubbleSort;6518;2465;397;4150
100;40;3;MergeSort;1344;412;0;9630
100;40;3;CountingSort;301;0;0;13680
100;40;3;QuickSort;2331;921;404;4510
100;40;3;InsertionSort;1437;479;0;43680
100;40;3;BubbleSort;7760;3120;380;4170
100;40;3;MergeSort;1344;407;0;10960
100;40;3;CountingSort;301;0;0;17750
100;40;3;QuickSort;2798;1073;509;4310
100;40;3;InsertionSort;1488;496;0;32600
100;40;3;BubbleSort;7582;2997;397;5780
100;40;3;MergeSort;1344;405;0;9070
100;40;3;CountingSort;301;0;0;15250
100;40;3;QuickSort;2854;1114;516;4160
100;40;3;InsertionSort;1365;455;0;30960
100;40;3;BubbleSort;6354;2465;356;7710
100;40;3;MergeSort;1344;405;0;8790
100;40;3;CountingSort;301;0;0;14330
100;40;3;QuickSort;3002;1136;553;4240
100;40;3;InsertionSort;1164;388;0;25710
100;40;3;BubbleSort;6634;2739;289;3740
100;40;3;MergeSort;1344;406;0;16950
100;40;3;CountingSort;301;0;0;17620
100;40;3;QuickSort;2570;938;476;4140
100;40;3;InsertionSort;1557;519;0;38750
100;40;3;BubbleSort;7674;2997;420;8190
100;40;3;MergeSort;1344;408;0;10310
100;40;3;CountingSort;301;0;0;17060
100;40;3;QuickSort;2863;1123;515;4270
100;40;3;InsertionSort;1461;487;0;31310
100;40;3;BubbleSort;6622;2535;388;5590
100;40;3;MergeSort;1344;413;0;9740
100;40;3;CountingSort;301;0;0;16650
100;40;3;QuickSort;2516;929;461;4090
100;40;3;InsertionSort;1275;425;0;40920
100;40;3;BubbleSort;6648;2672;326;3160
100;40;3;MergeSort;1344;409;0;8140
100;40;4;CountingSort;301;0;0;20610
100;40;4;QuickSort;2177;881;366;187541
100;40;4;InsertionSort;1734;578;0;126770
100;40;4;BubbleSort;7784;2934;479;367861
100;40;4;MergeSort;1344;409;0;110940
100;40;4;CountingSort;301;0;0;16680
100;40;4;QuickSort;2449;898;448;96961
100;40;4;InsertionSort;1296;432;0;40610
100;40;4;BubbleSort;5830;2249;333;200420
100;40;4;MergeSort;1344;418;0;117260
100;40;4;CountingSort;301;0;0;21140
100;40;4;QuickSort;2423;935;434;116411
100;40;4;InsertionSort;1377;459;0;48230
100;40;4;BubbleSort;6648;2604;360;279621
100;40;4;MergeSort;1344;420;0;125430
100;40;4;CountingSort;301;0;0;13020
100;40;4;QuickSort;2689;1054;479;94121
100;40;4;InsertionSort;1500;500;0;36480
100;40;4;BubbleSort;7082;2739;401;212730
100;40;4;MergeSort;1344;418;0;64770
100;40;4;CountingSort;301;0;0;11700
100;40;4;QuickSort;2549;941;469;129631
100;40;4;InsertionSort;1398;466;0;41551
100;40;4;BubbleSort;7336;2934;367;245430
100;40;4;MergeSort;1344;417;0;33300
100;40;4;CountingSort;301;0;0;12760
100;40;4;QuickSort;2626;1039;468;71410
100;40;4;InsertionSort;1674;558;0;40830
100;40;4;BubbleSort;7830;2997;459;181320
100;40;4;MergeSort;1344;425;0;28380
100;40;4;CountingSort;301;0;0;18320
100;40;4;QuickSort;2620;976;480;55510
100;40;4;InsertionSort;1545;515;0;45150
100;40;4;BubbleSort;7404;2870;416;216141
100;40;4;MergeSort;1344;415;0;29910
100;40;4;CountingSort;301;0;0;14230
100;40;4;QuickSort;2656;982;489;45430
100;40;4;InsertionSort;1329;443;0;29220
100;40;4;BubbleSort;7116;2870;344;163021
100;40;4;MergeSort;1344;423;0;24671
100;40;4;CountingSort;301;0;0;12470
100;40;4;QuickSort;2451;1029;407;35940
100;40;4;InsertionSort;1359;453;0;37580
100;40;4;BubbleSort;7026;2805;354;191141
100;40;4;MergeSort;1344;420;0;30050
100;40;4;CountingSort;301;0;0;13040
100;40;4;QuickSort;2517;990;441;7770
100;40;4;InsertionSort;1497;499;0;44650
100;40;4;BubbleSort;7340;2870;400;165000
100;40;4;MergeSort;1344;415;0;22920
100;40;4;CountingSort;301;0;0;17880
100;40;4;QuickSort;2437;946;434;11980
100;40;4;InsertionSort;1449;483;0;42890
100;40;4;BubbleSort;7276;2870;384;201710
100;40;4;MergeSort;1344;417;0;25370
100;40;4;CountingSort;301;0;0;17580
100;40;4;QuickSort;2325;900;410;16990
100;40;4;InsertionSort;1647;549;0;35900
100;40;4;BubbleSort;7668;2934;450;162651
100;40;4;MergeSort;1344;425;0;19490
100;40;4;CountingSort;301;0;0;15940
100;40;4;QuickSort;2391;870;437;7540
100;40;4;InsertionSort;1533;511;0;48591
100;40;4;BubbleSort;6992;2672;412;194370
100;40;4;MergeSort;1344;419;0;15570
100;40;4;CountingSort;301;0;0;15030
100;40;4;QuickSort;2356;946;402;9280
100;40;4;InsertionSort;1776;592;0;49650
100;40;4;BubbleSort;7180;2604;493;206681
100;40;4;MergeSort;1344;416;0;25530
100;40;4;CountingSort;301;0;0;17330
100;40;4;QuickSort;2396;920;425;9550
100;40;4;InsertionSort;1482;494;0;42980
100;40;4;BubbleSort;6510;2465;395;184891
100;40;4;MergeSort;1344;418;0;17340
100;40;4;CountingSort;301;0;0;16640
100;40;4;QuickSort;2470;913;451;9530
100;40;4;InsertionSort;1512;504;0;43520
100;40;4;BubbleSort;7230;2805;405;197951
100;40;4;MergeSort;1344;422;0;26530
100;40;4;CountingSort;301;0;0;17780
100;40;4;QuickSort;2548;1054;429;11540
100;40;4;InsertionSort;1440;480;0;56960
100;40;4;BubbleSort;7002;2739;381;212441
100;40;4;MergeSort;1344;415;0;29440
100;40;4;CountingSort;301;0;0;21590
100;40;4;QuickSort;2647;964;495;9620
100;40;4;InsertionSort;1419;473;0;53980
100;40;4;BubbleSort;7364;2934;374;237471
100;40;4;MergeSort;1344;415;0;24320
100;40;4;CountingSort;301;0;0;15570
100;40;4;QuickSort;2581;961;473;9440
100;40;4;InsertionSort;1314;438;0;41040
100;40;4;BubbleSort;6564;2604;339;147791
100;40;4;MergeSort;1344;414;0;24250
100;40;4;CountingSort;301;0;0;14640
100;40;4;QuickSort;2146;835;370;9950
100;40;4;InsertionSort;1530;510;0;51010
100;40;4;BubbleSort;7254;2805;411;172110
100;40;4;MergeSort;1344;416;0;24480
100;40;4;CountingSort;301;0;0;18750
100;40;4;QuickSort;2449;988;420;9360
100;40;4;InsertionSort;1650;550;0;39090
100;40;4;BubbleSort;7672;2934;451;224750
100;40;4;MergeSort;1344;415;0;26560
100;40;4;CountingSort;301;0;0;15290
100;40;4;QuickSort;2402;911;433;10810
100;40;4;InsertionSort;1551;517;0;51950
100;40;4;BubbleSort;6880;2604;418;192250
100;40;4;MergeSort;1344;423;0;20970
100;40;4;CountingSort;301;0;0;17190
100;40;4;QuickSort;2519;953;455;9420
100;40;4;InsertionSort;1452;484;0;40470
100;40;4;BubbleSort;7018;2739;385;59101
100;40;4;MergeSort;1344;411;0;40931
100;40;4;CountingSort;301;0;0;23460
100;40;4;QuickSort;2848;1069;529;12640
100;40;4;InsertionSort;1380;460;0;30110
100;40;4;BubbleSort;6088;2322;361;27800
100;40;4;MergeSort;1344;418;0;29350
100;40;4;CountingSort;301;0;0;14980
100;40;4;QuickSort;2532;942;464;8560
100;40;4;InsertionSort;1725;575;0;55540
100;40;4;BubbleSort;8144;3120;476;48020
100;40;4;MergeSort;1344;418;0;1014544
100;40;4;CountingSort;301;0;0;16300
100;40;4;QuickSort;2390;881;440;12220
100;40;4;InsertionSort;1488;496;0;34210
100;40;4;BubbleSort;6796;2604;397;19350
100;40;4;MergeSort;1344;414;0;19540
100;40;4;CountingSort;301;0;0;11890
100;40;4;QuickSort;2972;1115;553;15270
100;40;4;InsertionSort;1545;515;0;46690
100;40;4;BubbleSort;7274;2805;416;20770
100;40;4;MergeSort;1344;417;0;23660
100;40;4;CountingSort;301;0;0;11780
100;40;4;QuickSort;2415;873;443;7430
100;40;4;InsertionSort;1554;518;0;45200
100;40;4;BubbleSort;7794;3059;419;25121
100;40;4;MergeSort;1344;420;0;26090
100;40;4;CountingSort;301;0;0;14310
100;40;4;QuickSort;2691;1068;475;10420
100;40;4;InsertionSort;1299;433;0;30260
100;40;4;BubbleSort;6680;2672;334;22040
100;40;4;MergeSort;1344;413;0;16450
100;40;4;CountingSort;301;0;0;13210
100;40;4;QuickSort;2317;865;417;11770
100;40;4;InsertionSort;1503;501;0;54790
100;40;4;BubbleSort;7726;3059;402;54090
100;40;4;MergeSort;1344;420;0;10190
100;40;4;CountingSort;301;0;0;14140
100;40;4;QuickSort;2327;932;403;7440
100;40;4;InsertionSort;1533;511;0;58750
100;40;4;BubbleSort;7642;2997;412;45820
100;40;4;MergeSort;1344;410;0;39370
100;40;4;CountingSort;301;0;0;13020
100;40;4;QuickSort;2486;1007;429;8710
100;40;4;InsertionSort;1227;409;0;40930
100;40;4;BubbleSort;6448;2604;310;32960
100;40;4;MergeSort;1344;413;0;7990
100;40;4;CountingSort;301;0;0;14930
100;40;4;QuickSort;2983;1135;546;10160
100;40;4;InsertionSort;1599;533;0;39600
100;40;4;BubbleSort;7346;2805;434;29450
100;40;4;MergeSort;1344;418;0;11540
100;40;4;CountingSort;301;0;0;14070
100;40;4;QuickSort;2809;1060;516;9520
100;40;4;InsertionSort;1407;469;0;38650
100;40;4;BubbleSort;6268;2394;370;19030
100;40;4;MergeSort;1344;416;0;9700
100;40;4;CountingSort;301;0;0;12610
100;40;4;QuickSort;2751;1017;509;9150
100;40;4;InsertionSort;1485;495;0;40530
100;40;4;BubbleSort;6792;2604;396;25860
100;40;4;MergeSort;1344;408;0;10410
100;40;4;CountingSort;301;0;0;14020
100;40;4;QuickSort;2546;956;466;7230
100;40;4;InsertionSort;1446;482;0;44980
100;40;4;BubbleSort;7526;2997;383;29040
100;40;4;MergeSort;1344;423;0;5360
100;40;4;CountingSort;301;0;0;13010
100;40;4;QuickSort;2494;973;436;9680
100;40;4;InsertionSort;1566;522;0;47570
100;40;4;BubbleSort;7810;3059;423;48260
100;40;4;MergeSort;1344;416;0;6670
100;40;4;CountingSort;301;0;0;14050
100;40;4;QuickSort;2513;956;453;9090
100;40;4;InsertionSort;1419;473;0;44790
100;40;4;BubbleSort;6974;2739;374;37840
100;40;4;MergeSort;1344;415;0;9510
100;40;4;CountingSort;301;0;0;13910
100;40;4;QuickSort;2245;841;401;7160
100;40;4;InsertionSort;1533;511;0;42720
100;40;4;BubbleSort;7888;3120;412;31030
100;40;4;MergeSort;1344;421;0;9180
100;40;4;CountingSort;301;0;0;12840
100;40;4;QuickSort;2139;855;360;8870
100;40;4;InsertionSort;1362;454;0;42190
100;40;4;BubbleSort;7660;3120;355;58100
100;40;4;MergeSort;1344;407;0;27600
100;40;4;CountingSort;301;0;0;11870
100;40;4;QuickSort;2492;953;442;98911
100;40;4;InsertionSort;1380;460;0;40600
100;40;4;BubbleSort;7184;2870;361;57750
100;40;4;MergeSort;1344;416;0;13730
100;40;4;CountingSort;301;0;0;14600
100;40;4;QuickSort;2542;973;456;55680
100;40;4;InsertionSort;1320;440;0;49160
100;40;4;BubbleSort;7232;2934;341;57480
100;40;4;MergeSort;1344;413;0;8310
100;40;4;CountingSort;301;0;0;13470
100;40;4;QuickSort;2826;1116;499;68090
100;40;4;InsertionSort;1659;553;0;47390
100;40;4;BubbleSort;8176;3180;454;34730
100;40;4;MergeSort;1344;412;0;15110
100;40;4;CountingSort;301;0;0;13870
100;40;4;QuickSort;2640;1017;474;56800
100;40;4;InsertionSort;1488;496;0;55450
100;40;4;BubbleSort;7456;2934;397;39320
100;40;4;MergeSort;1344;417;0;12610
100;40;4;CountingSort;301;0;0;16010
100;40;4;QuickSort;2550;1065;430;65800
100;40;4;InsertionSort;1683;561;0;70600
100;40;4;BubbleSort;7842;2997;462;139240
100;40;4;MergeSort;1344;415;0;24640
100;40;4;CountingSort;301;0;0;14560
100;40;4;QuickSort;2240;848;398;57051
100;40;4;InsertionSort;1437;479;0;44211
100;40;4;BubbleSort;6728;2604;380;50510
100;40;4;MergeSort;1344;417;0;12420
100;40;4;CountingSort;301;0;0;19410
100;40;4;QuickSort;2386;961;411;66261
100;40;4;InsertionSort;1425;475;0;32730
100;40;4;BubbleSort;7244;2870;376;33650
100;40;4;MergeSort;1344;420;0;10140
100;40;4;CountingSort;301;0;0;17760
100;40;4;QuickSort;2795;1055;514;47350
100;40;4;InsertionSort;1506;502;0;35130
100;40;4;BubbleSort;7606;2997;403;101631
100;40;4;MergeSort;1344;415;0;13710
100;40;4;CountingSort;301;0;0;17300
100;40;4;QuickSort;2227;850;392;57351
100;40;4;InsertionSort;1509;503;0;57640
100;40;4;BubbleSort;7484;2934;404;30570
100;40;4;MergeSort;1344;418;0;18220
100;40;4;CountingSort;301;0;0;14570
100;40;4;QuickSort;2401;880;439;13400
100;40;4;InsertionSort;1404;468;0;41710
100;40;4;BubbleSort;7086;2805;369;41050
100;40;4;MergeSort;1344;410;0;13100
100;40;4;CountingSort;301;0;0;12080
100;40;4;QuickSort;2249;839;399;4080
100;40;4;InsertionSort;1299;433;0;28320
100;40;4;BubbleSort;6124;2394;334;112260
100;40;4;MergeSort;1344;425;0;10020
100;40;4;CountingSort;301;0;0;15210
100;40;4;QuickSort;2846;1148;501;3490
100;40;4;InsertionSort;1413;471;0;43130
100;40;4;BubbleSort;6696;2604;372;37850
100;40;4;MergeSort;1344;410;0;12791
100;40;4;CountingSort;301;0;0;14930
100;40;4;QuickSort;2722;1087;476;4100
100;40;4;InsertionSort;1512;504;0;45060
100;40;4;BubbleSort;7360;2870;405;48590
100;40;4;MergeSort;1344;422;0;17110
100;40;4;CountingSort;301;0;0;17010
100;40;4;QuickSort;2532;1011;441;4060
100;40;4;InsertionSort;1305;435;0;42950
100;40;4;BubbleSort;6274;2465;336;97880
100;40;4;MergeSort;1344;421;0;11540
100;40;4;CountingSort;301;0;0;16270
100;40;4;QuickSort;2527;982;448;3440
100;40;4;InsertionSort;1332;444;0;37451
100;40;4;BubbleSort;5580;2100;345;31520
100;40;4;MergeSort;1344;417;0;10020
100;40;4;CountingSort;301;0;0;14250
100;40;4;QuickSort;2472;933;447;3190
100;40;4;InsertionSort;1440;480;0;47470
100;40;4;BubbleSort;6312;2394;381;33780
100;40;4;MergeSort;1344;413;0;11670
100;40;4;CountingSort;301;0;0;16460
100;40;4;QuickSort;2498;926;458;8220
100;40;4;InsertionSort;1269;423;0;36210
100;40;4;BubbleSort;6226;2465;324;7410
100;40;4;MergeSort;1344;415;0;15230
100;40;4;CountingSort;301;0;0;12310
100;40;4;QuickSort;2623;1081;448;4050
100;40;4;InsertionSort;1269;423;0;38860
100;40;4;BubbleSort;6226;2465;324;5150
100;40;4;MergeSort;1344;409;0;11530
100;40;4;CountingSort;301;0;0;15441
100;40;4;QuickSort;2585;1016;457;3800
100;40;4;InsertionSort;1572;524;0;45260
100;40;4;BubbleSort;7568;2934;425;3410
100;40;4;MergeSort;1344;416;0;10240
100;40;4;CountingSort;301;0;0;18060
100;40;4;QuickSort;2395;910;426;3410
100;40;4;InsertionSort;1374;458;0;41230
100;40;4;BubbleSort;6506;2535;359;3760
100;40;4;MergeSort;1344;417;0;11890
100;40;4;CountingSort;301;0;0;17170
100;40;4;QuickSort;2609;1001;469;3100
100;40;4;InsertionSort;1578;526;0;35620
100;40;4;BubbleSort;7576;2934;427;5750
100;40;4;MergeSort;1344;415;0;13140
100;40;4;CountingSort;301;0;0;15370
100;40;4;QuickSort;2157;819;380;3510
100;40;4;InsertionSort;1587;529;0;35350
100;40;4;BubbleSort;7460;2870;430;6600
100;40;4;MergeSort;1344;416;0;11590
100;40;4;CountingSort;301;0;0;14390
100;40;4;QuickSort;2433;918;438;3220
100;40;4;InsertionSort;1377;459;0;31670
100;40;4;BubbleSort;7434;2997;360;3840
100;40;4;MergeSort;1344;418;0;12220
100;40;4;CountingSort;301;0;0;14860
100;40;4;QuickSort;2484;951;443;3100
100;40;4;InsertionSort;1443;481;0;43380
100;40;4;BubbleSort;7522;2997;382;6520
100;40;4;MergeSort;1344;411;0;10380
100;40;4;CountingSort;301;0;0;16340
100;40;4;QuickSort;2520;921;464;5250
100;40;4;InsertionSort;1455;485;0;57580
100;40;4;BubbleSort;7412;2934;386;5930
100;40;4;MergeSort;1344;416;0;11220
100;40;4;CountingSort;301;0;0;15590
100;40;4;QuickSort;2305;907;399;3560
100;40;4;InsertionSort;1380;460;0;43480
100;40;4;BubbleSort;6922;2739;361;4100
100;40;4;MergeSort;1344;426;0;8120
100;40;4;CountingSort;301;0;0;14930
100;40;4;QuickSort;2338;871;422;3680
100;40;4;InsertionSort;1587;529;0;49500
100;40;4;BubbleSort;7064;2672;430;8690
100;40;4;MergeSort;1344;421;0;10910
100;40;4;CountingSort;301;0;0;15120
100;40;4;QuickSort;3349;1261;630;3400
100;40;4;InsertionSort;1542;514;0;38490
100;40;4;BubbleSort;7778;3059;415;5680
100;40;4;MergeSort;1344;412;0;17740
100;40;4;CountingSort;301;0;0;12090
100;40;4;QuickSort;2433;963;427;3080
100;40;4;InsertionSort;1470;490;0;44190
100;40;4;BubbleSort;7432;2934;391;3350
100;40;4;MergeSort;1344;409;0;11390
100;40;4;CountingSort;301;0;0;15670
100;40;4;QuickSort;2783;1082;498;3480
100;40;4;InsertionSort;1596;532;0;34780
100;40;4;BubbleSort;7600;2934;433;4340
100;40;4;MergeSort;1344;415;0;11860
100;40;4;CountingSort;301;0;0;17080
100;40;4;QuickSort;2621;992;479;3250
100;40;4;InsertionSort;1317;439;0;39200
100;40;4;BubbleSort;6430;2535;340;15390
100;40;4;MergeSort;1344;419;0;7340
100;40;4;CountingSort;301;0;0;18650
100;40;4;QuickSort;2841;1020;539;3700
100;40;4;InsertionSort;1551;517;0;34510
100;40;4;BubbleSort;7150;2739;418;3150
100;40;4;MergeSort;1344;417;0;11870
100;40;4;CountingSort;301;0;0;14720
100;40;4;QuickSort;2721;1038;492;3900
100;40;4;InsertionSort;1443;481;0;31990
100;40;4;BubbleSort;6736;2604;382;6870
100;40;4;MergeSort;1344;420;0;11280
100;40;4;CountingSort;301;0;0;12160
100;40;4;QuickSort;2262;852;405;2990
100;40;4;InsertionSort;1518;506;0;43950
100;40;4;BubbleSort;7746;3059;407;4270
100;40;4;MergeSort;1344;413;0;9330
100;40;4;CountingSort;301;0;0;14180
100;40;4;QuickSort;2635;1015;475;3620
100;40;4;InsertionSort;1710;570;0;47650
100;40;4;BubbleSort;8002;3059;471;4250
100;40;4;MergeSort;1344;423;0;14600
100;40;4;CountingSort;301;0;0;12940
100;40;4;QuickSort;2713;1102;470;3810
100;40;4;InsertionSort;1455;485;0;51000
100;40;4;BubbleSort;7412;2934;386;5550
100;40;4;MergeSort;1344;419;0;10990
100;40;4;CountingSort;301;0;0;15350
100;40;4;QuickSort;2522;983;447;3810
100;40;4;InsertionSort;1260;420;0;36650
100;40;4;BubbleSort;6072;2394;321;3350
100;40;4;MergeSort;1344;414;0;12580
100;40;4;CountingSort;301;0;0;11660
100;40;4;QuickSort;2196;831;387;3760
100;40;4;InsertionSort;1581;527;0;45380
100;40;4;BubbleSort;7952;3120;428;4250
100;40;4;MergeSort;1344;413;0;15010
100;40;4;CountingSort;301;0;0;20400
100;40;4;QuickSort;2547;1014;443;12760
100;40;4;InsertionSort;1536;512;0;44490
100;40;4;BubbleSort;6440;2394;413;4820
100;40;4;MergeSort;1344;420;0;13480
100;40;4;CountingSort;301;0;0;16430
100;40;4;QuickSort;2563;943;471;4620
100;40;4;InsertionSort;1491;497;0;46270
100;40;4;BubbleSort;6936;2672;398;6270
100;40;4;MergeSort;1344;419;0;13800
100;40;4;CountingSort;301;0;0;12660
100;40;4;QuickSort;2652;996;485;3660
100;40;4;InsertionSort;1584;528;0;35591
100;40;4;BubbleSort;7710;2997;429;5350
100;40;4;MergeSort;1344;412;0;7740
100;40;4;CountingSort;301;0;0;16780
100;40;4;QuickSort;3026;1100;572;5890
100;40;4;InsertionSort;1506;502;0;42020
100;40;4;BubbleSort;7852;3120;403;4500
100;40;4;MergeSort;1344;420;0;11510
100;40;4;CountingSort;301;0;0;13300
100;40;4;QuickSort;2455;910;447;3960
100;40;4;InsertionSort;1512;504;0;60090
100;40;4;BubbleSort;7230;2805;405;5300
100;40;4;MergeSort;1344;421;0;16700
100;40;4;CountingSort;301;0;0;14460
100;40;4;QuickSort;2556;972;464;3330
100;40;4;InsertionSort;1308;436;0;42120
100;40;4;BubbleSort;7216;2934;337;4310
100;40;4;MergeSort;1344;409;0;11370
100;40;4;CountingSort;301;0;0;12270
100;40;4;QuickSort;2585;962;474;3800
100;40;4;InsertionSort;1374;458;0;48450
100;40;4;BubbleSort;6644;2604;359;3710
100;40;4;MergeSort;1344;418;0;16750
100;40;4;CountingSort;301;0;0;12460
100;40;4;QuickSort;2522;1028;436;29720
100;40;4;InsertionSort;1425;475;0;121920
100;40;4;BubbleSort;6848;2672;376;5830
100;40;4;MergeSort;1344;421;0;9320
100;40;4;CountingSort;301;0;0;13310
100;40;4;QuickSort;2815;1042;523;4550
100;40;4;InsertionSort;1416;472;0;56020
100;40;4;BubbleSort;7360;2934;373;6520
100;40;4;MergeSort;1344;416;0;12250
100;40;4;CountingSort;301;0;0;15940
100;40;4;QuickSort;2583;1032;451;3620
100;40;4;InsertionSort;1272;424;0;42220
100;40;4;BubbleSort;7040;2870;325;5140
100;40;4;MergeSort;1344;423;0;8900
100;40;4;CountingSort;301;0;0;13970
100;40;4;QuickSort;2243;833;403;4160
100;40;4;InsertionSort;1461;487;0;42740
100;40;4;BubbleSort;6196;2322;388;3670
100;40;4;MergeSort;1344;415;0;13770
100;40;4;CountingSort;301;0;0;15990
100;40;4;QuickSort;2692;1000;493;3640
100;40;4;InsertionSort;1350;450;0;40280
100;40;4;BubbleSort;6748;2672;351;2900
100;40;4;MergeSort;1344;420;0;9100
100;40;4;CountingSort;301;0;0;13190
100;40;4;QuickSort;2204;848;384;3460
100;40;4;InsertionSort;1473;491;0;32491
100;40;4;BubbleSort;7178;2805;392;5320
100;40;4;MergeSort;1344;419;0;9810
100;40;4;CountingSort;301;0;0;13730
100;40;4;QuickSort;2234;842;396;4280
100;40;4;InsertionSort;1338;446;0;40770
100;40;4;BubbleSort;6318;2465;347;4730
100;40;4;MergeSort;1344;414;0;9450
100;40;4;CountingSort;301;0;0;17360
100;40;4;QuickSort;2375;950;409;3590
100;40;4;InsertionSort;1530;510;0;45250
100;40;4;BubbleSort;7254;2805;411;3970
100;40;4;MergeSort;1344;412;0;12020
100;40;4;CountingSort;301;0;0;11980
100;40;4;QuickSort;2554;952;469;4380
100;40;4;InsertionSort;1128;376;0;41400
100;40;4;BubbleSort;6452;2672;277;13110
100;40;4;MergeSort;1344;409;0;12440
100;40;4;CountingSort;301;0;0;17050
100;40;4;QuickSort;2425;985;413;3420
100;40;4;InsertionSort;1383;461;0;42680
100;40;4;BubbleSort;7188;2870;362;20350
100;40;4;MergeSort;1344;420;0;10470
100;40;4;CountingSort;301;0;0;14470
100;40;4;QuickSort;2114;818;365;4090
100;40;4;InsertionSort;1521;507;0;33950
100;40;4;BubbleSort;7242;2805;408;6210
100;40;4;MergeSort;1344;419;0;10860
100;40;4;CountingSort;301;0;0;11960
100;40;4;QuickSort;2472;945;444;8030
100;40;4;InsertionSort;1500;500;0;37680
100;40;4;BubbleSort;7964;3180;401;4330
100;40;4;MergeSort;1344;410;0;14440
100;40;4;CountingSort;301;0;0;13050
100;40;4;QuickSort;2227;841;397;3950
100;40;4;InsertionSort;1392;464;0;42120
100;40;4;BubbleSort;7200;2870;365;7410
100;40;4;MergeSort;1344;416;0;6880
100;40;4;CountingSort;301;0;0;17560
100;40;4;QuickSort;2622;939;493;4580
100;40;4;InsertionSort;1467;489;0;41560
100;40;4;BubbleSort;6204;2322;390;6510
100;40;4;MergeSort;1344;419;0;10880
100;40;4;CountingSort;301;0;0;20160
100;40;4;QuickSort;2611;997;472;4660
100;40;4;InsertionSort;1404;468;0;31250
100;40;4;BubbleSort;7344;2934;369;4150
100;40;4;MergeSort;1344;417;0;17270
100;50;1;CountingSort;301;0;0;16590
100;50;1;QuickSort;2340;951;397;186250
100;50;1;InsertionSort;4752;1584;0;224271
100;50;1;BubbleSort;15460;4760;1485;731662
100;50;1;MergeSort;1344;544;0;107781
100;50;1;CountingSort;301;0;0;14880
100;50;1;QuickSort;2571;1014;452;85711
100;50;1;InsertionSort;5170;1722;0;240320
100;50;1;BubbleSort;16370;4935;1625;340111
100;50;1;MergeSort;1344;527;0;119540
100;50;1;CountingSort;301;0;0;20730
100;50;1;QuickSort;2581;988;462;68850
100;50;1;InsertionSort;4446;1482;0;134600
100;50;1;BubbleSort;14970;4719;1383;405761
100;50;1;MergeSort;1344;543;0;133980
100;50;1;CountingSort;301;0;0;14380
100;50;1;QuickSort;2496;948;450;93400
100;50;1;InsertionSort;5013;1671;0;139671
100;50;1;BubbleSort;15978;4845;1572;332841
100;50;1;MergeSort;1344;540;0;58171
100;50;1;CountingSort;301;0;0;11761
100;50;1;QuickSort;2822;1112;503;77550
100;50;1;InsertionSort;4779;1593;0;176210
100;50;1;BubbleSort;15766;4895;1494;352431
100;50;1;MergeSort;1344;517;0;28090
100;50;1;CountingSort;301;0;0;14160
100;50;1;QuickSort;2260;862;396;37811
100;50;1;InsertionSort;5028;1676;0;140240
100;50;1;BubbleSort;15968;4830;1577;353911
100;50;1;MergeSort;1344;515;0;19160
100;50;1;CountingSort;301;0;0;17890
100;50;1;QuickSort;2386;868;440;33580
100;50;1;InsertionSort;3940;1312;0;137581
100;50;1;BubbleSort;14380;4760;1215;348911
100;50;1;MergeSort;1344;517;0;15070
100;50;1;CountingSort;301;0;0;17910
100;50;1;QuickSort;2510;941;452;23500
100;50;1;InsertionSort;4906;1634;0;145300
100;50;1;BubbleSort;15292;4572;1537;339081
100;50;1;MergeSort;1344;524;0;25040
100;50;1;CountingSort;301;0;0;11880
100;50;1;QuickSort;2585;965;473;10150
100;50;1;InsertionSort;4291;1429;0;110980
100;50;1;BubbleSort;15046;4859;1332;311511
100;50;1;MergeSort;1344;515;0;37780
100;50;1;CountingSort;301;0;0;16700
100;50;1;QuickSort;2204;890;371;9510
100;50;1;InsertionSort;4399;1465;0;105051
100;50;1;BubbleSort;15132;4830;1368;364482
100;50;1;MergeSort;1344;538;0;24470
100;50;1;CountingSort;301;0;0;16360
100;50;1;QuickSort;2198;848;387;10190
100;50;1;InsertionSort;3876;1292;0;109050
100;50;1;BubbleSort;14210;4719;1193;270921
100;50;1;MergeSort;1344;499;0;18240
100;50;1;CountingSort;301;0;0;17150
100;50;1;QuickSort;2514;924;461;8530
100;50;1;InsertionSort;5004;1668;0;145760
100;50;1;BubbleSort;15756;4740;1569;417191
100;50;1;MergeSort;1344;534;0;25780
100;50;1;CountingSort;301;0;0;17670
100;50;1;QuickSort;2165;875;366;15640
100;50;1;InsertionSort;5125;1707;0;134450
100;50;1;BubbleSort;15998;4779;1610;366251
100;50;1;MergeSort;1344;540;0;27870
100;50;1;CountingSort;301;0;0;15250
100;50;1;QuickSort;2818;1066;522;12290
100;50;1;InsertionSort;4119;1373;0;131791
100;50;1;BubbleSort;14966;4935;1274;139021
100;50;1;MergeSort;1344;523;0;19881
100;50;1;CountingSort;301;0;0;11540
100;50;1;QuickSort;2271;897;392;9620
100;50;1;InsertionSort;4632;1544;0;141670
100;50;1;BubbleSort;15374;4797;1445;83680
100;50;1;MergeSort;1344;545;0;20820
100;50;1;CountingSort;301;0;0;13800
100;50;1;QuickSort;2224;844;395;9320
100;50;1;InsertionSort;5007;1669;0;151381
100;50;1;BubbleSort;16090;4905;1570;41800
100;50;1;MergeSort;1344;534;0;21861
100;50;1;CountingSort;301;0;0;17310
100;50;1;QuickSort;2898;1167;511;12270
100;50;1;InsertionSort;5001;1667;0;155040
100;50;1;BubbleSort;15962;4845;1568;138080
100;50;1;MergeSort;1344;549;0;22900
100;50;1;CountingSort;301;0;0;16490
100;50;1;QuickSort;2100;822;358;9530
100;50;1;InsertionSort;4236;1412;0;123001
100;50;1;BubbleSort;15146;4947;1313;98151
100;50;1;MergeSort;1344;535;0;33211
100;50;1;CountingSort;301;0;0;16430
100;50;1;QuickSort;2233;838;401;10420
100;50;1;InsertionSort;4116;1372;0;113770
100;50;1;BubbleSort;14782;4845;1273;39930
100;50;1;MergeSort;1344;523;0;20610
100;50;1;CountingSort;301;0;0;17630
100;50;1;QuickSort;2704;1024;493;8710
100;50;1;InsertionSort;5068;1688;0;163350
100;50;1;BubbleSort;16024;4830;1591;52440
100;50;1;MergeSort;1344;542;0;20390
100;50;1;CountingSort;301;0;0;15500
100;50;1;QuickSort;2394;1002;399;9910
100;50;1;InsertionSort;4233;1411;0;152581
100;50;1;BubbleSort;15038;4895;1312;109230
100;50;1;MergeSort;1344;545;0;26760
100;50;1;CountingSort;301;0;0;12320
100;50;1;QuickSort;2859;1068;533;10130
100;50;1;InsertionSort;4192;1396;0;117931
100;50;1;BubbleSort;14986;4895;1299;78711
100;50;1;MergeSort;1344;530;0;24330
100;50;1;CountingSort;301;0;0;15180
100;50;1;QuickSort;2706;981;510;10740
100;50;1;InsertionSort;4295;1431;0;136660
100;50;1;BubbleSort;15230;4949;1333;41970
100;50;1;MergeSort;1344;534;0;30170
100;50;1;CountingSort;301;0;0;16680
100;50;1;QuickSort;2760;1044;506;10361
100;50;1;InsertionSort;4648;1548;0;135390
100;50;1;BubbleSort;14834;4515;1451;38110
100;50;1;MergeSort;1344;551;0;25300
100;50;1;CountingSort;301;0;0;13620
100;50;1;QuickSort;2613;972;479;9170
100;50;1;InsertionSort;4226;1408;0;113090
100;50;1;BubbleSort;15050;4905;1310;1447505
100;50;1;MergeSort;1344;529;0;1417595
100;50;1;CountingSort;301;0;0;13750
100;50;1;QuickSort;2249;911;380;9950
100;50;1;InsertionSort;4272;1424;0;100950
100;50;1;BubbleSort;14498;4599;1325;99880
100;50;1;MergeSort;1344;523;0;35750
100;50;1;CountingSort;301;0;0;15040
100;50;1;QuickSort;2690;1016;492;11570
100;50;1;InsertionSort;4359;1453;0;109590
100;50;1;BubbleSort;14764;4674;1354;101250
100;50;1;MergeSort;1344;521;0;18130
100;50;1;CountingSort;301;0;0;14100
100;50;1;QuickSort;2453;929;441;8270
100;50;1;InsertionSort;5082;1694;0;148550
100;50;1;BubbleSort;16260;4940;1595;41610
100;50;1;MergeSort;1344;544;0;17480
100;50;1;CountingSort;301;0;0;18410
100;50;1;QuickSort;2439;924;435;14780
100;50;1;InsertionSort;5232;1744;0;173131
100;50;1;BubbleSort;16298;4859;1645;63780
100;50;1;MergeSort;1344;538;0;19050
100;50;1;CountingSort;301;0;0;17060
100;50;1;QuickSort;2651;1004;482;10080
100;50;1;InsertionSort;4492;1496;0;156180
100;50;1;BubbleSort;15256;4830;1399;143420
100;50;1;MergeSort;1344;530;0;28770
100;50;1;CountingSort;301;0;0;23920
100;50;1;QuickSort;2379;888;429;10740
100;50;1;InsertionSort;4092;1364;0;128120
100;50;1;BubbleSort;12980;3960;1265;144851
100;50;1;MergeSort;1344;521;0;31890
100;50;1;CountingSort;301;0;0;15801
100;50;1;QuickSort;2460;963;432;9720
100;50;1;InsertionSort;4875;1625;0;151260
100;50;1;BubbleSort;15542;4719;1526;62390
100;50;1;MergeSort;1344;533;0;17290
100;50;1;CountingSort;301;0;0;14510
100;50;1;QuickSort;2473;955;437;9680
100;50;1;InsertionSort;4347;1449;0;128761
100;50;1;BubbleSort;15144;4872;1350;56920
100;50;1;MergeSort;1344;526;0;30440
100;50;1;CountingSort;301;0;0;17090
100;50;1;QuickSort;2347;868;426;11340
100;50;1;InsertionSort;4599;1533;0;161280
100;50;1;BubbleSort;15216;4740;1434;135810
100;50;1;MergeSort;1344;538;0;20880
100;50;1;CountingSort;301;0;0;17130
100;50;1;QuickSort;2385;918;419;10360
100;50;1;InsertionSort;3894;1298;0;131921
100;50;1;BubbleSort;13994;4599;1199;123520
100;50;1;MergeSort;1344;505;0;9800
100;50;1;CountingSort;301;0;0;16900
100;50;1;QuickSort;2576;974;467;11440
100;50;1;InsertionSort;4191;1397;0;96280
100;50;1;BubbleSort;15050;4929;1298;62400
100;50;1;MergeSort;1344;530;0;12080
100;50;1;CountingSort;301;0;0;12940
100;50;1;QuickSort;2333;866;425;7550
100;50;1;InsertionSort;5442;1814;0;177601
100;50;1;BubbleSort;16704;4922;1715;124550
100;50;1;MergeSort;1344;534;0;14640
100;50;1;CountingSort;301;0;0;14890
100;50;1;QuickSort;2520;1014;433;10480
100;50;1;InsertionSort;4132;1376;0;132000
100;50;1;BubbleSort;14960;4922;1279;110400
100;50;1;MergeSort;1344;532;0;13610
100;50;1;CountingSort;301;0;0;17500
100;50;1;QuickSort;2115;825;366;14520
100;50;1;InsertionSort;4827;1609;0;150190
100;50;1;BubbleSort;15850;4905;1510;167870
100;50;1;MergeSort;1344;538;0;17220
100;50;1;CountingSort;301;0;0;16670
100;50;1;QuickSort;2756;995;519;12050
100;50;1;InsertionSort;5053;1683;0;147891
100;50;1;BubbleSort;15902;4779;1586;74020
100;50;1;MergeSort;1344;527;0;13360
100;50;1;CountingSort;301;0;0;15840
100;50;1;QuickSort;2449;976;425;12630
100;50;1;InsertionSort;4152;1384;0;143330
100;50;1;BubbleSort;14620;4740;1285;136950
100;50;1;MergeSort;1344;536;0;12850
100;50;1;CountingSort;301;0;0;18290
100;50;1;QuickSort;2433;927;434;14840
100;50;1;InsertionSort;4595;1529;0;90411
100;50;1;BubbleSort;15630;4947;1434;103270
100;50;1;MergeSort;1344;526;0;19500
100;50;1;CountingSort;301;0;0;16870
100;50;1;QuickSort;2422;940;430;10670
100;50;1;InsertionSort;5208;1736;0;62610
100;50;1;BubbleSort;16358;4905;1637;156340
100;50;1;MergeSort;1344;543;0;10660
100;50;1;CountingSort;301;0;0;18510
100;50;1;QuickSort;2174;830;380;78971
100;50;1;InsertionSort;5035;1677;0;24280
100;50;1;BubbleSort;16148;4914;1580;75340
100;50;1;MergeSort;1344;543;0;14180
100;50;1;CountingSort;301;0;0;15740
100;50;1;QuickSort;2617;1027;463;50780
100;50;1;InsertionSort;4140;1380;0;21610
100;50;1;BubbleSort;14934;4905;1281;158560
100;50;1;MergeSort;1344;530;0;17800
100;50;1;CountingSort;301;0;0;15960
100;50;1;QuickSort;2499;966;445;83020
100;50;1;InsertionSort;5181;1727;0;25160
100;50;1;BubbleSort;16032;4760;1628;9690
100;50;1;MergeSort;1344;537;0;21950
100;50;1;CountingSort;301;0;0;15890
100;50;1;QuickSort;2748;1032;507;84541
100;50;1;InsertionSort;4653;1551;0;37250
100;50;1;BubbleSort;15468;4830;1452;26590
100;50;1;MergeSort;1344;517;0;13560
100;50;1;CountingSort;301;0;0;13670
100;50;1;QuickSort;2319;870;417;44830
100;50;1;InsertionSort;4785;1595;0;26950
100;50;1;BubbleSort;15072;4544;1496;8120
100;50;1;MergeSort;1344;554;0;14490
100;50;1;CountingSort;301;0;0;14050
100;50;1;QuickSort;2837;1043;532;53500
100;50;1;InsertionSort;3501;1167;0;23020
100;50;1;BubbleSort;12366;4047;1068;6820
100;50;1;MergeSort;1344;545;0;14771
100;50;1;CountingSort;301;0;0;13571
100;50;1;QuickSort;2470;940;444;46760
100;50;1;InsertionSort;4862;1618;0;33160
100;50;1;BubbleSort;15720;4814;1523;12920
100;50;1;MergeSort;1344;531;0;15600
100;50;1;CountingSort;301;0;0;13090
100;50;1;QuickSort;2174;797;392;41160
100;50;1;InsertionSort;4517;1503;0;24960
100;50;1;BubbleSort;15520;4944;1408;12830
100;50;1;MergeSort;1344;534;0;11590
100;50;1;CountingSort;301;0;0;32550
100;50;1;QuickSort;3042;1116;573;74920
100;50;1;InsertionSort;3949;1315;0;21190
100;50;1;BubbleSort;14562;4845;1218;8700
100;50;1;MergeSort;1344;532;0;41070
100;50;1;CountingSort;301;0;0;14090
100;50;1;QuickSort;2489;977;440;16690
100;50;1;InsertionSort;5187;1729;0;19290
100;50;1;BubbleSort;16330;4905;1630;11710
100;50;1;MergeSort;1344;535;0;12780
100;50;1;CountingSort;301;0;0;14310
100;50;1;QuickSort;2224;850;394;4590
100;50;1;InsertionSort;4660;1550;0;13540
100;50;1;BubbleSort;15344;4760;1456;13910
100;50;1;MergeSort;1344;512;0;15000
100;50;1;CountingSort;301;0;0;12410
100;50;1;QuickSort;2813;1091;505;3950
100;50;1;InsertionSort;4958;1650;0;18320
100;50;1;BubbleSort;16118;4949;1555;6970
100;50;1;MergeSort;1344;537;0;16220
100;50;1;CountingSort;301;0;0;13210
100;50;1;QuickSort;2360;908;417;4590
100;50;1;InsertionSort;4032;1344;0;11860
100;50;1;BubbleSort;14640;4830;1245;11740
100;50;1;MergeSort;1344;526;0;15370
100;50;1;CountingSort;301;0;0;15390
100;50;1;QuickSort;2281;880;399;9840
100;50;1;InsertionSort;4962;1654;0;32490
100;50;1;BubbleSort;16064;4922;1555;19330
100;50;1;MergeSort;1344;549;0;18981
100;50;1;CountingSort;301;0;0;15190
100;50;1;QuickSort;2466;933;446;4520
100;50;1;InsertionSort;3979;1325;0;11610
100;50;1;BubbleSort;14432;4760;1228;13340
100;50;1;MergeSort;1344;528;0;9600
100;50;1;CountingSort;301;0;0;13740
100;50;1;QuickSort;2479;940;446;4540
100;50;1;InsertionSort;5460;1820;0;19640
100;50;1;BubbleSort;16478;4797;1721;11950
100;50;1;MergeSort;1344;539;0;51800
100;50;1;CountingSort;301;0;0;13700
100;50;1;QuickSort;2579;995;463;4620
100;50;1;InsertionSort;4308;1436;0;15710
100;50;1;BubbleSort;14492;4572;1337;10480
100;50;1;MergeSort;1344;515;0;10570
100;50;1;CountingSort;301;0;0;12680
100;50;1;QuickSort;2397;942;416;4560
100;50;1;InsertionSort;4311;1437;0;15610
100;50;1;BubbleSort;15012;4830;1338;16370
100;50;1;MergeSort;1344;543;0;13590
100;50;1;CountingSort;301;0;0;14710
100;50;1;QuickSort;3069;1152;575;3900
100;50;1;InsertionSort;4806;1602;0;20500
100;50;1;BubbleSort;15672;4830;1503;8620
100;50;1;MergeSort;1344;524;0;10430
100;50;1;CountingSort;301;0;0;14000
100;50;1;QuickSort;2091;804;362;3620
100;50;1;InsertionSort;4080;1358;0;16710
100;50;1;BubbleSort;14568;4760;1262;6760
100;50;1;MergeSort;1344;527;0;10000
100;50;1;CountingSort;301;0;0;12910
100;50;1;QuickSort;2559;936;473;4420
100;50;1;InsertionSort;4050;1350;0;15430
100;50;1;BubbleSort;14694;4845;1251;12790
100;50;1;MergeSort;1344;527;0;13500
100;50;1;CountingSort;301;0;0;17300
100;50;1;QuickSort;2290;886;404;4370
100;50;1;InsertionSort;4808;1600;0;20660
100;50;1;BubbleSort;15920;4950;1505;12700
100;50;1;MergeSort;1344;543;0;20410
100;50;1;CountingSort;301;0;0;13010
100;50;1;QuickSort;2160;837;375;4250
100;50;1;InsertionSort;3928;1308;0;16340
100;50;1;BubbleSort;14094;4625;1211;12940
100;50;1;MergeSort;1344;542;0;10810
100;50;1;CountingSort;301;0;0;14340
100;50;1;QuickSort;2517;945;459;4370
100;50;1;InsertionSort;5229;1743;0;15140
100;50;1;BubbleSort;16320;4872;1644;10430
100;50;1;MergeSort;1344;540;0;12410
100;50;1;CountingSort;301;0;0;14110
100;50;1;QuickSort;2196;837;387;4190
100;50;1;InsertionSort;4899;1631;0;15250
100;50;1;BubbleSort;15908;4884;1535;13560
100;50;1;MergeSort;1344;522;0;9060
100;50;1;CountingSort;301;0;0;13290
100;50;1;QuickSort;2139;894;351;4080
100;50;1;InsertionSort;4767;1589;0;13620
100;50;1;BubbleSort;15704;4872;1490;22970
100;50;1;MergeSort;1344;528;0;10520
100;50;1;CountingSort;301;0;0;13980
100;50;1;QuickSort;2514;951;454;4510
100;50;1;InsertionSort;4390;1462;0;12720
100;50;1;BubbleSort;14710;4625;1365;12290
100;50;1;MergeSort;1344;525;0;11170
100;50;1;CountingSort;301;0;0;12990
100;50;1;QuickSort;2492;908;462;4240
100;50;1;InsertionSort;4539;1513;0;13000
100;50;1;BubbleSort;15500;4922;1414;13570
100;50;1;MergeSort;1344;539;0;13880
100;50;1;CountingSort;301;0;0;14700
100;50;1;QuickSort;2406;921;434;5600
100;50;1;InsertionSort;4302;1434;0;16620
100;50;1;BubbleSort;15058;4859;1335;12070
100;50;1;MergeSort;1344;537;0;10440
100;50;1;CountingSort;301;0;0;13340
100;50;1;QuickSort;2263;847;406;4870
100;50;1;InsertionSort;3897;1297;0;20740
100;50;1;BubbleSort;14594;4895;1201;10820
100;50;1;MergeSort;1344;518;0;8160
100;50;1;CountingSort;301;0;0;16910
100;50;1;QuickSort;2765;1091;495;4210
100;50;1;InsertionSort;3862;1286;0;19170
100;50;1;BubbleSort;14276;4760;1189;7780
100;50;1;MergeSort;1344;525;0;15230
100;50;1;CountingSort;301;0;0;16070
100;50;1;QuickSort;2509;955;451;5520
100;50;1;InsertionSort;4495;1497;0;27820
100;50;1;BubbleSort;15390;4895;1400;8460
100;50;1;MergeSort;1344;539;0;13811
100;50;1;CountingSort;301;0;0;15261
100;50;1;QuickSort;2202;828;390;4890
100;50;1;InsertionSort;4099;1365;0;15370
100;50;1;BubbleSort;14466;4697;1268;6380
100;50;1;MergeSort;1344;524;0;23090
100;50;1;CountingSort;301;0;0;17720
100;50;1;QuickSort;2379;897;427;4930
100;50;1;InsertionSort;4407;1469;0;30220
100;50;1;BubbleSort;15308;4914;1370;19720
100;50;1;MergeSort;1344;535;0;16461
100;50;1;CountingSort;301;0;0;17050
100;50;1;QuickSort;2504;962;449;5490
100;50;1;InsertionSort;4127;1373;0;12090
100;50;1;BubbleSort;14902;4895;1278;9140
100;50;1;MergeSort;1344;531;0;11360
100;50;1;CountingSort;301;0;0;17420
100;50;1;QuickSort;2439;900;445;4670
100;50;1;InsertionSort;4834;1610;0;40760
100;50;1;BubbleSort;15572;4760;1513;6850
100;50;1;MergeSort;1344;535;0;11270
100;50;1;CountingSort;301;0;0;17430
100;50;1;QuickSort;2948;1121;541;3470
100;50;1;InsertionSort;4018;1338;0;17880
100;50;1;BubbleSort;14864;4950;1241;19860
100;50;1;MergeSort;1344;514;0;11140
100;50;1;CountingSort;301;0;0;13770
100;50;1;QuickSort;3145;1210;580;5081
100;50;1;InsertionSort;4996;1664;0;45080
100;50;1;BubbleSort;15616;4674;1567;81160
100;50;1;MergeSort;1344;543;0;14930
100;50;1;CountingSort;301;0;0;14510
100;50;1;QuickSort;2272;883;400;3930
100;50;1;InsertionSort;4602;1532;0;22400
100;50;1;BubbleSort;15264;4760;1436;50560
100;50;1;MergeSort;1344;539;0;11620
100;50;1;CountingSort;301;0;0;14760
100;50;1;QuickSort;3197;1214;595;3630
100;50;1;InsertionSort;3936;1312;0;25170
100;50;1;BubbleSort;14570;4859;1213;88430
100;50;1;MergeSort;1344;521;0;13050
100;50;1;CountingSort;301;0;0;11310
100;50;1;QuickSort;2615;977;479;3550
100;50;1;InsertionSort;4164;1388;0;20900
100;50;1;BubbleSort;15054;4949;1289;40200
100;50;1;MergeSort;1344;525;0;9190
100;50;1;CountingSort;301;0;0;22210
100;50;1;QuickSort;2375;896;428;3550
100;50;1;InsertionSort;4698;1566;0;24490
100;50;1;BubbleSort;15558;4845;1467;109431
100;50;1;MergeSort;1344;537;0;12271
100;50;1;CountingSort;301;0;0;13170
100;50;1;QuickSort;2181;846;381;4530
100;50;1;InsertionSort;5242;1746;0;35290
100;50;1;BubbleSort;16440;4922;1649;78810
100;50;1;MergeSort;1344;523;0;19790
100;50;1;CountingSort;301;0;0;13680
100;50;1;QuickSort;2098;820;360;4060
100;50;1;InsertionSort;5684;1892;0;27600
100;50;1;BubbleSort;16978;4895;1797;111761
100;50;1;MergeSort;1344;540;0;19530
100;50;1;CountingSort;301;0;0;13790
100;50;1;QuickSort;2323;862;419;5090
100;50;1;InsertionSort;5229;1743;0;26491
100;50;1;BubbleSort;16266;4845;1644;51490
100;50;1;MergeSort;1344;538;0;11050
100;50;1;CountingSort;301;0;0;13450
100;50;1;QuickSort;2348;869;425;14880
100;50;1;InsertionSort;4536;1512;0;23811
100;50;1;BubbleSort;15420;4884;1413;138970
100;50;1;MergeSort;1344;547;0;11090
100;50;1;CountingSort;301;0;0;15080
100;50;1;QuickSort;2519;992;442;4010
100;50;1;InsertionSort;4044;1348;0;23580
100;50;1;BubbleSort;13840;4422;1249;61490
100;50;1;MergeSort;1344;522;0;13520
100;50;1;CountingSort;301;0;0;13520
100;50;1;QuickSort;2454;942;434;3750
100;50;1;InsertionSort;5473;1823;0;15970
100;50;1;BubbleSort;16532;4814;1726;121190
100;50;1;MergeSort;1344;529;0;13770
100;50;1;CountingSort;301;0;0;22660
100;50;1;QuickSort;2987;1271;504;6900
100;50;1;InsertionSort;4182;1394;0;12250
100;50;1;BubbleSort;14948;4884;1295;39770
100;50;1;MergeSort;1344;528;0;17790
100;50;1;CountingSort;301;0;0;18270
100;50;1;QuickSort;2663;1025;479;4880
100;50;1;InsertionSort;4821;1605;0;30580
100;50;1;BubbleSort;15594;4779;1509;199911
100;50;1;MergeSort;1344;529;0;12650
100;50;1;CountingSort;301;0;0;18010
100;50;1;QuickSort;2281;901;396;4690
100;50;1;InsertionSort;4452;1482;0;21630
100;50;1;BubbleSort;15414;4935;1386;71580
100;50;1;MergeSort;1344;527;0;14010
100;50;1;CountingSort;301;0;0;16540
100;50;1;QuickSort;2804;1055;517;4040
100;50;1;InsertionSort;4717;1571;0;99200
100;50;1;BubbleSort;15664;4884;1474;98421
100;50;1;MergeSort;1344;528;0;22450
100;50;1;CountingSort;301;0;0;18990
100;50;1;QuickSort;3276;1272;598;4260
100;50;1;InsertionSort;4389;1463;0;16550
100;50;1;BubbleSort;14654;4599;1364;40780
100;50;1;MergeSort;1344;532;0;12800
100;50;1;CountingSort;301;0;0;14330
100;50;1;QuickSort;2247;861;399;3390
100;50;1;InsertionSort;4552;1516;0;13110
100;50;1;BubbleSort;15486;4905;1419;113291
100;50;1;MergeSort;1344;527;0;11930
100;50;1;CountingSort;301;0;0;14420
100;50;1;QuickSort;2583;966;474;4540
100;50;1;InsertionSort;4940;1644;0;22830
100;50;1;BubbleSort;16076;4940;1549;88511
100;50;1;MergeSort;1344;548;0;20081
100;50;1;CountingSort;301;0;0;13510
100;50;1;QuickSort;2665;991;493;4970
100;50;1;InsertionSort;4144;1380;0;21810
100;50;1;BubbleSort;14822;4845;1283;106000
100;50;1;MergeSort;1344;512;0;15230
100;50;1;CountingSort;301;0;0;14940
100;50;1;QuickSort;3493;1330;652;4200
100;50;1;InsertionSort;4639;1545;0;64440
100;50;1;BubbleSort;15350;4779;1448;43660
100;50;1;MergeSort;1344;537;0;11860
100;50;2;CountingSort;301;0;0;20990
100;50;2;QuickSort;2188;883;368;228451
100;50;2;InsertionSort;2414;802;0;109750
100;50;2;BubbleSort;9306;3239;707;312411
100;50;2;MergeSort;1344;421;0;136180
100;50;2;CountingSort;301;0;0;16970
100;50;2;QuickSort;2174;806;390;98620
100;50;2;InsertionSort;2253;749;0;75180
100;50;2;BubbleSort;9090;3239;653;247311
100;50;2;MergeSort;1344;423;0;108280
100;50;2;CountingSort;301;0;0;17160
100;50;2;QuickSort;2401;931;423;103160
100;50;2;InsertionSort;2222;736;0;70780
100;50;2;BubbleSort;9614;3519;644;282551
100;50;2;MergeSort;1344;419;0;130991
100;50;2;CountingSort;301;0;0;14990
100;50;2;QuickSort;3112;1204;569;95451
100;50;2;InsertionSort;2197;729;0;62871
100;50;2;BubbleSort;9788;3624;635;297841
100;50;2;MergeSort;1344;427;0;114180
100;50;2;CountingSort;301;0;0;14980
100;50;2;QuickSort;2772;1065;502;107740
100;50;2;InsertionSort;2037;675;0;81380
100;50;2;BubbleSort;8688;3180;582;258041
100;50;2;MergeSort;1344;427;0;83200
100;50;2;CountingSort;301;0;0;16220
100;50;2;QuickSort;3233;1268;586;71300
100;50;2;InsertionSort;2066;686;0;67101
100;50;2;BubbleSort;9402;3519;591;361472
100;50;2;MergeSort;1344;426;0;29400
100;50;2;CountingSort;301;0;0;12430
100;50;2;QuickSort;2554;1006;450;46510
100;50;2;InsertionSort;2090;694;0;59360
100;50;2;BubbleSort;9746;3675;599;216671
100;50;2;MergeSort;1344;430;0;27541
100;50;2;CountingSort;301;0;0;16750
100;50;2;QuickSort;2279;869;403;9830
100;50;2;InsertionSort;2280;758;0;74010
100;50;2;BubbleSort;9686;3519;662;250591
100;50;2;MergeSort;1344;426;0;27221
100;50;2;CountingSort;301;0;0;14980
100;50;2;QuickSort;2522;1037;425;10210
100;50;2;InsertionSort;1936;644;0;70100
100;50;2;BubbleSort;8666;3239;547;295301
100;50;2;MergeSort;1344;427;0;32580
100;50;2;CountingSort;301;0;0;23120
100;50;2;QuickSort;2222;839;395;9270
100;50;2;InsertionSort;2083;691;0;61340
100;50;2;BubbleSort;8866;3239;597;226121
100;50;2;MergeSort;1344;424;0;31850
100;50;2;CountingSort;301;0;0;16520
100;50;2;QuickSort;2445;1005;412;10870
100;50;2;InsertionSort;1998;664;0;58690
100;50;2;BubbleSort;8012;2870;568;206490
100;50;2;MergeSort;1344;426;0;33340
100;50;2;CountingSort;301;0;0;17200
100;50;2;QuickSort;2463;966;434;9590
100;50;2;InsertionSort;2490;826;0;72060
100;50;2;BubbleSort;9292;3180;733;190031
100;50;2;MergeSort;1344;426;0;37710
100;50;2;CountingSort;301;0;0;16250
100;50;2;QuickSort;2477;911;455;18310
100;50;2;InsertionSort;2060;684;0;70030
100;50;2;BubbleSort;8834;3239;589;270731
100;50;2;MergeSort;1344;420;0;32500
100;50;2;CountingSort;301;0;0;17020
100;50;2;QuickSort;2694;999;503;9620
100;50;2;InsertionSort;1823;605;0;39960
100;50;2;BubbleSort;7384;2672;510;195621
100;50;2;MergeSort;1344;430;0;27421
100;50;2;CountingSort;301;0;0;14090
100;50;2;QuickSort;2432;878;451;9160
100;50;2;InsertionSort;2214;736;0;73860
100;50;2;BubbleSort;9038;3239;640;238530
100;50;2;MergeSort;1344;419;0;38770
100;50;2;CountingSort;301;0;0;14160
100;50;2;QuickSort;2734;1009;509;10040
100;50;2;InsertionSort;2133;709;0;63780
100;50;2;BubbleSort;8570;3059;613;222470
100;50;2;MergeSort;1344;427;0;23040
100;50;2;CountingSort;301;0;0;15510
100;50;2;QuickSort;2436;888;447;12550
100;50;2;InsertionSort;2188;728;0;60310
100;50;2;BubbleSort;9002;3239;631;231601
100;50;2;MergeSort;1344;426;0;43810
100;50;2;CountingSort;301;0;0;19600
100;50;2;QuickSort;2645;989;484;9860
100;50;2;InsertionSort;2284;760;0;68611
100;50;2;BubbleSort;9900;3624;663;337671
100;50;2;MergeSort;1344;425;0;27000
100;50;2;CountingSort;301;0;0;16450
100;50;2;QuickSort;2661;1026;479;11450
100;50;2;InsertionSort;1672;554;0;38510
100;50;2;BubbleSort;8080;3120;460;212730
100;50;2;MergeSort;1344;424;0;34950
100;50;2;CountingSort;301;0;0;14710
100;50;2;QuickSort;2917;1264;484;15060
100;50;2;InsertionSort;2028;674;0;53890
100;50;2;BubbleSort;8672;3180;578;136451
100;50;2;MergeSort;1344;427;0;25310
100;50;2;CountingSort;301;0;0;19460
100;50;2;QuickSort;2686;985;501;9750
100;50;2;InsertionSort;2341;779;0;86950
100;50;2;BubbleSort;9976;3624;682;77930
100;50;2;MergeSort;1344;421;0;26810
100;50;2;CountingSort;301;0;0;15250
100;50;2;QuickSort;2335;895;417;8890
100;50;2;InsertionSort;2127;705;0;50570
100;50;2;BubbleSort;8808;3180;612;42051
100;50;2;MergeSort;1344;427;0;27780
100;50;2;CountingSort;301;0;0;27940
100;50;2;QuickSort;2751;1077;495;14700
100;50;2;InsertionSort;2107;699;0;47610
100;50;2;BubbleSort;9014;3297;605;33950
100;50;2;MergeSort;1344;424;0;17160
100;50;2;CountingSort;301;0;0;15910
100;50;2;QuickSort;2547;966;464;9420
100;50;2;InsertionSort;2133;709;0;50690
100;50;2;BubbleSort;8812;3180;613;58491
100;50;2;MergeSort;1344;432;0;28041
100;50;2;CountingSort;301;0;0;14100
100;50;2;QuickSort;2170;889;363;12790
100;50;2;InsertionSort;1941;645;0;56310
100;50;2;BubbleSort;8064;2934;549;35980
100;50;2;MergeSort;1344;430;0;1927836
100;50;2;CountingSort;301;0;0;17500
100;50;2;QuickSort;2490;930;452;9520
100;50;2;InsertionSort;2192;730;0;60491
100;50;2;BubbleSort;9458;3465;632;34120
100;50;2;MergeSort;1344;429;0;35730
100;50;2;CountingSort;301;0;0;15080
100;50;2;QuickSort;2724;1041;494;12830
100;50;2;InsertionSort;2406;800;0;86050
100;50;2;BubbleSort;9636;3410;704;28380
100;50;2;MergeSort;1344;422;0;19130
100;50;2;CountingSort;301;0;0;14800
100;50;2;QuickSort;2335;979;388;9700
100;50;2;InsertionSort;2495;829;0;73110
100;50;2;BubbleSort;9756;3410;734;49170
100;50;2;MergeSort;1344;426;0;30540
100;50;2;CountingSort;301;0;0;18050
100;50;2;QuickSort;2326;886;417;11810
100;50;2;InsertionSort;2383;791;0;78430
100;50;2;BubbleSort;9496;3354;697;59651
100;50;2;MergeSort;1344;422;0;16270
100;50;2;CountingSort;301;0;0;16480
100;50;2;QuickSort;2332;910;404;9190
100;50;2;InsertionSort;2253;749;0;60060
100;50;2;BubbleSort;9320;3354;653;35880
100;50;2;MergeSort;1344;427;0;53140
100;50;2;CountingSort;301;0;0;18410
100;50;2;QuickSort;2322;915;404;9191
100;50;2;InsertionSort;2313;769;0;54170
100;50;2;BubbleSort;9400;3354;673;34650
100;50;2;MergeSort;1344;424;0;12930
100;50;2;CountingSort;301;0;0;15950
100;50;2;QuickSort;2467;958;438;10040
100;50;2;InsertionSort;1834;610;0;43650
100;50;2;BubbleSort;8646;3297;513;37380
100;50;2;MergeSort;1344;428;0;12370
100;50;2;CountingSort;301;0;0;13830
100;50;2;QuickSort;2932;1084;547;7770
100;50;2;InsertionSort;2358;782;0;64370
100;50;2;BubbleSort;9350;3297;689;31910
100;50;2;MergeSort;1344;425;0;11510
100;50;2;CountingSort;301;0;0;15200
100;50;2;QuickSort;2532;945;463;9580
100;50;2;InsertionSort;1990;660;0;61640
100;50;2;BubbleSort;9408;3572;566;46190
100;50;2;MergeSort;1344;424;0;8440
100;50;2;CountingSort;301;0;0;22220
100;50;2;QuickSort;2932;1138;527;9640
100;50;2;InsertionSort;2030;674;0;50280
100;50;2;BubbleSort;9024;3354;579;28760
100;50;2;MergeSort;1344;425;0;8740
100;50;2;CountingSort;301;0;0;17760
100;50;2;QuickSort;2959;1135;540;9270
100;50;2;InsertionSort;2298;764;0;87880
100;50;2;BubbleSort;9602;3465;668;38200
100;50;2;MergeSort;1344;424;0;11690
100;50;2;CountingSort;301;0;0;17150
100;50;2;QuickSort;2768;1091;494;7940
100;50;2;InsertionSort;1843;613;0;45540
100;50;2;BubbleSort;9102;3519;516;35670
100;50;2;MergeSort;1344;429;0;8330
100;50;2;CountingSort;301;0;0;14160
100;50;2;QuickSort;2384;914;421;7440
100;50;2;InsertionSort;2368;788;0;70640
100;50;2;BubbleSort;8758;2997;691;42810
100;50;2;MergeSort;1344;425;0;10170
100;50;2;CountingSort;301;0;0;18010
100;50;2;QuickSort;2299;868;411;9720
100;50;2;InsertionSort;2167;721;0;61130
100;50;2;BubbleSort;8364;2934;624;27810
100;50;2;MergeSort;1344;423;0;9761
100;50;2;CountingSort;301;0;0;15600
100;50;2;QuickSort;2386;865;440;10750
100;50;2;InsertionSort;2147;713;0;57511
100;50;2;BubbleSort;8590;3059;618;44411
100;50;2;MergeSort;1344;427;0;14520
100;50;2;CountingSort;301;0;0;21600
100;50;2;QuickSort;2387;914;424;86300
100;50;2;InsertionSort;2109;701;0;62940
100;50;2;BubbleSort;9014;3297;605;60470
100;50;2;MergeSort;1344;421;0;11460
100;50;2;CountingSort;301;0;0;20250
100;50;2;QuickSort;2422;907;439;43191
100;50;2;InsertionSort;2086;692;0;70020
100;50;2;BubbleSort;9742;3675;598;56050
100;50;2;MergeSort;1344;424;0;11050
100;50;2;CountingSort;301;0;0;17120
100;50;2;QuickSort;2611;1006;470;46410
100;50;2;InsertionSort;2130;708;0;61180
100;50;2;BubbleSort;9592;3572;612;53600
100;50;2;MergeSort;1344;424;0;8910
100;50;2;CountingSort;301;0;0;14400
100;50;2;QuickSort;2488;964;439;52290
100;50;2;InsertionSort;2118;704;0;52170
100;50;2;BubbleSort;8910;3239;608;42600
100;50;2;MergeSort;1344;426;0;11480
100;50;2;CountingSort;301;0;0;13440
100;50;2;QuickSort;2623;997;478;55320
100;50;2;InsertionSort;2146;714;0;70681
100;50;2;BubbleSort;9288;3410;617;43411
100;50;2;MergeSort;1344;423;0;15680
100;50;2;CountingSort;301;0;0;12950
100;50;2;QuickSort;2452;934;439;47261
100;50;2;InsertionSort;2119;705;0;66780
100;50;2;BubbleSort;9026;3297;608;90970
100;50;2;MergeSort;1344;422;0;12900
100;50;2;CountingSort;301;0;0;14740
100;50;2;QuickSort;2781;1053;509;66710
100;50;2;InsertionSort;2182;724;0;73830
100;50;2;BubbleSort;8760;3120;630;25030
100;50;2;MergeSort;1344;428;0;10080
100;50;2;CountingSort;301;0;0;17120
100;50;2;QuickSort;3152;1280;558;57970
100;50;2;InsertionSort;1944;644;0;63840
100;50;2;BubbleSort;8322;3059;551;25380
100;50;2;MergeSort;1344;423;0;8490
100;50;2;CountingSort;301;0;0;17250
100;50;2;QuickSort;2638;994;482;66340
100;50;2;InsertionSort;2096;696;0;57600
100;50;2;BubbleSort;8398;2997;601;117241
100;50;2;MergeSort;1344;427;0;13450
100;50;2;CountingSort;301;0;0;16080
100;50;2;QuickSort;2966;1178;528;74560
100;50;2;InsertionSort;2172;722;0;56980
100;50;2;BubbleSort;9434;3465;626;53691
100;50;2;MergeSort;1344;431;0;15790
100;50;2;CountingSort;301;0;0;15851
100;50;2;QuickSort;2216;842;393;14990
100;50;2;InsertionSort;2294;762;0;88000
100;50;2;BubbleSort;8786;3059;667;42300
100;50;2;MergeSort;1344;425;0;11820
100;50;2;CountingSort;301;0;0;20600
100;50;2;QuickSort;2551;952;467;4100
100;50;2;InsertionSort;1807;601;0;39481
100;50;2;BubbleSort;8724;3354;504;132681
100;50;2;MergeSort;1344;418;0;18570
100;50;2;CountingSort;301;0;0;20050
100;50;2;QuickSort;3168;1179;595;20870
100;50;2;InsertionSort;1621;539;0;47480
100;50;2;BubbleSort;8008;3120;442;23460
100;50;2;MergeSort;1344;429;0;11330
100;50;2;CountingSort;301;0;0;14370
100;50;2;QuickSort;2485;904;461;3270
100;50;2;InsertionSort;1964;652;0;60830
100;50;2;BubbleSort;8346;3059;557;31530
100;50;2;MergeSort;1344;432;0;12641
100;50;2;CountingSort;301;0;0;13450
100;50;2;QuickSort;2598;963;475;3250
100;50;2;InsertionSort;2246;748;0;70691
100;50;2;BubbleSort;9848;3624;650;95760
100;50;2;MergeSort;1344;426;0;11130
100;50;2;CountingSort;301;0;0;13790
100;50;2;QuickSort;2361;957;403;3540
100;50;2;InsertionSort;2444;812;0;57680
100;50;2;BubbleSort;9228;3180;717;43080
100;50;2;MergeSort;1344;420;0;11360
100;50;2;CountingSort;301;0;0;15800
100;50;2;QuickSort;2238;885;385;3480
100;50;2;InsertionSort;2169;721;0;70510
100;50;2;BubbleSort;9208;3354;625;28310
100;50;2;MergeSort;1344;424;0;8970
100;50;2;CountingSort;301;0;0;14340
100;50;2;QuickSort;2859;1083;526;3330
100;50;2;InsertionSort;2189;727;0;63640
100;50;2;BubbleSort;9672;3572;632;5350
100;50;2;MergeSort;1344;433;0;7540
100;50;2;CountingSort;301;0;0;16730
100;50;2;QuickSort;2584;982;468;3260
100;50;2;InsertionSort;2073;689;0;47680
100;50;2;BubbleSort;9516;3572;593;4310
100;50;2;MergeSort;1344;429;0;8220
100;50;2;CountingSort;301;0;0;13840
100;50;2;QuickSort;2499;924;455;4150
100;50;2;InsertionSort;2151;715;0;131190
100;50;2;BubbleSort;9296;3410;619;4260
100;50;2;MergeSort;1344;423;0;27910
100;50;2;CountingSort;301;0;0;14110
100;50;2;QuickSort;2741;1040;502;3480
100;50;2;InsertionSort;2413;801;0;71780
100;50;2;BubbleSort;9068;3120;707;4170
100;50;2;MergeSort;1344;428;0;9490
100;50;2;CountingSort;301;0;0;15810
100;50;2;QuickSort;2147;848;370;3820
100;50;2;InsertionSort;2199;731;0;64150
100;50;2;BubbleSort;9990;3725;635;7840
100;50;2;MergeSort;1344;429;0;8840
100;50;2;CountingSort;301;0;0;13570
100;50;2;QuickSort;2616;975;479;23980
100;50;2;InsertionSort;2184;726;0;73770
100;50;2;BubbleSort;9450;3465;630;5030
100;50;2;MergeSort;1344;425;0;22430
100;50;2;CountingSort;301;0;0;17510
100;50;2;QuickSort;2081;866;340;3210
100;50;2;InsertionSort;2288;762;0;61231
100;50;2;BubbleSort;9476;3410;664;4150
100;50;2;MergeSort;1344;424;0;12350
100;50;2;CountingSort;301;0;0;17990
100;50;2;QuickSort;2169;840;377;3800
100;50;2;InsertionSort;1898;630;0;58450
100;50;2;BubbleSort;8618;3239;535;5060
100;50;2;MergeSort;1344;425;0;16030
100;50;2;CountingSort;301;0;0;20870
100;50;2;QuickSort;2351;881;423;10020
100;50;2;InsertionSort;2257;749;0;73830
100;50;2;BubbleSort;9440;3410;655;5330
100;50;2;MergeSort;1344;425;0;11540
100;50;2;CountingSort;301;0;0;18440
100;50;2;QuickSort;2780;1028;517;4320
100;50;2;InsertionSort;2162;718;0;67630
100;50;2;BubbleSort;9200;3354;623;6090
100;50;2;MergeSort;1344;428;0;12000
100;50;2;CountingSort;301;0;0;16660
100;50;2;QuickSort;3123;1233;565;3590
100;50;2;InsertionSort;1776;590;0;51070
100;50;2;BubbleSort;8796;3410;494;5050
100;50;2;MergeSort;1344;429;0;10020
100;50;2;CountingSort;301;0;0;16080
100;50;2;QuickSort;2612;953;486;3240
100;50;2;InsertionSort;2017;669;0;56191
100;50;2;BubbleSort;9338;3519;575;5260
100;50;2;MergeSort;1344;419;0;10930
100;50;2;CountingSort;301;0;0;19521
100;50;2;QuickSort;2448;936;440;3950
100;50;2;InsertionSort;2241;745;0;74010
100;50;2;BubbleSort;9416;3410;649;4300
100;50;2;MergeSort;1344;425;0;11330
100;50;2;CountingSort;301;0;0;12840
100;50;2;QuickSort;2584;1030;450;4340
100;50;2;InsertionSort;2105;699;0;72741
100;50;2;BubbleSort;8656;3120;604;5780
100;50;2;MergeSort;1344;425;0;12040
100;50;2;CountingSort;301;0;0;19700
100;50;2;QuickSort;2844;1041;532;4310
100;50;2;InsertionSort;2362;784;0;65600
100;50;2;BubbleSort;8754;2997;690;6510
100;50;2;MergeSort;1344;415;0;14400
100;50;2;CountingSort;301;0;0;13620
100;50;2;QuickSort;2331;876;418;4660
100;50;2;InsertionSort;2224;740;0;62450
100;50;2;BubbleSort;9502;3465;643;6800
100;50;2;MergeSort;1344;426;0;7380
100;50;2;CountingSort;301;0;0;13050
100;50;2;QuickSort;2876;1112;520;3540
100;50;2;InsertionSort;2168;720;0;71050
100;50;2;BubbleSort;8494;2997;625;5380
100;50;2;MergeSort;1344;428;0;14350
100;50;2;CountingSort;301;0;0;14370
100;50;2;QuickSort;3050;1148;568;4020
100;50;2;InsertionSort;1883;625;0;43210
100;50;2;BubbleSort;9050;3465;530;7260
100;50;2;MergeSort;1344;428;0;10170
100;50;2;CountingSort;301;0;0;11910
100;50;2;QuickSort;2743;1069;494;4090
100;50;2;InsertionSort;2060;684;0;55900
100;50;2;BubbleSort;8474;3059;589;5050
100;50;2;MergeSort;1344;432;0;11420
100;50;2;CountingSort;301;0;0;17140
100;50;2;QuickSort;2280;906;388;4010
100;50;2;InsertionSort;1689;561;0;50740
100;50;2;BubbleSort;7728;2934;465;4770
100;50;2;MergeSort;1344;429;0;9650
100;50;2;CountingSort;301;0;0;13690
100;50;2;QuickSort;2138;833;370;3190
100;50;2;InsertionSort;2246;746;0;72501
100;50;2;BubbleSort;9748;3572;651;6110
100;50;2;MergeSort;1344;427;0;9500
100;50;2;CountingSort;301;0;0;17390
100;50;2;QuickSort;2925;1107;540;3330
100;50;2;InsertionSort;2178;724;0;65261
100;50;2;BubbleSort;8252;2870;628;3620
100;50;2;MergeSort;1344;421;0;9870
100;50;2;CountingSort;301;0;0;15420
100;50;2;QuickSort;2321;908;407;3270
100;50;2;InsertionSort;2037;677;0;54390
100;50;2;BubbleSort;8802;3239;581;5690
100;50;2;MergeSort;1344;429;0;8970
100;50;2;CountingSort;301;0;0;17670
100;50;2;QuickSort;2688;1002;493;3250
100;50;2;InsertionSort;2416;804;0;71960
100;50;2;BubbleSort;9866;3519;707;4510
100;50;2;MergeSort;1344;428;0;9300
100;50;2;CountingSort;301;0;0;12640
100;50;2;QuickSort;2685;1131;452;3240
100;50;2;InsertionSort;2269;755;0;67470
100;50;2;BubbleSort;9340;3354;658;4090
100;50;2;MergeSort;1344;428;0;9570
100;50;2;CountingSort;301;0;0;14980
100;50;2;QuickSort;2790;1071;503;3520
100;50;2;InsertionSort;2394;792;0;52800
100;50;2;BubbleSort;10158;3675;702;6450
100;50;2;MergeSort;1344;422;0;14400
100;50;2;CountingSort;301;0;0;13930
100;50;2;QuickSort;2131;784;382;3300
100;50;2;InsertionSort;2284;758;0;52320
100;50;2;BubbleSort;9800;3572;664;6170
100;50;2;MergeSort;1344;427;0;8610
100;50;2;CountingSort;301;0;0;14910
100;50;2;QuickSort;2459;965;434;3410
100;50;2;InsertionSort;2037;675;0;52360
100;50;2;BubbleSort;9148;3410;582;6140
100;50;2;MergeSort;1344;424;0;7060
100;50;2;CountingSort;301;0;0;12730
100;50;2;QuickSort;2401;922;427;3270
100;50;2;InsertionSort;2035;677;0;47290
100;50;2;BubbleSort;8188;2934;580;5400
100;50;2;MergeSort;1344;426;0;8990
100;50;2;CountingSort;301;0;0;12240
100;50;2;QuickSort;2779;1030;520;3230
100;50;2;InsertionSort;2036;676;0;46870
100;50;2;BubbleSort;8318;2997;581;3980
100;50;2;MergeSort;1344;427;0;11010
100;50;2;CountingSort;301;0;0;14540
100;50;2;QuickSort;2799;1086;504;4600
100;50;2;InsertionSort;2096;698;0;20050
100;50;2;BubbleSort;8878;3239;600;5330
100;50;2;MergeSort;1344;427;0;14910
100;50;2;CountingSort;301;0;0;13840
100;50;2;QuickSort;2750;1151;468;3490
100;50;2;InsertionSort;1941;645;0;5850
100;50;2;BubbleSort;9444;3624;549;4180
100;50;2;MergeSort;1344;432;0;13920
100;50;2;CountingSort;301;0;0;14900
100;50;2;QuickSort;2303;875;408;3080
100;50;2;InsertionSort;1859;617;0;5630
100;50;2;BubbleSort;8328;3120;522;4070
100;50;2;MergeSort;1344;430;0;7290
100;50;2;CountingSort;301;0;0;16261
100;50;2;QuickSort;2995;1138;553;4010
100;50;2;InsertionSort;1867;619;0;5600
100;50;2;BubbleSort;7968;2934;525;4660
100;50;2;MergeSort;1344;426;0;9790
100;50;2;CountingSort;301;0;0;16980
100;50;2;QuickSort;2149;814;376;4940
100;50;2;InsertionSort;1915;637;0;14120
100;50;2;BubbleSort;8520;3180;540;4350
100;50;2;MergeSort;1344;432;0;14440
100;50;2;CountingSort;301;0;0;13800
100;50;2;QuickSort;2970;1113;551;3400
100;50;2;InsertionSort;2484;826;0;19930
100;50;2;BubbleSort;9628;3354;730;8640
100;50;2;MergeSort;1344;432;0;9430
100;50;2;CountingSort;301;0;0;14340
100;50;2;QuickSort;2388;927;422;3320
100;50;2;InsertionSort;2433;809;0;7320
100;50;2;BubbleSort;9890;3519;713;4340
100;50;2;MergeSort;1344;421;0;16230
100;50;2;CountingSort;301;0;0;16260
100;50;2;QuickSort;2247;915;375;4010
100;50;2;InsertionSort;2131;707;0;6540
100;50;2;BubbleSort;9700;3624;613;4610
100;50;2;MergeSort;1344;424;0;8030
100;50;2;CountingSort;301;0;0;15691
100;50;2;QuickSort;2554;955;465;3610
100;50;2;InsertionSort;2151;715;0;6490
100;50;2;BubbleSort;9406;3465;619;6260
100;50;2;MergeSort;1344;430;0;13900
100;50;2;CountingSort;301;0;0;12370
100;50;2;QuickSort;2323;883;416;14210
100;50;2;InsertionSort;2107;701;0;12200
100;50;2;BubbleSort;9866;3725;604;4690
100;50;2;MergeSort;1344;423;0;10320
100;50;2;CountingSort;301;0;0;14040
100;50;2;QuickSort;2429;938;431;3390
100;50;2;InsertionSort;1805;599;0;13070
100;50;2;BubbleSort;9160;3572;504;7000
100;50;2;MergeSort;1344;417;0;11950
100;50;2;CountingSort;301;0;0;13610
100;50;2;QuickSort;2402;893;438;3430
100;50;2;InsertionSort;1958;652;0;5910
100;50;2;BubbleSort;8694;3239;554;4180
100;50;2;MergeSort;1344;427;0;8950
100;50;2;CountingSort;301;0;0;13350
100;50;2;QuickSort;2430;906;440;3420
100;50;2;InsertionSort;2202;732;0;6760
100;50;2;BubbleSort;9474;3465;636;4320
100;50;2;MergeSort;1344;424;0;8890
100;50;3;CountingSort;301;0;0;21480
100;50;3;QuickSort;2389;916;423;174471
100;50;3;InsertionSort;1689;563;0;101790
100;50;3;BubbleSort;9206;3675;464;316901
100;50;3;MergeSort;1344;428;0;119930
100;50;3;CountingSort;301;0;0;16910
100;50;3;QuickSort;2119;829;365;124860
100;50;3;InsertionSort;2199;733;0;103140
100;50;3;BubbleSort;9014;3239;634;305151
100;50;3;MergeSort;1344;423;0;136130
100;50;3;CountingSort;301;0;0;22990
100;50;3;QuickSort;2359;919;417;78110
100;50;3;InsertionSort;2037;679;0;71890
100;50;3;BubbleSort;8798;3239;580;224651
100;50;3;MergeSort;1344;429;0;129090
100;50;3;CountingSort;301;0;0;15130
100;50;3;QuickSort;2222;845;392;86360
100;50;3;InsertionSort;2214;738;0;79170
100;50;3;BubbleSort;8166;2805;639;215221
100;50;3;MergeSort;1344;429;0;50640
100;50;3;CountingSort;301;0;0;14930
100;50;3;QuickSort;2342;890;419;67581
100;50;3;InsertionSort;2274;758;0;69221
100;50;3;BubbleSort;9780;3572;659;313031
100;50;3;MergeSort;1344;427;0;45540
100;50;3;CountingSort;301;0;0;13030
100;50;3;QuickSort;2722;1015;504;51140
100;50;3;InsertionSort;2382;794;0;93880
100;50;3;BubbleSort;9924;3572;695;291421
100;50;3;MergeSort;1344;425;0;35390
100;50;3;CountingSort;301;0;0;14970
100;50;3;QuickSort;2832;1086;516;20490
100;50;3;InsertionSort;2049;683;0;57490
100;50;3;BubbleSort;8204;2934;584;318001
100;50;3;MergeSort;1344;428;0;30060
100;50;3;CountingSort;301;0;0;15980
100;50;3;QuickSort;2343;948;397;17390
100;50;3;InsertionSort;2289;763;0;59900
100;50;3;BubbleSort;9694;3519;664;259241
100;50;3;MergeSort;1344;424;0;32430
100;50;3;CountingSort;301;0;0;12180
100;50;3;QuickSort;2901;1137;519;35570
100;50;3;InsertionSort;2007;669;0;60550
100;50;3;BubbleSort;8988;3354;570;240400
100;50;3;MergeSort;1344;425;0;32360
100;50;3;CountingSort;301;0;0;15720
100;50;3;QuickSort;2634;1050;462;8540
100;50;3;InsertionSort;2058;686;0;58501
100;50;3;BubbleSort;8466;3059;587;175471
100;50;3;MergeSort;1344;424;0;28560
100;50;3;CountingSort;301;0;0;19440
100;50;3;QuickSort;2555;968;462;11290
100;50;3;InsertionSort;2190;730;0;62810
100;50;3;BubbleSort;9562;3519;631;199791
100;50;3;MergeSort;1344;430;0;22570
100;50;3;CountingSort;301;0;0;17320
100;50;3;QuickSort;2743;1168;463;8740
100;50;3;InsertionSort;2043;681;0;57590
100;50;3;BubbleSort;8922;3297;582;259471
100;50;3;MergeSort;1344;424;0;22030
100;50;3;CountingSort;301;0;0;15600
100;50;3;QuickSort;2520;927;465;9720
100;50;3;InsertionSort;2073;691;0;62400
100;50;3;BubbleSort;9076;3354;592;237051
100;50;3;MergeSort;1344;429;0;22750
100;50;3;CountingSort;301;0;0;14520
100;50;3;QuickSort;2813;1091;508;14040
100;50;3;InsertionSort;2247;749;0;68250
100;50;3;BubbleSort;9420;3410;650;266471
100;50;3;MergeSort;1344;432;0;82200
100;50;3;CountingSort;301;0;0;14530
100;50;3;QuickSort;2389;892;430;9830
100;50;3;InsertionSort;1881;627;0;56890
100;50;3;BubbleSort;9562;3725;528;214740
100;50;3;MergeSort;1344;424;0;29550
100;50;3;CountingSort;301;0;0;22211
100;50;3;QuickSort;2418;900;439;10900
100;50;3;InsertionSort;1986;662;0;53500
100;50;3;BubbleSort;8960;3354;563;240301
100;50;3;MergeSort;1344;425;0;30220
100;50;3;CountingSort;301;0;0;14030
100;50;3;QuickSort;3016;1114;566;10260
100;50;3;InsertionSort;2073;691;0;65170
100;50;3;BubbleSort;9076;3354;592;241991
100;50;3;MergeSort;1344;425;0;28720
100;50;3;CountingSort;301;0;0;15680
100;50;3;QuickSort;2440;919;444;8880
100;50;3;InsertionSort;2091;697;0;63140
100;50;3;BubbleSort;9322;3465;598;244881
100;50;3;MergeSort;1344;424;0;27400
100;50;3;CountingSort;301;0;0;15960
100;50;3;QuickSort;2322;870;421;10370
100;50;3;InsertionSort;1923;641;0;56690
100;50;3;BubbleSort;9312;3572;542;136180
100;50;3;MergeSort;1344;427;0;25080
100;50;3;CountingSort;301;0;0;14110
100;50;3;QuickSort;2944;1093;552;10720
100;50;3;InsertionSort;2163;721;0;57061
100;50;3;BubbleSort;9526;3519;622;52440
100;50;3;MergeSort;1344;431;0;14310
100;50;3;CountingSort;301;0;0;20080
100;50;3;QuickSort;2085;843;351;14240
100;50;3;InsertionSort;2367;789;0;88011
100;50;3;BubbleSort;9904;3572;690;39020
100;50;3;MergeSort;1344;430;0;19930
100;50;3;CountingSort;301;0;0;16031
100;50;3;QuickSort;2437;907;443;9840
100;50;3;InsertionSort;2268;756;0;63770
100;50;3;BubbleSort;9106;3239;657;50300
100;50;3;MergeSort;1344;428;0;25200
100;50;3;CountingSort;301;0;0;14230
100;50;3;QuickSort;2792;1061;510;10210
100;50;3;InsertionSort;1878;626;0;51150
100;50;3;BubbleSort;8348;3120;527;38020
100;50;3;MergeSort;1344;429;0;20890
100;50;3;CountingSort;301;0;0;13290
100;50;3;QuickSort;2258;857;401;14440
100;50;3;InsertionSort;2496;832;0;70800
100;50;3;BubbleSort;9410;3239;733;30820
100;50;3;MergeSort;1344;428;0;26560
100;50;3;CountingSort;301;0;0;14640
100;50;3;QuickSort;2198;842;385;8960
100;50;3;InsertionSort;1791;597;0;52860
100;50;3;BubbleSort;8812;3410;498;63340
100;50;3;MergeSort;1344;435;0;1777935
100;50;3;CountingSort;301;0;0;16450
100;50;3;QuickSort;2109;831;359;9370
100;50;3;InsertionSort;2250;750;0;60910
100;50;3;BubbleSort;9082;3239;651;31970
100;50;3;MergeSort;1344;426;0;16730
100;50;3;CountingSort;301;0;0;14270
100;50;3;QuickSort;2369;932;413;15610
100;50;3;InsertionSort;2262;754;0;83731
100;50;3;BubbleSort;9328;3354;655;45090
100;50;3;MergeSort;1344;419;0;28780
100;50;3;CountingSort;301;0;0;14730
100;50;3;QuickSort;2442;927;440;8640
100;50;3;InsertionSort;2253;751;0;66160
100;50;3;BubbleSort;8476;2934;652;26900
100;50;3;MergeSort;1344;427;0;28150
100;50;3;CountingSort;301;0;0;17700
100;50;3;QuickSort;2557;994;454;14440
100;50;3;InsertionSort;2007;669;0;55680
100;50;3;BubbleSort;8988;3354;570;62181
100;50;3;MergeSort;1344;429;0;12160
100;50;3;CountingSort;301;0;0;16020
100;50;3;QuickSort;2542;979;451;9740
100;50;3;InsertionSort;2442;814;0;68320
100;50;3;BubbleSort;9338;3239;715;30670
100;50;3;MergeSort;1344;429;0;29580
100;50;3;CountingSort;301;0;0;18520
100;50;3;QuickSort;2286;888;399;15350
100;50;3;InsertionSort;2115;705;0;73990
100;50;3;BubbleSort;9568;3572;606;48501
100;50;3;MergeSort;1344;431;0;17770
100;50;3;CountingSort;301;0;0;15620
100;50;3;QuickSort;2663;968;499;9820
100;50;3;InsertionSort;2217;739;0;64021
100;50;3;BubbleSort;9598;3519;640;44370
100;50;3;MergeSort;1344;430;0;11210
100;50;3;CountingSort;301;0;0;13680
100;50;3;QuickSort;2519;974;448;9440
100;50;3;InsertionSort;2442;814;0;69370
100;50;3;BubbleSort;9454;3297;715;54180
100;50;3;MergeSort;1344;430;0;9700
100;50;3;CountingSort;301;0;0;17130
100;50;3;QuickSort;2358;966;395;11410
100;50;3;InsertionSort;2250;750;0;56690
100;50;3;BubbleSort;9312;3354;651;56570
100;50;3;MergeSort;1344;428;0;12190
100;50;3;CountingSort;301;0;0;16000
100;50;3;QuickSort;2616;975;482;9410
100;50;3;InsertionSort;1878;626;0;56110
100;50;3;BubbleSort;8468;3180;527;47830
100;50;3;MergeSort;1344;430;0;9080
100;50;3;CountingSort;301;0;0;18100
100;50;3;QuickSort;2905;1090;540;9960
100;50;3;InsertionSort;2211;737;0;49530
100;50;3;BubbleSort;9372;3410;638;51380
100;50;3;MergeSort;1344;425;0;17150
100;50;3;CountingSort;301;0;0;16190
100;50;3;QuickSort;2660;992;487;9150
100;50;3;InsertionSort;1803;601;0;50641
100;50;3;BubbleSort;7876;2934;502;55490
100;50;3;MergeSort;1344;423;0;13050
100;50;3;CountingSort;301;0;0;127880
100;50;3;QuickSort;3238;1339;570;23980
100;50;3;InsertionSort;2610;870;0;64820
100;50;3;BubbleSort;9904;3410;771;65020
100;50;3;MergeSort;1344;424;0;14340
100;50;3;CountingSort;301;0;0;18860
100;50;3;QuickSort;3013;1186;545;102201
100;50;3;InsertionSort;2286;762;0;65210
100;50;3;BubbleSort;9796;3572;663;28350
100;50;3;MergeSort;1344;425;0;13630
100;50;3;CountingSort;301;0;0;17031
100;50;3;QuickSort;2271;900;394;85390
100;50;3;InsertionSort;2415;805;0;71740
100;50;3;BubbleSort;9862;3519;706;57130
100;50;3;MergeSort;1344;420;0;20250
100;50;3;CountingSort;301;0;0;16760
100;50;3;QuickSort;2413;925;431;59820
100;50;3;InsertionSort;1956;652;0;65990
100;50;3;BubbleSort;8452;3120;553;34750
100;50;3;MergeSort;1344;424;0;11890
100;50;3;CountingSort;301;0;0;18290
100;50;3;QuickSort;2390;908;426;69251
100;50;3;InsertionSort;2058;686;0;51101
100;50;3;BubbleSort;8708;3180;587;54000
100;50;3;MergeSort;1344;425;0;12090
100;50;3;CountingSort;301;0;0;18160
100;50;3;QuickSort;2430;897;444;56541
100;50;3;InsertionSort;2313;771;0;55591
100;50;3;BubbleSort;8928;3120;672;92900
100;50;3;MergeSort;1344;433;0;12290
100;50;3;CountingSort;301;0;0;17380
100;50;3;QuickSort;2440;964;426;60280
100;50;3;InsertionSort;2046;682;0;45260
100;50;3;BubbleSort;9580;3624;583;32350
100;50;3;MergeSort;1344;430;0;13650
100;50;3;CountingSort;301;0;0;15820
100;50;3;QuickSort;2492;932;453;61730
100;50;3;InsertionSort;2235;745;0;51380
100;50;3;BubbleSort;8944;3180;646;30210
100;50;3;MergeSort;1344;429;0;14230
100;50;3;CountingSort;301;0;0;22300
100;50;3;QuickSort;2069;836;346;55480
100;50;3;InsertionSort;2019;673;0;56680
100;50;3;BubbleSort;8890;3297;574;112380
100;50;3;MergeSort;1344;433;0;11710
100;50;3;CountingSort;301;0;0;18360
100;50;3;QuickSort;2762;1037;507;56960
100;50;3;InsertionSort;2001;667;0;53080
100;50;3;BubbleSort;9310;3519;568;52480
100;50;3;MergeSort;1344;424;0;10080
100;50;3;CountingSort;301;0;0;17330
100;50;3;QuickSort;2588;962;476;69100
100;50;3;InsertionSort;2169;723;0;54980
100;50;3;BubbleSort;9640;3572;624;46030
100;50;3;MergeSort;1344;425;0;10340
100;50;3;CountingSort;301;0;0;17240
100;50;3;QuickSort;2601;984;472;61151
100;50;3;InsertionSort;2196;732;0;60391
100;50;3;BubbleSort;9676;3572;633;58900
100;50;3;MergeSort;1344;425;0;11950
100;50;3;CountingSort;301;0;0;18440
100;50;3;QuickSort;2560;1000;451;24850
100;50;3;InsertionSort;1983;661;0;58730
100;50;3;BubbleSort;9392;3572;562;45780
100;50;3;MergeSort;1344;426;0;17150
100;50;3;CountingSort;301;0;0;22090
100;50;3;QuickSort;2647;979;488;4480
100;50;3;InsertionSort;2043;681;0;75460
100;50;3;BubbleSort;8922;3297;582;144641
100;50;3;MergeSort;1344;426;0;21271
100;50;3;CountingSort;301;0;0;15870
100;50;3;QuickSort;2699;1040;488;3360
100;50;3;InsertionSort;1902;634;0;63690
100;50;3;BubbleSort;7880;2870;535;24450
100;50;3;MergeSort;1344;429;0;11040
100;50;3;CountingSort;301;0;0;16600
100;50;3;QuickSort;2536;931;470;4040
100;50;3;InsertionSort;2280;760;0;60560
100;50;3;BubbleSort;9682;3519;661;62431
100;50;3;MergeSort;1344;424;0;14180
100;50;3;CountingSort;301;0;0;17770
100;50;3;QuickSort;2418;894;443;5200
100;50;3;InsertionSort;2016;672;0;60271
100;50;3;BubbleSort;9330;3519;573;112451
100;50;3;MergeSort;1344;430;0;8110
100;50;3;CountingSort;301;0;0;18520
100;50;3;QuickSort;2327;896;411;10150
100;50;3;InsertionSort;2136;712;0;47410
100;50;3;BubbleSort;8692;3120;613;23870
100;50;3;MergeSort;1344;429;0;14620
100;50;3;CountingSort;301;0;0;13210
100;50;3;QuickSort;2464;988;422;3610
100;50;3;InsertionSort;2334;778;0;52790
100;50;3;BubbleSort;9646;3465;679;27300
100;50;3;MergeSort;1344;424;0;9540
100;50;3;CountingSort;301;0;0;16210
100;50;3;QuickSort;2471;923;451;5830
100;50;3;InsertionSort;1917;639;0;78200
100;50;3;BubbleSort;8520;3180;540;6150
100;50;3;MergeSort;1344;426;0;10000
100;50;3;CountingSort;301;0;0;19620
100;50;3;QuickSort;2384;920;422;6640
100;50;3;InsertionSort;2361;787;0;63630
100;50;3;BubbleSort;9230;3239;688;5780
100;50;3;MergeSort;1344;425;0;13870
100;50;3;CountingSort;301;0;0;12840
100;50;3;QuickSort;2788;1036;514;3740
100;50;3;InsertionSort;2136;712;0;49550
100;50;3;BubbleSort;9802;3675;613;5780
100;50;3;MergeSort;1344;428;0;8440
100;50;3;CountingSort;301;0;0;13360
100;50;3;QuickSort;2459;893;457;4320
100;50;3;InsertionSort;2088;696;0;46770
100;50;3;BubbleSort;8628;3120;597;6140
100;50;3;MergeSort;1344;426;0;10320
100;50;3;CountingSort;301;0;0;12970
100;50;3;QuickSort;3141;1194;584;3630
100;50;3;InsertionSort;2259;753;0;56690
100;50;3;BubbleSort;9210;3297;654;4100
100;50;3;MergeSort;1344;427;0;11850
100;50;3;CountingSort;301;0;0;15490
100;50;3;QuickSort;2908;1063;549;3470
100;50;3;InsertionSort;2037;679;0;61390
100;50;3;BubbleSort;8438;3059;580;3690
100;50;3;MergeSort;1344;429;0;10960
100;50;3;CountingSort;301;0;0;18920
100;50;3;QuickSort;2303;896;401;3060
100;50;3;InsertionSort;2022;674;0;46140
100;50;3;BubbleSort;9230;3465;575;6550
100;50;3;MergeSort;1344;416;0;7320
100;50;3;CountingSort;301;0;0;12890
100;50;3;QuickSort;2597;962;478;3590
100;50;3;InsertionSort;2448;816;0;68140
100;50;3;BubbleSort;10218;3675;717;5690
100;50;3;MergeSort;1344;427;0;11360
100;50;3;CountingSort;301;0;0;13751
100;50;3;QuickSort;2251;895;385;5780
100;50;3;InsertionSort;2217;739;0;57980
100;50;3;BubbleSort;9704;3572;640;6090
100;50;3;MergeSort;1344;423;0;13070
100;50;3;CountingSort;301;0;0;12760
100;50;3;QuickSort;2543;1094;416;4280
100;50;3;InsertionSort;1941;647;0;48540
100;50;3;BubbleSort;8786;3297;548;4290
100;50;3;MergeSort;1344;424;0;12220
100;50;3;CountingSort;301;0;0;14260
100;50;3;QuickSort;2884;1072;538;3470
100;50;3;InsertionSort;2271;757;0;64110
100;50;3;BubbleSort;9776;3572;658;4110
100;50;3;MergeSort;1344;422;0;10610
100;50;3;CountingSort;301;0;0;22550
100;50;3;QuickSort;2387;863;440;3310
100;50;3;InsertionSort;1842;614;0;42220
100;50;3;BubbleSort;9098;3519;515;3970
100;50;3;MergeSort;1344;422;0;14250
100;50;3;CountingSort;301;0;0;15830
100;50;3;QuickSort;2471;935;444;3680
100;50;3;InsertionSort;2244;748;0;50830
100;50;3;BubbleSort;9634;3519;649;4350
100;50;3;MergeSort;1344;420;0;9230
100;50;3;CountingSort;301;0;0;17430
100;50;3;QuickSort;2712;1035;488;7830
100;50;3;InsertionSort;1965;655;0;42880
100;50;3;BubbleSort;8584;3180;556;6420
100;50;3;MergeSort;1344;433;0;12360
100;50;3;CountingSort;301;0;0;86251
100;50;3;QuickSort;3099;1170;575;3420
100;50;3;InsertionSort;2112;704;0;47050
100;50;3;BubbleSort;9458;3519;605;4250
100;50;3;MergeSort;1344;429;0;10320
100;50;3;CountingSort;301;0;0;14890
100;50;3;QuickSort;2679;987;498;3250
100;50;3;InsertionSort;2334;778;0;54900
100;50;3;BubbleSort;9310;3297;679;4060
100;50;3;MergeSort;1344;427;0;8530
100;50;3;CountingSort;301;0;0;12960
100;50;3;QuickSort;2364;963;402;3380
100;50;3;InsertionSort;2079;693;0;45840
100;50;3;BubbleSort;8736;3180;594;5070
100;50;3;MergeSort;1344;426;0;15430
100;50;3;CountingSort;301;0;0;16520
100;50;3;QuickSort;2140;817;375;3330
100;50;3;InsertionSort;2142;714;0;59810
100;50;3;BubbleSort;8200;2870;615;7580
100;50;3;MergeSort;1344;428;0;12580
100;50;3;CountingSort;301;0;0;19930
100;50;3;QuickSort;2692;1048;484;4890
100;50;3;InsertionSort;2175;725;0;64770
100;50;3;BubbleSort;8744;3120;626;7260
100;50;3;MergeSort;1344;426;0;9130
100;50;3;CountingSort;301;0;0;12880
100;50;3;QuickSort;2670;1056;470;3400
100;50;3;InsertionSort;2283;761;0;66410
100;50;3;BubbleSort;8516;2934;662;3560
100;50;3;MergeSort;1344;430;0;8420
100;50;3;CountingSort;301;0;0;18720
100;50;3;QuickSort;2784;1047;510;3300
100;50;3;InsertionSort;2328;776;0;85681
100;50;3;BubbleSort;9302;3297;677;4740
100;50;3;MergeSort;1344;430;0;11190
100;50;3;CountingSort;301;0;0;12950
100;50;3;QuickSort;2763;1029;510;3330
100;50;3;InsertionSort;1953;651;0;57760
100;50;3;BubbleSort;9456;3624;552;5420
100;50;3;MergeSort;1344;426;0;9680
100;50;3;CountingSort;301;0;0;24160
100;50;3;QuickSort;2424;915;437;3650
100;50;3;InsertionSort;1866;622;0;40991
100;50;3;BubbleSort;8086;2997;523;6410
100;50;3;MergeSort;1344;429;0;14680
100;50;3;CountingSort;301;0;0;18690
100;50;3;QuickSort;2580;993;466;3430
100;50;3;InsertionSort;2250;750;0;62940
100;50;3;BubbleSort;9534;3465;651;4440
100;50;3;MergeSort;1344;426;0;11150
100;50;3;CountingSort;301;0;0;16970
100;50;3;QuickSort;2324;902;407;3390
100;50;3;InsertionSort;2160;720;0;57480
100;50;3;BubbleSort;9304;3410;621;4580
100;50;3;MergeSort;1344;426;0;8500
100;50;3;CountingSort;301;0;0;13100
100;50;3;QuickSort;2359;886;427;3040
100;50;3;InsertionSort;2070;690;0;48780
100;50;3;BubbleSort;8724;3180;591;5350
100;50;3;MergeSort;1344;429;0;10210
100;50;3;CountingSort;301;0;0;14990
100;50;3;QuickSort;2644;973;494;3710
100;50;3;InsertionSort;2181;727;0;47680
100;50;3;BubbleSort;9332;3410;628;5350
100;50;3;MergeSort;1344;432;0;10430
100;50;3;CountingSort;301;0;0;13430
100;50;3;QuickSort;2478;930;446;3550
100;50;3;InsertionSort;2253;751;0;54900
100;50;3;BubbleSort;9538;3465;652;6640
100;50;3;MergeSort;1344;426;0;9420
100;50;3;CountingSort;301;0;0;14360
100;50;3;QuickSort;2722;1021;501;3510
100;50;3;InsertionSort;2187;729;0;54900
100;50;3;BubbleSort;9558;3519;630;4300
100;50;3;MergeSort;1344;426;0;11960
100;50;3;CountingSort;301;0;0;12160
100;50;3;QuickSort;2498;935;457;15680
100;50;3;InsertionSort;2079;693;0;46241
100;50;3;BubbleSort;9196;3410;594;5180
100;50;3;MergeSort;1344;427;0;10060
100;50;3;CountingSort;301;0;0;12970
100;50;3;QuickSort;2227;904;374;3610
100;50;3;InsertionSort;2307;769;0;65591
100;50;3;BubbleSort;9928;3624;670;4310
100;50;3;MergeSort;1344;425;0;12760
100;50;3;CountingSort;301;0;0;13820
100;50;3;QuickSort;2440;937;434;3720
100;50;3;InsertionSort;2337;779;0;33150
100;50;3;BubbleSort;9080;3180;680;5200
100;50;3;MergeSort;1344;429;0;9881
100;50;3;CountingSort;301;0;0;13110
100;50;3;QuickSort;2295;864;415;4020
100;50;3;InsertionSort;2085;695;0;7950
100;50;3;BubbleSort;8744;3180;596;5650
100;50;3;MergeSort;1344;426;0;9330
100;50;3;CountingSort;301;0;0;18800
100;50;3;QuickSort;2320;886;412;3590
100;50;3;InsertionSort;2202;734;0;6600
100;50;3;BubbleSort;9788;3624;635;5830
100;50;3;MergeSort;1344;425;0;8161
100;50;3;CountingSort;301;0;0;12590
100;50;3;QuickSort;2762;1046;509;3800
100;50;3;InsertionSort;2358;786;0;9780
100;50;3;BubbleSort;9226;3239;687;5600
100;50;3;MergeSort;1344;431;0;9950
100;50;3;CountingSort;301;0;0;12740
100;50;3;QuickSort;2753;1094;489;4540
100;50;3;InsertionSort;1977;659;0;6150
100;50;3;BubbleSort;8948;3354;560;5840
100;50;3;MergeSort;1344;418;0;11110
100;50;3;CountingSort;301;0;0;15230
100;50;3;QuickSort;2839;1072;522;4520
100;50;3;InsertionSort;2034;678;0;6050
100;50;3;BubbleSort;8434;3059;579;5220
100;50;3;MergeSort;1344;422;0;10900
100;50;3;CountingSort;301;0;0;14480
100;50;3;QuickSort;3637;1366;694;4590
100;50;3;InsertionSort;2169;723;0;6510
100;50;3;BubbleSort;8614;3059;624;3980
100;50;3;MergeSort;1344;421;0;9780
100;50;3;CountingSort;301;0;0;17950
100;50;3;QuickSort;2161;805;387;3970
100;50;3;InsertionSort;1731;577;0;5270
100;50;3;BubbleSort;6700;2394;478;4481
100;50;3;MergeSort;1344;426;0;9870
100;50;3;CountingSort;301;0;0;12920
100;50;3;QuickSort;2529;933;467;5860
100;50;3;InsertionSort;2520;840;0;7531
100;50;3;BubbleSort;10002;3519;741;5330
100;50;3;MergeSort;1344;426;0;10000
100;50;3;CountingSort;301;0;0;12760
100;50;3;QuickSort;2471;932;447;4410
100;50;3;InsertionSort;2505;835;0;14660
100;50;3;BubbleSort;9982;3519;736;7170
100;50;3;MergeSort;1344;420;0;9050
100;50;3;CountingSort;301;0;0;14060
100;50;3;QuickSort;2486;953;451;4120
100;50;3;InsertionSort;2031;677;0;6240
100;50;3;BubbleSort;9242;3465;578;4070
100;50;3;MergeSort;1344;425;0;10020
100;50;3;CountingSort;301;0;0;13620
100;50;3;QuickSort;2226;885;380;4440
100;50;3;InsertionSort;2268;756;0;6861
100;50;3;BubbleSort;9772;3572;657;4720
100;50;3;MergeSort;1344;430;0;11020
100;50;3;CountingSort;301;0;0;13220
100;50;3;QuickSort;2820;1056;521;4530
100;50;3;InsertionSort;2202;734;0;6690
100;50;3;BubbleSort;9470;3465;635;3940
100;50;3;MergeSort;1344;425;0;6770
100;50;4;CountingSort;301;0;0;20580
100;50;4;QuickSort;2501;926;456;217931
100;50;4;InsertionSort;1833;611;0;107950
100;50;4;BubbleSort;8166;3059;512;397382
100;50;4;MergeSort;1344;429;0;103520
100;50;4;CountingSort;301;0;0;16650
100;50;4;QuickSort;2241;867;395;98980
100;50;4;InsertionSort;2085;695;0;66710
100;50;4;BubbleSort;7994;2805;596;301181
100;50;4;MergeSort;1344;421;0;89670
100;50;4;CountingSort;301;0;0;23390
100;50;4;QuickSort;2416;910;434;101851
100;50;4;InsertionSort;2076;692;0;80781
100;50;4;BubbleSort;9192;3410;593;221650
100;50;4;MergeSort;1344;425;0;118290
100;50;4;CountingSort;301;0;0;15210
100;50;4;QuickSort;2559;1017;450;105480
100;50;4;InsertionSort;2166;722;0;143970
100;50;4;BubbleSort;8970;3239;623;271481
100;50;4;MergeSort;1344;416;0;74471
100;50;4;CountingSort;301;0;0;16580
100;50;4;QuickSort;2206;895;370;102271
100;50;4;InsertionSort;2112;704;0;64671
100;50;4;BubbleSort;9014;3297;605;261831
100;50;4;MergeSort;1344;432;0;37960
100;50;4;CountingSort;301;0;0;13170
100;50;4;QuickSort;2580;999;460;45740
100;50;4;InsertionSort;2217;739;0;52840
100;50;4;BubbleSort;9704;3572;640;228251
100;50;4;MergeSort;1344;427;0;32810
100;50;4;CountingSort;301;0;0;12570
100;50;4;QuickSort;2535;1035;435;59051
100;50;4;InsertionSort;2085;695;0;46941
100;50;4;BubbleSort;8252;2934;596;236510
100;50;4;MergeSort;1344;429;0;51040
100;50;4;CountingSort;301;0;0;12780
100;50;4;QuickSort;2601;1068;445;31670
100;50;4;InsertionSort;2235;745;0;69880
100;50;4;BubbleSort;9404;3410;646;247791
100;50;4;MergeSort;1344;429;0;32560
100;50;4;CountingSort;301;0;0;17480
100;50;4;QuickSort;2309;854;420;19850
100;50;4;InsertionSort;2115;705;0;69700
100;50;4;BubbleSort;8542;3059;606;267871
100;50;4;MergeSort;1344;429;0;23530
100;50;4;CountingSort;301;0;0;12610
100;50;4;QuickSort;2454;906;446;7910
100;50;4;InsertionSort;2187;729;0;72370
100;50;4;BubbleSort;8880;3180;630;220960
100;50;4;MergeSort;1344;423;0;23270
100;50;4;CountingSort;301;0;0;16690
100;50;4;QuickSort;2547;1044;435;17730
100;50;4;InsertionSort;2505;835;0;77961
100;50;4;BubbleSort;9982;3519;736;222480
100;50;4;MergeSort;1344;429;0;19200
100;50;4;CountingSort;301;0;0;18010
100;50;4;QuickSort;2414;890;440;19340
100;50;4;InsertionSort;1962;654;0;56490
100;50;4;BubbleSort;8698;3239;555;182681
100;50;4;MergeSort;1344;429;0;19300
100;50;4;CountingSort;301;0;0;12760
100;50;4;QuickSort;2872;1069;536;10160
100;50;4;InsertionSort;2025;675;0;66420
100;50;4;BubbleSort;8898;3297;576;202470
100;50;4;MergeSort;1344;426;0;26020
100;50;4;CountingSort;301;0;0;14500
100;50;4;QuickSort;2412;912;435;9260
100;50;4;InsertionSort;2337;779;0;74031
100;50;4;BubbleSort;9540;3410;680;200501
100;50;4;MergeSort;1344;429;0;23810
100;50;4;CountingSort;301;0;0;15020
100;50;4;QuickSort;2400;912;426;19830
100;50;4;InsertionSort;2196;732;0;76140
100;50;4;BubbleSort;9010;3239;633;255611
100;50;4;MergeSort;1344;423;0;28920
100;50;4;CountingSort;301;0;0;13860
100;50;4;QuickSort;2355;894;423;9000
100;50;4;InsertionSort;2121;707;0;50820
100;50;4;BubbleSort;9252;3410;608;214291
100;50;4;MergeSort;1344;424;0;38561
100;50;4;CountingSort;301;0;0;18200
100;50;4;QuickSort;2525;1010;442;8060
100;50;4;InsertionSort;2031;677;0;60270
100;50;4;BubbleSort;9242;3465;578;209940
100;50;4;MergeSort;1344;422;0;25880
100;50;4;CountingSort;301;0;0;19040
100;50;4;QuickSort;2744;1064;495;9820
100;50;4;InsertionSort;2181;727;0;77151
100;50;4;BubbleSort;8872;3180;628;226261
100;50;4;MergeSort;1344;424;0;44981
100;50;4;CountingSort;301;0;0;15370
100;50;4;QuickSort;2798;1025;525;11590
100;50;4;InsertionSort;2007;669;0;63520
100;50;4;BubbleSort;9100;3410;570;270321
100;50;4;MergeSort;1344;426;0;35760
100;50;4;CountingSort;301;0;0;12070
100;50;4;QuickSort;2663;1052;472;14770
100;50;4;InsertionSort;2151;717;0;61560
100;50;4;BubbleSort;9720;3624;618;124610
100;50;4;MergeSort;1344;418;0;33820
100;50;4;CountingSort;301;0;0;15500
100;50;4;QuickSort;2726;1034;495;17150
100;50;4;InsertionSort;2355;785;0;57180
100;50;4;BubbleSort;9674;3465;686;66480
100;50;4;MergeSort;1344;427;0;32480
100;50;4;CountingSort;301;0;0;11950
100;50;4;QuickSort;2440;928;440;12340
100;50;4;InsertionSort;2205;735;0;65241
100;50;4;BubbleSort;9474;3465;636;66510
100;50;4;MergeSort;1344;430;0;38040
100;50;4;CountingSort;301;0;0;14201
100;50;4;QuickSort;2320;910;405;7720
100;50;4;InsertionSort;2019;673;0;59530
100;50;4;BubbleSort;9544;3624;574;59820
100;50;4;MergeSort;1344;420;0;39090
100;50;4;CountingSort;301;0;0;16130
100;50;4;QuickSort;2534;1019;438;10180
100;50;4;InsertionSort;2025;675;0;48220
100;50;4;BubbleSort;8898;3297;576;32430
100;50;4;MergeSort;1344;432;0;18440
100;50;4;CountingSort;301;0;0;12480
100;50;4;QuickSort;2243;848;398;9110
100;50;4;InsertionSort;1989;663;0;59091
100;50;4;BubbleSort;9294;3519;564;1227934
100;50;4;MergeSort;1344;429;0;1212744
100;50;4;CountingSort;301;0;0;13580
100;50;4;QuickSort;2723;1055;490;8410
100;50;4;InsertionSort;2256;752;0;65280
100;50;4;BubbleSort;9432;3410;653;52160
100;50;4;MergeSort;1344;425;0;17420
100;50;4;CountingSort;301;0;0;11950
100;50;4;QuickSort;3617;1448;660;9410
100;50;4;InsertionSort;1998;666;0;57190
100;50;4;BubbleSort;9516;3624;567;42860
100;50;4;MergeSort;1344;425;0;29720
100;50;4;CountingSort;301;0;0;11400
100;50;4;QuickSort;2325;897;410;20750
100;50;4;InsertionSort;1968;656;0;57190
100;50;4;BubbleSort;8822;3297;557;44110
100;50;4;MergeSort;1344;426;0;20941
100;50;4;CountingSort;301;0;0;11130
100;50;4;QuickSort;2806;1072;513;9970
100;50;4;InsertionSort;2475;825;0;98151
100;50;4;BubbleSort;10254;3675;726;34311
100;50;4;MergeSort;1344;435;0;18990
100;50;4;CountingSort;301;0;0;18320
100;50;4;QuickSort;2224;862;386;9671
100;50;4;InsertionSort;2469;823;0;60270
100;50;4;BubbleSort;9490;3297;724;56530
100;50;4;MergeSort;1344;430;0;11590
100;50;4;CountingSort;301;0;0;14470
100;50;4;QuickSort;2491;955;448;9680
100;50;4;InsertionSort;2370;790;0;95640
100;50;4;BubbleSort;10214;3725;691;52230
100;50;4;MergeSort;1344;420;0;10000
100;50;4;CountingSort;301;0;0;11090
100;50;4;QuickSort;2474;950;441;71600
100;50;4;InsertionSort;2409;803;0;56670
100;50;4;BubbleSort;9636;3410;704;52361
100;50;4;MergeSort;1344;422;0;10450
100;50;4;CountingSort;301;0;0;14310
100;50;4;QuickSort;2653;967;495;10420
100;50;4;InsertionSort;2343;781;0;66860
100;50;4;BubbleSort;9322;3297;682;30200
100;50;4;MergeSort;1344;430;0;18840
100;50;4;CountingSort;301;0;0;13980
100;50;4;QuickSort;2215;868;386;8740
100;50;4;InsertionSort;2025;675;0;59920
100;50;4;BubbleSort;8664;3180;576;25890
100;50;4;MergeSort;1344;426;0;27510
100;50;4;CountingSort;301;0;0;10190
100;50;4;QuickSort;2753;1046;505;18680
100;50;4;InsertionSort;2076;692;0;50250
100;50;4;BubbleSort;8732;3180;593;52600
100;50;4;MergeSort;1344;426;0;15610
100;50;4;CountingSort;301;0;0;12280
100;50;4;QuickSort;2506;955;449;7840
100;50;4;InsertionSort;1926;642;0;54210
100;50;4;BubbleSort;8650;3239;543;46570
100;50;4;MergeSort;1344;429;0;7750
100;50;4;CountingSort;301;0;0;10760
100;50;4;QuickSort;2664;981;492;20670
100;50;4;InsertionSort;2049;683;0;52110
100;50;4;BubbleSort;8696;3180;584;51290
100;50;4;MergeSort;1344;423;0;8340
100;50;4;CountingSort;301;0;0;14270
100;50;4;QuickSort;2541;960;460;13060
100;50;4;InsertionSort;2145;715;0;59440
100;50;4;BubbleSort;9284;3410;616;31780
100;50;4;MergeSort;1344;419;0;14160
100;50;4;CountingSort;301;0;0;14900
100;50;4;QuickSort;2343;894;417;10430
100;50;4;InsertionSort;2394;798;0;73630
100;50;4;BubbleSort;9390;3297;699;45130
100;50;4;MergeSort;1344;418;0;20470
100;50;4;CountingSort;301;0;0;12560
100;50;4;QuickSort;2381;872;434;10510
100;50;4;InsertionSort;2163;721;0;51111
100;50;4;BubbleSort;9632;3572;622;52010
100;50;4;MergeSort;1344;422;0;11650
100;50;4;CountingSort;301;0;0;14330
100;50;4;QuickSort;2403;906;435;8800
100;50;4;InsertionSort;2226;742;0;63101
100;50;4;BubbleSort;9716;3572;643;28031
100;50;4;MergeSort;1344;422;0;17430
100;50;4;CountingSort;301;0;0;16901
100;50;4;QuickSort;2704;988;502;9900
100;50;4;InsertionSort;2511;837;0;71030
100;50;4;BubbleSort;9192;3120;738;32290
100;50;4;MergeSort;1344;421;0;8910
100;50;4;CountingSort;301;0;0;14170
100;50;4;QuickSort;2184;888;369;131610
100;50;4;InsertionSort;2385;795;0;60710
100;50;4;BubbleSort;9822;3519;696;68310
100;50;4;MergeSort;1344;428;0;14690
100;50;4;CountingSort;301;0;0;12980
100;50;4;QuickSort;2410;913;435;69000
100;50;4;InsertionSort;2193;731;0;58370
100;50;4;BubbleSort;9878;3675;632;63331
100;50;4;MergeSort;1344;417;0;18600
100;50;4;CountingSort;301;0;0;12360
100;50;4;QuickSort;2323;988;378;58551
100;50;4;InsertionSort;2271;757;0;61331
100;50;4;BubbleSort;9982;3675;658;89090
100;50;4;MergeSort;1344;423;0;26530
100;50;4;CountingSort;301;0;0;11750
100;50;4;QuickSort;2616;1014;468;59600
100;50;4;InsertionSort;2076;692;0;55180
100;50;4;BubbleSort;9192;3410;593;28830
100;50;4;MergeSort;1344;426;0;13220
100;50;4;CountingSort;301;0;0;18020
100;50;4;QuickSort;2523;969;453;81930
100;50;4;InsertionSort;2166;722;0;81331
100;50;4;BubbleSort;9740;3624;623;29760
100;50;4;MergeSort;1344;417;0;12250
100;50;4;CountingSort;301;0;0;13610
100;50;4;QuickSort;3117;1176;581;81650
100;50;4;InsertionSort;2553;851;0;88260
100;50;4;BubbleSort;9828;3410;752;106981
100;50;4;MergeSort;1344;429;0;9310
100;50;4;CountingSort;301;0;0;12720
100;50;4;QuickSort;2301;930;389;67340
100;50;4;InsertionSort;1899;633;0;58020
100;50;4;BubbleSort;9280;3572;534;32400
100;50;4;MergeSort;1344;424;0;13810
100;50;4;CountingSort;301;0;0;15400
100;50;4;QuickSort;2600;941;482;25050
100;50;4;InsertionSort;1797;599;0;43980
100;50;4;BubbleSort;8360;3180;500;34370
100;50;4;MergeSort;1344;422;0;14000
100;50;4;CountingSort;301;0;0;16710
100;50;4;QuickSort;2136;849;366;3790
100;50;4;InsertionSort;2472;824;0;63880
100;50;4;BubbleSort;9830;3465;725;116610
100;50;4;MergeSort;1344;415;0;12420
100;50;4;CountingSort;301;0;0;12560
100;50;4;QuickSort;2597;980;472;4000
100;50;4;InsertionSort;2034;678;0;49240
100;50;4;BubbleSort;8434;3059;579;4720
100;50;4;MergeSort;1344;419;0;12710
100;50;4;CountingSort;301;0;0;22340
100;50;4;QuickSort;2373;993;394;10750
100;50;4;InsertionSort;2013;671;0;47090
100;50;4;BubbleSort;8766;3239;572;3980
100;50;4;MergeSort;1344;428;0;11410
100;50;4;CountingSort;301;0;0;19380
100;50;4;QuickSort;2700;1008;495;3450
100;50;4;InsertionSort;2139;713;0;47280
100;50;4;BubbleSort;9600;3572;614;4240
100;50;4;MergeSort;1344;423;0;7930
100;50;4;CountingSort;301;0;0;14300
100;50;4;QuickSort;2334;888;416;3010
100;50;4;InsertionSort;2370;790;0;87850
100;50;4;BubbleSort;9358;3297;691;4270
100;50;4;MergeSort;1344;430;0;14040
100;50;4;CountingSort;301;0;0;11460
100;50;4;QuickSort;2632;964;487;3190
100;50;4;InsertionSort;1812;604;0;54960
100;50;4;BubbleSort;7498;2739;505;4460
100;50;4;MergeSort;1344;434;0;9760
100;50;4;CountingSort;301;0;0;13120
100;50;4;QuickSort;2274;867;400;8170
100;50;4;InsertionSort;1917;639;0;67920
100;50;4;BubbleSort;9510;3675;540;4460
100;50;4;MergeSort;1344;423;0;11110
100;50;4;CountingSort;301;0;0;13900
100;50;4;QuickSort;2539;946;463;3390
100;50;4;InsertionSort;2346;782;0;74540
100;50;4;BubbleSort;10182;3725;683;4340
100;50;4;MergeSort;1344;424;0;13120
100;50;4;CountingSort;301;0;0;14220
100;50;4;QuickSort;2584;949;479;3140
100;50;4;InsertionSort;2073;691;0;58540
100;50;4;BubbleSort;9298;3465;592;6750
100;50;4;MergeSort;1344;424;0;13900
100;50;4;CountingSort;301;0;0;15930
100;50;4;QuickSort;2472;921;450;3980
100;50;4;InsertionSort;2355;785;0;67540
100;50;4;BubbleSort;9782;3519;686;7190
100;50;4;MergeSort;1344;426;0;9950
100;50;4;CountingSort;301;0;0;16080
100;50;4;QuickSort;2394;867;443;3540
100;50;4;InsertionSort;1986;662;0;58290
100;50;4;BubbleSort;9396;3572;563;4190
100;50;4;MergeSort;1344;423;0;10531
100;50;4;CountingSort;301;0;0;18620
100;50;4;QuickSort;2520;1050;426;4060
100;50;4;InsertionSort;1953;651;0;56171
100;50;4;BubbleSort;9028;3410;552;5150
100;50;4;MergeSort;1344;429;0;10970
100;50;4;CountingSort;301;0;0;12180
100;50;4;QuickSort;2476;946;443;4170
100;50;4;InsertionSort;1875;625;0;62680
100;50;4;BubbleSort;9352;3624;526;7130
100;50;4;MergeSort;1344;428;0;11050
100;50;4;CountingSort;301;0;0;12140
100;50;4;QuickSort;2620;973;482;4030
100;50;4;InsertionSort;2163;721;0;69930
100;50;4;BubbleSort;9308;3410;622;6630
100;50;4;MergeSort;1344;418;0;10250
100;50;4;CountingSort;301;0;0;16480
100;50;4;QuickSort;2398;958;418;3830
100;50;4;InsertionSort;2205;735;0;66920
100;50;4;BubbleSort;9138;3297;636;3890
100;50;4;MergeSort;1344;429;0;10200
100;50;4;CountingSort;301;0;0;16050
100;50;4;QuickSort;2201;833;390;3780
100;50;4;InsertionSort;2094;698;0;59820
100;50;4;BubbleSort;9746;3675;599;5300
100;50;4;MergeSort;1344;425;0;8200
100;50;4;CountingSort;301;0;0;18420
100;50;4;QuickSort;2929;1105;541;3910
100;50;4;InsertionSort;2379;793;0;68190
100;50;4;BubbleSort;9706;3465;694;6520
100;50;4;MergeSort;1344;423;0;10720
100;50;4;CountingSort;301;0;0;13670
100;50;4;QuickSort;2549;935;471;3340
100;50;4;InsertionSort;2280;760;0;84510
100;50;4;BubbleSort;10094;3725;661;4880
100;50;4;MergeSort;1344;422;0;10810
100;50;4;CountingSort;301;0;0;14660
100;50;4;QuickSort;2223;891;376;3250
100;50;4;InsertionSort;2334;778;0;67780
100;50;4;BubbleSort;9646;3465;679;4140
100;50;4;MergeSort;1344;424;0;10861
100;50;4;CountingSort;301;0;0;16370
100;50;4;QuickSort;2337;918;404;4320
100;50;4;InsertionSort;2493;831;0;55590
100;50;4;BubbleSort;10278;3675;732;6830
100;50;4;MergeSort;1344;430;0;11890
100;50;4;CountingSort;301;0;0;15860
100;50;4;QuickSort;2464;931;443;3340
100;50;4;InsertionSort;2277;759;0;74950
100;50;4;BubbleSort;9118;3239;660;6330
100;50;4;MergeSort;1344;427;0;8150
100;50;4;CountingSort;301;0;0;15200
100;50;4;QuickSort;2522;956;458;5460
100;50;4;InsertionSort;2370;790;0;49420
100;50;4;BubbleSort;9802;3519;691;5320
100;50;4;MergeSort;1344;421;0;13470
100;50;4;CountingSort;301;0;0;12090
100;50;4;QuickSort;2369;935;414;3430
100;50;4;InsertionSort;2172;724;0;79871
100;50;4;BubbleSort;8860;3180;625;5680
100;50;4;MergeSort;1344;423;0;17180
100;50;4;CountingSort;301;0;0;11700
100;50;4;QuickSort;2571;975;465;3910
100;50;4;InsertionSort;2160;720;0;63200
100;50;4;BubbleSort;9304;3410;621;10290
100;50;4;MergeSort;1344;421;0;13000
100;50;4;CountingSort;301;0;0;13481
100;50;4;QuickSort;2336;887;417;3880
100;50;4;InsertionSort;2253;751;0;68620
100;50;4;BubbleSort;9086;3239;652;8100
100;50;4;MergeSort;1344;423;0;8920
100;50;4;CountingSort;301;0;0;12190
100;50;4;QuickSort;2369;878;432;3780
100;50;4;InsertionSort;2388;796;0;70620
100;50;4;BubbleSort;9826;3519;697;8240
100;50;4;MergeSort;1344;424;0;6770
100;50;4;CountingSort;301;0;0;19570
100;50;4;QuickSort;2608;946;485;3730
100;50;4;InsertionSort;2256;752;0;67840
100;50;4;BubbleSort;8972;3180;653;6140
100;50;4;MergeSort;1344;427;0;9190
100;50;4;CountingSort;301;0;0;11710
100;50;4;QuickSort;2697;993;501;3850
100;50;4;InsertionSort;2025;675;0;77230
100;50;4;BubbleSort;8422;3059;576;5240
100;50;4;MergeSort;1344;429;0;9380
100;50;4;CountingSort;301;0;0;14140
100;50;4;QuickSort;2925;1128;531;4630
100;50;4;InsertionSort;1932;644;0;56240
100;50;4;BubbleSort;8658;3239;545;6810
100;50;4;MergeSort;1344;418;0;11250
100;50;4;CountingSort;301;0;0;17580
100;50;4;QuickSort;2515;925;461;4220
100;50;4;InsertionSort;1980;660;0;49000
100;50;4;BubbleSort;8952;3354;561;6740
100;50;4;MergeSort;1344;432;0;18350
100;50;4;CountingSort;301;0;0;12600
100;50;4;QuickSort;2408;893;437;4170
100;50;4;InsertionSort;2436;812;0;55110
100;50;4;BubbleSort;9782;3465;713;5130
100;50;4;MergeSort;1344;424;0;7991
100;50;4;CountingSort;301;0;0;14590
100;50;4;QuickSort;2697;999;500;3481
100;50;4;InsertionSort;2427;809;0;66090
100;50;4;BubbleSort;9660;3410;710;4020
100;50;4;MergeSort;1344;421;0;15130
100;50;4;CountingSort;301;0;0;12450
100;50;4;QuickSort;2447;1007;409;3550
100;50;4;InsertionSort;2208;736;0;63410
100;50;4;BubbleSort;9026;3239;637;5350
100;50;4;MergeSort;1344;427;0;13940
100;50;4;CountingSort;301;0;0;12450
100;50;4;QuickSort;2488;1015;428;3160
100;50;4;InsertionSort;1971;657;0;53770
100;50;4;BubbleSort;8710;3239;558;5050
100;50;4;MergeSort;1344;423;0;11010
100;50;4;CountingSort;301;0;0;12960
100;50;4;QuickSort;2414;884;442;3330
100;50;4;InsertionSort;2379;793;0;54091
100;50;4;BubbleSort;9484;3354;694;4230
100;50;4;MergeSort;1344;420;0;10290
100;50;4;CountingSort;301;0;0;12740
100;50;4;QuickSort;2187;840;385;3670
100;50;4;InsertionSort;2127;709;0;36570
100;50;4;BubbleSort;9584;3572;610;17261
100;50;4;MergeSort;1344;428;0;10480
100;50;4;CountingSort;301;0;0;16610
100;50;4;QuickSort;2436;921;440;3880
100;50;4;InsertionSort;2058;686;0;20810
100;50;4;BubbleSort;9278;3465;587;5800
100;50;4;MergeSort;1344;421;0;11650
100;50;4;CountingSort;301;0;0;13860
100;50;4;QuickSort;2413;886;442;12610
100;50;4;InsertionSort;1830;610;0;7020
100;50;4;BubbleSort;9082;3519;511;3820
100;50;4;MergeSort;1344;430;0;11840
100;50;4;CountingSort;301;0;0;11780
100;50;4;QuickSort;2922;1146;527;4850
100;50;4;InsertionSort;1971;657;0;6100
100;50;4;BubbleSort;9052;3410;558;12260
100;50;4;MergeSort;1344;431;0;12580
100;50;4;CountingSort;301;0;0;13050
100;50;4;QuickSort;2402;911;434;3531
100;50;4;InsertionSort;2274;758;0;12740
100;50;4;BubbleSort;9456;3410;659;3980
100;50;4;MergeSort;1344;426;0;8980
100;50;4;CountingSort;301;0;0;12000
100;50;4;QuickSort;2846;1058;529;4460
100;50;4;InsertionSort;2238;746;0;6880
100;50;4;BubbleSort;9732;3572;647;4180
100;50;4;MergeSort;1344;424;0;10600
100;50;4;CountingSort;301;0;0;13301
100;50;4;QuickSort;2437;925;437;4230
100;50;4;InsertionSort;1914;638;0;13610
100;50;4;BubbleSort;9194;3519;539;6480
100;50;4;MergeSort;1344;419;0;11620
100;50;4;CountingSort;301;0;0;14940
100;50;4;QuickSort;2178;864;374;4230
100;50;4;InsertionSort;2214;738;0;8280
100;50;4;BubbleSort;9594;3519;639;8170
100;50;4;MergeSort;1344;427;0;8630
100;50;4;CountingSort;301;0;0;13530
100;50;4;QuickSort;2509;928;461;3900
100;50;4;InsertionSort;2292;764;0;14790
100;50;4;BubbleSort;8654;2997;665;6440
100;50;4;MergeSort;1344;424;0;12360
100;50;4;CountingSort;301;0;0;16160
100;50;4;QuickSort;2193;837;387;3620
100;50;4;InsertionSort;2373;791;0;9680
100;50;4;BubbleSort;9588;3410;692;6440
100;50;4;MergeSort;1344;425;0;19010
100;50;4;CountingSort;301;0;0;13830
100;50;4;QuickSort;2956;1192;525;4490
100;50;4;InsertionSort;2382;794;0;11840
100;50;4;BubbleSort;9924;3572;695;4870
100;50;4;MergeSort;1344;427;0;11110
100;50;4;CountingSort;301;0;0;14851
100;50;4;QuickSort;2338;859;426;3440
100;50;4;InsertionSort;2046;682;0;10890
100;50;4;BubbleSort;9040;3354;583;4970
100;50;4;MergeSort;1344;429;0;16130
100;50;4;CountingSort;301;0;0;16550
100;50;4;QuickSort;2545;1003;452;3410
100;50;4;InsertionSort;2037;679;0;7660
100;50;4;BubbleSort;9464;3572;580;7100
100;50;4;MergeSort;1344;421;0;14340
100;50;4;CountingSort;301;0;0;15870
100;50;4;QuickSort;2792;1091;504;3430
100;50;4;InsertionSort;2025;675;0;7550
100;50;4;BubbleSort;8422;3059;576;7600
100;50;4;MergeSort;1344;421;0;9960
100;50;4;CountingSort;301;0;0;14390
100;50;4;QuickSort;2431;922;441;3930
100;50;4;InsertionSort;2028;676;0;7490
100;50;4;BubbleSort;8786;3239;577;6230
100;50;4;MergeSort;1344;422;0;18500
100;60;1;CountingSort;301;0;0;20470
100;60;1;QuickSort;2491;928;453;171471
100;60;1;InsertionSort;5938;1978;0;282581
100;60;1;BubbleSort;17242;4859;1881;554181
100;60;1;MergeSort;1344;530;0;108600
100;60;1;CountingSort;301;0;0;16940
100;60;1;QuickSort;2356;916;417;159550
100;60;1;InsertionSort;6313;2103;0;174620
100;60;1;BubbleSort;17834;4905;2006;454331
100;60;1;MergeSort;1344;533;0;123081
100;60;1;CountingSort;301;0;0;21530
100;60;1;QuickSort;2711;1004;502;72841
100;60;1;InsertionSort;4773;1589;0;143260
100;60;1;BubbleSort;15690;4859;1493;442131
100;60;1;MergeSort;1344;528;0;95590
100;60;1;CountingSort;301;0;0;12280
100;60;1;QuickSort;2866;1123;519;103991
100;60;1;InsertionSort;4678;1558;0;147680
100;60;1;BubbleSort;15688;4922;1461;446001
100;60;1;MergeSort;1344;534;0;59450
100;60;1;CountingSort;301;0;0;14910
100;60;1;QuickSort;2549;935;474;65550
100;60;1;InsertionSort;5244;1748;0;198551
100;60;1;BubbleSort;16440;4922;1649;446592
100;60;1;MergeSort;1344;534;0;23700
100;60;1;CountingSort;301;0;0;16280
100;60;1;QuickSort;2420;908;441;55030
100;60;1;InsertionSort;5300;1764;0;169511
100;60;1;BubbleSort;16576;4950;1669;346341
100;60;1;MergeSort;1344;537;0;16720
100;60;1;CountingSort;301;0;0;15560
100;60;1;QuickSort;2116;853;354;62670
100;60;1;InsertionSort;5718;1904;0;165151
100;60;1;BubbleSort;17042;4905;1808;430032
100;60;1;MergeSort;1344;542;0;26140
100;60;1;CountingSort;301;0;0;16400
100;60;1;QuickSort;2170;838;379;10160
100;60;1;InsertionSort;4506;1502;0;132320
100;60;1;BubbleSort;15380;4884;1403;306571
100;60;1;MergeSort;1344;524;0;28440
100;60;1;CountingSort;301;0;0;14420
100;60;1;QuickSort;2711;1025;495;10700
100;60;1;InsertionSort;5433;1811;0;157760
100;60;1;BubbleSort;16286;4719;1712;310421
100;60;1;MergeSort;1344;539;0;28620
100;60;1;CountingSort;301;0;0;15600
100;60;1;QuickSort;2414;926;429;10530
100;60;1;InsertionSort;6018;2006;0;145980
100;60;1;BubbleSort;17372;4872;1907;292541
100;60;1;MergeSort;1344;533;0;17540
100;60;1;CountingSort;301;0;0;17030
100;60;1;QuickSort;2312;905;404;8410
100;60;1;InsertionSort;5371;1789;0;150030
100;60;1;BubbleSort;16558;4895;1692;314601
100;60;1;MergeSort;1344;534;0;19160
100;60;1;CountingSort;301;0;0;17650
100;60;1;QuickSort;2312;869;416;9640
100;60;1;InsertionSort;4990;1662;0;131260
100;60;1;BubbleSort;15780;4760;1565;307361
100;60;1;MergeSort;1344;528;0;28070
100;60;1;CountingSort;301;0;0;17040
100;60;1;QuickSort;2816;1130;495;8960
100;60;1;InsertionSort;5260;1750;0;155951
100;60;1;BubbleSort;16252;4814;1656;310611
100;60;1;MergeSort;1344;537;0;22840
100;60;1;CountingSort;301;0;0;15360
100;60;1;QuickSort;2469;948;439;9830
100;60;1;InsertionSort;5566;1854;0;140001
100;60;1;BubbleSort;16718;4845;1757;101580
100;60;1;MergeSort;1344;532;0;18760
100;60;1;CountingSort;301;0;0;20650
100;60;1;QuickSort;2061;834;342;9680
100;60;1;InsertionSort;5988;1994;0;167220
100;60;1;BubbleSort;17282;4845;1898;102400
100;60;1;MergeSort;1344;550;0;38370
100;60;1;CountingSort;301;0;0;16300
100;60;1;QuickSort;2605;1006;469;11460
100;60;1;InsertionSort;5807;1933;0;164361
100;60;1;BubbleSort;17142;4895;1838;139320
100;60;1;MergeSort;1344;539;0;22880
100;60;1;CountingSort;301;0;0;15420
100;60;1;QuickSort;2157;846;372;7590
100;60;1;InsertionSort;5004;1666;0;141120
100;60;1;BubbleSort;16024;4872;1570;100940
100;60;1;MergeSort;1344;541;0;18590
100;60;1;CountingSort;301;0;0;16690
100;60;1;QuickSort;2179;874;370;9310
100;60;1;InsertionSort;4428;1476;0;116771
100;60;1;BubbleSort;15198;4845;1377;41680
100;60;1;MergeSort;1344;517;0;19921
100;60;1;CountingSort;301;0;0;12941
100;60;1;QuickSort;2465;956;438;9340
100;60;1;InsertionSort;5574;1856;0;159930
100;60;1;BubbleSort;16850;4905;1760;59630
100;60;1;MergeSort;1344;528;0;21020
100;60;1;CountingSort;301;0;0;14010
100;60;1;QuickSort;2370;924;414;10580
100;60;1;InsertionSort;4740;1580;0;121981
100;60;1;BubbleSort;15552;4814;1481;101300
100;60;1;MergeSort;1344;541;0;32610
100;60;1;CountingSort;301;0;0;15510
100;60;1;QuickSort;2416;922;430;15910
100;60;1;InsertionSort;5338;1778;0;114201
100;60;1;BubbleSort;16318;4797;1681;51020
100;60;1;MergeSort;1344;540;0;20600
100;60;1;CountingSort;301;0;0;15630
100;60;1;QuickSort;2870;1097;524;11230
100;60;1;InsertionSort;4554;1518;0;126741
100;60;1;BubbleSort;15504;4914;1419;50450
100;60;1;MergeSort;1344;552;0;20200
100;60;1;CountingSort;301;0;0;14670
100;60;1;QuickSort;2517;1011;434;10930
100;60;1;InsertionSort;5592;1864;0;208690
100;60;1;BubbleSort;16580;4760;1765;103360
100;60;1;MergeSort;1344;525;0;29220
100;60;1;CountingSort;301;0;0;15650
100;60;1;QuickSort;2432;923;439;9750
100;60;1;InsertionSort;5430;1810;0;183490
100;60;1;BubbleSort;16534;4845;1711;111720
100;60;1;MergeSort;1344;535;0;30910
100;60;1;CountingSort;301;0;0;15180
100;60;1;QuickSort;2656;1054;467;55270
100;60;1;InsertionSort;4762;1586;0;154661
100;60;1;BubbleSort;15674;4859;1489;146071
100;60;1;MergeSort;1344;543;0;1004383
100;60;1;CountingSort;301;0;0;18810
100;60;1;QuickSort;2530;925;468;23200
100;60;1;InsertionSort;5246;1746;0;163581
100;60;1;BubbleSort;16462;4929;1651;128061
100;60;1;MergeSort;1344;519;0;39920
100;60;1;CountingSort;301;0;0;15210
100;60;1;QuickSort;2323;916;402;11550
100;60;1;InsertionSort;5419;1805;0;177701
100;60;1;BubbleSort;16132;4650;1708;104330
100;60;1;MergeSort;1344;538;0;19120
100;60;1;CountingSort;301;0;0;14280
100;60;1;QuickSort;2634;1002;480;8461
100;60;1;InsertionSort;5841;1947;0;190670
100;60;1;BubbleSort;17236;4922;1848;57550
100;60;1;MergeSort;1344;535;0;27780
100;60;1;CountingSort;301;0;0;15220
100;60;1;QuickSort;2744;995;513;24710
100;60;1;InsertionSort;5389;1795;0;148141
100;60;1;BubbleSort;15880;4544;1698;60180
100;60;1;MergeSort;1344;543;0;22730
100;60;1;CountingSort;301;0;0;18350
100;60;1;QuickSort;2133;846;361;9950
100;60;1;InsertionSort;4696;1564;0;150081
100;60;1;BubbleSort;15306;4719;1467;133591
100;60;1;MergeSort;1344;532;0;24940
100;60;1;CountingSort;301;0;0;14750
100;60;1;QuickSort;2232;903;375;14720
100;60;1;InsertionSort;4813;1603;0;138910
100;60;1;BubbleSort;15684;4830;1506;102510
100;60;1;MergeSort;1344;527;0;11250
100;60;1;CountingSort;301;0;0;16920
100;60;1;QuickSort;2592;1044;449;10750
100;60;1;InsertionSort;5555;1849;0;131340
100;60;1;BubbleSort;16760;4872;1754;74020
100;60;1;MergeSort;1344;537;0;13850
100;60;1;CountingSort;301;0;0;11340
100;60;1;QuickSort;2730;1035;498;10460
100;60;1;InsertionSort;5767;1921;0;163661
100;60;1;BubbleSort;17176;4940;1824;141901
100;60;1;MergeSort;1344;544;0;17380
100;60;1;CountingSort;301;0;0;20700
100;60;1;QuickSort;2551;946;468;15500
100;60;1;InsertionSort;6066;2022;0;159290
100;60;1;BubbleSort;17352;4830;1923;111980
100;60;1;MergeSort;1344;519;0;14330
100;60;1;CountingSort;301;0;0;23100
100;60;1;QuickSort;2296;898;401;15340
100;60;1;InsertionSort;4206;1402;0;111750
100;60;1;BubbleSort;14560;4674;1303;161061
100;60;1;MergeSort;1344;532;0;12610
100;60;1;CountingSort;301;0;0;17610
100;60;1;QuickSort;2928;1101;543;8260
100;60;1;InsertionSort;4783;1593;0;158860
100;60;1;BubbleSort;15422;4719;1496;45440
100;60;1;MergeSort;1344;529;0;16590
100;60;1;CountingSort;301;0;0;16630
100;60;1;QuickSort;2482;958;443;9550
100;60;1;InsertionSort;5465;1819;0;86590
100;60;1;BubbleSort;16490;4797;1724;170241
100;60;1;MergeSort;1344;537;0;19390
100;60;1;CountingSort;301;0;0;14270
100;60;1;QuickSort;2662;1000;487;9790
100;60;1;InsertionSort;4851;1617;0;29350
100;60;1;BubbleSort;15816;4872;1518;47440
100;60;1;MergeSort;1344;532;0;11990
100;60;1;CountingSort;301;0;0;17881
100;60;1;QuickSort;2701;1003;500;9550
100;60;1;InsertionSort;5932;1974;0;18400
100;60;1;BubbleSort;17390;4935;1880;97430
100;60;1;MergeSort;1344;513;0;14190
100;60;1;CountingSort;301;0;0;16790
100;60;1;QuickSort;2518;967;452;15060
100;60;1;InsertionSort;5125;1707;0;35270
100;60;1;BubbleSort;16250;4905;1610;76740
100;60;1;MergeSort;1344;535;0;16180
100;60;1;CountingSort;301;0;0;15770
100;60;1;QuickSort;2418;909;439;9020
100;60;1;InsertionSort;4986;1662;0;23010
100;60;1;BubbleSort;15942;4845;1563;13771
100;60;1;MergeSort;1344;533;0;12340
100;60;1;CountingSort;301;0;0;16320
100;60;1;QuickSort;2350;856;432;10920
100;60;1;InsertionSort;4776;1592;0;13880
100;60;1;BubbleSort;15690;4859;1493;20030
100;60;1;MergeSort;1344;525;0;13170
100;60;1;CountingSort;301;0;0;14340
100;60;1;QuickSort;2127;852;359;8670
100;60;1;InsertionSort;6000;2000;0;18430
100;60;1;BubbleSort;17322;4859;1901;10270
100;60;1;MergeSort;1344;542;0;9221
100;60;1;CountingSort;301;0;0;14350
100;60;1;QuickSort;2238;870;391;8630
100;60;1;InsertionSort;5326;1774;0;16940
100;60;1;BubbleSort;16518;4905;1677;9550
100;60;1;MergeSort;1344;531;0;13970
100;60;1;CountingSort;301;0;0;13440
100;60;1;QuickSort;2240;872;389;8600
100;60;1;InsertionSort;5931;1977;0;17011
100;60;1;BubbleSort;17230;4859;1878;11240
100;60;1;MergeSort;1344;534;0;15170
100;60;1;CountingSort;301;0;0;13890
100;60;1;QuickSort;2340;873;421;7490
100;60;1;InsertionSort;5553;1849;0;53130
100;60;1;BubbleSort;16532;4760;1753;15690
100;60;1;MergeSort;1344;543;0;15030
100;60;1;CountingSort;301;0;0;18630
100;60;1;QuickSort;2319;906;402;9240
100;60;1;InsertionSort;4995;1665;0;15250
100;60;1;BubbleSort;15514;4625;1566;8390
100;60;1;MergeSort;1344;536;0;10900
100;60;1;CountingSort;301;0;0;18830
100;60;1;QuickSort;2603;1037;455;85801
100;60;1;InsertionSort;4873;1623;0;26450
100;60;1;BubbleSort;15404;4650;1526;9520
100;60;1;MergeSort;1344;539;0;15790
100;60;1;CountingSort;301;0;0;17660
100;60;1;QuickSort;2636;968;486;48950
100;60;1;InsertionSort;5049;1683;0;20210
100;60;1;BubbleSort;16126;4895;1584;11070
100;60;1;MergeSort;1344;530;0;16390
100;60;1;CountingSort;301;0;0;16260
100;60;1;QuickSort;2566;982;463;70930
100;60;1;InsertionSort;5745;1915;0;44010
100;60;1;BubbleSort;16954;4845;1816;18070
100;60;1;MergeSort;1344;537;0;20030
100;60;1;CountingSort;301;0;0;15560
100;60;1;QuickSort;2485;988;432;63680
100;60;1;InsertionSort;5068;1688;0;40370
100;60;1;BubbleSort;15712;4674;1591;28510
100;60;1;MergeSort;1344;536;0;19270
100;60;1;CountingSort;301;0;0;12380
100;60;1;QuickSort;3156;1170;595;79370
100;60;1;InsertionSort;5058;1686;0;35190
100;60;1;BubbleSort;15492;4572;1587;11530
100;60;1;MergeSort;1344;537;0;11360
100;60;1;CountingSort;301;0;0;20811
100;60;1;QuickSort;2521;988;449;67170
100;60;1;InsertionSort;5835;1943;0;18900
100;60;1;BubbleSort;17078;4845;1847;15330
100;60;1;MergeSort;1344;535;0;15370
100;60;1;CountingSort;301;0;0;19320
100;60;1;QuickSort;2483;935;448;44650
100;60;1;InsertionSort;5851;1949;0;43390
100;60;1;BubbleSort;16966;4779;1852;12920
100;60;1;MergeSort;1344;551;0;11650
100;60;1;CountingSort;301;0;0;15450
100;60;1;QuickSort;2582;965;472;46141
100;60;1;InsertionSort;4630;1542;0;17060
100;60;1;BubbleSort;15128;4674;1445;8310
100;60;1;MergeSort;1344;525;0;12390
100;60;1;CountingSort;301;0;0;17630
100;60;1;QuickSort;2487;888;466;59630
100;60;1;InsertionSort;5592;1864;0;21000
100;60;1;BubbleSort;16498;4719;1765;12400
100;60;1;MergeSort;1344;525;0;12060
100;60;1;CountingSort;301;0;0;13210
100;60;1;QuickSort;2433;942;431;80920
100;60;1;InsertionSort;5334;1778;0;19890
100;60;1;BubbleSort;16406;4845;1679;9370
100;60;1;MergeSort;1344;540;0;18540
100;60;1;CountingSort;301;0;0;12970
100;60;1;QuickSort;2475;951;444;54240
100;60;1;InsertionSort;5737;1911;0;18230
100;60;1;BubbleSort;17100;4922;1814;11031
100;60;1;MergeSort;1344;521;0;10870
100;60;1;CountingSort;301;0;0;13740
100;60;1;QuickSort;2759;1007;516;62961
100;60;1;InsertionSort;5343;1781;0;26960
100;60;1;BubbleSort;16208;4740;1682;10420
100;60;1;MergeSort;1344;533;0;23020
100;60;1;CountingSort;301;0;0;20190
100;60;1;QuickSort;2515;1018;434;61020
100;60;1;InsertionSort;5769;1921;0;30220
100;60;1;BubbleSort;17158;4929;1825;9810
100;60;1;MergeSort;1344;542;0;11600
100;60;1;CountingSort;301;0;0;17930
100;60;1;QuickSort;2944;1192;519;69170
100;60;1;InsertionSort;5950;1982;0;28450
100;60;1;BubbleSort;17060;4760;1885;9960
100;60;1;MergeSort;1344;552;0;13540
100;60;1;CountingSort;301;0;0;25900
100;60;1;QuickSort;2422;883;445;94790
100;60;1;InsertionSort;5217;1739;0;25490
100;60;1;BubbleSort;16278;4859;1640;12490
100;60;1;MergeSort;1344;544;0;12000
100;60;1;CountingSort;301;0;0;17040
100;60;1;QuickSort;2868;1065;531;54961
100;60;1;InsertionSort;5798;1930;0;39950
100;60;1;BubbleSort;17234;4947;1835;12780
100;60;1;MergeSort;1344;546;0;12270
100;60;1;CountingSort;301;0;0;14090
100;60;1;QuickSort;2383;910;423;73640
100;60;1;InsertionSort;5208;1736;0;26740
100;60;1;BubbleSort;15986;4719;1637;7220
100;60;1;MergeSort;1344;531;0;14010
100;60;1;CountingSort;301;0;0;20340
100;60;1;QuickSort;2422;961;421;56080
100;60;1;InsertionSort;4959;1653;0;23470
100;60;1;BubbleSort;16026;4905;1554;12080
100;60;1;MergeSort;1344;524;0;13220
100;60;1;CountingSort;301;0;0;16591
100;60;1;QuickSort;2303;839;418;54900
100;60;1;InsertionSort;5161;1719;0;29420
100;60;1;BubbleSort;16148;4830;1622;43390
100;60;1;MergeSort;1344;534;0;12630
100;60;1;CountingSort;301;0;0;15750
100;60;1;QuickSort;2486;998;428;83190
100;60;1;InsertionSort;5793;1931;0;33630
100;60;1;BubbleSort;17096;4884;1832;9570
100;60;1;MergeSort;1344;533;0;14300
100;60;1;CountingSort;301;0;0;13750
100;60;1;QuickSort;2220;861;387;68491
100;60;1;InsertionSort;6063;2021;0;34421
100;60;1;BubbleSort;17478;4895;1922;23610
100;60;1;MergeSort;1344;539;0;10920
100;60;1;CountingSort;301;0;0;14380
100;60;1;QuickSort;2544;981;457;16280
100;60;1;InsertionSort;5271;1755;0;18940
100;60;1;BubbleSort;16354;4859;1659;10390
100;60;1;MergeSort;1344;531;0;11640
100;60;1;CountingSort;301;0;0;15990
100;60;1;QuickSort;2505;1038;425;4790
100;60;1;InsertionSort;5007;1669;0;21080
100;60;1;BubbleSort;15874;4797;1570;10070
100;60;1;MergeSort;1344;544;0;10420
100;60;1;CountingSort;301;0;0;13520
100;60;1;QuickSort;2376;864;435;4420
100;60;1;InsertionSort;5256;1752;0;21840
100;60;1;BubbleSort;16302;4845;1653;11310
100;60;1;MergeSort;1344;550;0;12940
100;60;1;CountingSort;301;0;0;14800
100;60;1;QuickSort;2533;1006;442;6040
100;60;1;InsertionSort;5307;1769;0;30950
100;60;1;BubbleSort;16424;4872;1670;13320
100;60;1;MergeSort;1344;534;0;10830
100;60;1;CountingSort;301;0;0;16210
100;60;1;QuickSort;2215;841;391;3830
100;60;1;InsertionSort;5350;1782;0;26050
100;60;1;BubbleSort;16334;4797;1685;10960
100;60;1;MergeSort;1344;530;0;13590
100;60;1;CountingSort;301;0;0;14060
100;60;1;QuickSort;2704;1090;476;4700
100;60;1;InsertionSort;4960;1652;0;15070
100;60;1;BubbleSort;16048;4914;1555;7100
100;60;1;MergeSort;1344;530;0;17680
100;60;1;CountingSort;301;0;0;20480
100;60;1;QuickSort;2579;992;460;5020
100;60;1;InsertionSort;4447;1481;0;46200
100;60;1;BubbleSort;14930;4697;1384;10580
100;60;1;MergeSort;1344;518;0;14530
100;60;1;CountingSort;301;0;0;17400
100;60;1;QuickSort;2637;1041;468;4850
100;60;1;InsertionSort;5163;1719;0;38640
100;60;1;BubbleSort;16210;4859;1623;20890
100;60;1;MergeSort;1344;533;0;27880
100;60;1;CountingSort;301;0;0;19240
100;60;1;QuickSort;2450;923;443;4440
100;60;1;InsertionSort;5868;1956;0;33480
100;60;1;BubbleSort;17298;4935;1857;14060
100;60;1;MergeSort;1344;531;0;15720
100;60;1;CountingSort;301;0;0;21180
100;60;1;QuickSort;2270;935;381;4530
100;60;1;InsertionSort;4332;1442;0;23240
100;60;1;BubbleSort;15264;4940;1346;9830
100;60;1;MergeSort;1344;528;0;13050
100;60;1;CountingSort;301;0;0;19120
100;60;1;QuickSort;2406;900;435;4030
100;60;1;InsertionSort;5823;1941;0;31090
100;60;1;BubbleSort;17262;4947;1842;7580
100;60;1;MergeSort;1344;527;0;11190
100;60;1;CountingSort;301;0;0;15341
100;60;1;QuickSort;2390;998;397;3760
100;60;1;InsertionSort;4770;1590;0;24720
100;60;1;BubbleSort;15774;4905;1491;10550
100;60;1;MergeSort;1344;531;0;15110
100;60;1;CountingSort;301;0;0;13050
100;60;1;QuickSort;2678;989;496;5800
100;60;1;InsertionSort;5097;1699;0;16150
100;60;1;BubbleSort;16270;4935;1600;11660
100;60;1;MergeSort;1344;529;0;11950
100;60;1;CountingSort;301;0;0;12440
100;60;1;QuickSort;2612;977;481;4810
100;60;1;InsertionSort;4887;1629;0;14170
100;60;1;BubbleSort;15640;4760;1530;10671
100;60;1;MergeSort;1344;531;0;21360
100;60;1;CountingSort;301;0;0;18400
100;60;1;QuickSort;3027;1209;543;4730
100;60;1;InsertionSort;4167;1389;0;16890
100;60;1;BubbleSort;14460;4650;1290;9190
100;60;1;MergeSort;1344;538;0;16850
100;60;1;CountingSort;301;0;0;11790
100;60;1;QuickSort;3226;1204;606;3830
100;60;1;InsertionSort;5778;1926;0;16640
100;60;1;BubbleSort;16936;4814;1827;10360
100;60;1;MergeSort;1344;534;0;23600
100;60;1;CountingSort;301;0;0;15290
100;60;1;QuickSort;2413;901;436;4230
100;60;1;InsertionSort;5608;1868;0;16340
100;60;1;BubbleSort;16802;4859;1771;10500
100;60;1;MergeSort;1344;537;0;15410
100;60;1;CountingSort;301;0;0;14300
100;60;1;QuickSort;2470;913;451;3850
100;60;1;InsertionSort;5925;1975;0;29071
100;60;1;BubbleSort;17348;4922;1876;7790
100;60;1;MergeSort;1344;537;0;14710
100;60;1;CountingSort;301;0;0;13230
100;60;1;QuickSort;2728;1057;491;3730
100;60;1;InsertionSort;4539;1513;0;36800
100;60;1;BubbleSort;15466;4905;1414;28640
100;60;1;MergeSort;1344;530;0;13730
100;60;1;CountingSort;301;0;0;15751
100;60;1;QuickSort;2216;875;386;3460
100;60;1;InsertionSort;5368;1786;0;29600
100;60;1;BubbleSort;16578;4905;1692;11640
100;60;1;MergeSort;1344;537;0;12070
100;60;1;CountingSort;301;0;0;18690
100;60;1;QuickSort;2305;880;413;4480
100;60;1;InsertionSort;6170;2054;0;17790
100;60;1;BubbleSort;17430;4797;1959;11100
100;60;1;MergeSort;1344;520;0;26470
100;60;1;CountingSort;301;0;0;20360
100;60;1;QuickSort;2731;1021;505;5070
100;60;1;InsertionSort;5397;1797;0;28460
100;60;1;BubbleSort;16632;4914;1701;9390
100;60;1;MergeSort;1344;526;0;15120
100;60;1;CountingSort;301;0;0;13860
100;60;1;QuickSort;2181;825;387;4710
100;60;1;InsertionSort;4921;1639;0;15860
100;60;1;BubbleSort;15688;4760;1542;10330
100;60;1;MergeSort;1344;540;0;13670
100;60;1;CountingSort;301;0;0;13200
100;60;1;QuickSort;2667;1068;463;5030
100;60;1;InsertionSort;5730;1910;0;42660
100;60;1;BubbleSort;17102;4929;1811;10660
100;60;1;MergeSort;1344;536;0;11980
100;60;1;CountingSort;301;0;0;14770
100;60;1;QuickSort;2275;859;404;3970
100;60;1;InsertionSort;5404;1800;0;31740
100;60;1;BubbleSort;16112;4650;1703;9430
100;60;1;MergeSort;1344;540;0;19850
100;60;1;CountingSort;301;0;0;14080
100;60;1;QuickSort;2567;992;460;3720
100;60;1;InsertionSort;4756;1582;0;24390
100;60;1;BubbleSort;15390;4719;1488;7400
100;60;1;MergeSort;1344;525;0;12460
100;60;1;CountingSort;301;0;0;15510
100;60;1;QuickSort;2502;939;453;4730
100;60;1;InsertionSort;5732;1908;0;38650
100;60;1;BubbleSort;16912;4830;1813;18850
100;60;1;MergeSort;1344;539;0;10640
100;60;1;CountingSort;301;0;0;13710
100;60;1;QuickSort;2443;952;434;5390
100;60;1;InsertionSort;5484;1826;0;23930
100;60;1;BubbleSort;16358;4719;1730;16060
100;60;1;MergeSort;1344;547;0;17280
100;60;1;CountingSort;301;0;0;12600
100;60;1;QuickSort;2273;836;414;4570
100;60;1;InsertionSort;4779;1593;0;15580
100;60;1;BubbleSort;15370;4697;1494;6780
100;60;1;MergeSort;1344;519;0;16260
100;60;1;CountingSort;301;0;0;19540
100;60;1;QuickSort;2389;868;443;15030
100;60;1;InsertionSort;5946;1982;0;28120
100;60;1;BubbleSort;17192;4830;1883;10040
100;60;1;MergeSort;1344;538;0;10600
100;60;1;CountingSort;301;0;0;13780
100;60;1;QuickSort;2258;896;390;4610
100;60;1;InsertionSort;5847;1947;0;17580
100;60;1;BubbleSort;17172;4884;1851;14140
100;60;1;MergeSort;1344;520;0;15240
100;60;1;CountingSort;301;0;0;13910
100;60;1;QuickSort;2245;889;388;3980
100;60;1;InsertionSort;5557;1851;0;29480
100;60;1;BubbleSort;16874;4929;1754;9740
100;60;1;MergeSort;1344;554;0;14910
100;60;2;CountingSort;301;0;0;21260
100;60;2;QuickSort;2484;1014;425;197440
100;60;2;InsertionSort;3127;1039;0;163620
100;60;2;BubbleSort;11328;3774;945;586652
100;60;2;MergeSort;1344;438;0;103121
100;60;2;CountingSort;301;0;0;16830
100;60;2;QuickSort;2407;916;433;121561
100;60;2;InsertionSort;2797;929;0;107631
100;60;2;BubbleSort;11170;3915;835;396871
100;60;2;MergeSort;1344;441;0;115140
100;60;2;CountingSort;301;0;0;27290
100;60;2;QuickSort;2464;964;434;137490
100;60;2;InsertionSort;3099;1031;0;105630
100;60;2;BubbleSort;11384;3822;935;354561
100;60;2;MergeSort;1344;439;0;137850
100;60;2;CountingSort;301;0;0;22090
100;60;2;QuickSort;2715;1026;495;99210
100;60;2;InsertionSort;3137;1043;0;140861
100;60;2;BubbleSort;11530;3869;948;322721
100;60;2;MergeSort;1344;441;0;74440
100;60;2;CountingSort;301;0;0;14780
100;60;2;QuickSort;2410;940;425;70460
100;60;2;InsertionSort;2784;926;0;108290
100;60;2;BubbleSort;9914;3297;830;340391
100;60;2;MergeSort;1344;445;0;44370
100;60;2;CountingSort;301;0;0;16350
100;60;2;QuickSort;2911;1126;533;96960
100;60;2;InsertionSort;2875;955;0;86510
100;60;2;BubbleSort;10152;3354;861;239111
100;60;2;MergeSort;1344;437;0;33720
100;60;2;CountingSort;301;0;0;11880
100;60;2;QuickSort;2355;882;426;36750
100;60;2;InsertionSort;3007;999;0;114070
100;60;2;BubbleSort;11960;4170;905;316621
100;60;2;MergeSort;1344;442;0;20750
100;60;2;CountingSort;301;0;0;16630
100;60;2;QuickSort;2601;984;467;8090
100;60;2;InsertionSort;3273;1089;0;114901
100;60;2;BubbleSort;11802;3915;993;244270
100;60;2;MergeSort;1344;437;0;26330
100;60;2;CountingSort;301;0;0;12590
100;60;2;QuickSort;2224;847;394;9550
100;60;2;InsertionSort;2248;748;0;53860
100;60;2;BubbleSort;9852;3624;651;268611
100;60;2;MergeSort;1344;437;0;29870
100;60;2;CountingSort;301;0;0;13450
100;60;2;QuickSort;2478;930;452;10370
100;60;2;InsertionSort;2639;879;0;83660
100;60;2;BubbleSort;10474;3675;781;272641
100;60;2;MergeSort;1344;441;0;25540
100;60;2;CountingSort;301;0;0;17200
100;60;2;QuickSort;2545;1054;431;22630
100;60;2;InsertionSort;3198;1064;0;103820
100;60;2;BubbleSort;11792;3960;968;238951
100;60;2;MergeSort;1344;441;0;25820
100;60;2;CountingSort;301;0;0;14570
100;60;2;QuickSort;2223;861;390;10700
100;60;2;InsertionSort;2845;945;0;93650
100;60;2;BubbleSort;10854;3725;851;237371
100;60;2;MergeSort;1344;434;0;27140
100;60;2;CountingSort;301;0;0;17160
100;60;2;QuickSort;2768;1052;503;8240
100;60;2;InsertionSort;2621;871;0;107501
100;60;2;BubbleSort;10454;3675;776;267501
100;60;2;MergeSort;1344;438;0;30360
100;60;2;CountingSort;301;0;0;14870
100;60;2;QuickSort;2584;949;475;8090
100;60;2;InsertionSort;3085;1027;0;104120
100;60;2;BubbleSort;11458;3869;930;242920
100;60;2;MergeSort;1344;436;0;23580
100;60;2;CountingSort;301;0;0;19990
100;60;2;QuickSort;2348;881;423;10920
100;60;2;InsertionSort;3120;1036;0;101070
100;60;2;BubbleSort;11692;3960;943;302341
100;60;2;MergeSort;1344;439;0;31790
100;60;2;CountingSort;301;0;0;15760
100;60;2;QuickSort;2581;1033;451;10110
100;60;2;InsertionSort;2828;940;0;87470
100;60;2;BubbleSort;11300;3960;845;321861
100;60;2;MergeSort;1344;445;0;31170
100;60;2;CountingSort;301;0;0;14750
100;60;2;QuickSort;2549;929;471;9460
100;60;2;InsertionSort;2962;986;0;85160
100;60;2;BubbleSort;11006;3725;889;93261
100;60;2;MergeSort;1344;439;0;28690
100;60;2;CountingSort;301;0;0;23290
100;60;2;QuickSort;2420;926;427;11540
100;60;2;InsertionSort;2840;944;0;77560
100;60;2;BubbleSort;11404;4004;849;106690
100;60;2;MergeSort;1344;446;0;39790
100;60;2;CountingSort;301;0;0;15920
100;60;2;QuickSort;2687;998;493;9990
100;60;2;InsertionSort;2663;887;0;95840
100;60;2;BubbleSort;9750;3297;789;66810
100;60;2;MergeSort;1344;436;0;29240
100;60;2;CountingSort;301;0;0;14560
100;60;2;QuickSort;2350;880;424;10520
100;60;2;InsertionSort;2777;923;0;107191
100;60;2;BubbleSort;11232;3960;828;101861
100;60;2;MergeSort;1344;442;0;81941
100;60;2;CountingSort;301;0;0;19321
100;60;2;QuickSort;2459;878;459;9060
100;60;2;InsertionSort;2974;990;0;89730
100;60;2;BubbleSort;11666;4047;893;76430
100;60;2;MergeSort;1344;439;0;31860
100;60;2;CountingSort;301;0;0;14490
100;60;2;QuickSort;2462;920;449;9250
100;60;2;InsertionSort;3214;1070;0;100120
100;60;2;BubbleSort;11722;3915;973;62370
100;60;2;MergeSort;1344;439;0;24210
100;60;2;CountingSort;301;0;0;14370
100;60;2;QuickSort;2225;872;382;7920
100;60;2;InsertionSort;2645;879;0;90131
100;60;2;BubbleSort;11056;3960;784;84351
100;60;2;MergeSort;1344;435;0;26670
100;60;2;CountingSort;301;0;0;16230
100;60;2;QuickSort;2853;1116;509;8500
100;60;2;InsertionSort;3121;1037;0;96110
100;60;2;BubbleSort;11866;4047;943;61590
100;60;2;MergeSort;1344;441;0;27420
100;60;2;CountingSort;301;0;0;14620
100;60;2;QuickSort;2761;1084;495;8130
100;60;2;InsertionSort;3271;1087;0;1295684
100;60;2;BubbleSort;11520;3774;993;1271994
100;60;2;MergeSort;1344;433;0;1242214
100;60;2;CountingSort;301;0;0;16670
100;60;2;QuickSort;2427;999;412;8190
100;60;2;InsertionSort;2836;944;0;109140
100;60;2;BubbleSort;10838;3725;847;32950
100;60;2;MergeSort;1344;443;0;16170
100;60;2;CountingSort;301;0;0;15060
100;60;2;QuickSort;2531;962;457;7720
100;60;2;InsertionSort;3038;1010;0;86850
100;60;2;BubbleSort;11398;3869;915;40420
100;60;2;MergeSort;1344;430;0;16950
100;60;2;CountingSort;301;0;0;13800
100;60;2;QuickSort;2585;947;477;13120
100;60;2;InsertionSort;3025;1005;0;73591
100;60;2;BubbleSort;11474;3915;911;43071
100;60;2;MergeSort;1344;442;0;21330
100;60;2;CountingSort;301;0;0;18420
100;60;2;QuickSort;3150;1218;579;8900
100;60;2;InsertionSort;2689;893;0;62510
100;60;2;BubbleSort;10744;3774;799;48870
100;60;2;MergeSort;1344;436;0;21880
100;60;2;CountingSort;301;0;0;21800
100;60;2;QuickSort;2599;952;485;7880
100;60;2;InsertionSort;3110;1034;0;82060
100;60;2;BubbleSort;11400;3822;939;68850
100;60;2;MergeSort;1344;446;0;21560
100;60;2;CountingSort;301;0;0;26370
100;60;2;QuickSort;2703;1029;492;7860
100;60;2;InsertionSort;2783;925;0;65771
100;60;2;BubbleSort;11580;4130;830;32740
100;60;2;MergeSort;1344;440;0;15100
100;60;2;CountingSort;301;0;0;14740
100;60;2;QuickSort;2625;972;485;7530
100;60;2;InsertionSort;2935;977;0;74040
100;60;2;BubbleSort;11164;3822;880;29700
100;60;2;MergeSort;1344;435;0;15250
100;60;2;CountingSort;301;0;0;14170
100;60;2;QuickSort;2717;1037;494;9650
100;60;2;InsertionSort;3028;1008;0;66270
100;60;2;BubbleSort;11382;3869;911;56680
100;60;2;MergeSort;1344;446;0;14800
100;60;2;CountingSort;301;0;0;17480
100;60;2;QuickSort;2737;1054;498;8730
100;60;2;InsertionSort;3031;1009;0;86560
100;60;2;BubbleSort;11292;3822;912;38030
100;60;2;MergeSort;1344;439;0;21690
100;60;2;CountingSort;301;0;0;15750
100;60;2;QuickSort;2642;989;486;7620
100;60;2;InsertionSort;2933;973;0;81510
100;60;2;BubbleSort;11072;3774;881;39880
100;60;2;MergeSort;1344;440;0;7290
100;60;2;CountingSort;301;0;0;22610
100;60;2;QuickSort;3045;1188;552;8490
100;60;2;InsertionSort;3055;1015;0;86000
100;60;2;BubbleSort;11328;3822;921;32270
100;60;2;MergeSort;1344;440;0;11950
100;60;2;CountingSort;301;0;0;15480
100;60;2;QuickSort;2444;911;440;7290
100;60;2;InsertionSort;2815;935;0;74540
100;60;2;BubbleSort;11008;3822;841;38030
100;60;2;MergeSort;1344;446;0;13380
100;60;2;CountingSort;301;0;0;13770
100;60;2;QuickSort;2318;839;423;7000
100;60;2;InsertionSort;2990;996;0;90450
100;60;2;BubbleSort;11422;3915;898;48990
100;60;2;MergeSort;1344;432;0;21070
100;60;2;CountingSort;301;0;0;17210
100;60;2;QuickSort;2443;907;441;7650
100;60;2;InsertionSort;3104;1032;0;74240
100;60;2;BubbleSort;11926;4089;937;105321
100;60;2;MergeSort;1344;437;0;15750
100;60;2;CountingSort;301;0;0;21030
100;60;2;QuickSort;2584;988;463;9000
100;60;2;InsertionSort;3031;1009;0;85451
100;60;2;BubbleSort;11292;3822;912;76410
100;60;2;MergeSort;1344;440;0;14990
100;60;2;CountingSort;301;0;0;16780
100;60;2;QuickSort;2648;989;487;12480
100;60;2;InsertionSort;3208;1066;0;98350
100;60;2;BubbleSort;11338;3725;972;46220
100;60;2;MergeSort;1344;441;0;11540
100;60;2;CountingSort;301;0;0;18920
100;60;2;QuickSort;2173;847;377;12920
100;60;2;InsertionSort;3105;1033;0;103211
100;60;2;BubbleSort;11098;3675;937;40380
100;60;2;MergeSort;1344;440;0;10360
100;60;2;CountingSort;301;0;0;14500
100;60;2;QuickSort;2273;890;394;7960
100;60;2;InsertionSort;2887;961;0;99510
100;60;2;BubbleSort;10806;3675;864;43010
100;60;2;MergeSort;1344;435;0;14590
100;60;2;CountingSort;301;0;0;15540
100;60;2;QuickSort;2831;1064;524;94680
100;60;2;InsertionSort;3207;1069;0;81501
100;60;2;BubbleSort;11524;3822;970;82951
100;60;2;MergeSort;1344;431;0;14050
100;60;2;CountingSort;301;0;0;17900
100;60;2;QuickSort;2655;999;484;49060
100;60;2;InsertionSort;2600;866;0;67750
100;60;2;BubbleSort;11250;4089;768;63720
100;60;2;MergeSort;1344;444;0;12340
100;60;2;CountingSort;301;0;0;14250
100;60;2;QuickSort;2706;1101;467;56911
100;60;2;InsertionSort;2856;950;0;105560
100;60;2;BubbleSort;11060;3822;854;101260
100;60;2;MergeSort;1344;439;0;16150
100;60;2;CountingSort;301;0;0;20390
100;60;2;QuickSort;2444;983;416;50830
100;60;2;InsertionSort;3163;1053;0;71270
100;60;2;BubbleSort;11832;4004;956;10580
100;60;2;MergeSort;1344;443;0;17630
100;60;2;CountingSort;301;0;0;15080
100;60;2;QuickSort;2492;911;459;55330
100;60;2;InsertionSort;3003;999;0;92881
100;60;2;BubbleSort;11532;3960;903;8430
100;60;2;MergeSort;1344;441;0;9250
100;60;2;CountingSort;301;0;0;22290
100;60;2;QuickSort;2531;956;457;50990
100;60;2;InsertionSort;2832;940;0;80420
100;60;2;BubbleSort;11032;3822;847;8500
100;60;2;MergeSort;1344;446;0;9950
100;60;2;CountingSort;301;0;0;21530
100;60;2;QuickSort;2386;898;432;59680
100;60;2;InsertionSort;3461;1151;0;123940
100;60;2;BubbleSort;11868;3822;1056;6760
100;60;2;MergeSort;1344;446;0;14420
100;60;2;CountingSort;301;0;0;12960
100;60;2;QuickSort;3151;1177;591;73930
100;60;2;InsertionSort;2810;934;0;84910
100;60;2;BubbleSort;11000;3822;839;7880
100;60;2;MergeSort;1344;430;0;15030
100;60;2;CountingSort;301;0;0;13740
100;60;2;QuickSort;2489;944;453;34260
100;60;2;InsertionSort;2935;975;0;90160
100;60;2;BubbleSort;11618;4047;881;14430
100;60;2;MergeSort;1344;439;0;17881
100;60;2;CountingSort;301;0;0;12941
100;60;2;QuickSort;2311;907;403;5700
100;60;2;InsertionSort;2945;977;0;110640
100;60;2;BubbleSort;10788;3624;885;7080
100;60;2;MergeSort;1344;440;0;14350
100;60;2;CountingSort;301;0;0;21410
100;60;2;QuickSort;2399;959;413;4400
100;60;2;InsertionSort;3007;999;0;111591
100;60;2;BubbleSort;10550;3465;905;5670
100;60;2;MergeSort;1344;440;0;17151
100;60;2;CountingSort;301;0;0;16830
100;60;2;QuickSort;2650;1012;478;3920
100;60;2;InsertionSort;2729;907;0;76150
100;60;2;BubbleSort;9956;3354;812;6150
100;60;2;MergeSort;1344;433;0;9690
100;60;2;CountingSort;301;0;0;16951
100;60;2;QuickSort;2552;992;451;4550
100;60;2;InsertionSort;2892;962;0;63090
100;60;2;BubbleSort;11384;3960;866;6530
100;60;2;MergeSort;1344;425;0;9020
100;60;2;CountingSort;301;0;0;14250
100;60;2;QuickSort;2332;871;423;3500
100;60;2;InsertionSort;2941;979;0;104120
100;60;2;BubbleSort;10878;3675;882;6700
100;60;2;MergeSort;1344;445;0;10300
100;60;2;CountingSort;301;0;0;13470
100;60;2;QuickSort;2270;908;386;3530
100;60;2;InsertionSort;3235;1075;0;100141
100;60;2;BubbleSort;12184;4130;981;6530
100;60;2;MergeSort;1344;437;0;20790
100;60;2;CountingSort;301;0;0;12360
100;60;2;QuickSort;2422;967;419;5860
100;60;2;InsertionSort;3039;1011;0;68900
100;60;2;BubbleSort;11490;3915;915;7750
100;60;2;MergeSort;1344;437;0;9380
100;60;2;CountingSort;301;0;0;15300
100;60;2;QuickSort;2473;994;425;4900
100;60;2;InsertionSort;3161;1051;0;96880
100;60;2;BubbleSort;11832;4004;956;7140
100;60;2;MergeSort;1344;440;0;7930
100;60;2;CountingSort;301;0;0;17570
100;60;2;QuickSort;3089;1190;569;3760
100;60;2;InsertionSort;3237;1077;0;90350
100;60;2;BubbleSort;11932;4004;981;6920
100;60;2;MergeSort;1344;440;0;10130
100;60;2;CountingSort;301;0;0;14140
100;60;2;QuickSort;2263;847;407;3250
100;60;2;InsertionSort;3073;1023;0;79930
100;60;2;BubbleSort;11798;4047;926;7040
100;60;2;MergeSort;1344;434;0;14930
100;60;2;CountingSort;301;0;0;16240
100;60;2;QuickSort;2414;923;431;5810
100;60;2;InsertionSort;2669;889;0;76180
100;60;2;BubbleSort;10308;3572;791;24820
100;60;2;MergeSort;1344;443;0;10530
100;60;2;CountingSort;301;0;0;14180
100;60;2;QuickSort;2332;898;413;3550
100;60;2;InsertionSort;3480;1158;0;55491
100;60;2;BubbleSort;12508;4130;1062;5490
100;60;2;MergeSort;1344;443;0;15350
100;60;2;CountingSort;301;0;0;15610
100;60;2;QuickSort;2421;945;429;4530
100;60;2;InsertionSort;2597;863;0;36030
100;60;2;BubbleSort;10992;3960;768;7140
100;60;2;MergeSort;1344;441;0;9050
100;60;2;CountingSort;301;0;0;16910
100;60;2;QuickSort;2417;965;418;4500
100;60;2;InsertionSort;3023;1005;0;11090
100;60;2;BubbleSort;11818;4089;910;8550
100;60;2;MergeSort;1344;444;0;11750
100;60;2;CountingSort;301;0;0;13880
100;60;2;QuickSort;2555;950;470;3630
100;60;2;InsertionSort;2674;890;0;7880
100;60;2;BubbleSort;11002;3915;793;5290
100;60;2;MergeSort;1344;438;0;14010
100;60;2;CountingSort;301;0;0;13690
100;60;2;QuickSort;2468;938;444;3690
100;60;2;InsertionSort;2991;993;0;15090
100;60;2;BubbleSort;11338;3869;900;8050
100;60;2;MergeSort;1344;445;0;10240
100;60;2;CountingSort;301;0;0;14230
100;60;2;QuickSort;2345;854;428;3370
100;60;2;InsertionSort;2824;938;0;14290
100;60;2;BubbleSort;11636;4130;844;5360
100;60;2;MergeSort;1344;437;0;13990
100;60;2;CountingSort;301;0;0;20220
100;60;2;QuickSort;2430;918;439;3340
100;60;2;InsertionSort;3024;1006;0;14950
100;60;2;BubbleSort;11734;4047;910;5150
100;60;2;MergeSort;1344;444;0;19170
100;60;2;CountingSort;301;0;0;13720
100;60;2;QuickSort;2386;940;414;5590
100;60;2;InsertionSort;2754;916;0;15200
100;60;2;BubbleSort;11200;3960;820;6210
100;60;2;MergeSort;1344;430;0;13510
100;60;2;CountingSort;301;0;0;14260
100;60;2;QuickSort;2309;881;409;4390
100;60;2;InsertionSort;2802;932;0;14300
100;60;2;BubbleSort;11264;3960;836;6400
100;60;2;MergeSort;1344;443;0;13480
100;60;2;CountingSort;301;0;0;14060
100;60;2;QuickSort;2215;850;391;3590
100;60;2;InsertionSort;2514;832;0;9810
100;60;2;BubbleSort;9788;3410;742;10080
100;60;2;MergeSort;1344;429;0;11200
100;60;2;CountingSort;301;0;0;18850
100;60;2;QuickSort;2242;814;409;4270
100;60;2;InsertionSort;3024;1004;0;23100
100;60;2;BubbleSort;11094;3725;911;6160
100;60;2;MergeSort;1344;442;0;9840
100;60;2;CountingSort;301;0;0;16090
100;60;2;QuickSort;2720;1001;507;4760
100;60;2;InsertionSort;2601;863;0;8550
100;60;2;BubbleSort;10628;3774;770;4950
100;60;2;MergeSort;1344;440;0;14890
100;60;2;CountingSort;301;0;0;13710
100;60;2;QuickSort;3154;1192;585;3880
100;60;2;InsertionSort;3081;1025;0;9060
100;60;2;BubbleSort;12056;4170;929;7420
100;60;2;MergeSort;1344;432;0;9230
100;60;2;CountingSort;301;0;0;16001
100;60;2;QuickSort;2825;1103;508;4820
100;60;2;InsertionSort;2715;903;0;8040
100;60;2;BubbleSort;10872;3822;807;7390
100;60;2;MergeSort;1344;441;0;11810
100;60;2;CountingSort;301;0;0;13400
100;60;2;QuickSort;2849;1115;510;3750
100;60;2;InsertionSort;2834;942;0;8290
100;60;2;BubbleSort;11126;3869;847;5000
100;60;2;MergeSort;1344;431;0;10240
100;60;2;CountingSort;301;0;0;19830
100;60;2;QuickSort;2232;825;402;4340
100;60;2;InsertionSort;2850;948;0;15490
100;60;2;BubbleSort;10228;3410;852;6390
100;60;2;MergeSort;1344;444;0;13840
100;60;2;CountingSort;301;0;0;16501
100;60;2;QuickSort;2278;883;399;15760
100;60;2;InsertionSort;2885;959;0;9710
100;60;2;BubbleSort;10704;3624;864;4710
100;60;2;MergeSort;1344;432;0;11820
100;60;2;CountingSort;301;0;0;13890
100;60;2;QuickSort;2656;1003;485;3930
100;60;2;InsertionSort;3145;1045;0;15990
100;60;2;BubbleSort;11898;4047;951;7120
100;60;2;MergeSort;1344;436;0;22290
100;60;2;CountingSort;301;0;0;13170
100;60;2;QuickSort;2179;835;379;3780
100;60;2;InsertionSort;3200;1062;0;16680
100;60;2;BubbleSort;12220;4170;970;7440
100;60;2;MergeSort;1344;437;0;11640
100;60;2;CountingSort;301;0;0;15280
100;60;2;QuickSort;2145;843;365;3710
100;60;2;InsertionSort;2475;821;0;7470
100;60;2;BubbleSort;9732;3410;728;4710
100;60;2;MergeSort;1344;439;0;9660
100;60;2;CountingSort;301;0;0;13991
100;60;2;QuickSort;2284;946;380;3510
100;60;2;InsertionSort;3072;1022;0;9000
100;60;2;BubbleSort;11534;3915;926;6940
100;60;2;MergeSort;1344;440;0;16050
100;60;2;CountingSort;301;0;0;15170
100;60;2;QuickSort;2448;990;423;3490
100;60;2;InsertionSort;3214;1068;0;9390
100;60;2;BubbleSort;11346;3725;974;5260
100;60;2;MergeSort;1344;438;0;15490
100;60;2;CountingSort;301;0;0;16280
100;60;2;QuickSort;2435;935;434;4010
100;60;2;InsertionSort;2740;910;0;8180
100;60;2;BubbleSort;10194;3465;816;5730
100;60;2;MergeSort;1344;442;0;10030
100;60;2;CountingSort;301;0;0;16810
100;60;2;QuickSort;2283;855;407;4080
100;60;2;InsertionSort;2902;966;0;11000
100;60;2;BubbleSort;11214;3869;869;8470
100;60;2;MergeSort;1344;443;0;12491
100;60;2;CountingSort;301;0;0;14790
100;60;2;QuickSort;2135;839;369;4210
100;60;2;InsertionSort;2844;944;0;9720
100;60;2;BubbleSort;10334;3465;851;5710
100;60;2;MergeSort;1344;431;0;21580
100;60;2;CountingSort;301;0;0;17150
100;60;2;QuickSort;2456;911;446;4450
100;60;2;InsertionSort;2510;834;0;11810
100;60;2;BubbleSort;10504;3774;739;6960
100;60;2;MergeSort;1344;445;0;15760
100;60;2;CountingSort;301;0;0;18710
100;60;2;QuickSort;2221;844;393;4430
100;60;2;InsertionSort;2842;944;0;13000
100;60;2;BubbleSort;11230;3915;850;8490
100;60;2;MergeSort;1344;436;0;10700
100;60;2;CountingSort;301;0;0;13550
100;60;2;QuickSort;2465;926;447;4370
100;60;2;InsertionSort;2977;991;0;17870
100;60;2;BubbleSort;11406;3915;894;6370
100;60;2;MergeSort;1344;439;0;10960
100;60;2;CountingSort;301;0;0;14380
100;60;2;QuickSort;3056;1154;567;4690
100;60;2;InsertionSort;3298;1094;0;12630
100;60;2;BubbleSort;12352;4170;1003;9780
100;60;2;MergeSort;1344;437;0;11040
100;60;2;CountingSort;301;0;0;14010
100;60;2;QuickSort;2537;995;452;3790
100;60;2;InsertionSort;3096;1028;0;25541
100;60;2;BubbleSort;11748;4004;935;10351
100;60;2;MergeSort;1344;442;0;12070
100;60;2;CountingSort;301;0;0;12910
100;60;2;QuickSort;2427;960;420;3980
100;60;2;InsertionSort;2524;838;0;16390
100;60;2;BubbleSort;11154;4089;744;7360
100;60;2;MergeSort;1344;436;0;9090
100;60;2;CountingSort;301;0;0;19880
100;60;2;QuickSort;2446;916;443;3590
100;60;2;InsertionSort;2888;960;0;10690
100;60;2;BubbleSort;11380;3960;865;6950
100;60;2;MergeSort;1344;445;0;10830
100;60;2;CountingSort;301;0;0;16920
100;60;2;QuickSort;2207;803;403;4210
100;60;2;InsertionSort;3159;1051;0;22600
100;60;2;BubbleSort;11650;3915;955;7160
100;60;2;MergeSort;1344;446;0;16030
100;60;2;CountingSort;301;0;0;16700
100;60;2;QuickSort;2562;957;464;4470
100;60;2;InsertionSort;3028;1004;0;8940
100;60;2;BubbleSort;10900;3624;913;6040
100;60;2;MergeSort;1344;435;0;11020
100;60;2;CountingSort;301;0;0;17421
100;60;2;QuickSort;2709;1029;496;4230
100;60;2;InsertionSort;2777;923;0;10250
100;60;2;BubbleSort;9790;3239;828;5590
100;60;2;MergeSort;1344;441;0;12080
100;60;2;CountingSort;301;0;0;14031
100;60;2;QuickSort;2499;936;453;3770
100;60;2;InsertionSort;2828;940;0;8690
100;60;2;BubbleSort;10524;3572;845;4650
100;60;2;MergeSort;1344;428;0;10041
100;60;2;CountingSort;301;0;0;17440
100;60;2;QuickSort;2264;860;403;4470
100;60;2;InsertionSort;2727;905;0;10090
100;60;2;BubbleSort;11256;4004;812;6840
100;60;2;MergeSort;1344;438;0;17050
100;60;3;CountingSort;301;0;0;21401
100;60;3;QuickSort;2474;971;439;164440
100;60;3;InsertionSort;2778;926;0;180580
100;60;3;BubbleSort;10952;3822;827;431261
100;60;3;MergeSort;1344;453;0;108511
100;60;3;CountingSort;301;0;0;17830
100;60;3;QuickSort;2386;922;425;131401
100;60;3;InsertionSort;2991;997;0;92341
100;60;3;BubbleSort;10942;3675;898;300021
100;60;3;MergeSort;1344;461;0;143270
100;60;3;CountingSort;301;0;0;17630
100;60;3;QuickSort;2856;1086;521;96320
100;60;3;InsertionSort;3189;1063;0;103360
100;60;3;BubbleSort;12034;4089;964;440352
100;60;3;MergeSort;1344;455;0;160941
100;60;3;CountingSort;301;0;0;15360
100;60;3;QuickSort;2890;1126;524;139990
100;60;3;InsertionSort;3522;1174;0;118320
100;60;3;BubbleSort;11548;3624;1075;321651
100;60;3;MergeSort;1344;464;0;66590
100;60;3;CountingSort;301;0;0;17311
100;60;3;QuickSort;2381;893;431;87030
100;60;3;InsertionSort;3216;1072;0;108440
100;60;3;BubbleSort;11342;3725;973;309141
100;60;3;MergeSort;1344;467;0;39130
100;60;3;CountingSort;301;0;0;16460
100;60;3;QuickSort;2153;845;372;49810
100;60;3;InsertionSort;2970;990;0;102781
100;60;3;BubbleSort;11302;3869;891;291091
100;60;3;MergeSort;1344;459;0;29941
100;60;3;CountingSort;301;0;0;21940
100;60;3;QuickSort;2282;863;407;29981
100;60;3;InsertionSort;3141;1047;0;90010
100;60;3;BubbleSort;11340;3774;948;267281
100;60;3;MergeSort;1344;468;0;23640
100;60;3;CountingSort;301;0;0;21940
100;60;3;QuickSort;2292;870;409;7310
100;60;3;InsertionSort;3312;1104;0;94160
100;60;3;BubbleSort;11664;3822;1005;363841
100;60;3;MergeSort;1344;464;0;18830
100;60;3;CountingSort;301;0;0;14630
100;60;3;QuickSort;2349;891;418;9950
100;60;3;InsertionSort;2895;965;0;107620
100;60;3;BubbleSort;10914;3725;866;212641
100;60;3;MergeSort;1344;466;0;24540
100;60;3;CountingSort;301;0;0;21760
100;60;3;QuickSort;2671;997;491;8290
100;60;3;InsertionSort;2490;830;0;97180
100;60;3;BubbleSort;10844;3960;731;281161
100;60;3;MergeSort;1344;450;0;31740
100;60;3;CountingSort;301;0;0;14010
100;60;3;QuickSort;2568;1047;438;14080
100;60;3;InsertionSort;3039;1013;0;82291
100;60;3;BubbleSort;10476;3410;914;227610
100;60;3;MergeSort;1344;460;0;19590
100;60;3;CountingSort;301;0;0;18210
100;60;3;QuickSort;2438;887;447;10170
100;60;3;InsertionSort;3060;1020;0;108571
100;60;3;BubbleSort;11778;4047;921;233850
100;60;3;MergeSort;1344;461;0;33000
100;60;3;CountingSort;301;0;0;16540
100;60;3;QuickSort;2422;895;439;9810
100;60;3;InsertionSort;2739;913;0;82841
100;60;3;BubbleSort;10804;3774;814;266161
100;60;3;MergeSort;1344;461;0;25250
100;60;3;CountingSort;301;0;0;14570
100;60;3;QuickSort;2663;986;497;10090
100;60;3;InsertionSort;3033;1011;0;88791
100;60;3;BubbleSort;11742;4047;912;232461
100;60;3;MergeSort;1344;457;0;23441
100;60;3;CountingSort;301;0;0;14590
100;60;3;QuickSort;2260;889;390;9920
100;60;3;InsertionSort;2937;979;0;93911
100;60;3;BubbleSort;10664;3572;880;207841
100;60;3;MergeSort;1344;462;0;30501
100;60;3;CountingSort;301;0;0;16140
100;60;3;QuickSort;2499;969;445;11210
100;60;3;InsertionSort;2820;940;0;82970
100;60;3;BubbleSort;11458;4047;841;274591
100;60;3;MergeSort;1344;464;0;23461
100;60;3;CountingSort;301;0;0;14570
100;60;3;QuickSort;2211;822;397;10770
100;60;3;InsertionSort;2670;890;0;112990
100;60;3;BubbleSort;9984;3410;791;103890
100;60;3;MergeSort;1344;459;0;28840
100;60;3;CountingSort;301;0;0;16940
100;60;3;QuickSort;2348;902;416;9940
100;60;3;InsertionSort;3048;1016;0;85171
100;60;3;BubbleSort;11498;3915;917;85220
100;60;3;MergeSort;1344;463;0;27350
100;60;3;CountingSort;301;0;0;14880
100;60;3;QuickSort;2141;800;381;10800
100;60;3;InsertionSort;2730;910;0;64630
100;60;3;BubbleSort;10388;3572;811;32790
100;60;3;MergeSort;1344;454;0;17660
100;60;3;CountingSort;301;0;0;14690
100;60;3;QuickSort;2535;957;461;9800
100;60;3;InsertionSort;3234;1078;0;71830
100;60;3;BubbleSort;11836;3960;979;61430
100;60;3;MergeSort;1344;453;0;28420
100;60;3;CountingSort;301;0;0;19320
100;60;3;QuickSort;3124;1186;581;12110
100;60;3;InsertionSort;2901;967;0;87920
100;60;3;BubbleSort;10616;3572;868;63720
100;60;3;MergeSort;1344;462;0;25861
100;60;3;CountingSort;301;0;0;14100
100;60;3;QuickSort;2839;1057;527;10130
100;60;3;InsertionSort;2964;988;0;83080
100;60;3;BubbleSort;11564;4004;889;40070
100;60;3;MergeSort;1344;450;0;18370
100;60;3;CountingSort;301;0;0;14160
100;60;3;QuickSort;2540;977;455;10290
100;60;3;InsertionSort;2724;908;0;68990
100;60;3;BubbleSort;10686;3725;809;49010
100;60;3;MergeSort;1344;462;0;18180
100;60;3;CountingSort;301;0;0;15960
100;60;3;QuickSort;2781;1074;505;10150
100;60;3;InsertionSort;3693;1231;0;83620
100;60;3;BubbleSort;12448;3960;1132;33970
100;60;3;MergeSort;1344;460;0;17600
100;60;3;CountingSort;301;0;0;12101
100;60;3;QuickSort;3096;1260;547;8950
100;60;3;InsertionSort;3327;1109;0;125210
100;60;3;BubbleSort;11684;3822;1010;31030
100;60;3;MergeSort;1344;463;0;1764646
100;60;3;CountingSort;301;0;0;16250
100;60;3;QuickSort;2658;963;496;7980
100;60;3;InsertionSort;3396;1132;0;104671
100;60;3;BubbleSort;11276;3572;1033;27700
100;60;3;MergeSort;1344;462;0;16680
100;60;3;CountingSort;301;0;0;14780
100;60;3;QuickSort;2815;1030;525;11650
100;60;3;InsertionSort;2952;984;0;87160
100;60;3;BubbleSort;11634;4047;885;84040
100;60;3;MergeSort;1344;466;0;20890
100;60;3;CountingSort;301;0;0;14430
100;60;3;QuickSort;2575;1009;458;9340
100;60;3;InsertionSort;2850;950;0;82200
100;60;3;BubbleSort;11234;3915;851;32060
100;60;3;MergeSort;1344;467;0;19480
100;60;3;CountingSort;301;0;0;17330
100;60;3;QuickSort;2803;1054;515;15840
100;60;3;InsertionSort;3150;1050;0;72230
100;60;3;BubbleSort;11634;3915;951;42740
100;60;3;MergeSort;1344;444;0;16060
100;60;3;CountingSort;301;0;0;18760
100;60;3;QuickSort;2185;814;392;7190
100;60;3;InsertionSort;2730;910;0;77770
100;60;3;BubbleSort;11252;4004;811;53090
100;60;3;MergeSort;1344;465;0;20530
100;60;3;CountingSort;301;0;0;14200
100;60;3;QuickSort;2240;863;394;9120
100;60;3;InsertionSort;3225;1075;0;111201
100;60;3;BubbleSort;11912;4004;976;59081
100;60;3;MergeSort;1344;463;0;29171
100;60;3;CountingSort;301;0;0;16280
100;60;3;QuickSort;2296;868;410;8901
100;60;3;InsertionSort;2616;872;0;74830
100;60;3;BubbleSort;11270;4089;773;43630
100;60;3;MergeSort;1344;462;0;25670
100;60;3;CountingSort;301;0;0;14070
100;60;3;QuickSort;2549;962;463;9120
100;60;3;InsertionSort;3048;1016;0;86320
100;60;3;BubbleSort;12008;4170;917;45060
100;60;3;MergeSort;1344;460;0;19230
100;60;3;CountingSort;301;0;0;24050
100;60;3;QuickSort;2255;884;393;10320
100;60;3;InsertionSort;2775;925;0;112290
100;60;3;BubbleSort;10654;3675;826;53810
100;60;3;MergeSort;1344;466;0;12640
100;60;3;CountingSort;301;0;0;17300
100;60;3;QuickSort;2382;858;435;9590
100;60;3;InsertionSort;3240;1080;0;98250
100;60;3;BubbleSort;11472;3774;981;46331
100;60;3;MergeSort;1344;459;0;10750
100;60;3;CountingSort;301;0;0;18470
100;60;3;QuickSort;2911;1111;532;10920
100;60;3;InsertionSort;2865;955;0;82080
100;60;3;BubbleSort;10774;3675;856;30360
100;60;3;MergeSort;1344;454;0;11640
100;60;3;CountingSort;301;0;0;17300
100;60;3;QuickSort;2414;875;447;10520
100;60;3;InsertionSort;3420;1140;0;230701
100;60;3;BubbleSort;12084;3960;1041;254311
100;60;3;MergeSort;1344;468;0;28580
100;60;3;CountingSort;301;0;0;14480
100;60;3;QuickSort;2538;1044;431;10140
100;60;3;InsertionSort;2862;954;0;80080
100;60;3;BubbleSort;10564;3572;855;35960
100;60;3;MergeSort;1344;461;0;11490
100;60;3;CountingSort;301;0;0;14370
100;60;3;QuickSort;2851;1120;506;8690
100;60;3;InsertionSort;2682;894;0;82050
100;60;3;BubbleSort;10824;3822;795;96700
100;60;3;MergeSort;1344;462;0;11340
100;60;3;CountingSort;301;0;0;13050
100;60;3;QuickSort;2744;995;516;8050
100;60;3;InsertionSort;3087;1029;0;126240
100;60;3;BubbleSort;11550;3915;930;49160
100;60;3;MergeSort;1344;466;0;14150
100;60;3;CountingSort;301;0;0;13370
100;60;3;QuickSort;2710;1024;495;10140
100;60;3;InsertionSort;3075;1025;0;86410
100;60;3;BubbleSort;11712;4004;926;52310
100;60;3;MergeSort;1344;462;0;13680
100;60;3;CountingSort;301;0;0;18950
100;60;3;QuickSort;2647;994;487;11130
100;60;3;InsertionSort;3141;1047;0;89890
100;60;3;BubbleSort;11142;3675;948;57340
100;60;3;MergeSort;1344;465;0;12690
100;60;3;CountingSort;301;0;0;16680
100;60;3;QuickSort;2601;978;473;73020
100;60;3;InsertionSort;2799;933;0;96931
100;60;3;BubbleSort;10980;3822;834;37430
100;60;3;MergeSort;1344;458;0;10310
100;60;3;CountingSort;301;0;0;17080
100;60;3;QuickSort;2183;854;377;46570
100;60;3;InsertionSort;2745;915;0;81581
100;60;3;BubbleSort;11272;4004;816;92601
100;60;3;MergeSort;1344;453;0;13470
100;60;3;CountingSort;301;0;0;16610
100;60;3;QuickSort;2687;1010;493;61730
100;60;3;InsertionSort;3222;1074;0;146630
100;60;3;BubbleSort;12078;4089;975;69510
100;60;3;MergeSort;1344;465;0;14560
100;60;3;CountingSort;301;0;0;16200
100;60;3;QuickSort;2666;1070;462;61600
100;60;3;InsertionSort;2709;903;0;92010
100;60;3;BubbleSort;10360;3572;804;93511
100;60;3;MergeSort;1344;454;0;19280
100;60;3;CountingSort;301;0;0;18490
100;60;3;QuickSort;2420;896;441;43051
100;60;3;InsertionSort;2760;920;0;86760
100;60;3;BubbleSort;11022;3869;821;60260
100;60;3;MergeSort;1344;453;0;16170
100;60;3;CountingSort;301;0;0;16690
100;60;3;QuickSort;2712;1011;500;52490
100;60;3;InsertionSort;2742;914;0;92180
100;60;3;BubbleSort;10404;3572;815;9150
100;60;3;MergeSort;1344;460;0;19030
100;60;3;CountingSort;301;0;0;23440
100;60;3;QuickSort;2499;936;456;57160
100;60;3;InsertionSort;3030;1010;0;76591
100;60;3;BubbleSort;11822;4089;911;6500
100;60;3;MergeSort;1344;454;0;23130
100;60;3;CountingSort;301;0;0;16320
100;60;3;QuickSort;2194;871;374;55910
100;60;3;InsertionSort;3093;1031;0;79980
100;60;3;BubbleSort;11906;4089;932;7500
100;60;3;MergeSort;1344;450;0;11610
100;60;3;CountingSort;301;0;0;19160
100;60;3;QuickSort;2242;835;401;53051
100;60;3;InsertionSort;2958;986;0;93610
100;60;3;BubbleSort;11642;4047;887;9650
100;60;3;MergeSort;1344;459;0;13570
100;60;3;CountingSort;301;0;0;19310
100;60;3;QuickSort;2314;883;413;102020
100;60;3;InsertionSort;2976;992;0;90560
100;60;3;BubbleSort;11216;3822;893;6790
100;60;3;MergeSort;1344;454;0;14410
100;60;3;CountingSort;301;0;0;26390
100;60;3;QuickSort;2374;943;414;72150
100;60;3;InsertionSort;3030;1010;0;91381
100;60;3;BubbleSort;11288;3822;911;8470
100;60;3;MergeSort;1344;454;0;12380
100;60;3;CountingSort;301;0;0;14070
100;60;3;QuickSort;2575;1027;452;26940
100;60;3;InsertionSort;2763;921;0;81570
100;60;3;BubbleSort;11118;3915;822;7130
100;60;3;MergeSort;1344;465;0;14810
100;60;3;CountingSort;301;0;0;12880
100;60;3;QuickSort;2240;896;382;5820
100;60;3;InsertionSort;3648;1216;0;103381
100;60;3;BubbleSort;12476;4004;1117;5570
100;60;3;MergeSort;1344;469;0;15990
100;60;3;CountingSort;301;0;0;16100
100;60;3;QuickSort;2760;1050;502;4971
100;60;3;InsertionSort;2637;879;0;81570
100;60;3;BubbleSort;10470;3675;780;6370
100;60;3;MergeSort;1344;460;0;13590
100;60;3;CountingSort;301;0;0;19400
100;60;3;QuickSort;2236;850;397;4670
100;60;3;InsertionSort;3237;1079;0;93900
100;60;3;BubbleSort;11840;3960;980;6920
100;60;3;MergeSort;1344;458;0;11560
100;60;3;CountingSort;301;0;0;17960
100;60;3;QuickSort;2681;1025;485;7790
100;60;3;InsertionSort;2775;925;0;68390
100;60;3;BubbleSort;10948;3822;826;9960
100;60;3;MergeSort;1344;456;0;13100
100;60;3;CountingSort;301;0;0;12210
100;60;3;QuickSort;2492;1010;431;4070
100;60;3;InsertionSort;2835;945;0;101280
100;60;3;BubbleSort;11028;3822;846;9940
100;60;3;MergeSort;1344;452;0;10700
100;60;3;CountingSort;301;0;0;13050
100;60;3;QuickSort;2254;841;404;4200
100;60;3;InsertionSort;2703;901;0;63170
100;60;3;BubbleSort;11302;4047;802;8180
100;60;3;MergeSort;1344;457;0;12250
100;60;3;CountingSort;301;0;0;16930
100;60;3;QuickSort;2900;1112;527;5040
100;60;3;InsertionSort;2661;887;0;68890
100;60;3;BubbleSort;9392;3120;788;4450
100;60;3;MergeSort;1344;463;0;19470
100;60;3;CountingSort;301;0;0;15990
100;60;3;QuickSort;2278;901;394;3830
100;60;3;InsertionSort;2769;923;0;61510
100;60;3;BubbleSort;11034;3869;824;5350
100;60;3;MergeSort;1344;449;0;22020
100;60;3;CountingSort;301;0;0;13800
100;60;3;QuickSort;2722;994;509;4340
100;60;3;InsertionSort;2718;906;0;47810
100;60;3;BubbleSort;9706;3239;807;5840
100;60;3;MergeSort;1344;459;0;10720
100;60;3;CountingSort;301;0;0;12940
100;60;3;QuickSort;2334;891;418;3440
100;60;3;InsertionSort;3012;1004;0;20790
100;60;3;BubbleSort;11714;4047;905;5410
100;60;3;MergeSort;1344;456;0;14140
100;60;3;CountingSort;301;0;0;14730
100;60;3;QuickSort;2526;927;466;9660
100;60;3;InsertionSort;3150;1050;0;18000
100;60;3;BubbleSort;11154;3675;951;4880
100;60;3;MergeSort;1344;462;0;10560
100;60;3;CountingSort;301;0;0;12750
100;60;3;QuickSort;2804;1073;513;3520
100;60;3;InsertionSort;2991;997;0;18420
100;60;3;BubbleSort;11600;4004;898;5330
100;60;3;MergeSort;1344;455;0;9970
100;60;3;CountingSort;301;0;0;15020
100;60;3;QuickSort;2460;945;437;4380
100;60;3;InsertionSort;3030;1010;0;11100
100;60;3;BubbleSort;11564;3960;911;6740
100;60;3;MergeSort;1344;466;0;10390
100;60;3;CountingSort;301;0;0;15260
100;60;3;QuickSort;2324;911;407;4150
100;60;3;InsertionSort;2943;981;0;8670
100;60;3;BubbleSort;10672;3572;882;7590
100;60;3;MergeSort;1344;462;0;9530
100;60;3;CountingSort;301;0;0;17880
100;60;3;QuickSort;2686;1030;484;4160
100;60;3;InsertionSort;2727;909;0;10430
100;60;3;BubbleSort;10060;3410;810;7530
100;60;3;MergeSort;1344;459;0;10660
100;60;3;CountingSort;301;0;0;14220
100;60;3;QuickSort;2592;954;481;4060
100;60;3;InsertionSort;2949;983;0;12500
100;60;3;BubbleSort;11876;4170;884;6960
100;60;3;MergeSort;1344;461;0;11140
100;60;3;CountingSort;301;0;0;12660
100;60;3;QuickSort;2695;1000;497;4240
100;60;3;InsertionSort;3213;1071;0;12530
100;60;3;BubbleSort;11896;4004;972;8960
100;60;3;MergeSort;1344;457;0;13520
100;60;3;CountingSort;301;0;0;18800
100;60;3;QuickSort;2169;876;367;4740
100;60;3;InsertionSort;2994;998;0;10390
100;60;3;BubbleSort;11046;3725;899;7870
100;60;3;MergeSort;1344;452;0;15540
100;60;3;CountingSort;301;0;0;25750
100;60;3;QuickSort;2179;826;384;4260
100;60;3;InsertionSort;3087;1029;0;15840
100;60;3;BubbleSort;11980;4130;930;5470
100;60;3;MergeSort;1344;463;0;11560
100;60;3;CountingSort;301;0;0;18011
100;60;3;QuickSort;2798;1064;511;6090
100;60;3;InsertionSort;3012;1004;0;11090
100;60;3;BubbleSort;11540;3960;905;5490
100;60;3;MergeSort;1344;440;0;11340
100;60;3;CountingSort;301;0;0;17570
100;60;3;QuickSort;2917;1135;527;5140
100;60;3;InsertionSort;2796;932;0;15590
100;60;3;BubbleSort;10580;3624;833;8190
100;60;3;MergeSort;1344;443;0;13030
100;60;3;CountingSort;301;0;0;13141
100;60;3;QuickSort;2505;975;445;4570
100;60;3;InsertionSort;2859;953;0;30440
100;60;3;BubbleSort;10236;3410;854;6290
100;60;3;MergeSort;1344;462;0;9640
100;60;3;CountingSort;301;0;0;15850
100;60;3;QuickSort;3078;1182;570;3760
100;60;3;InsertionSort;2499;833;0;11880
100;60;3;BubbleSort;10944;4004;734;8680
100;60;3;MergeSort;1344;457;0;22020
100;60;3;CountingSort;301;0;0;16350
100;60;3;QuickSort;2724;1065;488;4330
100;60;3;InsertionSort;2871;957;0;14070
100;60;3;BubbleSort;11262;3915;858;6681
100;60;3;MergeSort;1344;468;0;11700
100;60;3;CountingSort;301;0;0;16650
100;60;3;QuickSort;2498;989;435;4730
100;60;3;InsertionSort;2793;931;0;15250
100;60;3;BubbleSort;10258;3465;832;7920
100;60;3;MergeSort;1344;467;0;13280
100;60;3;CountingSort;301;0;0;15310
100;60;3;QuickSort;2851;1144;498;6480
100;60;3;InsertionSort;2883;961;0;15360
100;60;3;BubbleSort;10798;3675;862;9810
100;60;3;MergeSort;1344;447;0;13390
100;60;3;CountingSort;301;0;0;15070
100;60;3;QuickSort;2412;939;425;3640
100;60;3;InsertionSort;3252;1084;0;11630
100;60;3;BubbleSort;12034;4047;985;7010
100;60;3;MergeSort;1344;458;0;12941
100;60;3;CountingSort;301;0;0;17050
100;60;3;QuickSort;2855;1169;499;3590
100;60;3;InsertionSort;2955;985;0;8840
100;60;3;BubbleSort;11188;3822;886;7840
100;60;3;MergeSort;1344;456;0;11470
100;60;3;CountingSort;301;0;0;14240
100;60;3;QuickSort;3429;1263;660;3850
100;60;3;InsertionSort;2829;943;0;15050
100;60;3;BubbleSort;10520;3572;844;6460
100;60;3;MergeSort;1344;460;0;10840
100;60;3;CountingSort;301;0;0;17350
100;60;3;QuickSort;2756;1124;476;3760
100;60;3;InsertionSort;3492;1164;0;16980
100;60;3;BubbleSort;12354;4047;1065;6690
100;60;3;MergeSort;1344;459;0;13761
100;60;3;CountingSort;301;0;0;16060
100;60;3;QuickSort;2650;970;490;4610
100;60;3;InsertionSort;3426;1142;0;9930
100;60;3;BubbleSort;12266;4047;1043;10480
100;60;3;MergeSort;1344;460;0;10830
100;60;3;CountingSort;301;0;0;12930
100;60;3;QuickSort;2553;981;458;4430
100;60;3;InsertionSort;3138;1046;0;10420
100;60;3;BubbleSort;11708;3960;947;9600
100;60;3;MergeSort;1344;460;0;9060
100;60;3;CountingSort;301;0;0;13831
100;60;3;QuickSort;2976;1140;544;3700
100;60;3;InsertionSort;3027;1009;0;8870
100;60;3;BubbleSort;11188;3774;910;6620
100;60;3;MergeSort;1344;467;0;13030
100;60;3;CountingSort;301;0;0;14350
100;60;3;QuickSort;2299;847;419;4490
100;60;3;InsertionSort;3183;1061;0;9340
100;60;3;BubbleSort;11856;4004;962;7470
100;60;3;MergeSort;1344;452;0;10680
100;60;3;CountingSort;301;0;0;13590
100;60;3;QuickSort;2169;858;372;3560
100;60;3;InsertionSort;2595;865;0;20150
100;60;3;BubbleSort;10894;3915;766;4960
100;60;3;MergeSort;1344;458;0;9800
100;60;3;CountingSort;301;0;0;18910
100;60;3;QuickSort;2230;865;389;3630
100;60;3;InsertionSort;3060;1020;0;16870
100;60;3;BubbleSort;11514;3915;921;6570
100;60;3;MergeSort;1344;450;0;25730
100;60;3;CountingSort;301;0;0;12930
100;60;3;QuickSort;2426;896;440;5820
100;60;3;InsertionSort;3339;1113;0;18650
100;60;3;BubbleSort;12234;4089;1014;7020
100;60;3;MergeSort;1344;466;0;9320
100;60;3;CountingSort;301;0;0;12570
100;60;3;QuickSort;2436;918;438;3610
100;60;3;InsertionSort;3117;1039;0;15320
100;60;3;BubbleSort;11854;4047;940;7010
100;60;3;MergeSort;1344;451;0;24770
100;60;3;CountingSort;301;0;0;17460
100;60;3;QuickSort;3192;1182;603;3710
100;60;3;InsertionSort;2691;897;0;13770
100;60;3;BubbleSort;10642;3725;798;5060
100;60;3;MergeSort;1344;457;0;10040
100;60;3;CountingSort;301;0;0;12440
100;60;3;QuickSort;2672;1010;488;14960
100;60;3;InsertionSort;3048;1016;0;9960
100;60;3;BubbleSort;10916;3624;917;4800
100;60;3;MergeSort;1344;463;0;9940
100;60;3;CountingSort;301;0;0;14890
100;60;3;QuickSort;2506;1006;438;4530
100;60;3;InsertionSort;3276;1092;0;13700
100;60;3;BubbleSort;11710;3869;993;7340
100;60;3;MergeSort;1344;462;0;21540
100;60;3;CountingSort;301;0;0;12720
100;60;3;QuickSort;3141;1167;593;4830
100;60;3;InsertionSort;2796;932;0;9600
100;60;3;BubbleSort;10682;3675;833;7020
100;60;3;MergeSort;1344;454;0;10580
100;60;3;CountingSort;301;0;0;12680
100;60;3;QuickSort;2267;851;405;4470
100;60;3;InsertionSort;2922;974;0;8680
100;60;3;BubbleSort;11420;3960;875;7720
100;60;3;MergeSort;1344;463;0;11480
100;60;3;CountingSort;301;0;0;14050
100;60;3;QuickSort;2587;1006;459;4570
100;60;3;InsertionSort;2877;959;0;10551
100;60;3;BubbleSort;11360;3960;860;8830
100;60;3;MergeSort;1344;465;0;12600
100;60;3;CountingSort;301;0;0;13130
100;60;3;QuickSort;2416;949;419;4570
100;60;3;InsertionSort;2943;981;0;10760
100;60;3;BubbleSort;11706;4089;882;7180
100;60;3;MergeSort;1344;451;0;14930
100;60;3;CountingSort;301;0;0;13210
100;60;3;QuickSort;2620;1039;460;3850
100;60;3;InsertionSort;2523;841;0;7570
100;60;3;BubbleSort;10612;3822;742;4660
100;60;3;MergeSort;1344;465;0;13900
100;60;4;CountingSort;301;0;0;20400
100;60;4;QuickSort;2231;905;376;171201
100;60;4;InsertionSort;2859;953;0;140210
100;60;4;BubbleSort;10560;3572;854;428411
100;60;4;MergeSort;1344;480;0;104910
100;60;4;CountingSort;301;0;0;15990
100;60;4;QuickSort;2391;888;432;100730
100;60;4;InsertionSort;3141;1047;0;106950
100;60;4;BubbleSort;11142;3675;948;246221
100;60;4;MergeSort;1344;479;0;117850
100;60;4;CountingSort;301;0;0;16840
100;60;4;QuickSort;2853;1101;521;144950
100;60;4;InsertionSort;2748;916;0;95910
100;60;4;BubbleSort;10912;3822;817;333111
100;60;4;MergeSort;1344;470;0;180351
100;60;4;CountingSort;301;0;0;14860
100;60;4;QuickSort;2215;847;394;64231
100;60;4;InsertionSort;2766;922;0;119580
100;60;4;BubbleSort;11212;3960;823;329971
100;60;4;MergeSort;1344;463;0;93350
100;60;4;CountingSort;301;0;0;14680
100;60;4;QuickSort;2569;1018;447;50090
100;60;4;InsertionSort;2994;998;0;152080
100;60;4;BubbleSort;10844;3624;899;278421
100;60;4;MergeSort;1344;475;0;58680
100;60;4;CountingSort;301;0;0;16200
100;60;4;QuickSort;2273;890;395;19600
100;60;4;InsertionSort;3111;1037;0;122720
100;60;4;BubbleSort;11102;3675;938;272831
100;60;4;MergeSort;1344;473;0;49340
100;60;4;CountingSort;301;0;0;14240
100;60;4;QuickSort;2636;1067;454;18470
100;60;4;InsertionSort;3165;1055;0;119081
100;60;4;BubbleSort;11832;4004;956;327691
100;60;4;MergeSort;1344;472;0;33910
100;60;4;CountingSort;301;0;0;16310
100;60;4;QuickSort;2721;1011;497;31580
100;60;4;InsertionSort;3213;1071;0;94680
100;60;4;BubbleSort;11896;4004;972;316031
100;60;4;MergeSort;1344;477;0;26520
100;60;4;CountingSort;301;0;0;14710
100;60;4;QuickSort;2543;944;467;9740
100;60;4;InsertionSort;2964;988;0;107940
100;60;4;BubbleSort;10804;3624;889;273441
100;60;4;MergeSort;1344;477;0;35430
100;60;4;CountingSort;301;0;0;15420
100;60;4;QuickSort;2322;903;406;15190
100;60;4;InsertionSort;3132;1044;0;94140
100;60;4;BubbleSort;11788;4004;945;249621
100;60;4;MergeSort;1344;484;0;27390
100;60;4;CountingSort;301;0;0;17010
100;60;4;QuickSort;2743;1018;509;10960
100;60;4;InsertionSort;3342;1114;0;103360
100;60;4;BubbleSort;12320;4130;1015;333501
100;60;4;MergeSort;1344;485;0;25390
100;60;4;CountingSort;301;0;0;16090
100;60;4;QuickSort;2521;967;454;9670
100;60;4;InsertionSort;3144;1048;0;111280
100;60;4;BubbleSort;11804;4004;949;308641
100;60;4;MergeSort;1344;479;0;24780
100;60;4;CountingSort;301;0;0;15930
100;60;4;QuickSort;3361;1288;629;11540
100;60;4;InsertionSort;3162;1054;0;100380
100;60;4;BubbleSort;11170;3675;955;290111
100;60;4;MergeSort;1344;476;0;27590
100;60;4;CountingSort;301;0;0;14820
100;60;4;QuickSort;2432;965;424;9420
100;60;4;InsertionSort;3105;1035;0;97770
100;60;4;BubbleSort;10992;3624;936;282651
100;60;4;MergeSort;1344;482;0;25990
100;60;4;CountingSort;301;0;0;13961
100;60;4;QuickSort;2299;886;406;11050
100;60;4;InsertionSort;2745;915;0;95060
100;60;4;BubbleSort;11002;3869;816;306021
100;60;4;MergeSort;1344;479;0;41650
100;60;4;CountingSort;301;0;0;16260
100;60;4;QuickSort;2520;921;467;9470
100;60;4;InsertionSort;3072;1024;0;94660
100;60;4;BubbleSort;11344;3822;925;301441
100;60;4;MergeSort;1344;463;0;27410
100;60;4;CountingSort;301;0;0;14970
100;60;4;QuickSort;2239;898;383;9320
100;60;4;InsertionSort;2901;967;0;91211
100;60;4;BubbleSort;10922;3725;868;112101
100;60;4;MergeSort;1344;456;0;17600
100;60;4;CountingSort;301;0;0;16340
100;60;4;QuickSort;2403;909;433;9150
100;60;4;InsertionSort;3231;1077;0;124700
100;60;4;BubbleSort;12252;4170;978;111490
100;60;4;MergeSort;1344;474;0;17730
100;60;4;CountingSort;301;0;0;15810
100;60;4;QuickSort;3251;1217;614;12030
100;60;4;InsertionSort;3255;1085;0;85830
100;60;4;BubbleSort;11774;3915;986;68030
100;60;4;MergeSort;1344;479;0;23370
100;60;4;CountingSort;301;0;0;14080
100;60;4;QuickSort;2521;1033;432;9640
100;60;4;InsertionSort;2949;983;0;102111
100;60;4;BubbleSort;11456;3960;884;74981
100;60;4;MergeSort;1344;472;0;31850
100;60;4;CountingSort;301;0;0;18690
100;60;4;QuickSort;2805;1032;525;10100
100;60;4;InsertionSort;3489;1163;0;132640
100;60;4;BubbleSort;12596;4170;1064;99720
100;60;4;MergeSort;1344;475;0;27010
100;60;4;CountingSort;301;0;0;13940
100;60;4;QuickSort;2953;1081;554;10760
100;60;4;InsertionSort;2628;876;0;82141
100;60;4;BubbleSort;10356;3624;777;73890
100;60;4;MergeSort;1344;476;0;32250
100;60;4;CountingSort;301;0;0;14731
100;60;4;QuickSort;2429;911;439;9040
100;60;4;InsertionSort;3297;1099;0;84500
100;60;4;BubbleSort;11644;3822;1000;78890
100;60;4;MergeSort;1344;478;0;34850
100;60;4;CountingSort;301;0;0;18280
100;60;4;QuickSort;2509;985;440;8140
100;60;4;InsertionSort;2649;883;0;82211
100;60;4;BubbleSort;10684;3774;784;80241
100;60;4;MergeSort;1344;486;0;35410
100;60;4;CountingSort;301;0;0;14730
100;60;4;QuickSort;2207;881;377;9540
100;60;4;InsertionSort;3123;1041;0;95451
100;60;4;BubbleSort;11218;3725;942;65990
100;60;4;MergeSort;1344;470;0;1091343
100;60;4;CountingSort;301;0;0;16770
100;60;4;QuickSort;2362;901;422;9610
100;60;4;InsertionSort;2547;849;0;72200
100;60;4;BubbleSort;10548;3774;750;73430
100;60;4;MergeSort;1344;461;0;16690
100;60;4;CountingSort;301;0;0;14390
100;60;4;QuickSort;2393;974;412;13460
100;60;4;InsertionSort;2808;936;0;79470
100;60;4;BubbleSort;10278;3465;837;73460
100;60;4;MergeSort;1344;475;0;27520
100;60;4;CountingSort;301;0;0;14140
100;60;4;QuickSort;2671;976;500;9780
100;60;4;InsertionSort;3036;1012;0;86511
100;60;4;BubbleSort;11746;4047;913;58151
100;60;4;MergeSort;1344;480;0;20791
100;60;4;CountingSort;301;0;0;17880
100;60;4;QuickSort;2304;885;408;9031
100;60;4;InsertionSort;2778;926;0;78510
100;60;4;BubbleSort;11568;4130;827;59700
100;60;4;MergeSort;1344;470;0;27430
100;60;4;CountingSort;301;0;0;15940
100;60;4;QuickSort;2224;868;383;8950
100;60;4;InsertionSort;3069;1023;0;85930
100;60;4;BubbleSort;11244;3774;924;67230
100;60;4;MergeSort;1344;474;0;19810
100;60;4;CountingSort;301;0;0;17040
100;60;4;QuickSort;2689;1045;480;9970
100;60;4;InsertionSort;2847;949;0;79380
100;60;4;BubbleSort;10948;3774;850;50310
100;60;4;MergeSort;1344;481;0;27890
100;60;4;CountingSort;301;0;0;15720
100;60;4;QuickSort;2586;1080;436;11680
100;60;4;InsertionSort;3078;1026;0;88581
100;60;4;BubbleSort;11628;3960;927;41140
100;60;4;MergeSort;1344;476;0;12870
100;60;4;CountingSort;301;0;0;14130
100;60;4;QuickSort;2291;842;412;9010
100;60;4;InsertionSort;3294;1098;0;100310
100;60;4;BubbleSort;11734;3869;999;43110
100;60;4;MergeSort;1344;480;0;16420
100;60;4;CountingSort;301;0;0;17790
100;60;4;QuickSort;2127;816;369;10110
100;60;4;InsertionSort;2925;975;0;76810
100;60;4;BubbleSort;11242;3869;876;59610
100;60;4;MergeSort;1344;475;0;16090
100;60;4;CountingSort;301;0;0;15790
100;60;4;QuickSort;2475;984;430;9260
100;60;4;InsertionSort;2583;861;0;83700
100;60;4;BubbleSort;11142;4047;762;111320
100;60;4;MergeSort;1344;476;0;9620
100;60;4;CountingSort;301;0;0;16810
100;60;4;QuickSort;2464;979;431;7890
100;60;4;InsertionSort;2751;917;0;79991
100;60;4;BubbleSort;10820;3774;818;31501
100;60;4;MergeSort;1344;468;0;14700
100;60;4;CountingSort;301;0;0;12950
100;60;4;QuickSort;2360;920;414;8911
100;60;4;InsertionSort;2823;941;0;83180
100;60;4;BubbleSort;10616;3624;842;141150
100;60;4;MergeSort;1344;482;0;11210
100;60;4;CountingSort;301;0;0;11300
100;60;4;QuickSort;3332;1313;608;11000
100;60;4;InsertionSort;3261;1087;0;90640
100;60;4;BubbleSort;11960;4004;988;52670
100;60;4;MergeSort;1344;468;0;11670
100;60;4;CountingSort;301;0;0;13910
100;60;4;QuickSort;2704;991;504;9280
100;60;4;InsertionSort;3237;1079;0;91311
100;60;4;BubbleSort;11840;3960;980;82971
100;60;4;MergeSort;1344;477;0;13731
100;60;4;CountingSort;301;0;0;18980
100;60;4;QuickSort;2341;886;419;10930
100;60;4;InsertionSort;3234;1078;0;76090
100;60;4;BubbleSort;11654;3869;979;57200
100;60;4;MergeSort;1344;476;0;15970
100;60;4;CountingSort;301;0;0;16190
100;60;4;QuickSort;2375;923;420;106251
100;60;4;InsertionSort;3339;1113;0;99320
100;60;4;BubbleSort;11976;3960;1014;61640
100;60;4;MergeSort;1344;480;0;14450
100;60;4;CountingSort;301;0;0;18830
100;60;4;QuickSort;2463;933;446;73400
100;60;4;InsertionSort;2835;945;0;72980
100;60;4;BubbleSort;10932;3774;846;116031
100;60;4;MergeSort;1344;483;0;14490
100;60;4;CountingSort;301;0;0;16640
100;60;4;QuickSort;2149;868;362;55960
100;60;4;InsertionSort;3138;1046;0;115161
100;60;4;BubbleSort;11526;3869;947;34861
100;60;4;MergeSort;1344;478;0;14030
100;60;4;CountingSort;301;0;0;17230
100;60;4;QuickSort;2549;932;475;57291
100;60;4;InsertionSort;2736;912;0;77571
100;60;4;BubbleSort;10182;3465;813;57610
100;60;4;MergeSort;1344;487;0;14250
100;60;4;CountingSort;301;0;0;15640
100;60;4;QuickSort;2738;1040;501;68140
100;60;4;InsertionSort;2793;931;0;78910
100;60;4;BubbleSort;11248;3960;832;36560
100;60;4;MergeSort;1344;476;0;16580
100;60;4;CountingSort;301;0;0;15901
100;60;4;QuickSort;2910;1158;516;65120
100;60;4;InsertionSort;3087;1029;0;87540
100;60;4;BubbleSort;11550;3915;930;48410
100;60;4;MergeSort;1344;480;0;14290
100;60;4;CountingSort;301;0;0;19420
100;60;4;QuickSort;2655;963;497;77080
100;60;4;InsertionSort;3171;1057;0;77320
100;60;4;BubbleSort;12010;4089;958;40470
100;60;4;MergeSort;1344;469;0;13380
100;60;4;CountingSort;301;0;0;13880
100;60;4;QuickSort;2158;829;375;67140
100;60;4;InsertionSort;2700;900;0;96520
100;60;4;BubbleSort;10752;3774;801;60010
100;60;4;MergeSort;1344;471;0;15790
100;60;4;CountingSort;301;0;0;14620
100;60;4;QuickSort;2624;1034;463;84520
100;60;4;InsertionSort;2826;942;0;62680
100;60;4;BubbleSort;11110;3869;843;10480
100;60;4;MergeSort;1344;485;0;15900
100;60;4;CountingSort;301;0;0;19280
100;60;4;QuickSort;2497;1012;428;78620
100;60;4;InsertionSort;3027;1009;0;94601
100;60;4;BubbleSort;11648;4004;910;6390
100;60;4;MergeSort;1344;478;0;18600
100;60;4;CountingSort;301;0;0;16510
100;60;4;QuickSort;2459;893;457;43940
100;60;4;InsertionSort;3267;1089;0;101830
100;60;4;BubbleSort;11410;3725;990;6690
100;60;4;MergeSort;1344;467;0;15920
100;60;4;CountingSort;301;0;0;78200
100;60;4;QuickSort;2733;1068;488;59660
100;60;4;InsertionSort;3168;1056;0;105561
100;60;4;BubbleSort;11922;4047;957;5380
100;60;4;MergeSort;1344;480;0;14160
100;60;4;CountingSort;301;0;0;16850
100;60;4;QuickSort;2452;916;448;64930
100;60;4;InsertionSort;2907;969;0;76060
100;60;4;BubbleSort;11124;3822;870;8630
100;60;4;MergeSort;1344;480;0;16950
100;60;4;CountingSort;301;0;0;14740
100;60;4;QuickSort;2849;1097;517;24370
100;60;4;InsertionSort;2754;918;0;101101
100;60;4;BubbleSort;11284;4004;819;7960
100;60;4;MergeSort;1344;472;0;31201
100;60;4;CountingSort;301;0;0;16360
100;60;4;QuickSort;2213;872;379;3440
100;60;4;InsertionSort;2664;888;0;87570
100;60;4;BubbleSort;11250;4047;789;6670
100;60;4;MergeSort;1344;482;0;23250
100;60;4;CountingSort;301;0;0;20500
100;60;4;QuickSort;2810;1067;515;10120
100;60;4;InsertionSort;2826;942;0;87650
100;60;4;BubbleSort;11016;3822;843;7330
100;60;4;MergeSort;1344;486;0;12930
100;60;4;CountingSort;301;0;0;20300
100;60;4;QuickSort;2421;972;418;4380
100;60;4;InsertionSort;2949;983;0;83620
100;60;4;BubbleSort;10986;3725;884;6250
100;60;4;MergeSort;1344;487;0;12290
100;60;4;CountingSort;301;0;0;17630
100;60;4;QuickSort;2367;909;419;4450
100;60;4;InsertionSort;3093;1031;0;85140
100;60;4;BubbleSort;11648;3960;932;6540
100;60;4;MergeSort;1344;477;0;9550
100;60;4;CountingSort;301;0;0;15450
100;60;4;QuickSort;2828;1100;507;4530
100;60;4;InsertionSort;2772;924;0;83380
100;60;4;BubbleSort;11220;3960;825;6940
100;60;4;MergeSort;1344;475;0;11310
100;60;4;CountingSort;301;0;0;21560
100;60;4;QuickSort;2680;988;493;4390
100;60;4;InsertionSort;2520;840;0;87230
100;60;4;BubbleSort;10414;3725;741;6010
100;60;4;MergeSort;1344;485;0;17961
100;60;4;CountingSort;301;0;0;16110
100;60;4;QuickSort;2589;1008;463;4410
100;60;4;InsertionSort;3084;1028;0;92721
100;60;4;BubbleSort;10424;3354;929;6140
100;60;4;MergeSort;1344;482;0;12660
100;60;4;CountingSort;301;0;0;25820
100;60;4;QuickSort;3213;1320;562;6300
100;60;4;InsertionSort;2748;916;0;71751
100;60;4;BubbleSort;10618;3675;817;7920
100;60;4;MergeSort;1344;471;0;14330
100;60;4;CountingSort;301;0;0;22000
100;60;4;QuickSort;2475;948;442;4050
100;60;4;InsertionSort;2961;987;0;40710
100;60;4;BubbleSort;11472;3960;888;7020
100;60;4;MergeSort;1344;464;0;12600
100;60;4;CountingSort;301;0;0;13180
100;60;4;QuickSort;2622;1029;466;4470
100;60;4;InsertionSort;3099;1033;0;48130
100;60;4;BubbleSort;11566;3915;934;8020
100;60;4;MergeSort;1344;467;0;13120
100;60;4;CountingSort;301;0;0;14030
100;60;4;QuickSort;2189;866;376;4170
100;60;4;InsertionSort;2916;972;0;18640
100;60;4;BubbleSort;11230;3869;873;6320
100;60;4;MergeSort;1344;478;0;12520
100;60;4;CountingSort;301;0;0;15550
100;60;4;QuickSort;2595;930;487;4100
100;60;4;InsertionSort;3363;1121;0;16450
100;60;4;BubbleSort;11732;3822;1022;10030
100;60;4;MergeSort;1344;485;0;12860
100;60;4;CountingSort;301;0;0;21060
100;60;4;QuickSort;2120;836;364;4400
100;60;4;InsertionSort;2604;868;0;9760
100;60;4;BubbleSort;10220;3572;769;5130
100;60;4;MergeSort;1344;471;0;12140
100;60;4;CountingSort;301;0;0;13080
100;60;4;QuickSort;2559;978;458;3440
100;60;4;InsertionSort;3045;1015;0;11690
100;60;4;BubbleSort;11584;3960;916;5090
100;60;4;MergeSort;1344;474;0;10640
100;60;4;CountingSort;301;0;0;12630
100;60;4;QuickSort;2677;1084;464;3490
100;60;4;InsertionSort;3168;1056;0;11470
100;60;4;BubbleSort;11178;3675;957;6440
100;60;4;MergeSort;1344;478;0;13630
100;60;4;CountingSort;301;0;0;66240
100;60;4;QuickSort;2435;1058;392;4250
100;60;4;InsertionSort;3069;1023;0;23240
100;60;4;BubbleSort;11146;3725;924;4680
100;60;4;MergeSort;1344;478;0;21240
100;60;4;CountingSort;301;0;0;12800
100;60;4;QuickSort;2259;1074;328;3690
100;60;4;InsertionSort;2871;957;0;10700
100;60;4;BubbleSort;11170;3869;858;4860
100;60;4;MergeSort;1344;481;0;14340
100;60;4;CountingSort;301;0;0;17230
100;60;4;QuickSort;3004;1108;566;5810
100;60;4;InsertionSort;2859;953;0;8550
100;60;4;BubbleSort;10664;3624;854;4670
100;60;4;MergeSort;1344;479;0;11730
100;60;4;CountingSort;301;0;0;15950
100;60;4;QuickSort;2664;999;484;4210
100;60;4;InsertionSort;3312;1104;0;12170
100;60;4;BubbleSort;11758;3869;1005;9560
100;60;4;MergeSort;1344;482;0;17170
100;60;4;CountingSort;301;0;0;16060
100;60;4;QuickSort;2326;853;422;4010
100;60;4;InsertionSort;3207;1069;0;11790
100;60;4;BubbleSort;11800;3960;970;6720
100;60;4;MergeSort;1344;475;0;12050
100;60;4;CountingSort;301;0;0;18860
100;60;4;QuickSort;2258;833;410;3930
100;60;4;InsertionSort;3405;1135;0;16920
100;60;4;BubbleSort;12064;3960;1036;7250
100;60;4;MergeSort;1344;472;0;16420
100;60;4;CountingSort;301;0;0;13210
100;60;4;QuickSort;2726;995;509;5200
100;60;4;InsertionSort;3138;1046;0;13140
100;60;4;BubbleSort;10266;3239;947;4660
100;60;4;MergeSort;1344;475;0;20480
100;60;4;CountingSort;301;0;0;18610
100;60;4;QuickSort;2465;908;450;3990
100;60;4;InsertionSort;2694;898;0;14030
100;60;4;BubbleSort;10546;3675;799;5870
100;60;4;MergeSort;1344;484;0;11400
100;60;4;CountingSort;301;0;0;16630
100;60;4;QuickSort;2281;880;405;3430
100;60;4;InsertionSort;3288;1096;0;13420
100;60;4;BubbleSort;12166;4089;997;6960
100;60;4;MergeSort;1344;479;0;10310
100;60;4;CountingSort;301;0;0;16810
100;60;4;QuickSort;2303;905;400;6760
100;60;4;InsertionSort;3213;1071;0;10661
100;60;4;BubbleSort;11896;4004;972;4960
100;60;4;MergeSort;1344;486;0;10820
100;60;4;CountingSort;301;0;0;24111
100;60;4;QuickSort;2292;843;417;4340
100;60;4;InsertionSort;3123;1041;0;19850
100;60;4;BubbleSort;11506;3869;942;6310
100;60;4;MergeSort;1344;474;0;45690
100;60;4;CountingSort;301;0;0;18790
100;60;4;QuickSort;2332;886;416;4370
100;60;4;InsertionSort;2610;870;0;9720
100;60;4;BubbleSort;10822;3869;771;6850
100;60;4;MergeSort;1344;477;0;13530
100;60;4;CountingSort;301;0;0;15540
100;60;4;QuickSort;2496;924;455;3510
100;60;4;InsertionSort;3126;1042;0;11600
100;60;4;BubbleSort;11416;3822;943;7680
100;60;4;MergeSort;1344;481;0;13320
100;60;4;CountingSort;301;0;0;14030
100;60;4;QuickSort;2781;1056;509;4570
100;60;4;InsertionSort;2754;918;0;13080
100;60;4;BubbleSort;10726;3725;819;6030
100;60;4;MergeSort;1344;482;0;14220
100;60;4;CountingSort;301;0;0;13880
100;60;4;QuickSort;2174;917;355;4060
100;60;4;InsertionSort;3003;1001;0;9120
100;60;4;BubbleSort;10428;3410;902;5740
100;60;4;MergeSort;1344;467;0;13320
100;60;4;CountingSort;301;0;0;15560
100;60;4;QuickSort;2633;977;484;3610
100;60;4;InsertionSort;2697;899;0;8070
100;60;4;BubbleSort;11030;3915;800;7000
100;60;4;MergeSort;1344;466;0;16430
100;60;4;CountingSort;301;0;0;12760
100;60;4;QuickSort;2322;858;422;14620
100;60;4;InsertionSort;3003;1001;0;10161
100;60;4;BubbleSort;10958;3675;902;6840
100;60;4;MergeSort;1344;482;0;9280
100;60;4;CountingSort;301;0;0;12390
100;60;4;QuickSort;2004;762;347;3520
100;60;4;InsertionSort;3045;1015;0;9030
100;60;4;BubbleSort;11212;3774;916;6260
100;60;4;MergeSort;1344;481;0;10020
100;60;4;CountingSort;301;0;0;13850
100;60;4;QuickSort;2855;1190;490;4640
100;60;4;InsertionSort;2787;929;0;10200
100;60;4;BubbleSort;10868;3774;830;5850
100;60;4;MergeSort;1344;479;0;18860
100;60;4;CountingSort;301;0;0;18921
100;60;4;QuickSort;2663;989;492;4440
100;60;4;InsertionSort;2961;987;0;10970
100;60;4;BubbleSort;11646;4047;888;8450
100;60;4;MergeSort;1344;468;0;21150
100;60;4;CountingSort;301;0;0;14700
100;60;4;QuickSort;2789;1100;494;4600
100;60;4;InsertionSort;3279;1093;0;12020
100;60;4;BubbleSort;12154;4089;994;7470
100;60;4;MergeSort;1344;482;0;12010
100;60;4;CountingSort;301;0;0;12510
100;60;4;QuickSort;2712;1014;498;4490
100;60;4;InsertionSort;3084;1028;0;11340
100;60;4;BubbleSort;11454;3869;929;7960
100;60;4;MergeSort;1344;472;0;9240
100;60;4;CountingSort;301;0;0;12370
100;60;4;QuickSort;2818;1108;503;3880
100;60;4;InsertionSort;2868;956;0;10470
100;60;4;BubbleSort;11166;3869;857;6720
100;60;4;MergeSort;1344;472;0;9850
100;60;4;CountingSort;301;0;0;12760
100;60;4;QuickSort;2334;852;427;3700
100;60;4;InsertionSort;2955;985;0;10910
100;60;4;BubbleSort;10994;3725;886;6680
100;60;4;MergeSort;1344;466;0;14970
100;60;4;CountingSort;301;0;0;11290
100;60;4;QuickSort;2632;970;490;3500
100;60;4;InsertionSort;2949;983;0;23420
100;60;4;BubbleSort;11796;4130;884;5380
100;60;4;MergeSort;1344;475;0;21490
100;60;4;CountingSort;301;0;0;15250
100;60;4;QuickSort;2867;1103;520;3800
100;60;4;InsertionSort;2526;842;0;7630
100;60;4;BubbleSort;10220;3624;743;7510
100;60;4;MergeSort;1344;474;0;10470
100;60;4;CountingSort;301;0;0;13020
100;60;4;QuickSort;2271;861;401;3840
100;60;4;InsertionSort;3282;1094;0;9670
100;60;4;BubbleSort;12158;4089;995;7500
100;60;4;MergeSort;1344;479;0;15870
100;60;4;CountingSort;301;0;0;12660
100;60;4;QuickSort;2453;896;448;3680
100;60;4;InsertionSort;2865;955;0;8500
100;60;4;BubbleSort;10874;3725;856;6030
100;60;4;MergeSort;1344;475;0;12170
100;60;4;CountingSort;301;0;0;13880
100;60;4;QuickSort;2707;1060;482;3540
100;60;4;InsertionSort;2922;974;0;8760
100;60;4;BubbleSort;11238;3869;875;6010
100;60;4;MergeSort;1344;481;0;20990
100;60;4;CountingSort;301;0;0;13170
100;60;4;QuickSort;3043;1147;565;4660
100;60;4;InsertionSort;2907;969;0;10770
100;60;4;BubbleSort;11658;4089;870;7490
100;60;4;MergeSort;1344;472;0;23250
100;60;4;CountingSort;301;0;0;18000
100;60;4;QuickSort;2937;1146;532;4470
100;60;4;InsertionSort;2907;969;0;11900
100;60;4;BubbleSort;11400;3960;870;6680
100;60;4;MergeSort;1344;478;0;11110
100;70;1;CountingSort;301;0;0;20210
100;70;1;QuickSort;2691;1017;487;301301
100;70;1;InsertionSort;4625;1541;0;215691
100;70;1;BubbleSort;14860;4544;1443;535391
100;70;1;MergeSort;1344;545;0;109010
100;70;1;CountingSort;301;0;0;17031
100;70;1;QuickSort;2362;874;428;115550
100;70;1;InsertionSort;6919;2305;0;255320
100;70;1;BubbleSort;18726;4947;2208;463351
100;70;1;MergeSort;1344;542;0;143210
100;70;1;CountingSort;301;0;0;21160
100;70;1;QuickSort;3293;1298;599;117160
100;70;1;InsertionSort;7059;2353;0;213980
100;70;1;BubbleSort;18886;4935;2254;424911
100;70;1;MergeSort;1344;544;0;105730
100;70;1;CountingSort;301;0;0;20230
100;70;1;QuickSort;2501;947;448;84910
100;70;1;InsertionSort;4896;1632;0;120490
100;70;1;BubbleSort;15652;4760;1533;370631
100;70;1;MergeSort;1344;535;0;136470
100;70;1;CountingSort;301;0;0;14880
100;70;1;QuickSort;2259;909;386;139661
100;70;1;InsertionSort;5730;1910;0;260951
100;70;1;BubbleSort;17124;4940;1811;358131
100;70;1;MergeSort;1344;537;0;35060
100;70;1;CountingSort;301;0;0;13460
100;70;1;QuickSort;2303;872;410;98760
100;70;1;InsertionSort;5566;1854;0;149200
100;70;1;BubbleSort;16838;4905;1757;419711
100;70;1;MergeSort;1344;532;0;35040
100;70;1;CountingSort;301;0;0;15010
100;70;1;QuickSort;2925;1107;539;49120
100;70;1;InsertionSort;4808;1602;0;140030
100;70;1;BubbleSort;14860;4422;1504;332811
100;70;1;MergeSort;1344;529;0;26610
100;70;1;CountingSort;301;0;0;17011
100;70;1;QuickSort;2862;1104;520;10680
100;70;1;InsertionSort;6538;2178;0;179860
100;70;1;BubbleSort;17918;4797;2081;367761
100;70;1;MergeSort;1344;542;0;35530
100;70;1;CountingSort;301;0;0;12640
100;70;1;QuickSort;3021;1158;557;11200
100;70;1;InsertionSort;6364;2118;0;166241
100;70;1;BubbleSort;17490;4697;2024;368711
100;70;1;MergeSort;1344;535;0;23350
100;70;1;CountingSort;301;0;0;12970
100;70;1;QuickSort;2475;909;457;9220
100;70;1;InsertionSort;6355;2117;0;203240
100;70;1;BubbleSort;17708;4814;2020;349521
100;70;1;MergeSort;1344;544;0;18570
100;70;1;CountingSort;301;0;0;16280
100;70;1;QuickSort;2685;1029;485;10530
100;70;1;InsertionSort;6255;2085;0;181420
100;70;1;BubbleSort;17464;4760;1986;356911
100;70;1;MergeSort;1344;545;0;18160
100;70;1;CountingSort;301;0;0;14390
100;70;1;QuickSort;2823;1089;512;10300
100;70;1;InsertionSort;6686;2226;0;152320
100;70;1;BubbleSort;18412;4944;2131;381041
100;70;1;MergeSort;1344;536;0;18460
100;70;1;CountingSort;301;0;0;16150
100;70;1;QuickSort;2379;936;413;10430
100;70;1;InsertionSort;6445;2147;0;196641
100;70;1;BubbleSort;18100;4950;2050;413912
100;70;1;MergeSort;1344;544;0;28570
100;70;1;CountingSort;301;0;0;14580
100;70;1;QuickSort;2407;886;440;11150
100;70;1;InsertionSort;5911;1967;0;259991
100;70;1;BubbleSort;17390;4949;1873;189510
100;70;1;MergeSort;1344;534;0;27870
100;70;1;CountingSort;301;0;0;14510
100;70;1;QuickSort;2501;950;449;9770
100;70;1;InsertionSort;6348;2116;0;171901
100;70;1;BubbleSort;17878;4905;2017;71290
100;70;1;MergeSort;1344;539;0;25840
100;70;1;CountingSort;301;0;0;15450
100;70;1;QuickSort;2344;859;429;7840
100;70;1;InsertionSort;5491;1829;0;238080
100;70;1;BubbleSort;16772;4922;1732;64350
100;70;1;MergeSort;1344;540;0;24760
100;70;1;CountingSort;301;0;0;14590
100;70;1;QuickSort;2476;943;443;9261
100;70;1;InsertionSort;5403;1801;0;158190
100;70;1;BubbleSort;16552;4872;1702;110640
100;70;1;MergeSort;1344;552;0;33930
100;70;1;CountingSort;301;0;0;15590
100;70;1;QuickSort;2386;943;415;11500
100;70;1;InsertionSort;5416;1804;0;164291
100;70;1;BubbleSort;16456;4814;1707;123241
100;70;1;MergeSort;1344;541;0;36150
100;70;1;CountingSort;301;0;0;15640
100;70;1;QuickSort;2296;850;415;45740
100;70;1;InsertionSort;5401;1797;0;161100
100;70;1;BubbleSort;16112;4650;1703;45310
100;70;1;MergeSort;1344;550;0;37770
100;70;1;CountingSort;301;0;0;14610
100;70;1;QuickSort;3078;1203;560;10200
100;70;1;InsertionSort;6619;2203;0;196061
100;70;1;BubbleSort;18246;4905;2109;51830
100;70;1;MergeSort;1344;538;0;19780
100;70;1;CountingSort;301;0;0;18800
100;70;1;QuickSort;2150;839;371;13370
100;70;1;InsertionSort;5899;1965;0;189020
100;70;1;BubbleSort;17240;4884;1868;129130
100;70;1;MergeSort;1344;534;0;35600
100;70;1;CountingSort;301;0;0;11880
100;70;1;QuickSort;2614;982;478;10990
100;70;1;InsertionSort;6738;2244;0;323430
100;70;1;BubbleSort;18336;4872;2148;143920
100;70;1;MergeSort;1344;547;0;20880
100;70;1;CountingSort;301;0;0;23290
100;70;1;QuickSort;2254;847;407;10360
100;70;1;InsertionSort;5883;1959;0;179720
100;70;1;BubbleSort;17242;4895;1863;50230
100;70;1;MergeSort;1344;527;0;19350
100;70;1;CountingSort;301;0;0;16321
100;70;1;QuickSort;2601;1041;453;8230
100;70;1;InsertionSort;5556;1852;0;169060
100;70;1;BubbleSort;16822;4905;1753;62100
100;70;1;MergeSort;1344;545;0;26680
100;70;1;CountingSort;301;0;0;13330
100;70;1;QuickSort;2404;961;416;7790
100;70;1;InsertionSort;5986;1994;0;1268494
100;70;1;BubbleSort;17146;4779;1897;1264214
100;70;1;MergeSort;1344;541;0;1156714
100;70;1;CountingSort;301;0;0;16980
100;70;1;QuickSort;2845;1075;525;13770
100;70;1;InsertionSort;6396;2130;0;240021
100;70;1;BubbleSort;17994;4929;2034;153940
100;70;1;MergeSort;1344;538;0;29270
100;70;1;CountingSort;301;0;0;14720
100;70;1;QuickSort;2427;963;422;9260
100;70;1;InsertionSort;6055;2017;0;154791
100;70;1;BubbleSort;17470;4895;1920;172270
100;70;1;MergeSort;1344;539;0;17650
100;70;1;CountingSort;301;0;0;14550
100;70;1;QuickSort;2223;873;384;7630
100;70;1;InsertionSort;6662;2216;0;176210
100;70;1;BubbleSort;18124;4814;2124;82420
100;70;1;MergeSort;1344;538;0;23050
100;70;1;CountingSort;301;0;0;11880
100;70;1;QuickSort;2786;1058;509;17440
100;70;1;InsertionSort;6421;2139;0;209361
100;70;1;BubbleSort;17256;4544;2042;101660
100;70;1;MergeSort;1344;539;0;14390
100;70;1;CountingSort;301;0;0;14910
100;70;1;QuickSort;2169;849;372;38110
100;70;1;InsertionSort;5733;1909;0;205691
100;70;1;BubbleSort;16846;4797;1813;123831
100;70;1;MergeSort;1344;528;0;28160
100;70;1;CountingSort;301;0;0;12180
100;70;1;QuickSort;2673;987;494;15960
100;70;1;InsertionSort;6118;2038;0;184230
100;70;1;BubbleSort;17454;4845;1941;21390
100;70;1;MergeSort;1344;541;0;10790
100;70;1;CountingSort;301;0;0;10950
100;70;1;QuickSort;2404;904;435;32820
100;70;1;InsertionSort;5967;1987;0;100680
100;70;1;BubbleSort;17002;4719;1891;9930
100;70;1;MergeSort;1344;521;0;16340
100;70;1;CountingSort;301;0;0;11860
100;70;1;QuickSort;2373;990;396;8730
100;70;1;InsertionSort;6231;2075;0;32241
100;70;1;BubbleSort;17606;4845;1979;12570
100;70;1;MergeSort;1344;540;0;17000
100;70;1;CountingSort;301;0;0;12590
100;70;1;QuickSort;2451;936;440;7450
100;70;1;InsertionSort;5929;1973;0;32830
100;70;1;BubbleSort;16954;4719;1879;12430
100;70;1;MergeSort;1344;538;0;10690
100;70;1;CountingSort;301;0;0;10570
100;70;1;QuickSort;2315;854;421;12380
100;70;1;InsertionSort;5548;1848;0;17520
100;70;1;BubbleSort;16814;4905;1751;12710
100;70;1;MergeSort;1344;535;0;10010
100;70;1;CountingSort;301;0;0;14540
100;70;1;QuickSort;2183;836;378;8470
100;70;1;InsertionSort;6085;2027;0;17540
100;70;1;BubbleSort;17578;4929;1930;10140
100;70;1;MergeSort;1344;541;0;9080
100;70;1;CountingSort;301;0;0;12740
100;70;1;QuickSort;2496;921;461;8880
100;70;1;InsertionSort;7093;2363;0;37021
100;70;1;BubbleSort;18944;4940;2266;14050
100;70;1;MergeSort;1344;539;0;7400
100;70;1;CountingSort;301;0;0;15610
100;70;1;QuickSort;2372;893;428;8050
100;70;1;InsertionSort;6234;2078;0;51620
100;70;1;BubbleSort;17786;4935;1979;13130
100;70;1;MergeSort;1344;538;0;15150
100;70;1;CountingSort;301;0;0;12220
100;70;1;QuickSort;2753;1010;513;7870
100;70;1;InsertionSort;5152;1716;0;55390
100;70;1;BubbleSort;15870;4697;1619;24270
100;70;1;MergeSort;1344;535;0;12140
100;70;1;CountingSort;301;0;0;11030
100;70;1;QuickSort;3080;1238;548;14890
100;70;1;InsertionSort;5669;1887;0;16470
100;70;1;BubbleSort;16688;4760;1792;15680
100;70;1;MergeSort;1344;548;0;15060
100;70;1;CountingSort;301;0;0;12450
100;70;1;QuickSort;2377;976;401;7650
100;70;1;InsertionSort;5952;1982;0;33310
100;70;1;BubbleSort;16688;4572;1886;9840
100;70;1;MergeSort;1344;549;0;16290
100;70;1;CountingSort;301;0;0;14630
100;70;1;QuickSort;2704;1060;479;9661
100;70;1;InsertionSort;6616;2202;0;39490
100;70;1;BubbleSort;18122;4845;2108;12790
100;70;1;MergeSort;1344;539;0;11610
100;70;1;CountingSort;301;0;0;13700
100;70;1;QuickSort;2148;819;378;7640
100;70;1;InsertionSort;4866;1622;0;35160
100;70;1;BubbleSort;15440;4674;1523;20150
100;70;1;MergeSort;1344;534;0;15860
100;70;1;CountingSort;301;0;0;13510
100;70;1;QuickSort;2328;858;424;77960
100;70;1;InsertionSort;5212;1736;0;27190
100;70;1;BubbleSort;15994;4719;1639;9560
100;70;1;MergeSort;1344;536;0;13650
100;70;1;CountingSort;301;0;0;20240
100;70;1;QuickSort;2246;863;396;45930
100;70;1;InsertionSort;6258;2086;0;17871
100;70;1;BubbleSort;17716;4884;1987;11030
100;70;1;MergeSort;1344;540;0;12720
100;70;1;CountingSort;301;0;0;11490
100;70;1;QuickSort;2516;938;462;45380
100;70;1;InsertionSort;5643;1881;0;35580
100;70;1;BubbleSort;17022;4947;1782;12850
100;70;1;MergeSort;1344;537;0;13540
100;70;1;CountingSort;301;0;0;17150
100;70;1;QuickSort;2478;936;450;60550
100;70;1;InsertionSort;6081;2025;0;44900
100;70;1;BubbleSort;17344;4814;1929;21270
100;70;1;MergeSort;1344;551;0;13840
100;70;1;CountingSort;301;0;0;17581
100;70;1;QuickSort;2301;888;404;56790
100;70;1;InsertionSort;6703;2233;0;29810
100;70;1;BubbleSort;18262;4859;2136;10580
100;70;1;MergeSort;1344;544;0;11560
100;70;1;CountingSort;301;0;0;13520
100;70;1;QuickSort;2193;825;386;48450
100;70;1;InsertionSort;5661;1885;0;25680
100;70;1;BubbleSort;16676;4760;1789;10760
100;70;1;MergeSort;1344;540;0;13270
100;70;1;CountingSort;301;0;0;17110
100;70;1;QuickSort;3025;1165;554;72501
100;70;1;InsertionSort;5841;1947;0;28031
100;70;1;BubbleSort;17052;4830;1848;11210
100;70;1;MergeSort;1344;543;0;12160
100;70;1;CountingSort;301;0;0;15540
100;70;1;QuickSort;2129;815;373;61000
100;70;1;InsertionSort;5350;1780;0;29470
100;70;1;BubbleSort;15888;4572;1686;10640
100;70;1;MergeSort;1344;534;0;15490
100;70;1;CountingSort;301;0;0;24840
100;70;1;QuickSort;2376;903;423;57760
100;70;1;InsertionSort;6703;2231;0;33540
100;70;1;BubbleSort;18406;4929;2137;13610
100;70;1;MergeSort;1344;548;0;16460
100;70;1;CountingSort;301;0;0;18050
100;70;1;QuickSort;2174;884;361;20470
100;70;1;InsertionSort;6222;2072;0;18080
100;70;1;BubbleSort;17648;4872;1976;10620
100;70;1;MergeSort;1344;537;0;25760
100;70;1;CountingSort;301;0;0;17980
100;70;1;QuickSort;2242;898;379;4770
100;70;1;InsertionSort;6606;2202;0;19860
100;70;1;BubbleSort;18222;4905;2103;12040
100;70;1;MergeSort;1344;539;0;22581
100;70;1;CountingSort;301;0;0;13781
100;70;1;QuickSort;2405;869;444;4220
100;70;1;InsertionSort;5730;1910;0;21190
100;70;1;BubbleSort;16638;4697;1811;10490
100;70;1;MergeSort;1344;537;0;15790
100;70;1;CountingSort;301;0;0;13920
100;70;1;QuickSort;2377;886;431;3960
100;70;1;InsertionSort;6310;2102;0;53960
100;70;1;BubbleSort;17878;4929;2005;39670
100;70;1;MergeSort;1344;536;0;15140
100;70;1;CountingSort;301;0;0;20150
100;70;1;QuickSort;2438;914;443;3920
100;70;1;InsertionSort;6258;2086;0;30580
100;70;1;BubbleSort;17758;4905;1987;7860
100;70;1;MergeSort;1344;541;0;15380
100;70;1;CountingSort;301;0;0;11770
100;70;1;QuickSort;2363;908;418;3450
100;70;1;InsertionSort;5811;1937;0;24990
100;70;1;BubbleSort;17250;4949;1838;10230
100;70;1;MergeSort;1344;552;0;15551
100;70;1;CountingSort;301;0;0;11600
100;70;1;QuickSort;2995;1075;571;3560
100;70;1;InsertionSort;6847;2279;0;30050
100;70;1;BubbleSort;18458;4859;2185;11360
100;70;1;MergeSort;1344;544;0;22230
100;70;1;CountingSort;301;0;0;14010
100;70;1;QuickSort;2596;949;479;4600
100;70;1;InsertionSort;7042;2344;0;21910
100;70;1;BubbleSort;18844;4922;2250;12080
100;70;1;MergeSort;1344;552;0;10460
100;70;1;CountingSort;301;0;0;12950
100;70;1;QuickSort;2823;1071;519;4900
100;70;1;InsertionSort;5748;1912;0;25050
100;70;1;BubbleSort;16994;4859;1819;7900
100;70;1;MergeSort;1344;526;0;10350
100;70;1;CountingSort;301;0;0;16061
100;70;1;QuickSort;2835;1071;521;5890
100;70;1;InsertionSort;5860;1950;0;28630
100;70;1;BubbleSort;16982;4779;1856;7580
100;70;1;MergeSort;1344;547;0;11270
100;70;1;CountingSort;301;0;0;12080
100;70;1;QuickSort;2395;931;421;3700
100;70;1;InsertionSort;5945;1979;0;18290
100;70;1;BubbleSort;17406;4935;1884;9790
100;70;1;MergeSort;1344;544;0;11710
100;70;1;CountingSort;301;0;0;11370
100;70;1;QuickSort;2396;914;430;3650
100;70;1;InsertionSort;6375;2125;0;18060
100;70;1;BubbleSort;17764;4830;2026;12210
100;70;1;MergeSort;1344;542;0;20991
100;70;1;CountingSort;301;0;0;17570
100;70;1;QuickSort;2452;937;437;8500
100;70;1;InsertionSort;5451;1815;0;15690
100;70;1;BubbleSort;16644;4884;1719;10770
100;70;1;MergeSort;1344;542;0;12360
100;70;1;CountingSort;301;0;0;15690
100;70;1;QuickSort;2623;1003;472;3570
100;70;1;InsertionSort;6108;2034;0;17460
100;70;1;BubbleSort;17412;4830;1938;12340
100;70;1;MergeSort;1344;545;0;14940
100;70;1;CountingSort;301;0;0;18770
100;70;1;QuickSort;2519;944;459;4590
100;70;1;InsertionSort;6366;2122;0;69050
100;70;1;BubbleSort;17882;4895;2023;11520
100;70;1;MergeSort;1344;537;0;18360
100;70;1;CountingSort;301;0;0;14630
100;70;1;QuickSort;2718;1065;485;5060
100;70;1;InsertionSort;5253;1749;0;26030
100;70;1;BubbleSort;16482;4935;1653;9720
100;70;1;MergeSort;1344;537;0;14440
100;70;1;CountingSort;301;0;0;11520
100;70;1;QuickSort;2007;786;339;10240
100;70;1;InsertionSort;5736;1912;0;27410
100;70;1;BubbleSort;16996;4872;1813;7570
100;70;1;MergeSort;1344;537;0;18780
100;70;1;CountingSort;301;0;0;13720
100;70;1;QuickSort;2401;931;425;3880
100;70;1;InsertionSort;7044;2348;0;32670
100;70;1;BubbleSort;18890;4947;2249;8240
100;70;1;MergeSort;1344;543;0;14730
100;70;1;CountingSort;301;0;0;12660
100;70;1;QuickSort;2412;930;425;3540
100;70;1;InsertionSort;6348;2116;0;58511
100;70;1;BubbleSort;17896;4914;2017;10411
100;70;1;MergeSort;1344;536;0;10190
100;70;1;CountingSort;301;0;0;15290
100;70;1;QuickSort;2307;900;401;3890
100;70;1;InsertionSort;6541;2179;0;22010
100;70;1;BubbleSort;17956;4814;2082;10250
100;70;1;MergeSort;1344;546;0;14560
100;70;1;CountingSort;301;0;0;12020
100;70;1;QuickSort;2361;882;429;4690
100;70;1;InsertionSort;5152;1716;0;14860
100;70;1;BubbleSort;16136;4830;1619;10690
100;70;1;MergeSort;1344;540;0;23500
100;70;1;CountingSort;301;0;0;19520
100;70;1;QuickSort;2392;874;440;4370
100;70;1;InsertionSort;5575;1857;0;15960
100;70;1;BubbleSort;16934;4947;1760;16070
100;70;1;MergeSort;1344;549;0;14480
100;70;1;CountingSort;301;0;0;19880
100;70;1;QuickSort;2519;944;455;4470
100;70;1;InsertionSort;6209;2067;0;29561
100;70;1;BubbleSort;17698;4905;1972;9600
100;70;1;MergeSort;1344;539;0;18590
100;70;1;CountingSort;301;0;0;20471
100;70;1;QuickSort;2875;1105;526;4970
100;70;1;InsertionSort;6266;2086;0;126310
100;70;1;BubbleSort;17822;4929;1991;40390
100;70;1;MergeSort;1344;541;0;18980
100;70;1;CountingSort;301;0;0;16640
100;70;1;QuickSort;2316;894;408;4420
100;70;1;InsertionSort;5727;1909;0;22740
100;70;1;BubbleSort;16720;4740;1810;13620
100;70;1;MergeSort;1344;543;0;11760
100;70;1;CountingSort;301;0;0;12220
100;70;1;QuickSort;2559;1005;450;5151
100;70;1;InsertionSort;4942;1646;0;18080
100;70;1;BubbleSort;15226;4515;1549;8890
100;70;1;MergeSort;1344;535;0;19810
100;70;1;CountingSort;301;0;0;11440
100;70;1;QuickSort;3398;1259;645;4560
100;70;1;InsertionSort;6333;2109;0;18100
100;70;1;BubbleSort;17796;4872;2013;15530
100;70;1;MergeSort;1344;526;0;28530
100;70;1;CountingSort;301;0;0;12840
100;70;1;QuickSort;2413;937;428;4580
100;70;1;InsertionSort;6630;2210;0;82060
100;70;1;BubbleSort;18272;4914;2111;24270
100;70;1;MergeSort;1344;551;0;17690
100;70;1;CountingSort;301;0;0;12650
100;70;1;QuickSort;2473;937;449;3840
100;70;1;InsertionSort;5887;1961;0;23760
100;70;1;BubbleSort;17266;4905;1864;8980
100;70;1;MergeSort;1344;548;0;12660
100;70;1;CountingSort;301;0;0;17610
100;70;1;QuickSort;2291;860;413;3790
100;70;1;InsertionSort;5540;1844;0;27380
100;70;1;BubbleSort;16786;4895;1749;9830
100;70;1;MergeSort;1344;538;0;15460
100;70;1;CountingSort;301;0;0;13620
100;70;1;QuickSort;2661;993;487;3600
100;70;1;InsertionSort;6381;2125;0;36750
100;70;1;BubbleSort;17674;4779;2029;44880
100;70;1;MergeSort;1344;533;0;19500
100;70;1;CountingSort;301;0;0;13790
100;70;1;QuickSort;2536;985;454;3770
100;70;1;InsertionSort;6862;2286;0;79450
100;70;1;BubbleSort;18416;4830;2189;22640
100;70;1;MergeSort;1344;525;0;12090
100;70;1;CountingSort;301;0;0;13400
100;70;1;QuickSort;2871;1122;517;3770
100;70;1;InsertionSort;5382;1794;0;19970
100;70;1;BubbleSort;16338;4779;1695;12120
100;70;1;MergeSort;1344;535;0;13650
100;70;1;CountingSort;301;0;0;12160
100;70;1;QuickSort;3026;1151;560;4500
100;70;1;InsertionSort;5611;1869;0;20081
100;70;1;BubbleSort;16646;4779;1772;11110
100;70;1;MergeSort;1344;530;0;14550
100;70;1;CountingSort;301;0;0;12190
100;70;1;QuickSort;2913;1128;528;4430
100;70;1;InsertionSort;7198;2398;0;62400
100;70;1;BubbleSort;19048;4922;2301;18480
100;70;1;MergeSort;1344;548;0;12940
100;70;1;CountingSort;301;0;0;32310
100;70;1;QuickSort;2424;942;427;4910
100;70;1;InsertionSort;5268;1756;0;48560
100;70;1;BubbleSort;16288;4830;1657;7510
100;70;1;MergeSort;1344;541;0;20440
100;70;1;CountingSort;301;0;0;14380
100;70;1;QuickSort;2524;1042;426;4700
100;70;1;InsertionSort;6298;2098;0;31720
100;70;1;BubbleSort;17352;4674;2001;10820
100;70;1;MergeSort;1344;534;0;14140
100;70;1;CountingSort;301;0;0;17530
100;70;1;QuickSort;2599;1033;459;19110
100;70;1;InsertionSort;5832;1944;0;29130
100;70;1;BubbleSort;17070;4845;1845;9960
100;70;1;MergeSort;1344;545;0;13160
100;70;1;CountingSort;301;0;0;14320
100;70;1;QuickSort;2845;1057;526;4000
100;70;1;InsertionSort;5245;1747;0;33000
100;70;1;BubbleSort;16494;4947;1650;11850
100;70;1;MergeSort;1344;539;0;15400
100;70;1;CountingSort;301;0;0;13611
100;70;1;QuickSort;3175;1195;588;4230
100;70;1;InsertionSort;6507;2169;0;60830
100;70;1;BubbleSort;18108;4914;2070;15660
100;70;1;MergeSort;1344;545;0;13270
100;70;1;CountingSort;301;0;0;13950
100;70;1;QuickSort;2248;817;414;3890
100;70;1;InsertionSort;5838;1946;0;36570
100;70;1;BubbleSort;17282;4947;1847;7680
100;70;1;MergeSort;1344;540;0;13050
100;70;1;CountingSort;301;0;0;14170
100;70;1;QuickSort;2743;1021;506;4020
100;70;1;InsertionSort;6201;2067;0;102390
100;70;1;BubbleSort;17730;4929;1968;8480
100;70;1;MergeSort;1344;534;0;11840
100;70;1;CountingSort;301;0;0;16210
100;70;1;QuickSort;2667;1071;466;5720
100;70;1;InsertionSort;5934;1976;0;88750
100;70;1;BubbleSort;16770;4625;1880;14590
100;70;1;MergeSort;1344;540;0;24020
100;70;1;CountingSort;301;0;0;14910
100;70;1;QuickSort;2447;896;450;4860
100;70;1;InsertionSort;5811;1937;0;97240
100;70;1;BubbleSort;17210;4929;1838;15560
100;70;1;MergeSort;1344;537;0;12390
100;70;1;CountingSort;301;0;0;12710
100;70;1;QuickSort;2687;992;503;4900
100;70;1;InsertionSort;5961;1987;0;82360
100;70;1;BubbleSort;17270;4859;1888;21410
100;70;1;MergeSort;1344;554;0;11110
100;70;1;CountingSort;301;0;0;13781
100;70;1;QuickSort;2756;1055;501;4310
100;70;1;InsertionSort;5682;1894;0;89510
100;70;1;BubbleSort;16774;4797;1795;9090
100;70;1;MergeSort;1344;539;0;10980
100;70;1;CountingSort;301;0;0;14730
100;70;1;QuickSort;2440;874;452;4640
100;70;1;InsertionSort;5671;1889;0;134750
100;70;1;BubbleSort;16562;4697;1792;16060
100;70;1;MergeSort;1344;511;0;10840
100;70;1;CountingSort;301;0;0;11650
100;70;1;QuickSort;2884;1099;527;4030
100;70;1;InsertionSort;5826;1942;0;19250
100;70;1;BubbleSort;17242;4935;1843;10690
100;70;1;MergeSort;1344;556;0;17950
100;70;2;CountingSort;301;0;0;20810
100;70;2;QuickSort;2342;935;399;194631
100;70;2;InsertionSort;3778;1258;0;207651
100;70;2;BubbleSort;12904;4130;1161;595002
100;70;2;MergeSort;1344;454;0;115100
100;70;2;CountingSort;301;0;0;16150
100;70;2;QuickSort;2364;894;425;120961
100;70;2;InsertionSort;4244;1412;0;106711
100;70;2;BubbleSort;14046;4389;1317;351841
100;70;2;MergeSort;1344;464;0;139890
100;70;2;CountingSort;301;0;0;20240
100;70;2;QuickSort;2761;1054;505;125000
100;70;2;InsertionSort;4182;1394;0;112320
100;70;2;BubbleSort;13748;4284;1295;380541
100;70;2;MergeSort;1344;461;0;114970
100;70;2;CountingSort;301;0;0;14720
100;70;2;QuickSort;2416;913;434;97220
100;70;2;InsertionSort;4190;1396;0;114641
100;70;2;BubbleSort;13286;4047;1298;338452
100;70;2;MergeSort;1344;458;0;70670
100;70;2;CountingSort;301;0;0;14540
100;70;2;QuickSort;3022;1135;564;96010
100;70;2;InsertionSort;4019;1337;0;164020
100;70;2;BubbleSort;13536;4284;1242;287751
100;70;2;MergeSort;1344;462;0;42700
100;70;2;CountingSort;301;0;0;16620
100;70;2;QuickSort;2785;1087;498;46300
100;70;2;InsertionSort;4210;1400;0;154780
100;70;2;BubbleSort;14002;4389;1306;293901
100;70;2;MergeSort;1344;454;0;35920
100;70;2;CountingSort;301;0;0;15220
100;70;2;QuickSort;2839;1111;509;20020
100;70;2;InsertionSort;4168;1386;0;119450
100;70;2;BubbleSort;13662;4247;1292;463801
100;70;2;MergeSort;1344;466;0;27700
100;70;2;CountingSort;301;0;0;13660
100;70;2;QuickSort;2718;1011;505;35441
100;70;2;InsertionSort;3671;1221;0;143510
100;70;2;BubbleSort;13214;4355;1126;258851
100;70;2;MergeSort;1344;450;0;39030
100;70;2;CountingSort;301;0;0;15040
100;70;2;QuickSort;2844;1080;521;8850
100;70;2;InsertionSort;4203;1397;0;168741
100;70;2;BubbleSort;14060;4422;1304;285001
100;70;2;MergeSort;1344;453;0;30630
100;70;2;CountingSort;301;0;0;13470
100;70;2;QuickSort;2412;921;430;7800
100;70;2;InsertionSort;3516;1170;0;118541
100;70;2;BubbleSort;12556;4130;1074;265451
100;70;2;MergeSort;1344;456;0;27951
100;70;2;CountingSort;301;0;0;17890
100;70;2;QuickSort;2512;973;450;11800
100;70;2;InsertionSort;3869;1287;0;115220
100;70;2;BubbleSort;12316;3774;1192;241451
100;70;2;MergeSort;1344;463;0;26030
100;70;2;CountingSort;301;0;0;17570
100;70;2;QuickSort;2333;914;405;7870
100;70;2;InsertionSort;3971;1319;0;115970
100;70;2;BubbleSort;13686;4389;1227;269701
100;70;2;MergeSort;1344;466;0;32900
100;70;2;CountingSort;301;0;0;14020
100;70;2;QuickSort;2395;910;429;9690
100;70;2;InsertionSort;3745;1245;0;117820
100;70;2;BubbleSort;13574;4485;1151;276671
100;70;2;MergeSort;1344;457;0;33930
100;70;2;CountingSort;301;0;0;14080
100;70;2;QuickSort;2685;978;500;9430
100;70;2;InsertionSort;3823;1273;0;106851
100;70;2;BubbleSort;13414;4355;1176;357461
100;70;2;MergeSort;1344;453;0;34980
100;70;2;CountingSort;301;0;0;16320
100;70;2;QuickSort;2662;1003;488;10090
100;70;2;InsertionSort;4221;1405;0;129480
100;70;2;BubbleSort;13156;3960;1309;143021
100;70;2;MergeSort;1344;459;0;25160
100;70;2;CountingSort;301;0;0;19260
100;70;2;QuickSort;2682;963;505;11070
100;70;2;InsertionSort;4620;1536;0;133591
100;70;2;BubbleSort;14550;4389;1443;97561
100;70;2;MergeSort;1344;458;0;33150
100;70;2;CountingSort;301;0;0;18140
100;70;2;QuickSort;2374;892;427;9650
100;70;2;InsertionSort;3408;1132;0;106191
100;70;2;BubbleSort;11986;3915;1039;83831
100;70;2;MergeSort;1344;465;0;41911
100;70;2;CountingSort;301;0;0;16880
100;70;2;QuickSort;2652;1017;478;16700
100;70;2;InsertionSort;3817;1271;0;97820
100;70;2;BubbleSort;12956;4130;1174;71990
100;70;2;MergeSort;1344;463;0;30190
100;70;2;CountingSort;301;0;0;15420
100;70;2;QuickSort;2441;893;446;10720
100;70;2;InsertionSort;4063;1353;0;122460
100;70;2;BubbleSort;13202;4089;1256;70780
100;70;2;MergeSort;1344;459;0;18400
100;70;2;CountingSort;301;0;0;14470
100;70;2;QuickSort;2744;1013;514;9840
100;70;2;InsertionSort;3499;1165;0;101840
100;70;2;BubbleSort;12532;4130;1068;69990
100;70;2;MergeSort;1344;458;0;25500
100;70;2;CountingSort;301;0;0;17930
100;70;2;QuickSort;2118;849;358;9170
100;70;2;InsertionSort;4534;1508;0;140351
100;70;2;BubbleSort;14366;4355;1414;107371
100;70;2;MergeSort;1344;461;0;29070
100;70;2;CountingSort;301;0;0;17100
100;70;2;QuickSort;2520;954;461;9230
100;70;2;InsertionSort;4113;1369;0;135950
100;70;2;BubbleSort;13510;4209;1273;103830
100;70;2;MergeSort;1344;458;0;32440
100;70;2;CountingSort;301;0;0;13850
100;70;2;QuickSort;2646;1023;473;10490
100;70;2;InsertionSort;3969;1321;0;132091
100;70;2;BubbleSort;13240;4170;1225;93521
100;70;2;MergeSort;1344;459;0;24961
100;70;2;CountingSort;301;0;0;16330
100;70;2;QuickSort;3030;1128;569;8930
100;70;2;InsertionSort;4128;1374;0;126620
100;70;2;BubbleSort;13822;4355;1278;101650
100;70;2;MergeSort;1344;456;0;31140
100;70;2;CountingSort;301;0;0;14980
100;70;2;QuickSort;2601;999;466;10030
100;70;2;InsertionSort;4061;1351;0;98611
100;70;2;BubbleSort;13518;4247;1256;53350
100;70;2;MergeSort;1344;466;0;1235494
100;70;2;CountingSort;301;0;0;16460
100;70;2;QuickSort;2403;879;448;10900
100;70;2;InsertionSort;3969;1321;0;110280
100;70;2;BubbleSort;13394;4247;1225;47700
100;70;2;MergeSort;1344;471;0;16560
100;70;2;CountingSort;301;0;0;15161
100;70;2;QuickSort;2519;974;452;11820
100;70;2;InsertionSort;3853;1279;0;93660
100;70;2;BubbleSort;13320;4284;1188;69130
100;70;2;MergeSort;1344;464;0;27370
100;70;2;CountingSort;301;0;0;13730
100;70;2;QuickSort;2714;1091;477;10040
100;70;2;InsertionSort;4372;1454;0;98270
100;70;2;BubbleSort;14008;4284;1360;65440
100;70;2;MergeSort;1344;458;0;24370
100;70;2;CountingSort;301;0;0;17660
100;70;2;QuickSort;2687;1061;479;17370
100;70;2;InsertionSort;3816;1270;0;84640
100;70;2;BubbleSort;13190;4247;1174;75430
100;70;2;MergeSort;1344;451;0;26080
100;70;2;CountingSort;301;0;0;15380
100;70;2;QuickSort;2427;927;436;9100
100;70;2;InsertionSort;3772;1256;0;82570
100;70;2;BubbleSort;12644;4004;1159;72100
100;70;2;MergeSort;1344;459;0;21610
100;70;2;CountingSort;301;0;0;17880
100;70;2;QuickSort;2457;906;448;8890
100;70;2;InsertionSort;4611;1535;0;112311
100;70;2;BubbleSort;14600;4422;1439;64251
100;70;2;MergeSort;1344;462;0;34060
100;70;2;CountingSort;301;0;0;16830
100;70;2;QuickSort;3006;1206;536;10850
100;70;2;InsertionSort;3709;1233;0;107610
100;70;2;BubbleSort;12564;4004;1139;34760
100;70;2;MergeSort;1344;464;0;18780
100;70;2;CountingSort;301;0;0;14490
100;70;2;QuickSort;2623;982;480;9590
100;70;2;InsertionSort;4565;1517;0;131660
100;70;2;BubbleSort;14544;4422;1425;47640
100;70;2;MergeSort;1344;455;0;14340
100;70;2;CountingSort;301;0;0;24000
100;70;2;QuickSort;2279;953;378;13610
100;70;2;InsertionSort;3598;1194;0;127880
100;70;2;BubbleSort;12506;4047;1103;116750
100;70;2;MergeSort;1344;448;0;9870
100;70;2;CountingSort;301;0;0;16810
100;70;2;QuickSort;2450;959;432;11170
100;70;2;InsertionSort;4039;1345;0;111300
100;70;2;BubbleSort;12636;3822;1248;33290
100;70;2;MergeSort;1344;457;0;11410
100;70;2;CountingSort;301;0;0;17450
100;70;2;QuickSort;2402;947;420;9430
100;70;2;InsertionSort;4223;1405;0;162921
100;70;2;BubbleSort;13658;4209;1310;155431
100;70;2;MergeSort;1344;463;0;11460
100;70;2;CountingSort;301;0;0;16520
100;70;2;QuickSort;2775;1032;516;10190
100;70;2;InsertionSort;4178;1390;0;102410
100;70;2;BubbleSort;13890;4355;1295;69050
100;70;2;MergeSort;1344;462;0;14240
100;70;2;CountingSort;301;0;0;14480
100;70;2;QuickSort;2604;948;483;14090
100;70;2;InsertionSort;4402;1464;0;94630
100;70;2;BubbleSort;14450;4485;1370;94050
100;70;2;MergeSort;1344;463;0;11990
100;70;2;CountingSort;301;0;0;16940
100;70;2;QuickSort;2542;940;472;9190
100;70;2;InsertionSort;4344;1446;0;123200
100;70;2;BubbleSort;14370;4485;1350;49150
100;70;2;MergeSort;1344;464;0;11960
100;70;2;CountingSort;301;0;0;15820
100;70;2;QuickSort;3107;1160;580;10790
100;70;2;InsertionSort;4337;1441;0;113731
100;70;2;BubbleSort;14240;4422;1349;132441
100;70;2;MergeSort;1344;459;0;13091
100;70;2;CountingSort;301;0;0;17151
100;70;2;QuickSort;2576;1010;459;11180
100;70;2;InsertionSort;3875;1287;0;86170
100;70;2;BubbleSort;13490;4355;1195;37200
100;70;2;MergeSort;1344;466;0;14010
100;70;2;CountingSort;301;0;0;18740
100;70;2;QuickSort;2793;1050;517;11120
100;70;2;InsertionSort;3939;1311;0;104760
100;70;2;BubbleSort;13768;4454;1215;162451
100;70;2;MergeSort;1344;459;0;14770
100;70;2;CountingSort;301;0;0;17800
100;70;2;QuickSort;3406;1261;650;63310
100;70;2;InsertionSort;3847;1281;0;109130
100;70;2;BubbleSort;12744;4004;1184;38300
100;70;2;MergeSort;1344;461;0;16400
100;70;2;CountingSort;301;0;0;14930
100;70;2;QuickSort;2535;1005;443;79480
100;70;2;InsertionSort;3861;1285;0;105950
100;70;2;BubbleSort;12850;4047;1189;141010
100;70;2;MergeSort;1344;464;0;16650
100;70;2;CountingSort;301;0;0;16060
100;70;2;QuickSort;3246;1197;617;60370
100;70;2;InsertionSort;3859;1285;0;109650
100;70;2;BubbleSort;12930;4089;1188;40100
100;70;2;MergeSort;1344;466;0;14770
100;70;2;CountingSort;301;0;0;13770
100;70;2;QuickSort;3329;1247;627;82731
100;70;2;InsertionSort;3938;1310;0;123791
100;70;2;BubbleSort;12868;4004;1215;141740
100;70;2;MergeSort;1344;460;0;13190
100;70;2;CountingSort;301;0;0;18010
100;70;2;QuickSort;2952;1125;542;51310
100;70;2;InsertionSort;3467;1151;0;32130
100;70;2;BubbleSort;13080;4422;1059;81221
100;70;2;MergeSort;1344;452;0;18801
100;70;2;CountingSort;301;0;0;16670
100;70;2;QuickSort;2171;830;381;42950
100;70;2;InsertionSort;4013;1335;0;12780
100;70;2;BubbleSort;12968;4004;1240;114581
100;70;2;MergeSort;1344;459;0;10970
100;70;2;CountingSort;301;0;0;16740
100;70;2;QuickSort;2451;963;432;48550
100;70;2;InsertionSort;3619;1205;0;16710
100;70;2;BubbleSort;12850;4209;1108;12230
100;70;2;MergeSort;1344;461;0;17130
100;70;2;CountingSort;301;0;0;16480
100;70;2;QuickSort;2594;1124;427;90080
100;70;2;InsertionSort;3962;1318;0;18370
100;70;2;BubbleSort;13310;4209;1223;12260
100;70;2;MergeSort;1344;461;0;12810
100;70;2;CountingSort;301;0;0;15720
100;70;2;QuickSort;2146;874;357;57140
100;70;2;InsertionSort;4003;1333;0;28900
100;70;2;BubbleSort;13362;4209;1236;6210
100;70;2;MergeSort;1344;465;0;18250
100;70;2;CountingSort;301;0;0;19630
100;70;2;QuickSort;2506;925;460;55161
100;70;2;InsertionSort;4180;1390;0;18610
100;70;2;BubbleSort;14092;4454;1296;10530
100;70;2;MergeSort;1344;451;0;15950
100;70;2;CountingSort;301;0;0;21080
100;70;2;QuickSort;2153;848;368;54550
100;70;2;InsertionSort;3692;1228;0;19990
100;70;2;BubbleSort;12950;4209;1133;8090
100;70;2;MergeSort;1344;469;0;8850
100;70;2;CountingSort;301;0;0;18450
100;70;2;QuickSort;2118;801;372;50260
100;70;2;InsertionSort;3876;1288;0;19770
100;70;2;BubbleSort;13420;4320;1195;10050
100;70;2;MergeSort;1344;465;0;18361
100;70;2;CountingSort;301;0;0;16480
100;70;2;QuickSort;2464;1018;418;61080
100;70;2;InsertionSort;4083;1359;0;15610
100;70;2;BubbleSort;14022;4485;1263;6130
100;70;2;MergeSort;1344;457;0;13430
100;70;2;CountingSort;301;0;0;15860
100;70;2;QuickSort;2084;845;347;14200
100;70;2;InsertionSort;3648;1212;0;17960
100;70;2;BubbleSort;13116;4320;1119;11290
100;70;2;MergeSort;1344;459;0;11660
100;70;2;CountingSort;301;0;0;15281
100;70;2;QuickSort;2688;1041;481;4680
100;70;2;InsertionSort;3800;1264;0;19800
100;70;2;BubbleSort;12770;4047;1169;9010
100;70;2;MergeSort;1344;453;0;11860
100;70;2;CountingSort;301;0;0;16570
100;70;2;QuickSort;2197;835;391;5550
100;70;2;InsertionSort;4566;1520;0;22270
100;70;2;BubbleSort;13874;4089;1424;10120
100;70;2;MergeSort;1344;461;0;9420
100;70;2;CountingSort;301;0;0;12960
100;70;2;QuickSort;2423;938;431;3600
100;70;2;InsertionSort;4120;1372;0;20810
100;70;2;BubbleSort;13668;4284;1275;8100
100;70;2;MergeSort;1344;468;0;9900
100;70;2;CountingSort;301;0;0;13420
100;70;2;QuickSort;2802;1047;520;3820
100;70;2;InsertionSort;3498;1164;0;18050
100;70;2;BubbleSort;12192;3960;1068;7560
100;70;2;MergeSort;1344;462;0;11300
100;70;2;CountingSort;301;0;0;13190
100;70;2;QuickSort;2306;896;405;3420
100;70;2;InsertionSort;3977;1323;0;12020
100;70;2;BubbleSort;13480;4284;1228;5900
100;70;2;MergeSort;1344;465;0;14310
100;70;2;CountingSort;301;0;0;16441
100;70;2;QuickSort;2395;916;426;3730
100;70;2;InsertionSort;3686;1224;0;10710
100;70;2;BubbleSort;13306;4389;1132;6310
100;70;2;MergeSort;1344;452;0;11880
100;70;2;CountingSort;301;0;0;18880
100;70;2;QuickSort;2375;896;430;4770
100;70;2;InsertionSort;2992;994;0;8730
100;70;2;BubbleSort;10308;3354;900;4980
100;70;2;MergeSort;1344;456;0;11550
100;70;2;CountingSort;301;0;0;13380
100;70;2;QuickSort;2808;1008;532;3770
100;70;2;InsertionSort;4291;1429;0;15190
100;70;2;BubbleSort;12972;3822;1332;8631
100;70;2;MergeSort;1344;452;0;12310
100;70;2;CountingSort;301;0;0;14770
100;70;2;QuickSort;2867;1100;523;11090
100;70;2;InsertionSort;3760;1250;0;18280
100;70;2;BubbleSort;13042;4209;1156;7401
100;70;2;MergeSort;1344;456;0;11770
100;70;2;CountingSort;301;0;0;17480
100;70;2;QuickSort;2505;951;450;3730
100;70;2;InsertionSort;3954;1316;0;19721
100;70;2;BubbleSort;13590;4355;1220;6220
100;70;2;MergeSort;1344;457;0;13360
100;70;2;CountingSort;301;0;0;16030
100;70;2;QuickSort;2157;813;379;3870
100;70;2;InsertionSort;4113;1369;0;32980
100;70;2;BubbleSort;13660;4284;1273;5970
100;70;2;MergeSort;1344;458;0;16581
100;70;2;CountingSort;301;0;0;17930
100;70;2;QuickSort;3118;1192;574;4320
100;70;2;InsertionSort;3486;1160;0;16510
100;70;2;BubbleSort;12824;4284;1064;7210
100;70;2;MergeSort;1344;462;0;10720
100;70;2;CountingSort;301;0;0;13190
100;70;2;QuickSort;2639;980;485;4510
100;70;2;InsertionSort;3708;1234;0;16000
100;70;2;BubbleSort;12730;4089;1138;10060
100;70;2;MergeSort;1344;458;0;11121
100;70;2;CountingSort;301;0;0;18660
100;70;2;QuickSort;2637;1005;479;3860
100;70;2;InsertionSort;4173;1387;0;12000
100;70;2;BubbleSort;13954;4389;1294;11870
100;70;2;MergeSort;1344;450;0;15280
100;70;2;CountingSort;301;0;0;16760
100;70;2;QuickSort;2425;916;437;3630
100;70;2;InsertionSort;4425;1473;0;29570
100;70;2;BubbleSort;13926;4209;1377;9480
100;70;2;MergeSort;1344;459;0;14150
100;70;2;CountingSort;301;0;0;18210
100;70;2;QuickSort;2330;890;415;3450
100;70;2;InsertionSort;3986;1326;0;27360
100;70;2;BubbleSort;13418;4247;1231;6100
100;70;2;MergeSort;1344;466;0;12830
100;70;2;CountingSort;301;0;0;17230
100;70;2;QuickSort;2218;829;399;5240
100;70;2;InsertionSort;3780;1258;0;24230
100;70;2;BubbleSort;12826;4089;1162;7350
100;70;2;MergeSort;1344;454;0;14180
100;70;2;CountingSort;301;0;0;16650
100;70;2;QuickSort;2574;966;467;4520
100;70;2;InsertionSort;3860;1282;0;22670
100;70;2;BubbleSort;13400;4320;1190;10320
100;70;2;MergeSort;1344;457;0;12630
100;70;2;CountingSort;301;0;0;14220
100;70;2;QuickSort;2206;886;371;3690
100;70;2;InsertionSort;4120;1372;0;20620
100;70;2;BubbleSort;13360;4130;1275;6020
100;70;2;MergeSort;1344;458;0;14260
100;70;2;CountingSort;301;0;0;12980
100;70;2;QuickSort;2726;1007;506;3510
100;70;2;InsertionSort;3685;1227;0;17400
100;70;2;BubbleSort;13364;4422;1130;8150
100;70;2;MergeSort;1344;457;0;12820
100;70;2;CountingSort;301;0;0;14050
100;70;2;QuickSort;2828;1055;524;3460
100;70;2;InsertionSort;4290;1426;0;13520
100;70;2;BubbleSort;14176;4422;1333;9450
100;70;2;MergeSort;1344;462;0;13960
100;70;2;CountingSort;301;0;0;13220
100;70;2;QuickSort;2618;998;472;5920
100;70;2;InsertionSort;3689;1229;0;19540
100;70;2;BubbleSort;12354;3915;1131;8870
100;70;2;MergeSort;1344;444;0;9770
100;70;2;CountingSort;301;0;0;17990
100;70;2;QuickSort;2535;1023;436;4980
100;70;2;InsertionSort;3979;1323;0;20590
100;70;2;BubbleSort;13886;4485;1229;8460
100;70;2;MergeSort;1344;456;0;14710
100;70;2;CountingSort;301;0;0;15850
100;70;2;QuickSort;2523;1002;440;3830
100;70;2;InsertionSort;3856;1280;0;11130
100;70;2;BubbleSort;13174;4209;1189;8410
100;70;2;MergeSort;1344;456;0;17350
100;70;2;CountingSort;301;0;0;16030
100;70;2;QuickSort;2841;1095;516;3740
100;70;2;InsertionSort;3898;1296;0;11260
100;70;2;BubbleSort;12638;3915;1202;5310
100;70;2;MergeSort;1344;463;0;10181
100;70;2;CountingSort;301;0;0;19330
100;70;2;QuickSort;2441;908;443;3510
100;70;2;InsertionSort;3884;1292;0;11240
100;70;2;BubbleSort;12238;3725;1197;5220
100;70;2;MergeSort;1344;454;0;12090
100;70;2;CountingSort;301;0;0;18970
100;70;2;QuickSort;2500;913;464;4090
100;70;2;InsertionSort;3904;1300;0;25470
100;70;2;BubbleSort;12456;3822;1203;7140
100;70;2;MergeSort;1344;465;0;18980
100;70;2;CountingSort;301;0;0;17330
100;70;2;QuickSort;2315;866;417;4180
100;70;2;InsertionSort;3903;1299;0;11280
100;70;2;BubbleSort;13230;4209;1203;6120
100;70;2;MergeSort;1344;458;0;17171
100;70;2;CountingSort;301;0;0;15410
100;70;2;QuickSort;2328;888;411;4450
100;70;2;InsertionSort;4146;1378;0;20320
100;70;2;BubbleSort;13850;4355;1285;10090
100;70;2;MergeSort;1344;457;0;9470
100;70;2;CountingSort;301;0;0;13780
100;70;2;QuickSort;2364;894;425;4400
100;70;2;InsertionSort;3763;1253;0;18350
100;70;2;BubbleSort;12718;4047;1156;9560
100;70;2;MergeSort;1344;454;0;8430
100;70;2;CountingSort;301;0;0;13710
100;70;2;QuickSort;2284;880;403;4560
100;70;2;InsertionSort;3352;1116;0;17220
100;70;2;BubbleSort;11006;3465;1019;9520
100;70;2;MergeSort;1344;452;0;11520
100;70;2;CountingSort;301;0;0;14520
100;70;2;QuickSort;2440;985;423;4320
100;70;2;InsertionSort;3831;1273;0;19340
100;70;2;BubbleSort;12898;4089;1180;9420
100;70;2;MergeSort;1344;465;0;20340
100;70;2;CountingSort;301;0;0;20410
100;70;2;QuickSort;2818;1084;511;5800
100;70;2;InsertionSort;4396;1462;0;19540
100;70;2;BubbleSort;14112;4320;1368;13620
100;70;2;MergeSort;1344;456;0;17970
100;70;2;CountingSort;301;0;0;18650
100;70;2;QuickSort;2571;960;471;3910
100;70;2;InsertionSort;4211;1401;0;20990
100;70;2;BubbleSort;12962;3869;1306;8140
100;70;2;MergeSort;1344;459;0;12560
100;70;2;CountingSort;301;0;0;14660
100;70;2;QuickSort;2575;1051;442;3720
100;70;2;InsertionSort;3693;1229;0;11020
100;70;2;BubbleSort;12176;3822;1133;5480
100;70;2;MergeSort;1344;455;0;9910
100;70;2;CountingSort;301;0;0;13420
100;70;2;QuickSort;2307;864;418;14970
100;70;2;InsertionSort;4123;1371;0;18990
100;70;2;BubbleSort;13886;4389;1277;8260
100;70;2;MergeSort;1344;459;0;14370
100;70;2;CountingSort;301;0;0;13400
100;70;2;QuickSort;2163;909;351;3940
100;70;2;InsertionSort;4053;1349;0;15400
100;70;2;BubbleSort;13506;4247;1253;6050
100;70;2;MergeSort;1344;461;0;13520
100;70;2;CountingSort;301;0;0;15990
100;70;2;QuickSort;2273;869;402;4920
100;70;2;InsertionSort;3545;1179;0;31160
100;70;2;BubbleSort;12166;3915;1084;13240
100;70;2;MergeSort;1344;465;0;17190
100;70;2;CountingSort;301;0;0;19270
100;70;2;QuickSort;2239;829;405;4320
100;70;2;InsertionSort;4345;1445;0;15490
100;70;2;BubbleSort;14312;4454;1351;7930
100;70;2;MergeSort;1344;463;0;12640
100;70;2;CountingSort;301;0;0;16190
100;70;2;QuickSort;2808;1047;524;4750
100;70;2;InsertionSort;4249;1411;0;26030
100;70;2;BubbleSort;14250;4485;1320;8230
100;70;2;MergeSort;1344;457;0;11480
100;70;2;CountingSort;301;0;0;16150
100;70;2;QuickSort;2373;894;426;4480
100;70;2;InsertionSort;3829;1275;0;18220
100;70;2;BubbleSort;12972;4130;1178;9840
100;70;2;MergeSort;1344;450;0;12660
100;70;2;CountingSort;301;0;0;18110
100;70;2;QuickSort;2465;905;454;4690
100;70;2;InsertionSort;3849;1281;0;19120
100;70;2;BubbleSort;12748;4004;1185;8730
100;70;2;MergeSort;1344;462;0;14350
100;70;2;CountingSort;301;0;0;14890
100;70;2;QuickSort;2786;1085;499;5190
100;70;2;InsertionSort;3814;1266;0;19020
100;70;2;BubbleSort;13340;4320;1175;12300
100;70;2;MergeSort;1344;457;0;10850
100;70;2;CountingSort;301;0;0;14271
100;70;2;QuickSort;2250;867;400;4610
100;70;2;InsertionSort;4457;1481;0;21990
100;70;2;BubbleSort;14266;4355;1389;7650
100;70;2;MergeSort;1344;459;0;17230
100;70;3;CountingSort;301;0;0;21820
100;70;3;QuickSort;2328;867;422;221861
100;70;3;InsertionSort;4281;1427;0;208710
100;70;3;BubbleSort;13730;4209;1328;411541
100;70;3;MergeSort;1344;480;0;88320
100;70;3;CountingSort;301;0;0;23550
100;70;3;QuickSort;2424;963;422;98850
100;70;3;InsertionSort;3249;1083;0;102740
100;70;3;BubbleSort;12646;4355;984;417461
100;70;3;MergeSort;1344;480;0;108380
100;70;3;CountingSort;301;0;0;21650
100;70;3;QuickSort;2386;907;428;97941
100;70;3;InsertionSort;3474;1158;0;132660
100;70;3;BubbleSort;11274;3519;1059;289971
100;70;3;MergeSort;1344;477;0;110720
100;70;3;CountingSort;301;0;0;11810
100;70;3;QuickSort;2936;1184;520;102660
100;70;3;InsertionSort;3969;1323;0;120490
100;70;3;BubbleSort;13866;4485;1224;395241
100;70;3;MergeSort;1344;475;0;85451
100;70;3;CountingSort;301;0;0;16650
100;70;3;QuickSort;2412;960;419;64550
100;70;3;InsertionSort;3324;1108;0;108750
100;70;3;BubbleSort;12376;4170;1009;314041
100;70;3;MergeSort;1344;470;0;22090
100;70;3;CountingSort;301;0;0;12560
100;70;3;QuickSort;2387;971;406;50940
100;70;3;InsertionSort;4449;1483;0;123890
100;70;3;BubbleSort;14566;4515;1384;326001
100;70;3;MergeSort;1344;481;0;32370
100;70;3;CountingSort;301;0;0;15140
100;70;3;QuickSort;2203;817;396;21300
100;70;3;InsertionSort;3870;1290;0;111430
100;70;3;BubbleSort;12502;3869;1191;288380
100;70;3;MergeSort;1344;483;0;33080
100;70;3;CountingSort;301;0;0;16240
100;70;3;QuickSort;2785;1066;506;10690
100;70;3;InsertionSort;4017;1339;0;120010
100;70;3;BubbleSort;13738;4389;1240;330481
100;70;3;MergeSort;1344;480;0;33370
100;70;3;CountingSort;301;0;0;15420
100;70;3;QuickSort;2566;1042;444;16740
100;70;3;InsertionSort;3888;1296;0;107870
100;70;3;BubbleSort;13128;4170;1197;306531
100;70;3;MergeSort;1344;475;0;28970
100;70;3;CountingSort;301;0;0;16430
100;70;3;QuickSort;2738;1079;490;10730
100;70;3;InsertionSort;3717;1239;0;112210
100;70;3;BubbleSort;12480;3960;1140;292761
100;70;3;MergeSort;1344;485;0;24640
100;70;3;CountingSort;301;0;0;16050
100;70;3;QuickSort;2498;935;458;12140
100;70;3;InsertionSort;4215;1405;0;125011
100;70;3;BubbleSort;13484;4130;1306;309731
100;70;3;MergeSort;1344;482;0;26261
100;70;3;CountingSort;301;0;0;17160
100;70;3;QuickSort;2420;911;432;11390
100;70;3;InsertionSort;3531;1177;0;102710
100;70;3;BubbleSort;13022;4355;1078;308551
100;70;3;MergeSort;1344;480;0;33290
100;70;3;CountingSort;301;0;0;15630
100;70;3;QuickSort;2680;964;503;10000
100;70;3;InsertionSort;4155;1385;0;96770
100;70;3;BubbleSort;13404;4130;1286;255470
100;70;3;MergeSort;1344;476;0;30390
100;70;3;CountingSort;301;0;0;14180
100;70;3;QuickSort;2652;978;491;10170
100;70;3;InsertionSort;3807;1269;0;106560
100;70;3;BubbleSort;12940;4130;1170;252130
100;70;3;MergeSort;1344;481;0;29270
100;70;3;CountingSort;301;0;0;13910
100;70;3;QuickSort;2739;1098;478;10200
100;70;3;InsertionSort;4119;1373;0;114611
100;70;3;BubbleSort;13590;4247;1274;314071
100;70;3;MergeSort;1344;483;0;45230
100;70;3;CountingSort;301;0;0;13610
100;70;3;QuickSort;2382;858;442;10610
100;70;3;InsertionSort;3942;1314;0;115100
100;70;3;BubbleSort;13038;4089;1215;100790
100;70;3;MergeSort;1344;478;0;28110
100;70;3;CountingSort;301;0;0;12170
100;70;3;QuickSort;2717;1061;486;10590
100;70;3;InsertionSort;4110;1370;0;115071
100;70;3;BubbleSort;13992;4454;1271;65200
100;70;3;MergeSort;1344;479;0;15330
100;70;3;CountingSort;301;0;0;15610
100;70;3;QuickSort;2704;994;501;9710
100;70;3;InsertionSort;4020;1340;0;131280
100;70;3;BubbleSort;13382;4209;1241;44340
100;70;3;MergeSort;1344;482;0;21000
100;70;3;CountingSort;301;0;0;15520
100;70;3;QuickSort;2274;903;391;11140
100;70;3;InsertionSort;4092;1364;0;111620
100;70;3;BubbleSort;13400;4170;1265;95370
100;70;3;MergeSort;1344;471;0;28820
100;70;3;CountingSort;301;0;0;15230
100;70;3;QuickSort;2389;940;418;9560
100;70;3;InsertionSort;3717;1239;0;83460
100;70;3;BubbleSort;13338;4389;1140;51661
100;70;3;MergeSort;1344;476;0;27131
100;70;3;CountingSort;301;0;0;18601
100;70;3;QuickSort;2701;994;505;8190
100;70;3;InsertionSort;3570;1190;0;121040
100;70;3;BubbleSort;12858;4247;1091;33790
100;70;3;MergeSort;1344;476;0;28400
100;70;3;CountingSort;301;0;0;12400
100;70;3;QuickSort;2761;1075;495;10440
100;70;3;InsertionSort;4011;1337;0;97180
100;70;3;BubbleSort;13370;4209;1238;44680
100;70;3;MergeSort;1344;478;0;30230
100;70;3;CountingSort;301;0;0;14720
100;70;3;QuickSort;2815;1015;530;8420
100;70;3;InsertionSort;4029;1343;0;118151
100;70;3;BubbleSort;13616;4320;1244;37900
100;70;3;MergeSort;1344;483;0;22040
100;70;3;CountingSort;301;0;0;16260
100;70;3;QuickSort;2482;925;449;10940
100;70;3;InsertionSort;3852;1284;0;90920
100;70;3;BubbleSort;13308;4284;1185;82470
100;70;3;MergeSort;1344;483;0;24680
100;70;3;CountingSort;301;0;0;14140
100;70;3;QuickSort;2806;1042;521;9970
100;70;3;InsertionSort;4047;1349;0;102420
100;70;3;BubbleSort;13710;4355;1250;1862706
100;70;3;MergeSort;1344;473;0;1847316
100;70;3;CountingSort;301;0;0;16070
100;70;3;QuickSort;2366;881;425;11360
100;70;3;InsertionSort;2847;949;0;61420
100;70;3;BubbleSort;11408;4004;850;43000
100;70;3;MergeSort;1344;475;0;28051
100;70;3;CountingSort;301;0;0;15670
100;70;3;QuickSort;2246;857;400;9620
100;70;3;InsertionSort;4248;1416;0;129020
100;70;3;BubbleSort;13608;4170;1317;66700
100;70;3;MergeSort;1344;477;0;30630
100;70;3;CountingSort;301;0;0;14180
100;70;3;QuickSort;2437;949;426;9770
100;70;3;InsertionSort;4287;1429;0;123811
100;70;3;BubbleSort;13814;4247;1330;67391
100;70;3;MergeSort;1344;484;0;24991
100;70;3;CountingSort;301;0;0;19690
100;70;3;QuickSort;2587;1012;460;19820
100;70;3;InsertionSort;4128;1376;0;148040
100;70;3;BubbleSort;13368;4130;1277;94450
100;70;3;MergeSort;1344;480;0;25510
100;70;3;CountingSort;301;0;0;15890
100;70;3;QuickSort;2924;1091;544;10440
100;70;3;InsertionSort;4095;1365;0;114140
100;70;3;BubbleSort;13404;4170;1266;53100
100;70;3;MergeSort;1344;481;0;21160
100;70;3;CountingSort;301;0;0;16980
100;70;3;QuickSort;2472;948;440;9590
100;70;3;InsertionSort;4413;1471;0;167921
100;70;3;BubbleSort;14056;4284;1372;55580
100;70;3;MergeSort;1344;473;0;15011
100;70;3;CountingSort;301;0;0;15070
100;70;3;QuickSort;2299;841;418;9370
100;70;3;InsertionSort;3948;1316;0;113960
100;70;3;BubbleSort;12962;4047;1217;67310
100;70;3;MergeSort;1344;485;0;18970
100;70;3;CountingSort;301;0;0;13660
100;70;3;QuickSort;2620;1012;475;9830
100;70;3;InsertionSort;4509;1503;0;133130
100;70;3;BubbleSort;14184;4284;1404;35930
100;70;3;MergeSort;1344;472;0;17780
100;70;3;CountingSort;301;0;0;15660
100;70;3;QuickSort;2847;1095;516;9480
100;70;3;InsertionSort;4416;1472;0;121790
100;70;3;BubbleSort;14202;4355;1373;115270
100;70;3;MergeSort;1344;483;0;10270
100;70;3;CountingSort;301;0;0;16870
100;70;3;QuickSort;2427;927;436;9580
100;70;3;InsertionSort;4407;1469;0;167051
100;70;3;BubbleSort;14120;4320;1370;52840
100;70;3;MergeSort;1344;474;0;13180
100;70;3;CountingSort;301;0;0;17710
100;70;3;QuickSort;2879;1094;530;10830
100;70;3;InsertionSort;3549;1183;0;98521
100;70;3;BubbleSort;11980;3822;1084;106811
100;70;3;MergeSort;1344;486;0;13281
100;70;3;CountingSort;301;0;0;18750
100;70;3;QuickSort;2261;857;406;8920
100;70;3;InsertionSort;3297;1099;0;102480
100;70;3;BubbleSort;11830;3915;1000;43610
100;70;3;MergeSort;1344;485;0;12070
100;70;3;CountingSort;301;0;0;14170
100;70;3;QuickSort;2126;821;368;9170
100;70;3;InsertionSort;3690;1230;0;82730
100;70;3;BubbleSort;12702;4089;1131;117091
100;70;3;MergeSort;1344;483;0;13070
100;70;3;CountingSort;301;0;0;17510
100;70;3;QuickSort;2561;953;471;9940
100;70;3;InsertionSort;4146;1382;0;93461
100;70;3;BubbleSort;13700;4284;1283;69360
100;70;3;MergeSort;1344;480;0;15690
100;70;3;CountingSort;301;0;0;16310
100;70;3;QuickSort;2585;1004;461;10290
100;70;3;InsertionSort;4110;1370;0;110500
100;70;3;BubbleSort;13502;4209;1271;163740
100;70;3;MergeSort;1344;480;0;17160
100;70;3;CountingSort;301;0;0;18090
100;70;3;QuickSort;2854;1015;544;11990
100;70;3;InsertionSort;4182;1394;0;148521
100;70;3;BubbleSort;13890;4355;1295;48450
100;70;3;MergeSort;1344;479;0;14090
100;70;3;CountingSort;301;0;0;23010
100;70;3;QuickSort;2341;901;415;85710
100;70;3;InsertionSort;3384;1128;0;85460
100;70;3;BubbleSort;12826;4355;1029;173501
100;70;3;MergeSort;1344;466;0;30610
100;70;3;CountingSort;301;0;0;23171
100;70;3;QuickSort;2497;994;432;59860
100;70;3;InsertionSort;3435;1145;0;84640
100;70;3;BubbleSort;12014;3915;1046;41900
100;70;3;MergeSort;1344;478;0;12310
100;70;3;CountingSort;301;0;0;14110
100;70;3;QuickSort;2357;857;433;52970
100;70;3;InsertionSort;3669;1223;0;81820
100;70;3;BubbleSort;13136;4320;1124;103940
100;70;3;MergeSort;1344;468;0;11050
100;70;3;CountingSort;301;0;0;13020
100;70;3;QuickSort;2562;1002;454;46930
100;70;3;InsertionSort;3999;1333;0;119690
100;70;3;BubbleSort;13114;4089;1234;48270
100;70;3;MergeSort;1344;480;0;12390
100;70;3;CountingSort;301;0;0;23100
100;70;3;QuickSort;2762;1043;504;50370
100;70;3;InsertionSort;3912;1304;0;96750
100;70;3;BubbleSort;13314;4247;1205;123290
100;70;3;MergeSort;1344;477;0;15930
100;70;3;CountingSort;301;0;0;19120
100;70;3;QuickSort;2318;902;407;43440
100;70;3;InsertionSort;4560;1520;0;108200
100;70;3;BubbleSort;14252;4284;1421;69230
100;70;3;MergeSort;1344;479;0;11600
100;70;3;CountingSort;301;0;0;15040
100;70;3;QuickSort;2951;1187;522;85990
100;70;3;InsertionSort;3924;1308;0;118051
100;70;3;BubbleSort;12286;3725;1209;8530
100;70;3;MergeSort;1344;477;0;51561
100;70;3;CountingSort;301;0;0;16290
100;70;3;QuickSort;2985;1113;559;78461
100;70;3;InsertionSort;4002;1334;0;95541
100;70;3;BubbleSort;13718;4389;1235;10870
100;70;3;MergeSort;1344;479;0;16130
100;70;3;CountingSort;301;0;0;16291
100;70;3;QuickSort;3622;1456;657;82290
100;70;3;InsertionSort;3783;1261;0;49370
100;70;3;BubbleSort;12742;4047;1162;8600
100;70;3;MergeSort;1344;485;0;12560
100;70;3;CountingSort;301;0;0;16400
100;70;3;QuickSort;2267;884;389;44010
100;70;3;InsertionSort;4230;1410;0;53770
100;70;3;BubbleSort;14088;4422;1311;9660
100;70;3;MergeSort;1344;482;0;10200
100;70;3;CountingSort;301;0;0;13070
100;70;3;QuickSort;2532;999;448;60230
100;70;3;InsertionSort;4206;1402;0;76761
100;70;3;BubbleSort;14056;4422;1303;8860
100;70;3;MergeSort;1344;479;0;17471
100;70;3;CountingSort;301;0;0;24910
100;70;3;QuickSort;2500;955;445;57460
100;70;3;InsertionSort;4314;1438;0;63790
100;70;3;BubbleSort;14066;4355;1339;8380
100;70;3;MergeSort;1344;482;0;21350
100;70;3;CountingSort;301;0;0;15080
100;70;3;QuickSort;2606;989;474;73570
100;70;3;InsertionSort;3498;1166;0;34450
100;70;3;BubbleSort;12006;3869;1067;20480
100;70;3;MergeSort;1344;471;0;22250
100;70;3;CountingSort;301;0;0;17400
100;70;3;QuickSort;2454;879;457;17020
100;70;3;InsertionSort;4365;1455;0;30360
100;70;3;BubbleSort;13162;3869;1356;7930
100;70;3;MergeSort;1344;470;0;11430
100;70;3;CountingSort;301;0;0;16640
100;70;3;QuickSort;2400;897;432;3590
100;70;3;InsertionSort;3411;1137;0;64701
100;70;3;BubbleSort;12412;4130;1038;8980
100;70;3;MergeSort;1344;476;0;13120
100;70;3;CountingSort;301;0;0;18980
100;70;3;QuickSort;2739;1008;511;4220
100;70;3;InsertionSort;3657;1219;0;49200
100;70;3;BubbleSort;12310;3915;1120;9450
100;70;3;MergeSort;1344;482;0;12990
100;70;3;CountingSort;301;0;0;13440
100;70;3;QuickSort;2662;1075;460;4620
100;70;3;InsertionSort;3990;1330;0;27520
100;70;3;BubbleSort;13702;4389;1231;7770
100;70;3;MergeSort;1344;475;0;12200
100;70;3;CountingSort;301;0;0;11660
100;70;3;QuickSort;2382;909;427;4720
100;70;3;InsertionSort;3912;1304;0;27310
100;70;3;BubbleSort;13664;4422;1205;10190
100;70;3;MergeSort;1344;470;0;9210
100;70;3;CountingSort;301;0;0;18880
100;70;3;QuickSort;2426;914;440;4500
100;70;3;InsertionSort;3816;1272;0;25961
100;70;3;BubbleSort;13260;4284;1173;10390
100;70;3;MergeSort;1344;480;0;11910
100;70;3;CountingSort;301;0;0;12500
100;70;3;QuickSort;2691;957;508;4340
100;70;3;InsertionSort;4986;1662;0;26001
100;70;3;BubbleSort;14670;4209;1563;9720
100;70;3;MergeSort;1344;482;0;15910
100;70;3;CountingSort;301;0;0;13960
100;70;3;QuickSort;2809;1048;522;4250
100;70;3;InsertionSort;4215;1405;0;22140
100;70;3;BubbleSort;13934;4355;1306;8911
100;70;3;MergeSort;1344;480;0;15580
100;70;3;CountingSort;301;0;0;14540
100;70;3;QuickSort;2327;896;413;4440
100;70;3;InsertionSort;3225;1075;0;11820
100;70;3;BubbleSort;11642;3869;976;8000
100;70;3;MergeSort;1344;476;0;11420
100;70;3;CountingSort;301;0;0;16810
100;70;3;QuickSort;2168;833;380;5980
100;70;3;InsertionSort;3771;1257;0;10970
100;70;3;BubbleSort;12640;4004;1158;8830
100;70;3;MergeSort;1344;476;0;14080
100;70;3;CountingSort;301;0;0;28130
100;70;3;QuickSort;2749;1066;494;11910
100;70;3;InsertionSort;3993;1331;0;15690
100;70;3;BubbleSort;13496;4284;1232;8120
100;70;3;MergeSort;1344;477;0;11040
100;70;3;CountingSort;301;0;0;15890
100;70;3;QuickSort;2497;937;448;4270
100;70;3;InsertionSort;3474;1158;0;10180
100;70;3;BubbleSort;13014;4389;1059;8620
100;70;3;MergeSort;1344;481;0;16230
100;70;3;CountingSort;301;0;0;13860
100;70;3;QuickSort;2288;851;412;4020
100;70;3;InsertionSort;3858;1286;0;11200
100;70;3;BubbleSort;13088;4170;1187;8310
100;70;3;MergeSort;1344;478;0;14840
100;70;3;CountingSort;301;0;0;12560
100;70;3;QuickSort;2478;915;452;4320
100;70;3;InsertionSort;3576;1192;0;16490
100;70;3;BubbleSort;11620;3624;1093;8600
100;70;3;MergeSort;1344;481;0;15430
100;70;3;CountingSort;301;0;0;16520
100;70;3;QuickSort;2898;1086;537;4820
100;70;3;InsertionSort;4719;1573;0;21871
100;70;3;BubbleSort;14674;4389;1474;8450
100;70;3;MergeSort;1344;479;0;12840
100;70;3;CountingSort;301;0;0;17881
100;70;3;QuickSort;2263;904;387;4310
100;70;3;InsertionSort;3930;1310;0;11890
100;70;3;BubbleSort;13752;4454;1211;8850
100;70;3;MergeSort;1344;477;0;10130
100;70;3;CountingSort;301;0;0;13790
100;70;3;QuickSort;2326;874;416;3490
100;70;3;InsertionSort;4014;1338;0;11740
100;70;3;BubbleSort;13864;4454;1239;8170
100;70;3;MergeSort;1344;481;0;17210
100;70;3;CountingSort;301;0;0;14870
100;70;3;QuickSort;2502;975;438;5120
100;70;3;InsertionSort;3792;1264;0;19620
100;70;3;BubbleSort;12668;4004;1165;5670
100;70;3;MergeSort;1344;468;0;15670
100;70;3;CountingSort;301;0;0;19520
100;70;3;QuickSort;2644;994;486;4640
100;70;3;InsertionSort;3714;1238;0;13060
100;70;3;BubbleSort;13050;4247;1139;11860
100;70;3;MergeSort;1344;470;0;11550
100;70;3;CountingSort;301;0;0;13300
100;70;3;QuickSort;3199;1234;589;3800
100;70;3;InsertionSort;3999;1333;0;25381
100;70;3;BubbleSort;12856;3960;1234;5741
100;70;3;MergeSort;1344;478;0;14160
100;70;3;CountingSort;301;0;0;15360
100;70;3;QuickSort;2809;1033;521;6180
100;70;3;InsertionSort;3963;1321;0;20390
100;70;3;BubbleSort;13858;4485;1222;9980
100;70;3;MergeSort;1344;479;0;21180
100;70;3;CountingSort;301;0;0;16100
100;70;3;QuickSort;2511;990;441;6080
100;70;3;InsertionSort;3909;1303;0;20030
100;70;3;BubbleSort;13526;4355;1204;8560
100;70;3;MergeSort;1344;485;0;12970
100;70;3;CountingSort;301;0;0;17660
100;70;3;QuickSort;2554;940;474;5380
100;70;3;InsertionSort;4206;1402;0;21840
100;70;3;BubbleSort;13706;4247;1303;8950
100;70;3;MergeSort;1344;486;0;12130
100;70;3;CountingSort;301;0;0;17090
100;70;3;QuickSort;2548;931;475;4730
100;70;3;InsertionSort;3870;1290;0;21500
100;70;3;BubbleSort;12858;4047;1191;7630
100;70;3;MergeSort;1344;478;0;15680
100;70;3;CountingSort;301;0;0;16450
100;70;3;QuickSort;2227;853;394;4570
100;70;3;InsertionSort;3744;1248;0;19790
100;70;3;BubbleSort;13014;4209;1149;7661
100;70;3;MergeSort;1344;479;0;14530
100;70;3;CountingSort;301;0;0;16050
100;70;3;QuickSort;2509;934;457;6470
100;70;3;InsertionSort;4359;1453;0;22440
100;70;3;BubbleSort;14126;4355;1354;5760
100;70;3;MergeSort;1344;478;0;14420
100;70;3;CountingSort;301;0;0;17150
100;70;3;QuickSort;2794;1066;507;5390
100;70;3;InsertionSort;4374;1458;0;18760
100;70;3;BubbleSort;14076;4320;1359;9030
100;70;3;MergeSort;1344;484;0;13870
100;70;3;CountingSort;301;0;0;12860
100;70;3;QuickSort;2607;987;475;4180
100;70;3;InsertionSort;3789;1263;0;18380
100;70;3;BubbleSort;13150;4247;1164;5970
100;70;3;MergeSort;1344;466;0;15160
100;70;3;CountingSort;301;0;0;14431
100;70;3;QuickSort;2492;1040;417;3920
100;70;3;InsertionSort;4158;1386;0;19300
100;70;3;BubbleSort;12696;3774;1287;7490
100;70;3;MergeSort;1344;476;0;15650
100;70;3;CountingSort;301;0;0;13910
100;70;3;QuickSort;2169;828;381;3800
100;70;3;InsertionSort;4248;1416;0;18570
100;70;3;BubbleSort;14046;4389;1317;6030
100;70;3;MergeSort;1344;472;0;14300
100;70;3;CountingSort;301;0;0;18090
100;70;3;QuickSort;2543;947;463;5090
100;70;3;InsertionSort;3708;1236;0;10730
100;70;3;BubbleSort;12556;4004;1137;8170
100;70;3;MergeSort;1344;483;0;12750
100;70;3;CountingSort;301;0;0;16400
100;70;3;QuickSort;2472;936;448;4580
100;70;3;InsertionSort;3318;1106;0;9610
100;70;3;BubbleSort;12122;4047;1007;6700
100;70;3;MergeSort;1344;479;0;18290
100;70;3;CountingSort;301;0;0;24360
100;70;3;QuickSort;2290;880;406;5700
100;70;3;InsertionSort;3759;1253;0;17210
100;70;3;BubbleSort;12354;3869;1154;8490
100;70;3;MergeSort;1344;480;0;16590
100;70;3;CountingSort;301;0;0;14090
100;70;3;QuickSort;2079;804;358;4610
100;70;3;InsertionSort;4134;1378;0;15520
100;70;3;BubbleSort;13756;4320;1279;7740
100;70;3;MergeSort;1344;481;0;12960
100;70;3;CountingSort;301;0;0;13140
100;70;3;QuickSort;2263;865;401;4380
100;70;3;InsertionSort;3477;1159;0;20780
100;70;3;BubbleSort;12950;4355;1060;9950
100;70;3;MergeSort;1344;481;0;9110
100;70;3;CountingSort;301;0;0;25210
100;70;3;QuickSort;2607;963;483;4280
100;70;3;InsertionSort;4161;1387;0;20270
100;70;3;BubbleSort;13160;4004;1288;7580
100;70;3;MergeSort;1344;489;0;10490
100;70;3;CountingSort;301;0;0;16651
100;70;3;QuickSort;2592;1077;441;5100
100;70;3;InsertionSort;4386;1462;0;19250
100;70;3;BubbleSort;13870;4209;1363;8170
100;70;3;MergeSort;1344;477;0;17410
100;70;3;CountingSort;301;0;0;15600
100;70;3;QuickSort;2351;899;420;4830
100;70;3;InsertionSort;3990;1330;0;11600
100;70;3;BubbleSort;13418;4247;1231;9090
100;70;3;MergeSort;1344;482;0;13050
100;70;3;CountingSort;301;0;0;13390
100;70;3;QuickSort;2212;883;380;3570
100;70;3;InsertionSort;4473;1491;0;13180
100;70;3;BubbleSort;14476;4454;1392;6190
100;70;3;MergeSort;1344;483;0;10700
100;70;3;CountingSort;301;0;0;12210
100;70;3;QuickSort;2634;960;492;3990
100;70;3;InsertionSort;3645;1215;0;12280
100;70;3;BubbleSort;12958;4247;1116;5830
100;70;3;MergeSort;1344;470;0;9480
100;70;3;CountingSort;301;0;0;15390
100;70;3;QuickSort;2391;1053;378;18850
100;70;3;InsertionSort;3189;1063;0;13850
100;70;3;BubbleSort;11686;3915;964;6920
100;70;3;MergeSort;1344;481;0;13550
100;70;3;CountingSort;301;0;0;18250
100;70;3;QuickSort;2090;842;351;4450
100;70;3;InsertionSort;4212;1404;0;26550
100;70;3;BubbleSort;13998;4389;1305;7380
100;70;3;MergeSort;1344;481;0;19140
100;70;3;CountingSort;301;0;0;19190
100;70;3;QuickSort;2758;1012;513;4680
100;70;3;InsertionSort;4320;1440;0;195580
100;70;3;BubbleSort;13542;4089;1341;6930
100;70;3;MergeSort;1344;480;0;18520
100;70;3;CountingSort;301;0;0;17510
100;70;3;QuickSort;2489;896;461;4740
100;70;3;InsertionSort;4227;1409;0;15380
100;70;3;BubbleSort;13580;4170;1310;6950
100;70;3;MergeSort;1344;477;0;13921
100;70;3;CountingSort;301;0;0;16570
100;70;3;QuickSort;2494;964;443;4790
100;70;3;InsertionSort;3492;1164;0;22570
100;70;3;BubbleSort;12900;4320;1065;7110
100;70;3;MergeSort;1344;478;0;24840
100;70;3;CountingSort;301;0;0;16160
100;70;3;QuickSort;2572;982;464;4730
100;70;3;InsertionSort;3870;1290;0;29810
100;70;3;BubbleSort;12684;3960;1191;12200
100;70;3;MergeSort;1344;478;0;12140
100;70;4;CountingSort;301;0;0;20800
100;70;4;QuickSort;2320;880;413;167970
100;70;4;InsertionSort;3975;1325;0;192511
100;70;4;BubbleSort;13472;4284;1226;503532
100;70;4;MergeSort;1344;492;0;107350
100;70;4;CountingSort;301;0;0;16060
100;70;4;QuickSort;2491;916;458;97871
100;70;4;InsertionSort;4269;1423;0;129910
100;70;4;BubbleSort;13864;4284;1324;281661
100;70;4;MergeSort;1344;492;0;117630
100;70;4;CountingSort;301;0;0;21090
100;70;4;QuickSort;2474;932;445;83240
100;70;4;InsertionSort;3996;1332;0;113110
100;70;4;BubbleSort;13350;4209;1233;315951
100;70;4;MergeSort;1344;494;0;73181
100;70;4;CountingSort;301;0;0;14420
100;70;4;QuickSort;2470;982;429;87301
100;70;4;InsertionSort;3462;1154;0;94750
100;70;4;BubbleSort;12930;4355;1055;370811
100;70;4;MergeSort;1344;492;0;20990
100;70;4;CountingSort;301;0;0;14190
100;70;4;QuickSort;2351;896;419;70580
100;70;4;InsertionSort;4572;1524;0;155581
100;70;4;BubbleSort;14194;4247;1425;313321
100;70;4;MergeSort;1344;490;0;26501
100;70;4;CountingSort;301;0;0;16400
100;70;4;QuickSort;2390;881;437;50291
100;70;4;InsertionSort;3711;1237;0;133040
100;70;4;BubbleSort;13046;4247;1138;363761
100;70;4;MergeSort;1344;487;0;22710
100;70;4;CountingSort;301;0;0;20930
100;70;4;QuickSort;2256;858;400;15630
100;70;4;InsertionSort;3765;1255;0;137140
100;70;4;BubbleSort;12884;4130;1156;332851
100;70;4;MergeSort;1344;501;0;28910
100;70;4;CountingSort;301;0;0;14950
100;70;4;QuickSort;2308;880;410;28550
100;70;4;InsertionSort;4026;1342;0;119901
100;70;4;BubbleSort;13682;4355;1243;323841
100;70;4;MergeSort;1344;499;0;23171
100;70;4;CountingSort;301;0;0;14290
100;70;4;QuickSort;2320;865;419;26930
100;70;4;InsertionSort;3873;1291;0;161940
100;70;4;BubbleSort;13186;4209;1192;337811
100;70;4;MergeSort;1344;482;0;23850
100;70;4;CountingSort;301;0;0;12760
100;70;4;QuickSort;2488;904;460;9920
100;70;4;InsertionSort;3951;1317;0;117811
100;70;4;BubbleSort;13050;4089;1218;309111
100;70;4;MergeSort;1344;485;0;20970
100;70;4;CountingSort;301;0;0;15860
100;70;4;QuickSort;2620;967;486;9700
100;70;4;InsertionSort;3792;1264;0;115831
100;70;4;BubbleSort;13370;4355;1165;268360
100;70;4;MergeSort;1344;497;0;22570
100;70;4;CountingSort;301;0;0;16740
100;70;4;QuickSort;2513;980;444;10180
100;70;4;InsertionSort;3741;1247;0;119001
100;70;4;BubbleSort;13370;4389;1148;322041
100;70;4;MergeSort;1344;492;0;24730
100;70;4;CountingSort;301;0;0;21830
100;70;4;QuickSort;2601;999;469;10400
100;70;4;InsertionSort;4275;1425;0;153100
100;70;4;BubbleSort;14148;4422;1326;328721
100;70;4;MergeSort;1344;492;0;32860
100;70;4;CountingSort;301;0;0;16230
100;70;4;QuickSort;2414;926;427;10180
100;70;4;InsertionSort;3765;1255;0;126191
100;70;4;BubbleSort;13264;4320;1156;347351
100;70;4;MergeSort;1344;488;0;28990
100;70;4;CountingSort;301;0;0;14760
100;70;4;QuickSort;2475;972;435;11930
100;70;4;InsertionSort;3672;1224;0;117750
100;70;4;BubbleSort;12048;3774;1125;140600
100;70;4;MergeSort;1344;495;0;25090
100;70;4;CountingSort;301;0;0;16730
100;70;4;QuickSort;2541;1059;425;11630
100;70;4;InsertionSort;3525;1175;0;95051
100;70;4;BubbleSort;12944;4320;1076;111940
100;70;4;MergeSort;1344;492;0;32640
100;70;4;CountingSort;301;0;0;14650
100;70;4;QuickSort;3806;1523;697;13160
100;70;4;InsertionSort;3828;1276;0;101020
100;70;4;BubbleSort;12968;4130;1177;102770
100;70;4;MergeSort;1344;485;0;27130
100;70;4;CountingSort;301;0;0;20390
100;70;4;QuickSort;2401;982;406;35940
100;70;4;InsertionSort;3861;1287;0;127781
100;70;4;BubbleSort;13012;4130;1188;123901
100;70;4;MergeSort;1344;498;0;25870
100;70;4;CountingSort;301;0;0;14150
100;70;4;QuickSort;2563;946;470;9980
100;70;4;InsertionSort;3723;1241;0;115081
100;70;4;BubbleSort;12746;4089;1142;107421
100;70;4;MergeSort;1344;490;0;15650
100;70;4;CountingSort;301;0;0;22820
100;70;4;QuickSort;2230;814;405;8310
100;70;4;InsertionSort;3744;1248;0;112290
100;70;4;BubbleSort;12426;3915;1149;88520
100;70;4;MergeSort;1344;498;0;27790
100;70;4;CountingSort;301;0;0;17930
100;70;4;QuickSort;2709;1002;501;10270
100;70;4;InsertionSort;3585;1195;0;102830
100;70;4;BubbleSort;12392;4004;1096;93400
100;70;4;MergeSort;1344;480;0;40441
100;70;4;CountingSort;301;0;0;14500
100;70;4;QuickSort;3017;1250;523;9440
100;70;4;InsertionSort;3960;1320;0;128131
100;70;4;BubbleSort;13144;4130;1221;108550
100;70;4;MergeSort;1344;499;0;25330
100;70;4;CountingSort;301;0;0;14000
100;70;4;QuickSort;2758;1066;494;13860
100;70;4;InsertionSort;4374;1458;0;128630
100;70;4;BubbleSort;14466;4515;1359;87320
100;70;4;MergeSort;1344;489;0;24410
100;70;4;CountingSort;301;0;0;13310
100;70;4;QuickSort;2306;911;402;10150
100;70;4;InsertionSort;3762;1254;0;153321
100;70;4;BubbleSort;13590;4485;1155;133980
100;70;4;MergeSort;1344;491;0;29440
100;70;4;CountingSort;301;0;0;11990
100;70;4;QuickSort;2760;1122;480;10450
100;70;4;InsertionSort;4239;1413;0;1123423
100;70;4;BubbleSort;13966;4355;1314;1104163
100;70;4;MergeSort;1344;491;0;1051693
100;70;4;CountingSort;301;0;0;16910
100;70;4;QuickSort;2330;911;410;11000
100;70;4;InsertionSort;4338;1446;0;120161
100;70;4;BubbleSort;13728;4170;1347;43830
100;70;4;MergeSort;1344;492;0;20710
100;70;4;CountingSort;301;0;0;39200
100;70;4;QuickSort;2685;993;499;11580
100;70;4;InsertionSort;3993;1331;0;110650
100;70;4;BubbleSort;13268;4170;1232;72430
100;70;4;MergeSort;1344;495;0;24110
100;70;4;CountingSort;301;0;0;13730
100;70;4;QuickSort;2476;931;448;15070
100;70;4;InsertionSort;3972;1324;0;110910
100;70;4;BubbleSort;12994;4047;1225;39810
100;70;4;MergeSort;1344;494;0;19910
100;70;4;CountingSort;301;0;0;17690
100;70;4;QuickSort;2557;952;462;10160
100;70;4;InsertionSort;3738;1246;0;103121
100;70;4;BubbleSort;12848;4130;1147;64281
100;70;4;MergeSort;1344;489;0;26410
100;70;4;CountingSort;301;0;0;15481
100;70;4;QuickSort;2949;1137;537;12760
100;70;4;InsertionSort;3447;1149;0;98980
100;70;4;BubbleSort;12120;3960;1050;68750
100;70;4;MergeSort;1344;485;0;20190
100;70;4;CountingSort;301;0;0;17860
100;70;4;QuickSort;2474;914;454;7790
100;70;4;InsertionSort;3480;1160;0;102270
100;70;4;BubbleSort;13088;4422;1061;53270
100;70;4;MergeSort;1344;487;0;26960
100;70;4;CountingSort;301;0;0;20750
100;70;4;QuickSort;2445;924;441;13160
100;70;4;InsertionSort;4101;1367;0;122461
100;70;4;BubbleSort;13166;4047;1268;33430
100;70;4;MergeSort;1344;491;0;12980
100;70;4;CountingSort;301;0;0;11050
100;70;4;QuickSort;2660;989;490;10310
100;70;4;InsertionSort;3921;1307;0;100660
100;70;4;BubbleSort;13172;4170;1208;52100
100;70;4;MergeSort;1344;492;0;15610
100;70;4;CountingSort;301;0;0;22210
100;70;4;QuickSort;2522;965;453;20440
100;70;4;InsertionSort;3780;1260;0;87680
100;70;4;BubbleSort;12192;3774;1161;45000
100;70;4;MergeSort;1344;486;0;12410
100;70;4;CountingSort;301;0;0;13120
100;70;4;QuickSort;2677;1075;464;8530
100;70;4;InsertionSort;4437;1479;0;104300
100;70;4;BubbleSort;14014;4247;1380;48740
100;70;4;MergeSort;1344;492;0;12650
100;70;4;CountingSort;301;0;0;14170
100;70;4;QuickSort;2412;906;433;9580
100;70;4;InsertionSort;3972;1324;0;97870
100;70;4;BubbleSort;13744;4422;1225;115000
100;70;4;MergeSort;1344;499;0;19280
100;70;4;CountingSort;301;0;0;12940
100;70;4;QuickSort;2931;1092;548;8430
100;70;4;InsertionSort;4212;1404;0;104511
100;70;4;BubbleSort;14190;4485;1305;37851
100;70;4;MergeSort;1344;496;0;10590
100;70;4;CountingSort;301;0;0;11210
100;70;4;QuickSort;2245;847;399;7500
100;70;4;InsertionSort;3612;1204;0;102610
100;70;4;BubbleSort;11770;3675;1105;136830
100;70;4;MergeSort;1344;495;0;11050
100;70;4;CountingSort;301;0;0;18400
100;70;4;QuickSort;2440;913;443;7690
100;70;4;InsertionSort;3918;1306;0;87080
100;70;4;BubbleSort;12922;4047;1207;60510
100;70;4;MergeSort;1344;485;0;11820
100;70;4;CountingSort;301;0;0;16020
100;70;4;QuickSort;2222;866;388;12120
100;70;4;InsertionSort;3483;1161;0;87901
100;70;4;BubbleSort;11392;3572;1062;110551
100;70;4;MergeSort;1344;491;0;15540
100;70;4;CountingSort;301;0;0;17030
100;70;4;QuickSort;2527;949;460;11830
100;70;4;InsertionSort;3849;1283;0;105030
100;70;4;BubbleSort;12996;4130;1184;69690
100;70;4;MergeSort;1344;492;0;13090
100;70;4;CountingSort;301;0;0;19690
100;70;4;QuickSort;2307;834;424;9010
100;70;4;InsertionSort;3888;1296;0;98940
100;70;4;BubbleSort;13566;4389;1197;140820
100;70;4;MergeSort;1344;503;0;14790
100;70;4;CountingSort;301;0;0;13970
100;70;4;QuickSort;3078;1125;585;117100
100;70;4;InsertionSort;3885;1295;0;109541
100;70;4;BubbleSort;13202;4209;1196;91741
100;70;4;MergeSort;1344;493;0;15250
100;70;4;CountingSort;301;0;0;17530
100;70;4;QuickSort;2356;907;417;45870
100;70;4;InsertionSort;3231;1077;0;92791
100;70;4;BubbleSort;12006;4047;978;98241
100;70;4;MergeSort;1344;489;0;15180
100;70;4;CountingSort;301;0;0;16910
100;70;4;QuickSort;2506;955;451;58520
100;70;4;InsertionSort;3099;1033;0;85850
100;70;4;BubbleSort;10880;3572;934;55740
100;70;4;MergeSort;1344;489;0;13770
100;70;4;CountingSort;301;0;0;16600
100;70;4;QuickSort;2470;970;431;46050
100;70;4;InsertionSort;4044;1348;0;114320
100;70;4;BubbleSort;13414;4209;1249;122271
100;70;4;MergeSort;1344;487;0;13340
100;70;4;CountingSort;301;0;0;14940
100;70;4;QuickSort;2993;1124;556;69280
100;70;4;InsertionSort;4521;1507;0;138190
100;70;4;BubbleSort;14476;4422;1408;44330
100;70;4;MergeSort;1344;485;0;15100
100;70;4;CountingSort;301;0;0;13920
100;70;4;QuickSort;2496;948;451;47100
100;70;4;InsertionSort;3840;1280;0;103541
100;70;4;BubbleSort;12902;4089;1181;119061
100;70;4;MergeSort;1344;491;0;14400
100;70;4;CountingSort;301;0;0;17880
100;70;4;QuickSort;2657;1028;472;59180
100;70;4;InsertionSort;3972;1324;0;43680
100;70;4;BubbleSort;13468;4284;1225;65930
100;70;4;MergeSort;1344;498;0;14050
100;70;4;CountingSort;301;0;0;15560
100;70;4;QuickSort;3044;1178;559;65030
100;70;4;InsertionSort;3618;1206;0;24490
100;70;4;BubbleSort;11976;3774;1107;8520
100;70;4;MergeSort;1344;491;0;14820
100;70;4;CountingSort;301;0;0;15590
100;70;4;QuickSort;3151;1255;567;68190
100;70;4;InsertionSort;3948;1316;0;27500
100;70;4;BubbleSort;13286;4209;1217;8440
100;70;4;MergeSort;1344;497;0;11420
100;70;4;CountingSort;301;0;0;29660
100;70;4;QuickSort;2451;909;444;57620
100;70;4;InsertionSort;3774;1258;0;11290
100;70;4;BubbleSort;12644;4004;1159;21350
100;70;4;MergeSort;1344;483;0;10650
100;70;4;CountingSort;301;0;0;20860
100;70;4;QuickSort;2314;925;393;52091
100;70;4;InsertionSort;4338;1446;0;20490
100;70;4;BubbleSort;14358;4485;1347;7950
100;70;4;MergeSort;1344;498;0;11260
100;70;4;CountingSort;301;0;0;15180
100;70;4;QuickSort;2642;1070;454;53050
100;70;4;InsertionSort;3882;1294;0;23270
100;70;4;BubbleSort;13558;4389;1195;9530
100;70;4;MergeSort;1344;498;0;13080
100;70;4;CountingSort;301;0;0;13090
100;70;4;QuickSort;2243;839;403;41710
100;70;4;InsertionSort;4497;1499;0;22920
100;70;4;BubbleSort;13860;4130;1400;9490
100;70;4;MergeSort;1344;499;0;13460
100;70;4;CountingSort;301;0;0;13070
100;70;4;QuickSort;2517;930;458;76930
100;70;4;InsertionSort;4206;1402;0;15070
100;70;4;BubbleSort;13306;4047;1303;9560
100;70;4;MergeSort;1344;500;0;13480
100;70;4;CountingSort;301;0;0;15230
100;70;4;QuickSort;2387;863;440;20730
100;70;4;InsertionSort;3585;1195;0;18050
100;70;4;BubbleSort;12478;4047;1096;8250
100;70;4;MergeSort;1344;501;0;12820
100;70;4;CountingSort;301;0;0;15840
100;70;4;QuickSort;2512;988;443;3710
100;70;4;InsertionSort;4632;1544;0;28420
100;70;4;BubbleSort;14120;4170;1445;7900
100;70;4;MergeSort;1344;498;0;9390
100;70;4;CountingSort;301;0;0;12470
100;70;4;QuickSort;2938;1108;543;3820
100;70;4;InsertionSort;3966;1322;0;19940
100;70;4;BubbleSort;13602;4355;1223;8020
100;70;4;MergeSort;1344;491;0;12840
100;70;4;CountingSort;301;0;0;12890
100;70;4;QuickSort;2424;936;430;4200
100;70;4;InsertionSort;4551;1517;0;14350
100;70;4;BubbleSort;14012;4170;1418;10190
100;70;4;MergeSort;1344;486;0;12980
100;70;4;CountingSort;301;0;0;13280
100;70;4;QuickSort;2608;994;470;3560
100;70;4;InsertionSort;4137;1379;0;26540
100;70;4;BubbleSort;13380;4130;1280;7140
100;70;4;MergeSort;1344;495;0;18570
100;70;4;CountingSort;301;0;0;16590
100;70;4;QuickSort;2574;984;466;3480
100;70;4;InsertionSort;3567;1189;0;10730
100;70;4;BubbleSort;12280;3960;1090;5440
100;70;4;MergeSort;1344;500;0;14540
100;70;4;CountingSort;301;0;0;13770
100;70;4;QuickSort;2430;882;449;3440
100;70;4;InsertionSort;3795;1265;0;11140
100;70;4;BubbleSort;12212;3774;1166;5620
100;70;4;MergeSort;1344;493;0;9320
100;70;4;CountingSort;301;0;0;12370
100;70;4;QuickSort;2386;889;430;8630
100;70;4;InsertionSort;3573;1191;0;12850
100;70;4;BubbleSort;12198;3915;1092;5690
100;70;4;MergeSort;1344;489;0;15730
100;70;4;CountingSort;301;0;0;13910
100;70;4;QuickSort;2590;970;476;4050
100;70;4;InsertionSort;4116;1372;0;13430
100;70;4;BubbleSort;13432;4170;1273;7250
100;70;4;MergeSort;1344;492;0;15510
100;70;4;CountingSort;301;0;0;12610
100;70;4;QuickSort;2831;1130;499;3840
100;70;4;InsertionSort;4224;1408;0;22620
100;70;4;BubbleSort;13876;4320;1309;6001
100;70;4;MergeSort;1344;491;0;12370
100;70;4;CountingSort;301;0;0;19170
100;70;4;QuickSort;2685;981;500;3860
100;70;4;InsertionSort;3891;1297;0;17940
100;70;4;BubbleSort;13700;4454;1198;8180
100;70;4;MergeSort;1344;485;0;10410
100;70;4;CountingSort;301;0;0;13350
100;70;4;QuickSort;2255;866;395;3580
100;70;4;InsertionSort;4161;1387;0;20980
100;70;4;BubbleSort;13792;4320;1288;5810
100;70;4;MergeSort;1344;498;0;40840
100;70;4;CountingSort;301;0;0;12960
100;70;4;QuickSort;2418;924;433;3450
100;70;4;InsertionSort;4020;1340;0;20701
100;70;4;BubbleSort;13304;4170;1241;6110
100;70;4;MergeSort;1344;503;0;13390
100;70;4;CountingSort;301;0;0;14060
100;70;4;QuickSort;2329;934;398;3720
100;70;4;InsertionSort;4146;1382;0;20700
100;70;4;BubbleSort;13842;4355;1283;7390
100;70;4;MergeSort;1344;491;0;10530
100;70;4;CountingSort;301;0;0;17850
100;70;4;QuickSort;2260;856;401;3960
100;70;4;InsertionSort;3669;1223;0;25611
100;70;4;BubbleSort;13064;4284;1124;9350
100;70;4;MergeSort;1344;495;0;10320
100;70;4;CountingSort;301;0;0;15320
100;70;4;QuickSort;2704;1030;495;5600
100;70;4;InsertionSort;3789;1263;0;12130
100;70;4;BubbleSort;12834;4089;1164;5900
100;70;4;MergeSort;1344;498;0;14020
100;70;4;CountingSort;301;0;0;14660
100;70;4;QuickSort;2505;1029;425;4500
100;70;4;InsertionSort;4101;1367;0;21930
100;70;4;BubbleSort;13782;4355;1268;7760
100;70;4;MergeSort;1344;486;0;14430
100;70;4;CountingSort;301;0;0;12760
100;70;4;QuickSort;2750;1052;499;3720
100;70;4;InsertionSort;4674;1558;0;22750
100;70;4;BubbleSort;14330;4247;1459;7820
100;70;4;MergeSort;1344;493;0;11870
100;70;4;CountingSort;301;0;0;16260
100;70;4;QuickSort;2668;1018;488;3300
100;70;4;InsertionSort;4038;1346;0;11790
100;70;4;BubbleSort;14018;4515;1247;6380
100;70;4;MergeSort;1344;484;0;12191
100;70;4;CountingSort;301;0;0;11710
100;70;4;QuickSort;2622;978;483;3650
100;70;4;InsertionSort;4146;1382;0;22300
100;70;4;BubbleSort;14102;4485;1283;8220
100;70;4;MergeSort;1344;498;0;9780
100;70;4;CountingSort;301;0;0;13220
100;70;4;QuickSort;2309;911;398;4460
100;70;4;InsertionSort;3600;1200;0;10550
100;70;4;BubbleSort;12664;4130;1101;7490
100;70;4;MergeSort;1344;494;0;15840
100;70;4;CountingSort;301;0;0;13500
100;70;4;QuickSort;2569;991;458;3540
100;70;4;InsertionSort;3747;1249;0;22490
100;70;4;BubbleSort;12694;4047;1150;5960
100;70;4;MergeSort;1344;493;0;11140
100;70;4;CountingSort;301;0;0;15240
100;70;4;QuickSort;2215;847;388;3560
100;70;4;InsertionSort;4176;1392;0;13660
100;70;4;BubbleSort;13740;4284;1293;7330
100;70;4;MergeSort;1344;492;0;14090
100;70;4;CountingSort;301;0;0;16750
100;70;4;QuickSort;2199;828;389;3700
100;70;4;InsertionSort;3852;1284;0;21800
100;70;4;BubbleSort;13450;4355;1185;7540
100;70;4;MergeSort;1344;485;0;9920
100;70;4;CountingSort;301;0;0;24800
100;70;4;QuickSort;2395;898;428;3780
100;70;4;InsertionSort;3894;1298;0;21260
100;70;4;BubbleSort;13436;4320;1199;8280
100;70;4;MergeSort;1344;493;0;9860
100;70;4;CountingSort;301;0;0;12760
100;70;4;QuickSort;2394;903;432;3540
100;70;4;InsertionSort;3561;1187;0;18440
100;70;4;BubbleSort;12846;4247;1088;6220
100;70;4;MergeSort;1344;493;0;12430
100;70;4;CountingSort;301;0;0;14630
100;70;4;QuickSort;2648;980;488;4620
100;70;4;InsertionSort;4221;1407;0;24740
100;70;4;BubbleSort;13492;4130;1308;8060
100;70;4;MergeSort;1344;498;0;11160
100;70;4;CountingSort;301;0;0;11420
100;70;4;QuickSort;2267;851;406;3480
100;70;4;InsertionSort;4266;1422;0;17940
100;70;4;BubbleSort;14322;4515;1323;6370
100;70;4;MergeSort;1344;489;0;12980
100;70;4;CountingSort;301;0;0;23920
100;70;4;QuickSort;2451;930;441;3700
100;70;4;InsertionSort;3636;1212;0;10720
100;70;4;BubbleSort;13092;4320;1113;6880
100;70;4;MergeSort;1344;493;0;20690
100;70;4;CountingSort;301;0;0;23130
100;70;4;QuickSort;2594;1028;454;4460
100;70;4;InsertionSort;4008;1336;0;23340
100;70;4;BubbleSort;13792;4422;1237;9630
100;70;4;MergeSort;1344;490;0;13230
100;70;4;CountingSort;301;0;0;23091
100;70;4;QuickSort;2916;1095;542;17470
100;70;4;InsertionSort;4029;1343;0;38200
100;70;4;BubbleSort;13544;4284;1244;8180
100;70;4;MergeSort;1344;485;0;16190
100;70;4;CountingSort;301;0;0;17780
100;70;4;QuickSort;2625;987;477;7070
100;70;4;InsertionSort;4020;1340;0;14560
100;70;4;BubbleSort;13058;4047;1241;7250
100;70;4;MergeSort;1344;495;0;13230
100;70;4;CountingSort;301;0;0;17840
100;70;4;QuickSort;2190;858;380;5010
100;70;4;InsertionSort;3171;1057;0;11601
100;70;4;BubbleSort;11182;3675;958;6020
100;70;4;MergeSort;1344;482;0;12520
100;70;4;CountingSort;301;0;0;18411
100;70;4;QuickSort;2278;865;403;4570
100;70;4;InsertionSort;3924;1308;0;11500
100;70;4;BubbleSort;13176;4170;1209;16620
100;70;4;MergeSort;1344;493;0;11370
100;70;4;CountingSort;301;0;0;12840
100;70;4;QuickSort;3359;1226;644;4990
100;70;4;InsertionSort;3066;1022;0;18620
100;70;4;BubbleSort;11952;4130;923;6760
100;70;4;MergeSort;1344;478;0;15900
100;70;4;CountingSort;301;0;0;12730
100;70;4;QuickSort;2406;909;433;4460
100;70;4;InsertionSort;3879;1293;0;19600
100;70;4;BubbleSort;13036;4130;1194;9220
100;70;4;MergeSort;1344;497;0;12070
100;70;4;CountingSort;301;0;0;12380
100;70;4;QuickSort;2697;984;503;4600
100;70;4;InsertionSort;3630;1210;0;15720
100;70;4;BubbleSort;12274;3915;1111;9310
100;70;4;MergeSort;1344;483;0;11930
100;70;4;CountingSort;301;0;0;11050
100;70;4;QuickSort;2456;914;447;4540
100;70;4;InsertionSort;3870;1290;0;19330
100;70;4;BubbleSort;13024;4130;1191;9330
100;70;4;MergeSort;1344;491;0;14990
100;70;4;CountingSort;301;0;0;14360
100;70;4;QuickSort;2864;1118;512;5830
100;70;4;InsertionSort;4563;1521;0;35420
100;70;4;BubbleSort;14596;4454;1422;13630
100;70;4;MergeSort;1344;493;0;18390
100;70;4;CountingSort;301;0;0;13040
100;70;4;QuickSort;2400;873;442;4460
100;70;4;InsertionSort;3597;1199;0;30420
100;70;4;BubbleSort;12818;4209;1100;18340
100;70;4;MergeSort;1344;495;0;9220
100;70;4;CountingSort;301;0;0;12830
100;70;4;QuickSort;2860;1072;529;4710
100;70;4;InsertionSort;4188;1396;0;84460
100;70;4;BubbleSort;13898;4355;1297;10190
100;70;4;MergeSort;1344;494;0;11460
100;70;4;CountingSort;301;0;0;14650
100;70;4;QuickSort;2686;1015;492;4520
100;70;4;InsertionSort;4128;1376;0;12040
100;70;4;BubbleSort;13676;4284;1277;7260
100;70;4;MergeSort;1344;496;0;11750
100;70;4;CountingSort;301;0;0;16790
100;70;4;QuickSort;2307;876;409;3720
100;70;4;InsertionSort;4218;1406;0;12320
100;70;4;BubbleSort;13646;4209;1307;5430
100;70;4;MergeSort;1344;494;0;23311
100;70;4;CountingSort;301;0;0;16610
100;70;4;QuickSort;2204;878;370;3750
100;70;4;InsertionSort;4314;1438;0;20730
100;70;4;BubbleSort;13696;4170;1339;6780
100;70;4;MergeSort;1344;486;0;12080
100;80;1;CountingSort;301;0;0;20570
100;80;1;QuickSort;2202;831;389;184431
100;80;1;InsertionSort;5899;1965;0;300221
100;80;1;BubbleSort;17216;4872;1868;481111
100;80;1;MergeSort;1344;535;0;140030
100;80;1;CountingSort;301;0;0;16750
100;80;1;QuickSort;2338;859;427;117041
100;80;1;InsertionSort;6773;2255;0;201591
100;80;1;BubbleSort;18520;4940;2160;524921
100;80;1;MergeSort;1344;534;0;135350
100;80;1;CountingSort;301;0;0;23820
100;80;1;QuickSort;2530;970;455;69970
100;80;1;InsertionSort;6854;2282;0;209121
100;80;1;BubbleSort;18618;4935;2187;477282
100;80;1;MergeSort;1344;533;0;106641
100;80;1;CountingSort;301;0;0;12370
100;80;1;QuickSort;2760;1017;515;121210
100;80;1;InsertionSort;6814;2268;0;190921
100;80;1;BubbleSort;18386;4845;2174;346331
100;80;1;MergeSort;1344;550;0;51530
100;80;1;CountingSort;301;0;0;15460
100;80;1;QuickSort;2840;1076;520;64751
100;80;1;InsertionSort;6488;2160;0;233790
100;80;1;BubbleSort;18158;4949;2065;458591
100;80;1;MergeSort;1344;546;0;27000
100;80;1;CountingSort;301;0;0;13130
100;80;1;QuickSort;2884;1081;533;58760
100;80;1;InsertionSort;6069;2019;0;173900
100;80;1;BubbleSort;17394;4845;1926;435711
100;80;1;MergeSort;1344;543;0;19500
100;80;1;CountingSort;301;0;0;15080
100;80;1;QuickSort;2299;889;406;10190
100;80;1;InsertionSort;6930;2308;0;195790
100;80;1;BubbleSort;18616;4884;2212;448891
100;80;1;MergeSort;1344;555;0;20090
100;80;1;CountingSort;301;0;0;16110
100;80;1;QuickSort;2251;859;397;8330
100;80;1;InsertionSort;6741;2247;0;195751
100;80;1;BubbleSort;18282;4845;2148;305161
100;80;1;MergeSort;1344;537;0;21590
100;80;1;CountingSort;301;0;0;15100
100;80;1;QuickSort;2755;1015;514;12480
100;80;1;InsertionSort;6450;2148;0;190600
100;80;1;BubbleSort;17926;4859;2052;391461
100;80;1;MergeSort;1344;547;0;21070
100;80;1;CountingSort;301;0;0;15930
100;80;1;QuickSort;2378;914;425;23380
100;80;1;InsertionSort;6614;2202;0;169201
100;80;1;BubbleSort;18308;4940;2107;306541
100;80;1;MergeSort;1344;537;0;26291
100;80;1;CountingSort;301;0;0;16680
100;80;1;QuickSort;2743;1003;511;10980
100;80;1;InsertionSort;6906;2302;0;184621
100;80;1;BubbleSort;18622;4905;2203;304971
100;80;1;MergeSort;1344;545;0;23910
100;80;1;CountingSort;301;0;0;24150
100;80;1;QuickSort;2270;866;404;10180
100;80;1;InsertionSort;7146;2378;0;197000
100;80;1;BubbleSort;18768;4814;2285;295481
100;80;1;MergeSort;1344;537;0;16020
100;80;1;CountingSort;301;0;0;16010
100;80;1;QuickSort;2477;947;445;8250
100;80;1;InsertionSort;6007;2001;0;161731
100;80;1;BubbleSort;16964;4674;1904;363371
100;80;1;MergeSort;1344;542;0;17380
100;80;1;CountingSort;301;0;0;14380
100;80;1;QuickSort;2358;894;424;10310
100;80;1;InsertionSort;7302;2432;0;222761
100;80;1;BubbleSort;19154;4905;2336;86950
100;80;1;MergeSort;1344;546;0;19510
100;80;1;CountingSort;301;0;0;13000
100;80;1;QuickSort;2828;1037;532;10280
100;80;1;InsertionSort;5988;1994;0;132180
100;80;1;BubbleSort;17360;4884;1898;50570
100;80;1;MergeSort;1344;538;0;25410
100;80;1;CountingSort;301;0;0;16340
100;80;1;QuickSort;2528;953;461;10390
100;80;1;InsertionSort;6774;2256;0;252721
100;80;1;BubbleSort;18520;4940;2160;87971
100;80;1;MergeSort;1344;545;0;19620
100;80;1;CountingSort;301;0;0;15310
100;80;1;QuickSort;2426;998;410;11650
100;80;1;InsertionSort;6847;2279;0;207121
100;80;1;BubbleSort;18598;4929;2185;56991
100;80;1;MergeSort;1344;548;0;19720
100;80;1;CountingSort;301;0;0;16900
100;80;1;QuickSort;2387;905;428;9960
100;80;1;InsertionSort;6837;2277;0;192211
100;80;1;BubbleSort;18582;4929;2181;74590
100;80;1;MergeSort;1344;537;0;21951
100;80;1;CountingSort;301;0;0;15920
100;80;1;QuickSort;2552;1019;445;12640
100;80;1;InsertionSort;6953;2315;0;189710
100;80;1;BubbleSort;18670;4895;2220;52950
100;80;1;MergeSort;1344;537;0;18160
100;80;1;CountingSort;301;0;0;15270
100;80;1;QuickSort;2344;913;411;11070
100;80;1;InsertionSort;6783;2259;0;182240
100;80;1;BubbleSort;18210;4779;2163;50220
100;80;1;MergeSort;1344;541;0;17750
100;80;1;CountingSort;301;0;0;19670
100;80;1;QuickSort;2382;921;421;9500
100;80;1;InsertionSort;6469;2155;0;202231
100;80;1;BubbleSort;17826;4797;2058;51671
100;80;1;MergeSort;1344;532;0;20650
100;80;1;CountingSort;301;0;0;17171
100;80;1;QuickSort;2337;897;415;9520
100;80;1;InsertionSort;5855;1949;0;182130
100;80;1;BubbleSort;17134;4859;1854;64970
100;80;1;MergeSort;1344;539;0;22140
100;80;1;CountingSort;301;0;0;15040
100;80;1;QuickSort;2886;1083;535;11130
100;80;1;InsertionSort;7513;2503;0;207430
100;80;1;BubbleSort;19434;4905;2406;82020
100;80;1;MergeSort;1344;541;0;21330
100;80;1;CountingSort;301;0;0;16940
100;80;1;QuickSort;2396;905;434;11010
100;80;1;InsertionSort;6820;2272;0;193861
100;80;1;BubbleSort;18468;4884;2175;72020
100;80;1;MergeSort;1344;546;0;19210
100;80;1;CountingSort;301;0;0;16630
100;80;1;QuickSort;2318;890;411;9960
100;80;1;InsertionSort;6520;2172;0;1068783
100;80;1;BubbleSort;18188;4944;2075;51080
100;80;1;MergeSort;1344;546;0;908433
100;80;1;CountingSort;301;0;0;22590
100;80;1;QuickSort;2329;946;399;10030
100;80;1;InsertionSort;6962;2318;0;215791
100;80;1;BubbleSort;18702;4905;2223;151771
100;80;1;MergeSort;1344;543;0;40161
100;80;1;CountingSort;301;0;0;17080
100;80;1;QuickSort;2698;1090;469;19230
100;80;1;InsertionSort;6597;2199;0;240871
100;80;1;BubbleSort;18118;4859;2100;79730
100;80;1;MergeSort;1344;542;0;19740
100;80;1;CountingSort;301;0;0;14280
100;80;1;QuickSort;2434;886;451;20860
100;80;1;InsertionSort;6297;2099;0;233460
100;80;1;BubbleSort;17790;4895;2000;133360
100;80;1;MergeSort;1344;542;0;14650
100;80;1;CountingSort;301;0;0;18390
100;80;1;QuickSort;2499;951;448;18860
100;80;1;InsertionSort;6208;2068;0;72360
100;80;1;BubbleSort;17478;4797;1971;79980
100;80;1;MergeSort;1344;538;0;13850
100;80;1;CountingSort;301;0;0;16670
100;80;1;QuickSort;2260;925;379;7960
100;80;1;InsertionSort;6873;2289;0;43910
100;80;1;BubbleSort;18516;4872;2193;164751
100;80;1;MergeSort;1344;535;0;13070
100;80;1;CountingSort;301;0;0;18140
100;80;1;QuickSort;2321;899;405;8310
100;80;1;InsertionSort;6898;2296;0;32480
100;80;1;BubbleSort;18598;4895;2202;93630
100;80;1;MergeSort;1344;542;0;19460
100;80;1;CountingSort;301;0;0;14530
100;80;1;QuickSort;2403;960;413;15400
100;80;1;InsertionSort;5936;1976;0;43740
100;80;1;BubbleSort;17424;4950;1881;13350
100;80;1;MergeSort;1344;542;0;17900
100;80;1;CountingSort;301;0;0;19920
100;80;1;QuickSort;3122;1163;588;21170
100;80;1;InsertionSort;7755;2585;0;23360
100;80;1;BubbleSort;19824;4940;2486;11010
100;80;1;MergeSort;1344;532;0;26200
100;80;1;CountingSort;301;0;0;18500
100;80;1;QuickSort;2254;916;384;16810
100;80;1;InsertionSort;6640;2212;0;28390
100;80;1;BubbleSort;18120;4830;2115;12890
100;80;1;MergeSort;1344;535;0;13680
100;80;1;CountingSort;301;0;0;13410
100;80;1;QuickSort;2416;931;428;8800
100;80;1;InsertionSort;6418;2136;0;33190
100;80;1;BubbleSort;17726;4779;2042;12310
100;80;1;MergeSort;1344;544;0;9970
100;80;1;CountingSort;301;0;0;14970
100;80;1;QuickSort;3007;1192;538;8560
100;80;1;InsertionSort;6590;2194;0;34080
100;80;1;BubbleSort;17990;4797;2099;12700
100;80;1;MergeSort;1344;547;0;13420
100;80;1;CountingSort;301;0;0;13530
100;80;1;QuickSort;2296;883;405;7990
100;80;1;InsertionSort;6615;2201;0;19020
100;80;1;BubbleSort;18332;4950;2108;31880
100;80;1;MergeSort;1344;537;0;14750
100;80;1;CountingSort;301;0;0;16810
100;80;1;QuickSort;2468;917;448;7710
100;80;1;InsertionSort;6353;2115;0;18280
100;80;1;BubbleSort;17960;4940;2020;24030
100;80;1;MergeSort;1344;545;0;12260
100;80;1;CountingSort;301;0;0;15330
100;80;1;QuickSort;2511;906;467;97750
100;80;1;InsertionSort;6945;2313;0;21250
100;80;1;BubbleSort;18768;4950;2217;121060
100;80;1;MergeSort;1344;541;0;12830
100;80;1;CountingSort;301;0;0;17260
100;80;1;QuickSort;2420;920;435;58770
100;80;1;InsertionSort;6366;2118;0;33650
100;80;1;BubbleSort;17928;4914;2025;83130
100;80;1;MergeSort;1344;537;0;16920
100;80;1;CountingSort;301;0;0;14190
100;80;1;QuickSort;2972;1112;549;63730
100;80;1;InsertionSort;6763;2253;0;29370
100;80;1;BubbleSort;18342;4859;2156;107680
100;80;1;MergeSort;1344;534;0;15340
100;80;1;CountingSort;301;0;0;19210
100;80;1;QuickSort;2552;989;454;65650
100;80;1;InsertionSort;6273;2091;0;58180
100;80;1;BubbleSort;17838;4935;1992;172181
100;80;1;MergeSort;1344;544;0;11430
100;80;1;CountingSort;301;0;0;14300
100;80;1;QuickSort;2321;878;416;42340
100;80;1;InsertionSort;6898;2296;0;30770
100;80;1;BubbleSort;18618;4905;2202;153580
100;80;1;MergeSort;1344;539;0;9960
100;80;1;CountingSort;301;0;0;17680
100;80;1;QuickSort;2768;1088;497;55900
100;80;1;InsertionSort;6452;2148;0;33770
100;80;1;BubbleSort;18040;4914;2053;86861
100;80;1;MergeSort;1344;546;0;13120
100;80;1;CountingSort;301;0;0;16190
100;80;1;QuickSort;2499;942;450;43370
100;80;1;InsertionSort;6205;2065;0;27891
100;80;1;BubbleSort;17784;4950;1971;151030
100;80;1;MergeSort;1344;545;0;12440
100;80;1;CountingSort;301;0;0;16270
100;80;1;QuickSort;2824;1051;523;76090
100;80;1;InsertionSort;6292;2096;0;19760
100;80;1;BubbleSort;17866;4935;1999;41240
100;80;1;MergeSort;1344;551;0;12030
100;80;1;CountingSort;301;0;0;19770
100;80;1;QuickSort;2436;984;419;76170
100;80;1;InsertionSort;6850;2280;0;48790
100;80;1;BubbleSort;18264;4760;2186;115120
100;80;1;MergeSort;1344;555;0;16840
100;80;1;CountingSort;301;0;0;17240
100;80;1;QuickSort;2179;832;385;41520
100;80;1;InsertionSort;6814;2270;0;30470
100;80;1;BubbleSort;18212;4760;2173;87500
100;80;1;MergeSort;1344;536;0;10730
100;80;1;CountingSort;301;0;0;17600
100;80;1;QuickSort;2449;976;423;58380
100;80;1;InsertionSort;6774;2256;0;44070
100;80;1;BubbleSort;18510;4935;2160;86491
100;80;1;MergeSort;1344;543;0;17720
100;80;1;CountingSort;301;0;0;21100
100;80;1;QuickSort;2070;789;363;52421
100;80;1;InsertionSort;7254;2418;0;54660
100;80;1;BubbleSort;19120;4922;2319;82280
100;80;1;MergeSort;1344;544;0;17020
100;80;1;CountingSort;301;0;0;21810
100;80;1;QuickSort;2218;853;391;19830
100;80;1;InsertionSort;6663;2219;0;38280
100;80;1;BubbleSort;18302;4905;2123;84610
100;80;1;MergeSort;1344;534;0;15240
100;80;1;CountingSort;301;0;0;17820
100;80;1;QuickSort;2301;876;410;3770
100;80;1;InsertionSort;6595;2197;0;31350
100;80;1;BubbleSort;17958;4779;2100;88091
100;80;1;MergeSort;1344;535;0;12110
100;80;1;CountingSort;301;0;0;23670
100;80;1;QuickSort;2332;913;407;12570
100;80;1;InsertionSort;6230;2074;0;32720
100;80;1;BubbleSort;17726;4905;1979;79820
100;80;1;MergeSort;1344;538;0;14430
100;80;1;CountingSort;301;0;0;15730
100;80;1;QuickSort;2816;1037;524;4850
100;80;1;InsertionSort;6566;2186;0;19690
100;80;1;BubbleSort;17958;4797;2091;75271
100;80;1;MergeSort;1344;544;0;12540
100;80;1;CountingSort;301;0;0;13461
100;80;1;QuickSort;2343;948;400;4660
100;80;1;InsertionSort;6348;2116;0;18340
100;80;1;BubbleSort;17956;4944;2017;52040
100;80;1;MergeSort;1344;548;0;12640
100;80;1;CountingSort;301;0;0;12990
100;80;1;QuickSort;2397;912;427;3850
100;80;1;InsertionSort;6858;2286;0;27190
100;80;1;BubbleSort;18576;4914;2187;90360
100;80;1;MergeSort;1344;544;0;12360
100;80;1;CountingSort;301;0;0;16120
100;80;1;QuickSort;2500;916;462;10500
100;80;1;InsertionSort;6207;2069;0;51920
100;80;1;BubbleSort;17598;4859;1970;44990
100;80;1;MergeSort;1344;548;0;10830
100;80;1;CountingSort;301;0;0;15580
100;80;1;QuickSort;2417;920;434;3790
100;80;1;InsertionSort;6889;2293;0;24910
100;80;1;BubbleSort;18684;4944;2199;83640
100;80;1;MergeSort;1344;534;0;10580
100;80;1;CountingSort;301;0;0;14270
100;80;1;QuickSort;2258;860;400;3840
100;80;1;InsertionSort;6534;2176;0;34290
100;80;1;BubbleSort;17620;4650;2080;49880
100;80;1;MergeSort;1344;532;0;13300
100;80;1;CountingSort;301;0;0;20100
100;80;1;QuickSort;2306;854;417;3960
100;80;1;InsertionSort;6766;2252;0;33060
100;80;1;BubbleSort;18460;4914;2158;61040
100;80;1;MergeSort;1344;533;0;13850
100;80;1;CountingSort;301;0;0;13730
100;80;1;QuickSort;2610;975;475;4960
100;80;1;InsertionSort;6962;2318;0;98241
100;80;1;BubbleSort;18772;4940;2223;66901
100;80;1;MergeSort;1344;538;0;14571
100;80;1;CountingSort;301;0;0;20030
100;80;1;QuickSort;2612;971;480;3970
100;80;1;InsertionSort;6348;2114;0;18210
100;80;1;BubbleSort;17840;4884;2018;117710
100;80;1;MergeSort;1344;544;0;11960
100;80;1;CountingSort;301;0;0;14060
100;80;1;QuickSort;2519;992;443;3920
100;80;1;InsertionSort;7354;2450;0;35660
100;80;1;BubbleSort;19292;4940;2353;55240
100;80;1;MergeSort;1344;534;0;11110
100;80;1;CountingSort;301;0;0;12910
100;80;1;QuickSort;2237;842;396;3740
100;80;1;InsertionSort;6678;2226;0;31530
100;80;1;BubbleSort;18388;4940;2127;100600
100;80;1;MergeSort;1344;543;0;16070
100;80;1;CountingSort;301;0;0;20350
100;80;1;QuickSort;2443;937;437;4880
100;80;1;InsertionSort;6189;2063;0;106341
100;80;1;BubbleSort;17574;4859;1964;74150
100;80;1;MergeSort;1344;541;0;13050
100;80;1;CountingSort;301;0;0;16520
100;80;1;QuickSort;2373;903;422;5040
100;80;1;InsertionSort;6729;2243;0;22150
100;80;1;BubbleSort;17970;4697;2144;126680
100;80;1;MergeSort;1344;547;0;14820
100;80;1;CountingSort;301;0;0;14610
100;80;1;QuickSort;2612;959;483;4880
100;80;1;InsertionSort;6762;2254;0;35630
100;80;1;BubbleSort;18280;4830;2155;79090
100;80;1;MergeSort;1344;546;0;12580
100;80;1;CountingSort;301;0;0;13540
100;80;1;QuickSort;2526;981;452;3850
100;80;1;InsertionSort;6783;2259;0;34270
100;80;1;BubbleSort;18532;4940;2163;102041
100;80;1;MergeSort;1344;543;0;10540
100;80;1;CountingSort;301;0;0;13440
100;80;1;QuickSort;2364;882;430;3750
100;80;1;InsertionSort;5943;1979;0;84300
100;80;1;BubbleSort;17276;4872;1883;39490
100;80;1;MergeSort;1344;537;0;20310
100;80;1;CountingSort;301;0;0;22460
100;80;1;QuickSort;2586;945;475;4050
100;80;1;InsertionSort;6858;2286;0;34110
100;80;1;BubbleSort;18606;4929;2187;161301
100;80;1;MergeSort;1344;534;0;18000
100;80;1;CountingSort;301;0;0;16120
100;80;1;QuickSort;2908;1099;536;4870
100;80;1;InsertionSort;6265;2085;0;31041
100;80;1;BubbleSort;17654;4845;1991;54150
100;80;1;MergeSort;1344;535;0;14270
100;80;1;CountingSort;301;0;0;17460
100;80;1;QuickSort;2396;890;435;5940
100;80;1;InsertionSort;6606;2202;0;34910
100;80;1;BubbleSort;18072;4830;2103;93560
100;80;1;MergeSort;1344;542;0;12580
100;80;1;CountingSort;301;0;0;14600
100;80;1;QuickSort;2383;937;411;5030
100;80;1;InsertionSort;6161;2051;0;98721
100;80;1;BubbleSort;17542;4859;1956;49590
100;80;1;MergeSort;1344;556;0;11440
100;80;1;CountingSort;301;0;0;13131
100;80;1;QuickSort;2237;866;396;3750
100;80;1;InsertionSort;5824;1940;0;18520
100;80;1;BubbleSort;16852;4740;1843;116420
100;80;1;MergeSort;1344;542;0;11480
100;80;1;CountingSort;301;0;0;15020
100;80;1;QuickSort;2429;902;441;3830
100;80;1;InsertionSort;5654;1882;0;27830
100;80;1;BubbleSort;16916;4884;1787;10250
100;80;1;MergeSort;1344;547;0;36710
100;80;1;CountingSort;301;0;0;12140
100;80;1;QuickSort;2397;897;436;4850
100;80;1;InsertionSort;6703;2233;0;29040
100;80;1;BubbleSort;18334;4895;2136;8900
100;80;1;MergeSort;1344;543;0;11390
100;80;1;CountingSort;301;0;0;13360
100;80;1;QuickSort;2786;1040;516;5030
100;80;1;InsertionSort;7072;2356;0;127191
100;80;1;BubbleSort;18754;4859;2259;21570
100;80;1;MergeSort;1344;540;0;11480
100;80;1;CountingSort;301;0;0;11971
100;80;1;QuickSort;2681;1004;493;4680
100;80;1;InsertionSort;6780;2260;0;35190
100;80;1;BubbleSort;18388;4872;2161;8900
100;80;1;MergeSort;1344;549;0;10510
100;80;1;CountingSort;301;0;0;11850
100;80;1;QuickSort;2102;884;340;4520
100;80;1;InsertionSort;6501;2165;0;34400
100;80;1;BubbleSort;17994;4859;2069;12810
100;80;1;MergeSort;1344;539;0;22160
100;80;1;CountingSort;301;0;0;16310
100;80;1;QuickSort;2386;925;420;6090
100;80;1;InsertionSort;6371;2121;0;113910
100;80;1;BubbleSort;17822;4859;2026;9240
100;80;1;MergeSort;1344;542;0;13930
100;80;1;CountingSort;301;0;0;15250
100;80;1;QuickSort;2672;992;495;3750
100;80;1;InsertionSort;6512;2168;0;74020
100;80;1;BubbleSort;18010;4859;2073;7900
100;80;1;MergeSort;1344;543;0;11880
100;80;1;CountingSort;301;0;0;19200
100;80;1;QuickSort;2587;940;482;4030
100;80;1;InsertionSort;5684;1892;0;96440
100;80;1;BubbleSort;16782;4797;1797;10040
100;80;1;MergeSort;1344;542;0;14870
100;80;1;CountingSort;301;0;0;16760
100;80;1;QuickSort;2994;1104;563;3760
100;80;1;InsertionSort;7222;2402;0;71750
100;80;1;BubbleSort;19132;4944;2311;9290
100;80;1;MergeSort;1344;542;0;12370
100;80;1;CountingSort;301;0;0;14440
100;80;1;QuickSort;2525;959;455;3970
100;80;1;InsertionSort;5932;1974;0;96110
100;80;1;BubbleSort;17420;4950;1880;7940
100;80;1;MergeSort;1344;544;0;17100
100;80;1;CountingSort;301;0;0;16080
100;80;1;QuickSort;2654;1010;482;3880
100;80;1;InsertionSort;6927;2303;0;80520
100;80;1;BubbleSort;18750;4949;2213;10700
100;80;1;MergeSort;1344;544;0;15200
100;80;1;CountingSort;301;0;0;13370
100;80;1;QuickSort;2325;858;425;3810
100;80;1;InsertionSort;6862;2286;0;91370
100;80;1;BubbleSort;18500;4872;2189;10740
100;80;1;MergeSort;1344;540;0;9920
100;80;1;CountingSort;301;0;0;42210
100;80;1;QuickSort;2798;1067;511;6190
100;80;1;InsertionSort;6642;2210;0;91150
100;80;1;BubbleSort;18128;4830;2117;13030
100;80;1;MergeSort;1344;546;0;14450
100;80;1;CountingSort;301;0;0;17710
100;80;1;QuickSort;2905;1096;533;4610
100;80;1;InsertionSort;6846;2282;0;87090
100;80;1;BubbleSort;18590;4929;2183;10300
100;80;1;MergeSort;1344;544;0;14360
100;80;1;CountingSort;301;0;0;16790
100;80;1;QuickSort;2321;854;423;4300
100;80;1;InsertionSort;5697;1899;0;90310
100;80;1;BubbleSort;17058;4929;1800;11790
100;80;1;MergeSort;1344;546;0;18430
100;80;1;CountingSort;301;0;0;17990
100;80;1;QuickSort;3309;1272;611;5210
100;80;1;InsertionSort;7062;2352;0;115451
100;80;1;BubbleSort;18618;4797;2256;12010
100;80;1;MergeSort;1344;546;0;30850
100;80;1;CountingSort;301;0;0;13540
100;80;1;QuickSort;2251;877;394;3660
100;80;1;InsertionSort;6770;2252;0;104410
100;80;1;BubbleSort;18358;4859;2160;10360
100;80;1;MergeSort;1344;534;0;12180
100;80;1;CountingSort;301;0;0;16200
100;80;1;QuickSort;2382;960;408;4970
100;80;1;InsertionSort;5838;1946;0;70570
100;80;1;BubbleSort;16868;4740;1847;10240
100;80;1;MergeSort;1344;520;0;16070
100;80;1;CountingSort;301;0;0;20230
100;80;1;QuickSort;2790;1059;507;3600
100;80;1;InsertionSort;7278;2426;0;98511
100;80;1;BubbleSort;19208;4950;2327;10460
100;80;1;MergeSort;1344;542;0;11190
100;80;1;CountingSort;301;0;0;15010
100;80;1;QuickSort;2816;1067;516;3920
100;80;1;InsertionSort;6414;2138;0;72480
100;80;1;BubbleSort;18014;4929;2039;7940
100;80;1;MergeSort;1344;549;0;11400
100;80;1;CountingSort;301;0;0;14540
100;80;1;QuickSort;2384;881;436;4200
100;80;1;InsertionSort;7107;2369;0;99221
100;80;1;BubbleSort;18890;4905;2270;11810
100;80;1;MergeSort;1344;551;0;14450
100;80;1;CountingSort;301;0;0;17390
100;80;1;QuickSort;2753;1061;499;5050
100;80;1;InsertionSort;7018;2336;0;83711
100;80;1;BubbleSort;18448;4740;2242;8810
100;80;1;MergeSort;1344;549;0;11431
100;80;1;CountingSort;301;0;0;18800
100;80;1;QuickSort;2881;1063;539;4810
100;80;1;InsertionSort;6351;2117;0;88040
100;80;1;BubbleSort;17816;4872;2018;11630
100;80;1;MergeSort;1344;542;0;12150
100;80;1;CountingSort;301;0;0;14150
100;80;1;QuickSort;2496;960;444;3830
100;80;1;InsertionSort;6037;2011;0;92640
100;80;1;BubbleSort;17514;4929;1914;11610
100;80;1;MergeSort;1344;528;0;13630
100;80;1;CountingSort;301;0;0;13760
100;80;1;QuickSort;2158;853;368;3850
100;80;1;InsertionSort;6897;2299;0;91850
100;80;1;BubbleSort;18280;4740;2200;7880
100;80;1;MergeSort;1344;537;0;11630
100;80;1;CountingSort;301;0;0;13260
100;80;1;QuickSort;2228;821;404;3550
100;80;1;InsertionSort;5214;1738;0;87050
100;80;1;BubbleSort;16114;4779;1639;7340
100;80;1;MergeSort;1344;530;0;12050
100;80;2;CountingSort;301;0;0;20591
100;80;2;QuickSort;2318;1031;364;194920
100;80;2;InsertionSort;5628;1874;0;314391
100;80;2;BubbleSort;15890;4389;1778;471641
100;80;2;MergeSort;1344;482;0;119500
100;80;2;CountingSort;301;0;0;17050
100;80;2;QuickSort;2530;940;465;98200
100;80;2;InsertionSort;4637;1543;0;135770
100;80;2;BubbleSort;14822;4515;1448;497642
100;80;2;MergeSort;1344;475;0;111881
100;80;2;CountingSort;301;0;0;21720
100;80;2;QuickSort;2407;919;428;90540
100;80;2;InsertionSort;5694;1896;0;166481
100;80;2;BubbleSort;16548;4674;1800;315501
100;80;2;MergeSort;1344;483;0;157641
100;80;2;CountingSort;301;0;0;12330
100;80;2;QuickSort;2779;1021;518;77130
100;80;2;InsertionSort;5269;1751;0;139141
100;80;2;BubbleSort;16034;4697;1660;437812
100;80;2;MergeSort;1344;472;0;69350
100;80;2;CountingSort;301;0;0;22750
100;80;2;QuickSort;2525;953;456;61620
100;80;2;InsertionSort;5166;1720;0;172420
100;80;2;BubbleSort;15274;4389;1624;484421
100;80;2;MergeSort;1344;485;0;41100
100;80;2;CountingSort;301;0;0;13910
100;80;2;QuickSort;2247;828;408;64571
100;80;2;InsertionSort;4997;1665;0;133040
100;80;2;BubbleSort;15356;4544;1567;383981
100;80;2;MergeSort;1344;490;0;41461
100;80;2;CountingSort;301;0;0;13200
100;80;2;QuickSort;2351;896;421;44170
100;80;2;InsertionSort;4607;1535;0;128220
100;80;2;BubbleSort;14458;4355;1437;286721
100;80;2;MergeSort;1344;478;0;24260
100;80;2;CountingSort;301;0;0;13560
100;80;2;QuickSort;2489;956;445;14400
100;80;2;InsertionSort;4770;1588;0;133610
100;80;2;BubbleSort;14536;4284;1492;260331
100;80;2;MergeSort;1344;486;0;16010
100;80;2;CountingSort;301;0;0;12440
100;80;2;QuickSort;2539;943;465;18150
100;80;2;InsertionSort;5215;1735;0;151900
100;80;2;BubbleSort;15762;4599;1641;403081
100;80;2;MergeSort;1344;482;0;36380
100;80;2;CountingSort;301;0;0;16120
100;80;2;QuickSort;2204;872;373;19180
100;80;2;InsertionSort;5050;1680;0;113200
100;80;2;BubbleSort;15314;4485;1586;322061
100;80;2;MergeSort;1344;489;0;30581
100;80;2;CountingSort;301;0;0;17820
100;80;2;QuickSort;2582;944;479;9630
100;80;2;InsertionSort;4788;1592;0;141541
100;80;2;BubbleSort;15390;4697;1499;308110
100;80;2;MergeSort;1344;473;0;20690
100;80;2;CountingSort;301;0;0;18300
100;80;2;QuickSort;2470;916;454;8260
100;80;2;InsertionSort;4732;1574;0;163200
100;80;2;BubbleSort;14828;4454;1480;355141
100;80;2;MergeSort;1344;481;0;56180
100;80;2;CountingSort;301;0;0;17210
100;80;2;QuickSort;2461;970;430;9790
100;80;2;InsertionSort;5002;1666;0;121120
100;80;2;BubbleSort;15420;4572;1569;345111
100;80;2;MergeSort;1344;483;0;25210
100;80;2;CountingSort;301;0;0;15680
100;80;2;QuickSort;2913;1104;533;10540
100;80;2;InsertionSort;5332;1776;0;160581
100;80;2;BubbleSort;16196;4740;1679;285221
100;80;2;MergeSort;1344;492;0;30500
100;80;2;CountingSort;301;0;0;15320
100;80;2;QuickSort;2395;922;422;9280
100;80;2;InsertionSort;5353;1781;0;148851
100;80;2;BubbleSort;16048;4650;1687;163501
100;80;2;MergeSort;1344;491;0;46230
100;80;2;CountingSort;301;0;0;17010
100;80;2;QuickSort;2525;932;470;10760
100;80;2;InsertionSort;5230;1740;0;161140
100;80;2;BubbleSort;15554;4485;1646;57980
100;80;2;MergeSort;1344;486;0;20790
100;80;2;CountingSort;301;0;0;16301
100;80;2;QuickSort;2235;831;401;14600
100;80;2;InsertionSort;4741;1579;0;148680
100;80;2;BubbleSort;14836;4454;1482;45510
100;80;2;MergeSort;1344;486;0;16150
100;80;2;CountingSort;301;0;0;16710
100;80;2;QuickSort;2825;1055;524;15920
100;80;2;InsertionSort;5706;1900;0;168261
100;80;2;BubbleSort;16610;4697;1804;107520
100;80;2;MergeSort;1344;485;0;29200
100;80;2;CountingSort;301;0;0;15540
100;80;2;QuickSort;3254;1214;611;9330
100;80;2;InsertionSort;4695;1563;0;110620
100;80;2;BubbleSort;14712;4422;1467;70910
100;80;2;MergeSort;1344;483;0;20820
100;80;2;CountingSort;301;0;0;15680
100;80;2;QuickSort;2603;971;475;10230
100;80;2;InsertionSort;4688;1562;0;163400
100;80;2;BubbleSort;14826;4485;1464;85990
100;80;2;MergeSort;1344;486;0;39890
100;80;2;CountingSort;301;0;0;15500
100;80;2;QuickSort;2535;921;472;9900
100;80;2;InsertionSort;4491;1493;0;126501
100;80;2;BubbleSort;13694;4047;1400;127340
100;80;2;MergeSort;1344;484;0;63470
100;80;2;CountingSort;301;0;0;12770
100;80;2;QuickSort;2374;910;425;8000
100;80;2;InsertionSort;4747;1581;0;153090
100;80;2;BubbleSort;15024;4544;1484;58720
100;80;2;MergeSort;1344;490;0;23430
100;80;2;CountingSort;301;0;0;15930
100;80;2;QuickSort;2748;1029;506;8300
100;80;2;InsertionSort;4154;1384;0;120521
100;80;2;BubbleSort;13322;4089;1286;57340
100;80;2;MergeSort;1344;478;0;21810
100;80;2;CountingSort;301;0;0;16860
100;80;2;QuickSort;2325;873;421;7910
100;80;2;InsertionSort;4944;1644;0;157560
100;80;2;BubbleSort;15112;4454;1551;49980
100;80;2;MergeSort;1344;487;0;29390
100;80;2;CountingSort;301;0;0;15000
100;80;2;QuickSort;2366;965;400;11460
100;80;2;InsertionSort;5546;1844;0;1157684
100;80;2;BubbleSort;16356;4674;1752;1072234
100;80;2;MergeSort;1344;483;0;1048173
100;80;2;CountingSort;301;0;0;20090
100;80;2;QuickSort;2594;962;476;8330
100;80;2;InsertionSort;4971;1655;0;151190
100;80;2;BubbleSort;15206;4485;1559;59870
100;80;2;MergeSort;1344;483;0;15120
100;80;2;CountingSort;301;0;0;14390
100;80;2;QuickSort;2458;940;440;7650
100;80;2;InsertionSort;4978;1658;0;140471
100;80;2;BubbleSort;15332;4544;1561;41210
100;80;2;MergeSort;1344;485;0;27720
100;80;2;CountingSort;301;0;0;15190
100;80;2;QuickSort;2891;1229;483;14030
100;80;2;InsertionSort;4736;1576;0;139851
100;80;2;BubbleSort;14634;4355;1481;40011
100;80;2;MergeSort;1344;484;0;21920
100;80;2;CountingSort;301;0;0;17611
100;80;2;QuickSort;2329;907;409;9430
100;80;2;InsertionSort;5964;1986;0;174880
100;80;2;BubbleSort;16810;4625;1890;122870
100;80;2;MergeSort;1344;492;0;16220
100;80;2;CountingSort;301;0;0;17020
100;80;2;QuickSort;2571;981;463;9690
100;80;2;InsertionSort;4634;1542;0;137610
100;80;2;BubbleSort;14206;4209;1447;99090
100;80;2;MergeSort;1344;486;0;17200
100;80;2;CountingSort;301;0;0;18210
100;80;2;QuickSort;2298;900;402;9610
100;80;2;InsertionSort;4540;1512;0;152611
100;80;2;BubbleSort;14568;4454;1415;129091
100;80;2;MergeSort;1344;484;0;31220
100;80;2;CountingSort;301;0;0;16270
100;80;2;QuickSort;2678;1040;482;9940
100;80;2;InsertionSort;4965;1651;0;111021
100;80;2;BubbleSort;14492;4130;1558;68940
100;80;2;MergeSort;1344;490;0;40980
100;80;2;CountingSort;301;0;0;11870
100;80;2;QuickSort;2121;867;354;11160
100;80;2;InsertionSort;5139;1709;0;121201
100;80;2;BubbleSort;15858;4697;1616;86891
100;80;2;MergeSort;1344;483;0;20930
100;80;2;CountingSort;301;0;0;14600
100;80;2;QuickSort;2582;968;470;9790
100;80;2;InsertionSort;4932;1642;0;192690
100;80;2;BubbleSort;15154;4485;1546;65970
100;80;2;MergeSort;1344;488;0;10090
100;80;2;CountingSort;301;0;0;17090
100;80;2;QuickSort;2793;1023;523;8470
100;80;2;InsertionSort;4585;1527;0;146761
100;80;2;BubbleSort;14750;4515;1430;45360
100;80;2;MergeSort;1344;483;0;9340
100;80;2;CountingSort;301;0;0;18800
100;80;2;QuickSort;2592;1002;465;7830
100;80;2;InsertionSort;4373;1457;0;129381
100;80;2;BubbleSort;14280;4422;1359;38390
100;80;2;MergeSort;1344;481;0;11830
100;80;2;CountingSort;301;0;0;17601
100;80;2;QuickSort;2659;1048;473;8530
100;80;2;InsertionSort;5011;1669;0;135540
100;80;2;BubbleSort;15432;4572;1572;195820
100;80;2;MergeSort;1344;493;0;11410
100;80;2;CountingSort;301;0;0;19620
100;80;2;QuickSort;2213;815;398;9570
100;80;2;InsertionSort;5717;1903;0;151241
100;80;2;BubbleSort;16320;4544;1808;88891
100;80;2;MergeSort;1344;484;0;15720
100;80;2;CountingSort;301;0;0;17840
100;80;2;QuickSort;2499;924;457;9680
100;80;2;InsertionSort;5435;1811;0;29560
100;80;2;BubbleSort;15696;4422;1713;139850
100;80;2;MergeSort;1344;478;0;20740
100;80;2;CountingSort;301;0;0;16360
100;80;2;QuickSort;2236;874;392;13610
100;80;2;InsertionSort;5086;1692;0;23020
100;80;2;BubbleSort;15692;4650;1598;74731
100;80;2;MergeSort;1344;480;0;21870
100;80;2;CountingSort;301;0;0;22720
100;80;2;QuickSort;2668;1084;468;12151
100;80;2;InsertionSort;5145;1711;0;23810
100;80;2;BubbleSort;15952;4740;1618;145420
100;80;2;MergeSort;1344;475;0;11760
100;80;2;CountingSort;301;0;0;19370
100;80;2;QuickSort;3150;1245;574;9550
100;80;2;InsertionSort;4837;1609;0;25060
100;80;2;BubbleSort;15454;4697;1515;74320
100;80;2;MergeSort;1344;486;0;14370
100;80;2;CountingSort;301;0;0;16810
100;80;2;QuickSort;2521;919;466;9670
100;80;2;InsertionSort;5536;1840;0;15970
100;80;2;BubbleSort;15904;4454;1749;96751
100;80;2;MergeSort;1344;476;0;11590
100;80;2;CountingSort;301;0;0;17950
100;80;2;QuickSort;2261;842;409;106461
100;80;2;InsertionSort;5754;1914;0;16890
100;80;2;BubbleSort;16722;4719;1821;41321
100;80;2;MergeSort;1344;478;0;19010
100;80;2;CountingSort;301;0;0;16810
100;80;2;QuickSort;2918;1145;527;72291
100;80;2;InsertionSort;5072;1688;0;15360
100;80;2;BubbleSort;14712;4170;1593;111210
100;80;2;MergeSort;1344;485;0;13340
100;80;2;CountingSort;301;0;0;16290
100;80;2;QuickSort;2580;1011;457;60290
100;80;2;InsertionSort;4882;1626;0;14640
100;80;2;BubbleSort;15086;4485;1529;53500
100;80;2;MergeSort;1344;483;0;16120
100;80;2;CountingSort;301;0;0;16060
100;80;2;QuickSort;2247;849;401;69140
100;80;2;InsertionSort;4921;1637;0;27700
100;80;2;BubbleSort;15142;4485;1543;134700
100;80;2;MergeSort;1344;477;0;25530
100;80;2;CountingSort;301;0;0;18390
100;80;2;QuickSort;2862;1074;527;47081
100;80;2;InsertionSort;4842;1610;0;22961
100;80;2;BubbleSort;15038;4485;1517;68990
100;80;2;MergeSort;1344;475;0;23090
100;80;2;CountingSort;301;0;0;15031
100;80;2;QuickSort;2319;879;414;64630
100;80;2;InsertionSort;4681;1557;0;27710
100;80;2;BubbleSort;14882;4515;1463;126540
100;80;2;MergeSort;1344;480;0;29210
100;80;2;CountingSort;301;0;0;18900
100;80;2;QuickSort;2350;874;427;68010
100;80;2;InsertionSort;4883;1623;0;32720
100;80;2;BubbleSort;15322;4599;1531;83401
100;80;2;MergeSort;1344;488;0;11980
100;80;2;CountingSort;301;0;0;14020
100;80;2;QuickSort;2364;966;396;79671
100;80;2;InsertionSort;5550;1846;0;30360
100;80;2;BubbleSort;15856;4422;1753;9530
100;80;2;MergeSort;1344;484;0;12180
100;80;2;CountingSort;301;0;0;15470
100;80;2;QuickSort;2419;958;420;85371
100;80;2;InsertionSort;6073;2021;0;36511
100;80;2;BubbleSort;16616;4454;1927;9740
100;80;2;MergeSort;1344;480;0;22020
100;80;2;CountingSort;301;0;0;20020
100;80;2;QuickSort;2336;926;403;78820
100;80;2;InsertionSort;4845;1613;0;20270
100;80;2;BubbleSort;14846;4389;1517;12150
100;80;2;MergeSort;1344;482;0;12680
100;80;2;CountingSort;301;0;0;18470
100;80;2;QuickSort;3073;1186;561;66900
100;80;2;InsertionSort;5239;1745;0;25200
100;80;2;BubbleSort;15790;4599;1648;10900
100;80;2;MergeSort;1344;487;0;14640
100;80;2;CountingSort;301;0;0;16140
100;80;2;QuickSort;2445;888;454;17990
100;80;2;InsertionSort;4706;1566;0;20850
100;80;2;BubbleSort;15184;4650;1471;14210
100;80;2;MergeSort;1344;484;0;14230
100;80;2;CountingSort;301;0;0;22770
100;80;2;QuickSort;2477;935;447;10620
100;80;2;InsertionSort;5188;1726;0;25330
100;80;2;BubbleSort;15966;4719;1632;13270
100;80;2;MergeSort;1344;490;0;15160
100;80;2;CountingSort;301;0;0;17290
100;80;2;QuickSort;2874;1059;537;4530
100;80;2;InsertionSort;5105;1699;0;27970
100;80;2;BubbleSort;15126;4355;1604;8270
100;80;2;MergeSort;1344;479;0;12600
100;80;2;CountingSort;301;0;0;17930
100;80;2;QuickSort;2300;860;410;4310
100;80;2;InsertionSort;4808;1600;0;22310
100;80;2;BubbleSort;15164;4572;1505;13460
100;80;2;MergeSort;1344;476;0;13220
100;80;2;CountingSort;301;0;0;16260
100;80;2;QuickSort;2508;951;453;4610
100;80;2;InsertionSort;5455;1813;0;25320
100;80;2;BubbleSort;16138;4625;1722;10920
100;80;2;MergeSort;1344;483;0;14470
100;80;2;CountingSort;301;0;0;23030
100;80;2;QuickSort;2766;1038;504;4150
100;80;2;InsertionSort;4661;1551;0;30171
100;80;2;BubbleSort;14968;4572;1456;6931
100;80;2;MergeSort;1344;485;0;21760
100;80;2;CountingSort;301;0;0;22101
100;80;2;QuickSort;2868;1050;540;4790
100;80;2;InsertionSort;4572;1520;0;17820
100;80;2;BubbleSort;13716;4004;1427;5950
100;80;2;MergeSort;1344;472;0;9940
100;80;2;CountingSort;301;0;0;18470
100;80;2;QuickSort;2853;1050;536;5090
100;80;2;InsertionSort;5091;1695;0;18290
100;80;2;BubbleSort;15106;4355;1599;11550
100;80;2;MergeSort;1344;488;0;13230
100;80;2;CountingSort;301;0;0;16740
100;80;2;QuickSort;2494;997;432;4810
100;80;2;InsertionSort;5438;1810;0;84341
100;80;2;BubbleSort;16110;4625;1715;8010
100;80;2;MergeSort;1344;486;0;11000
100;80;2;CountingSort;301;0;0;23111
100;80;2;QuickSort;2711;989;506;7820
100;80;2;InsertionSort;5075;1689;0;27590
100;80;2;BubbleSort;15520;4572;1594;8470
100;80;2;MergeSort;1344;488;0;13050
100;80;2;CountingSort;301;0;0;17630
100;80;2;QuickSort;2349;894;417;4730
100;80;2;InsertionSort;5313;1769;0;32070
100;80;2;BubbleSort;15600;4454;1673;13460
100;80;2;MergeSort;1344;487;0;12850
100;80;2;CountingSort;301;0;0;16520
100;80;2;QuickSort;2439;918;441;4510
100;80;2;InsertionSort;5141;1711;0;18670
100;80;2;BubbleSort;15552;4544;1616;9710
100;80;2;MergeSort;1344;485;0;11560
100;80;2;CountingSort;301;0;0;15890
100;80;2;QuickSort;2398;898;432;3910
100;80;2;InsertionSort;4228;1406;0;20310
100;80;2;BubbleSort;13666;4209;1312;6500
100;80;2;MergeSort;1344;487;0;21980
100;80;2;CountingSort;301;0;0;15040
100;80;2;QuickSort;2929;1096;544;3730
100;80;2;InsertionSort;5183;1727;0;30590
100;80;2;BubbleSort;15360;4422;1629;6830
100;80;2;MergeSort;1344;482;0;15270
100;80;2;CountingSort;301;0;0;18040
100;80;2;QuickSort;2556;978;457;3810
100;80;2;InsertionSort;5094;1694;0;31120
100;80;2;BubbleSort;15752;4674;1601;13280
100;80;2;MergeSort;1344;481;0;15230
100;80;2;CountingSort;301;0;0;18610
100;80;2;QuickSort;2238;927;371;3570
100;80;2;InsertionSort;5162;1718;0;40920
100;80;2;BubbleSort;15742;4625;1623;28150
100;80;2;MergeSort;1344;480;0;22760
100;80;2;CountingSort;301;0;0;17000
100;80;2;QuickSort;2914;1066;548;5960
100;80;2;InsertionSort;5372;1786;0;26920
100;80;2;BubbleSort;15684;4454;1694;10710
100;80;2;MergeSort;1344;482;0;12050
100;80;2;CountingSort;301;0;0;18940
100;80;2;QuickSort;2718;1050;488;4430
100;80;2;InsertionSort;5353;1781;0;24160
100;80;2;BubbleSort;15836;4544;1687;11400
100;80;2;MergeSort;1344;490;0;16510
100;80;2;CountingSort;301;0;0;17750
100;80;2;QuickSort;2952;1116;543;5810
100;80;2;InsertionSort;5340;1778;0;25050
100;80;2;BubbleSort;15872;4572;1682;43790
100;80;2;MergeSort;1344;482;0;57370
100;80;2;CountingSort;301;0;0;17270
100;80;2;QuickSort;2403;906;433;5160
100;80;2;InsertionSort;5459;1817;0;29120
100;80;2;BubbleSort;16236;4674;1722;14410
100;80;2;MergeSort;1344;489;0;13530
100;80;2;CountingSort;301;0;0;25280
100;80;2;QuickSort;2599;1066;445;5560
100;80;2;InsertionSort;5437;1807;0;19380
100;80;2;BubbleSort;15772;4454;1716;9490
100;80;2;MergeSort;1344;483;0;10310
100;80;2;CountingSort;301;0;0;21990
100;80;2;QuickSort;2506;940;455;4920
100;80;2;InsertionSort;5143;1711;0;19900
100;80;2;BubbleSort;15498;4515;1617;8850
100;80;2;MergeSort;1344;473;0;15430
100;80;2;CountingSort;301;0;0;24040
100;80;2;QuickSort;2948;1094;551;4090
100;80;2;InsertionSort;5224;1738;0;21110
100;80;2;BubbleSort;15826;4625;1644;11260
100;80;2;MergeSort;1344;487;0;13610
100;80;2;CountingSort;301;0;0;21890
100;80;2;QuickSort;2410;925;431;3690
100;80;2;InsertionSort;5777;1923;0;51691
100;80;2;BubbleSort;16562;4625;1828;29470
100;80;2;MergeSort;1344;486;0;17880
100;80;2;CountingSort;301;0;0;21851
100;80;2;QuickSort;2749;1159;463;3710
100;80;2;InsertionSort;5582;1858;0;20450
100;80;2;BubbleSort;16352;4650;1763;9950
100;80;2;MergeSort;1344;484;0;15070
100;80;2;CountingSort;301;0;0;23120
100;80;2;QuickSort;2619;1002;472;3490
100;80;2;InsertionSort;5168;1720;0;41360
100;80;2;BubbleSort;15588;4544;1625;13980
100;80;2;MergeSort;1344;479;0;15330
100;80;2;CountingSort;301;0;0;15570
100;80;2;QuickSort;2236;832;403;5660
100;80;2;InsertionSort;5518;1836;0;15780
100;80;2;BubbleSort;16218;4625;1742;11060
100;80;2;MergeSort;1344;484;0;12910
100;80;2;CountingSort;301;0;0;13720
100;80;2;QuickSort;3462;1278;662;6720
100;80;2;InsertionSort;4762;1584;0;35571
100;80;2;BubbleSort;14670;4355;1490;12970
100;80;2;MergeSort;1344;484;0;13090
100;80;2;CountingSort;301;0;0;27460
100;80;2;QuickSort;3194;1205;599;6930
100;80;2;InsertionSort;4995;1661;0;24631
100;80;2;BubbleSort;15522;4625;1568;12100
100;80;2;MergeSort;1344;476;0;15100
100;80;2;CountingSort;301;0;0;15380
100;80;2;QuickSort;2208;861;387;3680
100;80;2;InsertionSort;5145;1713;0;16020
100;80;2;BubbleSort;15816;4674;1617;6770
100;80;2;MergeSort;1344;489;0;24400
100;80;2;CountingSort;301;0;0;20880
100;80;2;QuickSort;2434;943;432;3790
100;80;2;InsertionSort;5420;1802;0;28010
100;80;2;BubbleSort;16090;4625;1710;13490
100;80;2;MergeSort;1344;476;0;11540
100;80;2;CountingSort;301;0;0;15840
100;80;2;QuickSort;3039;1155;561;4060
100;80;2;InsertionSort;5423;1805;0;29540
100;80;2;BubbleSort;16234;4697;1710;15850
100;80;2;MergeSort;1344;479;0;35410
100;80;2;CountingSort;301;0;0;16000
100;80;2;QuickSort;2352;936;407;15190
100;80;2;InsertionSort;4827;1607;0;24480
100;80;2;BubbleSort;14754;4355;1511;8100
100;80;2;MergeSort;1344;481;0;18890
100;80;2;CountingSort;301;0;0;15680
100;80;2;QuickSort;2320;895;408;3840
100;80;2;InsertionSort;4924;1638;0;34120
100;80;2;BubbleSort;15476;4650;1544;16120
100;80;2;MergeSort;1344;476;0;18380
100;80;2;CountingSort;301;0;0;14640
100;80;2;QuickSort;2587;955;479;4230
100;80;2;InsertionSort;4898;1630;0;14120
100;80;2;BubbleSort;15048;4454;1535;9820
100;80;2;MergeSort;1344;482;0;10830
100;80;2;CountingSort;301;0;0;16010
100;80;2;QuickSort;2610;1002;471;13070
100;80;2;InsertionSort;4684;1560;0;14810
100;80;2;BubbleSort;15332;4740;1463;7000
100;80;2;MergeSort;1344;474;0;10840
100;80;2;CountingSort;301;0;0;13850
100;80;2;QuickSort;2391;1014;395;4020
100;80;2;InsertionSort;5373;1789;0;27261
100;80;2;BubbleSort;15680;4454;1693;6941
100;80;2;MergeSort;1344;484;0;23780
100;80;2;CountingSort;301;0;0;15810
100;80;2;QuickSort;2394;915;425;4040
100;80;2;InsertionSort;5016;1668;0;23451
100;80;2;BubbleSort;15330;4515;1575;11460
100;80;2;MergeSort;1344;477;0;12270
100;80;2;CountingSort;301;0;0;24800
100;80;2;QuickSort;3028;1189;543;6780
100;80;2;InsertionSort;4548;1514;0;15460
100;80;2;BubbleSort;14450;4389;1418;13200
100;80;2;MergeSort;1344;475;0;18610
100;80;2;CountingSort;301;0;0;14930
100;80;2;QuickSort;2172;813;387;4590
100;80;2;InsertionSort;4754;1582;0;17050
100;80;2;BubbleSort;14792;4422;1487;8000
100;80;2;MergeSort;1344;483;0;11240
100;80;2;CountingSort;301;0;0;14810
100;80;2;QuickSort;2200;871;376;3660
100;80;2;InsertionSort;4977;1657;0;99670
100;80;2;BubbleSort;14954;4355;1561;9000
100;80;2;MergeSort;1344;483;0;11680
100;80;2;CountingSort;301;0;0;12890
100;80;2;QuickSort;2370;891;428;3850
100;80;2;InsertionSort;5410;1800;0;15470
100;80;2;BubbleSort;15392;4284;1706;6700
100;80;2;MergeSort;1344;476;0;14161
100;80;2;CountingSort;301;0;0;12830
100;80;2;QuickSort;2479;958;441;4080
100;80;2;InsertionSort;5194;1728;0;15550
100;80;2;BubbleSort;15506;4485;1634;10560
100;80;2;MergeSort;1344;475;0;10380
100;80;2;CountingSort;301;0;0;18040
100;80;2;QuickSort;2622;945;489;4730
100;80;2;InsertionSort;5069;1687;0;18800
100;80;2;BubbleSort;15398;4515;1592;8550
100;80;2;MergeSort;1344;481;0;26360
100;80;2;CountingSort;301;0;0;16460
100;80;2;QuickSort;2340;912;411;4520
100;80;2;InsertionSort;5221;1737;0;19280
100;80;2;BubbleSort;15660;4544;1643;13110
100;80;2;MergeSort;1344;472;0;12770
100;80;2;CountingSort;301;0;0;16670
100;80;2;QuickSort;2883;1086;535;4480
100;80;2;InsertionSort;5243;1745;0;53951
100;80;2;BubbleSort;16038;4719;1650;10170
100;80;2;MergeSort;1344;478;0;12340
100;80;3;CountingSort;301;0;0;24240
100;80;3;QuickSort;2271;870;397;208350
100;80;3;InsertionSort;5661;1887;0;279391
100;80;3;BubbleSort;15996;4422;1788;602532
100;80;3;MergeSort;1344;510;0;175501
100;80;3;CountingSort;301;0;0;15600
100;80;3;QuickSort;2053;850;339;89831
100;80;3;InsertionSort;4659;1553;0;123030
100;80;3;BubbleSort;15014;4599;1454;377781
100;80;3;MergeSort;1344;502;0;114780
100;80;3;CountingSort;301;0;0;20430
100;80;3;QuickSort;2325;903;406;84390
100;80;3;InsertionSort;4887;1629;0;159840
100;80;3;BubbleSort;14830;4355;1530;388191
100;80;3;MergeSort;1344;495;0;128941
100;80;3;CountingSort;301;0;0;14920
100;80;3;QuickSort;2125;790;380;70250
100;80;3;InsertionSort;5598;1866;0;159791
100;80;3;BubbleSort;15636;4284;1767;293381
100;80;3;MergeSort;1344;504;0;55710
100;80;3;CountingSort;301;0;0;15420
100;80;3;QuickSort;2947;1171;525;115901
100;80;3;InsertionSort;5139;1713;0;121011
100;80;3;BubbleSort;15544;4544;1614;383222
100;80;3;MergeSort;1344;496;0;20570
100;80;3;CountingSort;301;0;0;16560
100;80;3;QuickSort;2306;896;407;88300
100;80;3;InsertionSort;5706;1902;0;157160
100;80;3;BubbleSort;16650;4719;1803;298101
100;80;3;MergeSort;1344;494;0;25290
100;80;3;CountingSort;301;0;0;15020
100;80;3;QuickSort;2562;1065;429;54960
100;80;3;InsertionSort;4845;1615;0;134970
100;80;3;BubbleSort;15094;4515;1516;279411
100;80;3;MergeSort;1344;500;0;22260
100;80;3;CountingSort;301;0;0;15990
100;80;3;QuickSort;2384;881;433;19571
100;80;3;InsertionSort;5187;1729;0;151150
100;80;3;BubbleSort;15718;4599;1630;299711
100;80;3;MergeSort;1344;498;0;23310
100;80;3;CountingSort;301;0;0;14210
100;80;3;QuickSort;2425;907;440;8100
100;80;3;InsertionSort;5367;1789;0;147460
100;80;3;BubbleSort;16108;4674;1690;306691
100;80;3;MergeSort;1344;485;0;43080
100;80;3;CountingSort;301;0;0;14090
100;80;3;QuickSort;3387;1299;628;18360
100;80;3;InsertionSort;4596;1532;0;140970
100;80;3;BubbleSort;14576;4422;1433;320301
100;80;3;MergeSort;1344;497;0;22750
100;80;3;CountingSort;301;0;0;16190
100;80;3;QuickSort;2275;847;410;9990
100;80;3;InsertionSort;4257;1419;0;182430
100;80;3;BubbleSort;14058;4389;1320;338981
100;80;3;MergeSort;1344;500;0;40360
100;80;3;CountingSort;301;0;0;16210
100;80;3;QuickSort;2949;1161;530;11070
100;80;3;InsertionSort;5199;1733;0;118720
100;80;3;BubbleSort;15930;4697;1634;283441
100;80;3;MergeSort;1344;492;0;35511
100;80;3;CountingSort;301;0;0;15080
100;80;3;QuickSort;2541;1050;427;10360
100;80;3;InsertionSort;4782;1594;0;105840
100;80;3;BubbleSort;15068;4544;1495;263291
100;80;3;MergeSort;1344;514;0;19590
100;80;3;CountingSort;301;0;0;14800
100;80;3;QuickSort;2490;945;449;8190
100;80;3;InsertionSort;5226;1742;0;184681
100;80;3;BubbleSort;15716;4572;1643;281751
100;80;3;MergeSort;1344;500;0;26710
100;80;3;CountingSort;301;0;0;14820
100;80;3;QuickSort;2267;884;395;10160
100;80;3;InsertionSort;3822;1274;0;90611
100;80;3;BubbleSort;13478;4389;1175;108171
100;80;3;MergeSort;1344;500;0;26080
100;80;3;CountingSort;301;0;0;16800
100;80;3;QuickSort;2858;1073;527;10420
100;80;3;InsertionSort;5295;1765;0;155011
100;80;3;BubbleSort;15374;4355;1666;131201
100;80;3;MergeSort;1344;495;0;32790
100;80;3;CountingSort;301;0;0;16580
100;80;3;QuickSort;2639;983;488;11450
100;80;3;InsertionSort;4863;1621;0;158041
100;80;3;BubbleSort;14996;4454;1522;79910
100;80;3;MergeSort;1344;495;0;15120
100;80;3;CountingSort;301;0;0;13150
100;80;3;QuickSort;2985;1095;562;11200
100;80;3;InsertionSort;4788;1596;0;167761
100;80;3;BubbleSort;15336;4674;1497;97490
100;80;3;MergeSort;1344;506;0;27880
100;80;3;CountingSort;301;0;0;17701
100;80;3;QuickSort;2211;834;394;7520
100;80;3;InsertionSort;5751;1917;0;162560
100;80;3;BubbleSort;16710;4719;1818;66690
100;80;3;MergeSort;1344;506;0;28580
100;80;3;CountingSort;301;0;0;12390
100;80;3;QuickSort;2680;1042;481;12110
100;80;3;InsertionSort;5187;1729;0;159141
100;80;3;BubbleSort;15820;4650;1630;37130
100;80;3;MergeSort;1344;501;0;20810
100;80;3;CountingSort;301;0;0;25570
100;80;3;QuickSort;2321;863;417;10070
100;80;3;InsertionSort;4812;1604;0;126610
100;80;3;BubbleSort;15414;4697;1505;48580
100;80;3;MergeSort;1344;501;0;31320
100;80;3;CountingSort;301;0;0;17550
100;80;3;QuickSort;3242;1247;596;11590
100;80;3;InsertionSort;5277;1759;0;121100
100;80;3;BubbleSort;15940;4650;1660;68940
100;80;3;MergeSort;1344;506;0;18820
100;80;3;CountingSort;301;0;0;13980
100;80;3;QuickSort;2430;921;436;8380
100;80;3;InsertionSort;4554;1518;0;145401
100;80;3;BubbleSort;14170;4247;1419;111611
100;80;3;MergeSort;1344;500;0;20761
100;80;3;CountingSort;301;0;0;16190
100;80;3;QuickSort;2745;1041;506;10330
100;80;3;InsertionSort;4710;1570;0;151191
100;80;3;BubbleSort;15278;4697;1471;123621
100;80;3;MergeSort;1344;493;0;23950
100;80;3;CountingSort;301;0;0;20920
100;80;3;QuickSort;2308;898;404;14780
100;80;3;InsertionSort;4827;1609;0;1306083
100;80;3;BubbleSort;15128;4544;1510;1249403
100;80;3;MergeSort;1344;494;0;1203123
100;80;3;CountingSort;301;0;0;16470
100;80;3;QuickSort;2514;954;454;10230
100;80;3;InsertionSort;4953;1651;0;167220
100;80;3;BubbleSort;15116;4454;1552;46670
100;80;3;MergeSort;1344;501;0;17970
100;80;3;CountingSort;301;0;0;15050
100;80;3;QuickSort;2739;1020;506;11260
100;80;3;InsertionSort;4719;1573;0;122170
100;80;3;BubbleSort;14866;4485;1474;70190
100;80;3;MergeSort;1344;505;0;18250
100;80;3;CountingSort;301;0;0;14460
100;80;3;QuickSort;2244;825;407;9240
100;80;3;InsertionSort;5064;1688;0;124491
100;80;3;BubbleSort;14996;4320;1589;44941
100;80;3;MergeSort;1344;499;0;24520
100;80;3;CountingSort;301;0;0;23460
100;80;3;QuickSort;2408;896;440;19001
100;80;3;InsertionSort;4650;1550;0;133370
100;80;3;BubbleSort;14712;4454;1451;88640
100;80;3;MergeSort;1344;501;0;16190
100;80;3;CountingSort;301;0;0;23390
100;80;3;QuickSort;2352;954;399;8370
100;80;3;InsertionSort;4824;1608;0;152211
100;80;3;BubbleSort;14746;4355;1509;126201
100;80;3;MergeSort;1344;487;0;17190
100;80;3;CountingSort;301;0;0;17150
100;80;3;QuickSort;2954;1091;558;8680
100;80;3;InsertionSort;5172;1724;0;154380
100;80;3;BubbleSort;15938;4719;1625;121400
100;80;3;MergeSort;1344;493;0;29730
100;80;3;CountingSort;301;0;0;15120
100;80;3;QuickSort;2530;967;454;10190
100;80;3;InsertionSort;5817;1939;0;208701
100;80;3;BubbleSort;16504;4572;1840;121151
100;80;3;MergeSort;1344;507;0;34850
100;80;3;CountingSort;301;0;0;14180
100;80;3;QuickSort;2440;988;417;9810
100;80;3;InsertionSort;4731;1577;0;134300
100;80;3;BubbleSort;15350;4719;1478;40820
100;80;3;MergeSort;1344;492;0;22760
100;80;3;CountingSort;301;0;0;24360
100;80;3;QuickSort;2557;958;463;9770
100;80;3;InsertionSort;5397;1799;0;126100
100;80;3;BubbleSort;16050;4625;1700;74350
100;80;3;MergeSort;1344;514;0;10990
100;80;3;CountingSort;301;0;0;15960
100;80;3;QuickSort;2823;1119;502;12900
100;80;3;InsertionSort;4365;1455;0;123021
100;80;3;BubbleSort;13992;4284;1356;56590
100;80;3;MergeSort;1344;497;0;8940
100;80;3;CountingSort;301;0;0;18480
100;80;3;QuickSort;2464;931;445;9820
100;80;3;InsertionSort;4467;1489;0;161761
100;80;3;BubbleSort;14648;4544;1390;63670
100;80;3;MergeSort;1344;492;0;10950
100;80;3;CountingSort;301;0;0;23800
100;80;3;QuickSort;2534;926;469;9900
100;80;3;InsertionSort;5142;1714;0;125950
100;80;3;BubbleSort;15854;4697;1615;187401
100;80;3;MergeSort;1344;490;0;14690
100;80;3;CountingSort;301;0;0;12090
100;80;3;QuickSort;2324;872;415;8000
100;80;3;InsertionSort;5079;1693;0;117850
100;80;3;BubbleSort;15574;4599;1594;79970
100;80;3;MergeSort;1344;502;0;12610
100;80;3;CountingSort;301;0;0;18370
100;80;3;QuickSort;2699;1019;494;10400
100;80;3;InsertionSort;5004;1668;0;46570
100;80;3;BubbleSort;15184;4454;1569;121141
100;80;3;MergeSort;1344;501;0;25591
100;80;3;CountingSort;301;0;0;14030
100;80;3;QuickSort;2296;868;413;67220
100;80;3;InsertionSort;5043;1681;0;149280
100;80;3;BubbleSort;15236;4454;1582;102350
100;80;3;MergeSort;1344;505;0;18790
100;80;3;CountingSort;301;0;0;13210
100;80;3;QuickSort;2402;926;428;9970
100;80;3;InsertionSort;4875;1625;0;28070
100;80;3;BubbleSort;14672;4284;1526;94821
100;80;3;MergeSort;1344;487;0;9790
100;80;3;CountingSort;301;0;0;19350
100;80;3;QuickSort;2410;889;440;9360
100;80;3;InsertionSort;5106;1702;0;21410
100;80;3;BubbleSort;15712;4650;1603;40700
100;80;3;MergeSort;1344;505;0;11060
100;80;3;CountingSort;301;0;0;17730
100;80;3;QuickSort;2529;945;461;11340
100;80;3;InsertionSort;5400;1800;0;15570
100;80;3;BubbleSort;15712;4454;1701;136591
100;80;3;MergeSort;1344;489;0;11670
100;80;3;CountingSort;301;0;0;25181
100;80;3;QuickSort;2788;1054;511;89720
100;80;3;InsertionSort;4425;1475;0;12900
100;80;3;BubbleSort;14534;4515;1376;39050
100;80;3;MergeSort;1344;505;0;16720
100;80;3;CountingSort;301;0;0;16980
100;80;3;QuickSort;2897;1076;544;68950
100;80;3;InsertionSort;5421;1807;0;17000
100;80;3;BubbleSort;15542;4355;1708;102060
100;80;3;MergeSort;1344;501;0;13950
100;80;3;CountingSort;301;0;0;16050
100;80;3;QuickSort;2043;819;338;50850
100;80;3;InsertionSort;5874;1958;0;17590
100;80;3;BubbleSort;16874;4719;1859;60600
100;80;3;MergeSort;1344;498;0;13470
100;80;3;CountingSort;301;0;0;18180
100;80;3;QuickSort;2697;1023;488;80420
100;80;3;InsertionSort;5220;1740;0;25230
100;80;3;BubbleSort;15912;4674;1641;142701
100;80;3;MergeSort;1344;502;0;21740
100;80;3;CountingSort;301;0;0;16690
100;80;3;QuickSort;2556;972;463;57801
100;80;3;InsertionSort;4548;1516;0;16570
100;80;3;BubbleSort;14866;4599;1417;68100
100;80;3;MergeSort;1344;492;0;16690
100;80;3;CountingSort;301;0;0;17570
100;80;3;QuickSort;2302;886;405;54780
100;80;3;InsertionSort;5253;1751;0;24150
100;80;3;BubbleSort;15806;4599;1652;141750
100;80;3;MergeSort;1344;504;0;14480
100;80;3;CountingSort;301;0;0;16750
100;80;3;QuickSort;2312;887;412;51890
100;80;3;InsertionSort;4917;1639;0;25510
100;80;3;BubbleSort;15508;4674;1540;70570
100;80;3;MergeSort;1344;499;0;15130
100;80;3;CountingSort;301;0;0;21360
100;80;3;QuickSort;2403;873;442;69050
100;80;3;InsertionSort;4329;1443;0;16680
100;80;3;BubbleSort;14016;4320;1344;18190
100;80;3;MergeSort;1344;499;0;13751
100;80;3;CountingSort;301;0;0;15900
100;80;3;QuickSort;2457;924;445;86210
100;80;3;InsertionSort;4305;1435;0;20020
100;80;3;BubbleSort;14374;4515;1336;11410
100;80;3;MergeSort;1344;497;0;11190
100;80;3;CountingSort;301;0;0;19240
100;80;3;QuickSort;2676;972;505;60551
100;80;3;InsertionSort;5160;1720;0;48580
100;80;3;BubbleSort;15628;4572;1621;25480
100;80;3;MergeSort;1344;505;0;20580
100;80;3;CountingSort;301;0;0;13940
100;80;3;QuickSort;2392;898;430;73440
100;80;3;InsertionSort;4932;1644;0;18330
100;80;3;BubbleSort;15150;4485;1545;10240
100;80;3;MergeSort;1344;498;0;15830
100;80;3;CountingSort;301;0;0;31510
100;80;3;QuickSort;2741;1013;508;50020
100;80;3;InsertionSort;5112;1704;0;15400
100;80;3;BubbleSort;15130;4355;1605;9000
100;80;3;MergeSort;1344;498;0;12220
100;80;3;CountingSort;301;0;0;12780
100;80;3;QuickSort;2258;959;366;47050
100;80;3;InsertionSort;4716;1572;0;28131
100;80;3;BubbleSort;14922;4515;1473;7620
100;80;3;MergeSort;1344;505;0;15120
100;80;3;CountingSort;301;0;0;16890
100;80;3;QuickSort;2442;915;443;17770
100;80;3;InsertionSort;4590;1530;0;14310
100;80;3;BubbleSort;15072;4674;1431;7670
100;80;3;MergeSort;1344;494;0;18020
100;80;3;CountingSort;301;0;0;14950
100;80;3;QuickSort;2203;883;375;3940
100;80;3;InsertionSort;5034;1678;0;14480
100;80;3;BubbleSort;15616;4650;1579;6680
100;80;3;MergeSort;1344;495;0;8960
100;80;3;CountingSort;301;0;0;16060
100;80;3;QuickSort;2550;990;458;4910
100;80;3;InsertionSort;4971;1657;0;20920
100;80;3;BubbleSort;15430;4599;1558;8390
100;80;3;MergeSort;1344;498;0;13710
100;80;3;CountingSort;301;0;0;16870
100;80;3;QuickSort;2411;917;430;4900
100;80;3;InsertionSort;5010;1670;0;14420
100;80;3;BubbleSort;15192;4454;1571;10020
100;80;3;MergeSort;1344;507;0;14530
100;80;3;CountingSort;301;0;0;16581
100;80;3;QuickSort;2863;1036;543;4000
100;80;3;InsertionSort;4860;1620;0;21310
100;80;3;BubbleSort;15172;4544;1521;9340
100;80;3;MergeSort;1344;498;0;11860
100;80;3;CountingSort;301;0;0;16020
100;80;3;QuickSort;2340;936;406;3550
100;80;3;InsertionSort;5358;1786;0;37550
100;80;3;BubbleSort;15778;4515;1687;20450
100;80;3;MergeSort;1344;500;0;14340
100;80;3;CountingSort;301;0;0;13750
100;80;3;QuickSort;2411;908;433;3850
100;80;3;InsertionSort;5355;1785;0;27030
100;80;3;BubbleSort;15588;4422;1686;7980
100;80;3;MergeSort;1344;500;0;8320
100;80;3;CountingSort;301;0;0;13880
100;80;3;QuickSort;2294;866;409;3870
100;80;3;InsertionSort;5346;1782;0;15480
100;80;3;BubbleSort;16032;4650;1683;10820
100;80;3;MergeSort;1344;507;0;13650
100;80;3;CountingSort;301;0;0;17190
100;80;3;QuickSort;2423;950;425;5800
100;80;3;InsertionSort;5154;1718;0;24050
100;80;3;BubbleSort;14816;4170;1619;10330
100;80;3;MergeSort;1344;496;0;12580
100;80;3;CountingSort;301;0;0;18180
100;80;3;QuickSort;2350;877;424;7050
100;80;3;InsertionSort;4677;1559;0;45480
100;80;3;BubbleSort;15140;4650;1460;6780
100;80;3;MergeSort;1344;503;0;15030
100;80;3;CountingSort;301;0;0;16460
100;80;3;QuickSort;2850;1089;518;3810
100;80;3;InsertionSort;4821;1607;0;40700
100;80;3;BubbleSort;14810;4389;1508;6480
100;80;3;MergeSort;1344;500;0;12771
100;80;3;CountingSort;301;0;0;14260
100;80;3;QuickSort;2944;1129;534;4760
100;80;3;InsertionSort;4767;1589;0;21120
100;80;3;BubbleSort;15260;4650;1490;11500
100;80;3;MergeSort;1344;509;0;12260
100;80;3;CountingSort;301;0;0;14060
100;80;3;QuickSort;2329;952;393;3700
100;80;3;InsertionSort;5376;1792;0;19740
100;80;3;BubbleSort;15680;4454;1693;6710
100;80;3;MergeSort;1344;505;0;21890
100;80;3;CountingSort;301;0;0;15130
100;80;3;QuickSort;2449;946;433;3640
100;80;3;InsertionSort;4260;1420;0;21500
100;80;3;BubbleSort;13852;4284;1321;9950
100;80;3;MergeSort;1344;489;0;11140
100;80;3;CountingSort;301;0;0;13450
100;80;3;QuickSort;2394;948;413;3650
100;80;3;InsertionSort;5295;1765;0;24350
100;80;3;BubbleSort;15572;4454;1666;9140
100;80;3;MergeSort;1344;497;0;12500
100;80;3;CountingSort;301;0;0;15660
100;80;3;QuickSort;2208;918;366;3601
100;80;3;InsertionSort;4521;1507;0;14280
100;80;3;BubbleSort;14126;4247;1408;6170
100;80;3;MergeSort;1344;486;0;32870
100;80;3;CountingSort;301;0;0;18330
100;80;3;QuickSort;2145;816;377;4720
100;80;3;InsertionSort;5436;1812;0;16500
100;80;3;BubbleSort;16200;4674;1713;11110
100;80;3;MergeSort;1344;506;0;10170
100;80;3;CountingSort;301;0;0;16660
100;80;3;QuickSort;2442;912;443;3840
100;80;3;InsertionSort;4503;1501;0;20470
100;80;3;BubbleSort;14102;4247;1402;10380
100;80;3;MergeSort;1344;501;0;9440
100;80;3;CountingSort;301;0;0;14220
100;80;3;QuickSort;2369;899;423;3740
100;80;3;InsertionSort;5070;1690;0;14560
100;80;3;BubbleSort;15074;4355;1591;7690
100;80;3;MergeSort;1344;499;0;11510
100;80;3;CountingSort;301;0;0;12210
100;80;3;QuickSort;2471;944;441;4730
100;80;3;InsertionSort;4437;1479;0;23990
100;80;3;BubbleSort;13860;4170;1380;9910
100;80;3;MergeSort;1344;502;0;9570
100;80;3;CountingSort;301;0;0;13530
100;80;3;QuickSort;2210;845;389;3460
100;80;3;InsertionSort;5094;1698;0;20920
100;80;3;BubbleSort;15106;4355;1599;6410
100;80;3;MergeSort;1344;494;0;14480
100;80;3;CountingSort;301;0;0;21130
100;80;3;QuickSort;2434;910;442;4620
100;80;3;InsertionSort;5241;1747;0;34190
100;80;3;BubbleSort;15680;4544;1648;16470
100;80;3;MergeSort;1344;507;0;17020
100;80;3;CountingSort;301;0;0;13640
100;80;3;QuickSort;2581;1000;462;4820
100;80;3;InsertionSort;4845;1615;0;25510
100;80;3;BubbleSort;15364;4650;1516;10860
100;80;3;MergeSort;1344;507;0;11710
100;80;3;CountingSort;301;0;0;15350
100;80;3;QuickSort;2714;1028;496;4940
100;80;3;InsertionSort;4821;1607;0;13930
100;80;3;BubbleSort;15120;4544;1508;13610
100;80;3;MergeSort;1344;504;0;10320
100;80;3;CountingSort;301;0;0;12580
100;80;3;QuickSort;2414;896;441;3920
100;80;3;InsertionSort;5310;1770;0;24920
100;80;3;BubbleSort;15984;4650;1671;10960
100;80;3;MergeSort;1344;501;0;9960
100;80;3;CountingSort;301;0;0;12740
100;80;3;QuickSort;2254;847;401;3450
100;80;3;InsertionSort;5019;1673;0;26880
100;80;3;BubbleSort;15440;4572;1574;6440
100;80;3;MergeSort;1344;501;0;11030
100;80;3;CountingSort;301;0;0;14740
100;80;3;QuickSort;2931;1068;557;4150
100;80;3;InsertionSort;5343;1781;0;15340
100;80;3;BubbleSort;15698;4485;1682;8090
100;80;3;MergeSort;1344;496;0;11670
100;80;3;CountingSort;301;0;0;17140
100;80;3;QuickSort;2752;1054;501;4540
100;80;3;InsertionSort;5217;1739;0;30520
100;80;3;BubbleSort;15338;4389;1640;8250
100;80;3;MergeSort;1344;506;0;19750
100;80;3;CountingSort;301;0;0;18220
100;80;3;QuickSort;2259;849;406;4340
100;80;3;InsertionSort;5319;1773;0;24990
100;80;3;BubbleSort;15840;4572;1674;12020
100;80;3;MergeSort;1344;499;0;13830
100;80;3;CountingSort;301;0;0;15850
100;80;3;QuickSort;2604;996;466;15820
100;80;3;InsertionSort;4950;1650;0;14210
100;80;3;BubbleSort;15598;4697;1551;15100
100;80;3;MergeSort;1344;509;0;17300
100;80;3;CountingSort;301;0;0;17190
100;80;3;QuickSort;2573;986;462;5880
100;80;3;InsertionSort;4773;1591;0;23421
100;80;3;BubbleSort;15406;4719;1492;7980
100;80;3;MergeSort;1344;507;0;15720
100;80;3;CountingSort;301;0;0;15430
100;80;3;QuickSort;2661;1089;457;5310
100;80;3;InsertionSort;4689;1563;0;21270
100;80;3;BubbleSort;14634;4389;1464;12040
100;80;3;MergeSort;1344;500;0;13040
100;80;3;CountingSort;301;0;0;13770
100;80;3;QuickSort;2156;818;382;3540
100;80;3;InsertionSort;5568;1856;0;26350
100;80;3;BubbleSort;16172;4572;1757;10010
100;80;3;MergeSort;1344;502;0;12430
100;80;3;CountingSort;301;0;0;15010
100;80;3;QuickSort;2453;950;440;4180
100;80;3;InsertionSort;5262;1754;0;23630
100;80;3;BubbleSort;15968;4674;1655;10250
100;80;3;MergeSort;1344;499;0;14550
100;80;3;CountingSort;301;0;0;13040
100;80;3;QuickSort;2472;939;442;4430
100;80;3;InsertionSort;5631;1877;0;17520
100;80;3;BubbleSort;16020;4454;1778;12880
100;80;3;MergeSort;1344;500;0;9120
100;80;3;CountingSort;301;0;0;12900
100;80;3;QuickSort;2116;823;362;4490
100;80;3;InsertionSort;5028;1676;0;23070
100;80;3;BubbleSort;15152;4422;1577;9770
100;80;3;MergeSort;1344;504;0;11250
100;80;3;CountingSort;301;0;0;14090
100;80;3;QuickSort;2514;969;450;3710
100;80;3;InsertionSort;4434;1478;0;12900
100;80;3;BubbleSort;14294;4389;1379;8230
100;80;3;MergeSort;1344;506;0;10580
100;80;3;CountingSort;301;0;0;14480
100;80;3;QuickSort;2451;888;453;4760
100;80;3;InsertionSort;4452;1484;0;22470
100;80;3;BubbleSort;14628;4544;1385;10340
100;80;3;MergeSort;1344;489;0;10871
100;80;3;CountingSort;301;0;0;15370
100;80;3;QuickSort;2675;1016;487;3680
100;80;3;InsertionSort;4638;1546;0;29571
100;80;3;BubbleSort;15038;4625;1447;6650
100;80;3;MergeSort;1344;505;0;15090
100;80;3;CountingSort;301;0;0;13301
100;80;3;QuickSort;2167;895;359;15080
100;80;3;InsertionSort;4482;1494;0;22300
100;80;3;BubbleSort;14220;4320;1395;14470
100;80;3;MergeSort;1344;505;0;9810
100;80;3;CountingSort;301;0;0;12430
100;80;3;QuickSort;2455;949;434;3970
100;80;3;InsertionSort;4893;1631;0;24920
100;80;3;BubbleSort;14972;4422;1532;8870
100;80;3;MergeSort;1344;494;0;13700
100;80;3;CountingSort;301;0;0;14400
100;80;3;QuickSort;2951;1130;541;4130
100;80;3;InsertionSort;5007;1669;0;14430
100;80;3;BubbleSort;14458;4089;1570;6050
100;80;3;MergeSort;1344;507;0;19780
100;80;3;CountingSort;301;0;0;13400
100;80;3;QuickSort;3057;1101;585;3700
100;80;3;InsertionSort;4518;1506;0;27250
100;80;3;BubbleSort;14826;4599;1407;6980
100;80;3;MergeSort;1344;502;0;10190
100;80;3;CountingSort;301;0;0;13550
100;80;3;QuickSort;2777;1070;502;4990
100;80;3;InsertionSort;5361;1787;0;24400
100;80;3;BubbleSort;15840;4544;1688;12010
100;80;3;MergeSort;1344;503;0;10780
100;80;4;CountingSort;301;0;0;20280
100;80;4;QuickSort;2173;853;375;161440
100;80;4;InsertionSort;4716;1572;0;209821
100;80;4;BubbleSort;14922;4515;1473;492892
100;80;4;MergeSort;1344;523;0;122881
100;80;4;CountingSort;301;0;0;15881
100;80;4;QuickSort;2177;821;385;93250
100;80;4;InsertionSort;5022;1674;0;139920
100;80;4;BubbleSort;15600;4650;1575;434891
100;80;4;MergeSort;1344;525;0;108140
100;80;4;CountingSort;301;0;0;21110
100;80;4;QuickSort;2480;974;436;60040
100;80;4;InsertionSort;5430;1810;0;177051
100;80;4;BubbleSort;16144;4650;1711;315561
100;80;4;MergeSort;1344;507;0;114990
100;80;4;CountingSort;301;0;0;14220
100;80;4;QuickSort;2333;956;393;90091
100;80;4;InsertionSort;5175;1725;0;134331
100;80;4;BubbleSort;15852;4674;1626;382041
100;80;4;MergeSort;1344;522;0;44590
100;80;4;CountingSort;301;0;0;14160
100;80;4;QuickSort;2448;927;438;67251
100;80;4;InsertionSort;5781;1927;0;121440
100;80;4;BubbleSort;16750;4719;1828;410321
100;80;4;MergeSort;1344;516;0;31910
100;80;4;CountingSort;301;0;0;12830
100;80;4;QuickSort;2652;975;491;59241
100;80;4;InsertionSort;4875;1625;0;173651
100;80;4;BubbleSort;15354;4625;1526;394321
100;80;4;MergeSort;1344;514;0;27130
100;80;4;CountingSort;301;0;0;14440
100;80;4;QuickSort;2446;904;444;34570
100;80;4;InsertionSort;4845;1615;0;257501
100;80;4;BubbleSort;14908;4422;1516;331991
100;80;4;MergeSort;1344;522;0;32280
100;80;4;CountingSort;301;0;0;13130
100;80;4;QuickSort;3040;1177;552;24890
100;80;4;InsertionSort;4602;1534;0;130100
100;80;4;BubbleSort;14828;4544;1435;315271
100;80;4;MergeSort;1344;510;0;16210
100;80;4;CountingSort;301;0;0;14490
100;80;4;QuickSort;2109;792;376;15600
100;80;4;InsertionSort;4404;1468;0;130780
100;80;4;BubbleSort;14186;4355;1369;310311
100;80;4;MergeSort;1344;515;0;21030
100;80;4;CountingSort;301;0;0;17930
100;80;4;QuickSort;2442;966;425;9970
100;80;4;InsertionSort;5181;1727;0;166691
100;80;4;BubbleSort;15420;4454;1628;286021
100;80;4;MergeSort;1344;516;0;24190
100;80;4;CountingSort;301;0;0;17840
100;80;4;QuickSort;2634;1041;464;11300
100;80;4;InsertionSort;4776;1592;0;151311
100;80;4;BubbleSort;15170;4599;1493;352051
100;80;4;MergeSort;1344;514;0;20170
100;80;4;CountingSort;301;0;0;17150
100;80;4;QuickSort;2667;1005;486;8610
100;80;4;InsertionSort;5004;1668;0;206061
100;80;4;BubbleSort;15526;4625;1569;370811
100;80;4;MergeSort;1344;522;0;22590
100;80;4;CountingSort;301;0;0;12720
100;80;4;QuickSort;2326;886;412;9510
100;80;4;InsertionSort;5199;1733;0;174820
100;80;4;BubbleSort;15974;4719;1634;373641
100;80;4;MergeSort;1344;515;0;29130
100;80;4;CountingSort;301;0;0;14850
100;80;4;QuickSort;2394;918;423;9570
100;80;4;InsertionSort;4932;1644;0;136061
100;80;4;BubbleSort;14820;4320;1545;142751
100;80;4;MergeSort;1344;519;0;23950
100;80;4;CountingSort;301;0;0;14761
100;80;4;QuickSort;2796;1044;520;10480
100;80;4;InsertionSort;4626;1542;0;100260
100;80;4;BubbleSort;14412;4320;1443;72140
100;80;4;MergeSort;1344;519;0;28010
100;80;4;CountingSort;301;0;0;17370
100;80;4;QuickSort;2421;894;440;11980
100;80;4;InsertionSort;5067;1689;0;139771
100;80;4;BubbleSort;15390;4515;1590;45870
100;80;4;MergeSort;1344;520;0;23731
100;80;4;CountingSort;301;0;0;20190
100;80;4;QuickSort;2351;941;405;9900
100;80;4;InsertionSort;4464;1488;0;140380
100;80;4;BubbleSort;14266;4355;1389;41890
100;80;4;MergeSort;1344;521;0;22030
100;80;4;CountingSort;301;0;0;15880
100;80;4;QuickSort;2585;959;475;10440
100;80;4;InsertionSort;5079;1693;0;148741
100;80;4;BubbleSort;15814;4719;1594;88250
100;80;4;MergeSort;1344;527;0;20740
100;80;4;CountingSort;301;0;0;15790
100;80;4;QuickSort;2406;927;426;9390
100;80;4;InsertionSort;5370;1790;0;160231
100;80;4;BubbleSort;16014;4625;1691;146461
100;80;4;MergeSort;1344;518;0;40950
100;80;4;CountingSort;301;0;0;16180
100;80;4;QuickSort;2603;995;470;10360
100;80;4;InsertionSort;5040;1680;0;170001
100;80;4;BubbleSort;15412;4544;1581;138541
100;80;4;MergeSort;1344;506;0;31050
100;80;4;CountingSort;301;0;0;18860
100;80;4;QuickSort;2563;979;463;10360
100;80;4;InsertionSort;4782;1594;0;149921
100;80;4;BubbleSort;14888;4454;1495;101180
100;80;4;MergeSort;1344;510;0;32730
100;80;4;CountingSort;301;0;0;16140
100;80;4;QuickSort;2525;962;455;9670
100;80;4;InsertionSort;5052;1684;0;164020
100;80;4;BubbleSort;15184;4422;1585;58360
100;80;4;MergeSort;1344;529;0;21800
100;80;4;CountingSort;301;0;0;16340
100;80;4;QuickSort;2818;1117;498;16060
100;80;4;InsertionSort;5919;1973;0;174820
100;80;4;BubbleSort;16844;4674;1874;103520
100;80;4;MergeSort;1344;517;0;28570
100;80;4;CountingSort;301;0;0;20850
100;80;4;QuickSort;2304;891;406;8130
100;80;4;InsertionSort;5064;1688;0;181671
100;80;4;BubbleSort;15066;4355;1589;66770
100;80;4;MergeSort;1344;519;0;36060
100;80;4;CountingSort;301;0;0;14880
100;80;4;QuickSort;2398;880;439;7580
100;80;4;InsertionSort;4554;1518;0;1702085
100;80;4;BubbleSort;13506;3915;1419;31160
100;80;4;MergeSort;1344;523;0;1589095
100;80;4;CountingSort;301;0;0;16720
100;80;4;QuickSort;2885;1088;539;10390
100;80;4;InsertionSort;4701;1567;0;121041
100;80;4;BubbleSort;14650;4389;1468;44551
100;80;4;MergeSort;1344;524;0;14440
100;80;4;CountingSort;301;0;0;11450
100;80;4;QuickSort;2379;915;426;9780
100;80;4;InsertionSort;5091;1697;0;140980
100;80;4;BubbleSort;15480;4544;1598;45120
100;80;4;MergeSort;1344;523;0;14720
100;80;4;CountingSort;301;0;0;16380
100;80;4;QuickSort;2772;1080;500;8430
100;80;4;InsertionSort;5142;1714;0;149280
100;80;4;BubbleSort;15430;4485;1615;46050
100;80;4;MergeSort;1344;517;0;14150
100;80;4;CountingSort;301;0;0;34800
100;80;4;QuickSort;2737;1063;494;16090
100;80;4;InsertionSort;4674;1558;0;128931
100;80;4;BubbleSort;14330;4247;1459;91670
100;80;4;MergeSort;1344;523;0;23160
100;80;4;CountingSort;301;0;0;24240
100;80;4;QuickSort;2410;880;442;8090
100;80;4;InsertionSort;4761;1587;0;142931
100;80;4;BubbleSort;15202;4625;1488;121411
100;80;4;MergeSort;1344;518;0;11600
100;80;4;CountingSort;301;0;0;18270
100;80;4;QuickSort;2466;951;441;8040
100;80;4;InsertionSort;4746;1582;0;155810
100;80;4;BubbleSort;15020;4544;1483;116750
100;80;4;MergeSort;1344;509;0;30500
100;80;4;CountingSort;301;0;0;16140
100;80;4;QuickSort;2551;979;457;9810
100;80;4;InsertionSort;5208;1736;0;189191
100;80;4;BubbleSort;15258;4355;1637;75550
100;80;4;MergeSort;1344;529;0;19110
100;80;4;CountingSort;301;0;0;14050
100;80;4;QuickSort;2206;847;390;9020
100;80;4;InsertionSort;5046;1682;0;116361
100;80;4;BubbleSort;15042;4355;1583;66091
100;80;4;MergeSort;1344;521;0;16480
100;80;4;CountingSort;301;0;0;17590
100;80;4;QuickSort;2572;946;480;11350
100;80;4;InsertionSort;5367;1789;0;134320
100;80;4;BubbleSort;16060;4650;1690;125740
100;80;4;MergeSort;1344;527;0;10980
100;80;4;CountingSort;301;0;0;13090
100;80;4;QuickSort;2886;1092;532;8320
100;80;4;InsertionSort;4839;1613;0;141800
100;80;4;BubbleSort;14964;4454;1514;56980
100;80;4;MergeSort;1344;520;0;7980
100;80;4;CountingSort;301;0;0;18000
100;80;4;QuickSort;2212;826;398;9440
100;80;4;InsertionSort;5097;1699;0;112371
100;80;4;BubbleSort;15244;4422;1600;124441
100;80;4;MergeSort;1344;524;0;15040
100;80;4;CountingSort;301;0;0;15630
100;80;4;QuickSort;2364;891;422;8290
100;80;4;InsertionSort;5391;1797;0;173830
100;80;4;BubbleSort;15636;4422;1698;69150
100;80;4;MergeSort;1344;505;0;20390
100;80;4;CountingSort;301;0;0;11740
100;80;4;QuickSort;2731;1000;509;80031
100;80;4;InsertionSort;4995;1665;0;149630
100;80;4;BubbleSort;15514;4625;1566;129810
100;80;4;MergeSort;1344;520;0;12100
100;80;4;CountingSort;301;0;0;17640
100;80;4;QuickSort;2586;981;465;46100
100;80;4;InsertionSort;5031;1677;0;41550
100;80;4;BubbleSort;15706;4697;1578;80130
100;80;4;MergeSort;1344;520;0;22300
100;80;4;CountingSort;301;0;0;15930
100;80;4;QuickSort;2318;872;412;53080
100;80;4;InsertionSort;4989;1663;0;14620
100;80;4;BubbleSort;15556;4650;1564;141041
100;80;4;MergeSort;1344;522;0;14770
100;80;4;CountingSort;301;0;0;15550
100;80;4;QuickSort;2812;1096;508;65630
100;80;4;InsertionSort;4974;1658;0;18920
100;80;4;BubbleSort;15266;4515;1559;61130
100;80;4;MergeSort;1344;514;0;11510
100;80;4;CountingSort;301;0;0;18490
100;80;4;QuickSort;2243;866;393;52280
100;80;4;InsertionSort;4518;1506;0;30020
100;80;4;BubbleSort;14472;4422;1407;11880
100;80;4;MergeSort;1344;516;0;28930
100;80;4;CountingSort;301;0;0;17650
100;80;4;QuickSort;2481;918;454;57001
100;80;4;InsertionSort;5022;1674;0;21080
100;80;4;BubbleSort;15010;4355;1575;8070
100;80;4;MergeSort;1344;520;0;18510
100;80;4;CountingSort;301;0;0;17221
100;80;4;QuickSort;2079;828;352;55210
100;80;4;InsertionSort;5652;1884;0;22580
100;80;4;BubbleSort;16620;4740;1785;6760
100;80;4;MergeSort;1344;514;0;39120
100;80;4;CountingSort;301;0;0;15870
100;80;4;QuickSort;2842;1087;517;81220
100;80;4;InsertionSort;4641;1547;0;20650
100;80;4;BubbleSort;14822;4515;1448;13840
100;80;4;MergeSort;1344;507;0;13570
100;80;4;CountingSort;301;0;0;13630
100;80;4;QuickSort;2536;961;459;71340
100;80;4;InsertionSort;5514;1838;0;21970
100;80;4;BubbleSort;16350;4697;1739;11380
100;80;4;MergeSort;1344;520;0;12090
100;80;4;CountingSort;301;0;0;15680
100;80;4;QuickSort;2688;1008;491;58270
100;80;4;InsertionSort;5196;1732;0;20120
100;80;4;BubbleSort;15926;4697;1633;10380
100;80;4;MergeSort;1344;517;0;12500
100;80;4;CountingSort;301;0;0;14610
100;80;4;QuickSort;2714;1004;506;21500
100;80;4;InsertionSort;4953;1651;0;27730
100;80;4;BubbleSort;15602;4697;1552;11230
100;80;4;MergeSort;1344;528;0;13070
100;80;4;CountingSort;301;0;0;18320
100;80;4;QuickSort;2273;860;404;4610
100;80;4;InsertionSort;5265;1755;0;35450
100;80;4;BubbleSort;16018;4697;1656;11610
100;80;4;MergeSort;1344;507;0;19200
100;80;4;CountingSort;301;0;0;22310
100;80;4;QuickSort;2404;955;420;5640
100;80;4;InsertionSort;4926;1642;0;26451
100;80;4;BubbleSort;15142;4485;1543;7440
100;80;4;MergeSort;1344;524;0;20090
100;80;4;CountingSort;301;0;0;16470
100;80;4;QuickSort;2193;810;391;3670
100;80;4;InsertionSort;5379;1793;0;26320
100;80;4;BubbleSort;16076;4650;1694;6690
100;80;4;MergeSort;1344;514;0;12540
100;80;4;CountingSort;301;0;0;15100
100;80;4;QuickSort;2686;985;499;4560
100;80;4;InsertionSort;5217;1739;0;16370
100;80;4;BubbleSort;15908;4674;1640;8910
100;80;4;MergeSort;1344;511;0;13251
100;80;4;CountingSort;301;0;0;22170
100;80;4;QuickSort;2255;854;398;3840
100;80;4;InsertionSort;4752;1584;0;35430
100;80;4;BubbleSort;14650;4355;1485;20940
100;80;4;MergeSort;1344;518;0;13420
100;80;4;CountingSort;301;0;0;17100
100;80;4;QuickSort;2502;930;456;3540
100;80;4;InsertionSort;4680;1560;0;44790
100;80;4;BubbleSort;14688;4422;1461;28700
100;80;4;MergeSort;1344;516;0;30030
100;80;4;CountingSort;301;0;0;18740
100;80;4;QuickSort;2357;947;403;8200
100;80;4;InsertionSort;4578;1526;0;17770
100;80;4;BubbleSort;14796;4544;1427;6620
100;80;4;MergeSort;1344;518;0;14501
100;80;4;CountingSort;301;0;0;13170
100;80;4;QuickSort;2297;872;410;4700
100;80;4;InsertionSort;5073;1691;0;14730
100;80;4;BubbleSort;15762;4697;1592;18321
100;80;4;MergeSort;1344;514;0;10111
100;80;4;CountingSort;301;0;0;16960
100;80;4;QuickSort;2411;896;440;11760
100;80;4;InsertionSort;4908;1636;0;27020
100;80;4;BubbleSort;15448;4650;1537;8920
100;80;4;MergeSort;1344;506;0;9110
100;80;4;CountingSort;301;0;0;19250
100;80;4;QuickSort;2245;898;387;6500
100;80;4;InsertionSort;5223;1741;0;36511
100;80;4;BubbleSort;15062;4247;1642;6540
100;80;4;MergeSort;1344;528;0;13000
100;80;4;CountingSort;301;0;0;12950
100;80;4;QuickSort;2579;974;464;4631
100;80;4;InsertionSort;5433;1811;0;26900
100;80;4;BubbleSort;15992;4572;1712;8900
100;80;4;MergeSort;1344;517;0;11680
100;80;4;CountingSort;301;0;0;14650
100;80;4;QuickSort;2712;1047;490;5920
100;80;4;InsertionSort;4827;1609;0;34530
100;80;4;BubbleSort;15070;4515;1510;6740
100;80;4;MergeSort;1344;524;0;14390
100;80;4;CountingSort;301;0;0;21240
100;80;4;QuickSort;2418;936;429;3760
100;80;4;InsertionSort;5451;1817;0;27820
100;80;4;BubbleSort;15902;4515;1718;8530
100;80;4;MergeSort;1344;524;0;14930
100;80;4;CountingSort;301;0;0;15481
100;80;4;QuickSort;2713;1003;503;5040
100;80;4;InsertionSort;4695;1565;0;34860
100;80;4;BubbleSort;14504;4320;1466;6680
100;80;4;MergeSort;1344;509;0;14940
100;80;4;CountingSort;301;0;0;14550
100;80;4;QuickSort;2556;915;479;3950
100;80;4;InsertionSort;5148;1716;0;25520
100;80;4;BubbleSort;15988;4760;1617;10050
100;80;4;MergeSort;1344;512;0;12930
100;80;4;CountingSort;301;0;0;14920
100;80;4;QuickSort;2337;942;397;3920
100;80;4;InsertionSort;4929;1643;0;14210
100;80;4;BubbleSort;15570;4697;1544;6670
100;80;4;MergeSort;1344;522;0;13010
100;80;4;CountingSort;301;0;0;14930
100;80;4;QuickSort;2179;805;388;4930
100;80;4;InsertionSort;5010;1670;0;24940
100;80;4;BubbleSort;15314;4515;1571;8790
100;80;4;MergeSort;1344;512;0;17030
100;80;4;CountingSort;301;0;0;14300
100;80;4;QuickSort;2277;882;401;4520
100;80;4;InsertionSort;5082;1694;0;26240
100;80;4;BubbleSort;15524;4572;1595;9950
100;80;4;MergeSort;1344;514;0;10110
100;80;4;CountingSort;301;0;0;20980
100;80;4;QuickSort;2416;913;439;3650
100;80;4;InsertionSort;5454;1818;0;16620
100;80;4;BubbleSort;15216;4170;1719;7750
100;80;4;MergeSort;1344;514;0;26080
100;80;4;CountingSort;301;0;0;15740
100;80;4;QuickSort;2359;943;410;3760
100;80;4;InsertionSort;5055;1685;0;14521
100;80;4;BubbleSort;15252;4454;1586;9880
100;80;4;MergeSort;1344;515;0;10240
100;80;4;CountingSort;301;0;0;14490
100;80;4;QuickSort;2607;978;481;3870
100;80;4;InsertionSort;5010;1670;0;14370
100;80;4;BubbleSort;14544;4130;1571;5990
100;80;4;MergeSort;1344;515;0;12120
100;80;4;CountingSort;301;0;0;16130
100;80;4;QuickSort;2706;1011;500;3630
100;80;4;InsertionSort;4746;1582;0;19510
100;80;4;BubbleSort;14962;4515;1483;13150
100;80;4;MergeSort;1344;511;0;20411
100;80;4;CountingSort;301;0;0;15690
100;80;4;QuickSort;2625;1026;467;3830
100;80;4;InsertionSort;4488;1496;0;23420
100;80;4;BubbleSort;14888;4650;1397;6950
100;80;4;MergeSort;1344;500;0;11020
100;80;4;CountingSort;301;0;0;15060
100;80;4;QuickSort;2685;1092;462;3840
100;80;4;InsertionSort;4713;1571;0;33140
100;80;4;BubbleSort;14732;4422;1472;12260
100;80;4;MergeSort;1344;518;0;13270
100;80;4;CountingSort;301;0;0;13450
100;80;4;QuickSort;2438;908;445;4830
100;80;4;InsertionSort;5184;1728;0;25100
100;80;4;BubbleSort;15226;4355;1629;6540
100;80;4;MergeSort;1344;520;0;13020
100;80;4;CountingSort;301;0;0;12890
100;80;4;QuickSort;2577;963;472;4310
100;80;4;InsertionSort;5289;1763;0;26960
100;80;4;BubbleSort;15150;4247;1664;8310
100;80;4;MergeSort;1344;515;0;13320
100;80;4;CountingSort;301;0;0;16160
100;80;4;QuickSort;2510;941;458;5710
100;80;4;InsertionSort;4803;1601;0;17270
100;80;4;BubbleSort;15356;4674;1502;8660
100;80;4;MergeSort;1344;514;0;10550
100;80;4;CountingSort;301;0;0;16010
100;80;4;QuickSort;2501;911;462;4820
100;80;4;InsertionSort;4944;1648;0;66360
100;80;4;BubbleSort;15590;4697;1549;8980
100;80;4;MergeSort;1344;514;0;13780
100;80;4;CountingSort;301;0;0;17510
100;80;4;QuickSort;2503;934;457;4720
100;80;4;InsertionSort;5076;1692;0;18720
100;80;4;BubbleSort;15810;4719;1593;10450
100;80;4;MergeSort;1344;516;0;14950
100;80;4;CountingSort;301;0;0;17120
100;80;4;QuickSort;2355;921;410;6280
100;80;4;InsertionSort;5382;1794;0;15440
100;80;4;BubbleSort;15198;4209;1695;9070
100;80;4;MergeSort;1344;515;0;10540
100;80;4;CountingSort;301;0;0;14970
100;80;4;QuickSort;2315;926;397;3720
100;80;4;InsertionSort;4383;1461;0;20260
100;80;4;BubbleSort;13278;3915;1362;7860
100;80;4;MergeSort;1344;514;0;15640
100;80;4;CountingSort;301;0;0;15030
100;80;4;QuickSort;3187;1276;573;5310
100;80;4;InsertionSort;4752;1584;0;26000
100;80;4;BubbleSort;15190;4625;1485;9780
100;80;4;MergeSort;1344;534;0;10930
100;80;4;CountingSort;301;0;0;13110
100;80;4;QuickSort;2583;951;477;3890
100;80;4;InsertionSort;5346;1782;0;15561
100;80;4;BubbleSort;15876;4572;1683;8960
100;80;4;MergeSort;1344;520;0;10590
100;80;4;CountingSort;301;0;0;13080
100;80;4;QuickSort;2718;999;504;4050
100;80;4;InsertionSort;4950;1650;0;24740
100;80;4;BubbleSort;14914;4355;1551;6500
100;80;4;MergeSort;1344;519;0;15520
100;80;4;CountingSort;301;0;0;14860
100;80;4;QuickSort;2715;1032;493;3920
100;80;4;InsertionSort;4629;1543;0;22960
100;80;4;BubbleSort;15026;4625;1444;9070
100;80;4;MergeSort;1344;523;0;13440
100;80;4;CountingSort;301;0;0;14110
100;80;4;QuickSort;2529;996;446;4030
100;80;4;InsertionSort;5109;1703;0;24900
100;80;4;BubbleSort;15446;4515;1604;8720
100;80;4;MergeSort;1344;511;0;10390
100;80;4;CountingSort;301;0;0;14830
100;80;4;QuickSort;2246;857;401;4460
100;80;4;InsertionSort;4998;1666;0;21100
100;80;4;BubbleSort;15298;4515;1567;8560
100;80;4;MergeSort;1344;525;0;11460
100;80;4;CountingSort;301;0;0;15580
100;80;4;QuickSort;2540;968;458;4640
100;80;4;InsertionSort;5010;1670;0;21590
100;80;4;BubbleSort;15632;4674;1571;9090
100;80;4;MergeSort;1344;507;0;11320
100;80;4;CountingSort;301;0;0;13680
100;80;4;QuickSort;2507;1034;428;3800
100;80;4;InsertionSort;5622;1874;0;17760
100;80;4;BubbleSort;16494;4697;1775;6820
100;80;4;MergeSort;1344;528;0;12520
100;80;4;CountingSort;301;0;0;12880
100;80;4;QuickSort;2314;886;407;15880
100;80;4;InsertionSort;4551;1517;0;23270
100;80;4;BubbleSort;14972;4650;1418;11050
100;80;4;MergeSort;1344;513;0;12370
100;80;4;CountingSort;301;0;0;10810
100;80;4;QuickSort;2249;866;395;3810
100;80;4;InsertionSort;4623;1541;0;21880
100;80;4;BubbleSort;15162;4697;1442;9150
100;80;4;MergeSort;1344;524;0;9930
100;80;4;CountingSort;301;0;0;14510
100;80;4;QuickSort;2291;845;414;3910
100;80;4;InsertionSort;5199;1733;0;24420
100;80;4;BubbleSort;15974;4719;1634;9020
100;80;4;MergeSort;1344;523;0;10010
100;80;4;CountingSort;301;0;0;12540
100;80;4;QuickSort;2675;1007;490;3740
100;80;4;InsertionSort;5427;1809;0;27491
100;80;4;BubbleSort;15618;4389;1710;8640
100;80;4;MergeSort;1344;525;0;9740
100;80;4;CountingSort;301;0;0;14480
100;80;4;QuickSort;3213;1230;597;3890
100;80;4;InsertionSort;5136;1712;0;14760
100;80;4;BubbleSort;15020;4284;1613;6790
100;80;4;MergeSort;1344;513;0;12420
100;80;4;CountingSort;301;0;0;18660
100;80;4;QuickSort;2709;1074;477;5010
100;80;4;InsertionSort;5607;1869;0;16230
100;80;4;BubbleSort;16278;4599;1770;10030
100;80;4;MergeSort;1344;518;0;12840
100;80;4;CountingSort;301;0;0;17640
100;80;4;QuickSort;2592;1035;454;4250
100;80;4;InsertionSort;4821;1607;0;21310
100;80;4;BubbleSort;15002;4485;1508;9810
100;80;4;MergeSort;1344;518;0;15500
100;80;4;CountingSort;301;0;0;15930
100;80;4;QuickSort;2593;1015;457;4110
100;80;4;InsertionSort;4668;1556;0;13521
100;80;4;BubbleSort;14916;4544;1457;6640
100;80;4;MergeSort;1344;523;0;13890
100;80;4;CountingSort;301;0;0;13440
100;80;4;QuickSort;2719;1075;483;4010
100;80;4;InsertionSort;4932;1644;0;73080
100;80;4;BubbleSort;15268;4544;1545;7080
100;80;4;MergeSort;1344;516;0;10300
100;80;4;CountingSort;301;0;0;12780
100;80;4;QuickSort;2592;1074;442;5070
100;80;4;InsertionSort;5502;1834;0;15730
100;80;4;BubbleSort;15970;4515;1735;21520
100;80;4;MergeSort;1344;517;0;15470
100;80;4;CountingSort;301;0;0;14291
100;80;4;QuickSort;2315;983;378;4180
100;80;4;InsertionSort;4920;1640;0;25200
100;80;4;BubbleSort;15308;4572;1541;8580
100;80;4;MergeSort;1344;521;0;10700
100;80;4;CountingSort;301;0;0;13190
100;80;4;QuickSort;2640;975;488;4010
100;80;4;InsertionSort;5142;1714;0;25250
100;80;4;BubbleSort;15238;4389;1615;6590
100;80;4;MergeSort;1344;518;0;11900
100;80;4;CountingSort;301;0;0;13830
100;80;4;QuickSort;2173;802;389;3830
100;80;4;InsertionSort;5130;1710;0;24140
100;80;4;BubbleSort;15154;4355;1611;8250
100;80;4;MergeSort;1344;515;0;13800
100;90;1;CountingSort;301;0;0;20760
100;90;1;QuickSort;2347;865;428;214081
100;90;1;InsertionSort;7334;2442;0;302031
100;90;1;BubbleSort;19216;4914;2347;614792
100;90;1;MergeSort;1344;541;0;130420
100;90;1;CountingSort;301;0;0;15200
100;90;1;QuickSort;2384;899;429;66190
100;90;1;InsertionSort;7506;2502;0;200900
100;90;1;BubbleSort;19440;4914;2403;487851
100;90;1;MergeSort;1344;549;0;110390
100;90;1;CountingSort;301;0;0;20680
100;90;1;QuickSort;2649;1020;473;76240
100;90;1;InsertionSort;7783;2593;0;179720
100;90;1;BubbleSort;19578;4797;2496;414911
100;90;1;MergeSort;1344;539;0;126760
100;90;1;CountingSort;301;0;0;14380
100;90;1;QuickSort;2308;844;420;88540
100;90;1;InsertionSort;7622;2536;0;209490
100;90;1;BubbleSort;19670;4947;2444;454341
100;90;1;MergeSort;1344;543;0;54980
100;90;1;CountingSort;301;0;0;17340
100;90;1;QuickSort;2339;860;427;65530
100;90;1;InsertionSort;7288;2426;0;216980
100;90;1;BubbleSort;19046;4859;2332;396631
100;90;1;MergeSort;1344;548;0;21300
100;90;1;CountingSort;301;0;0;16770
100;90;1;QuickSort;2624;965;487;65620
100;90;1;InsertionSort;7068;2354;0;233400
100;90;1;BubbleSort;18842;4905;2258;396391
100;90;1;MergeSort;1344;548;0;30730
100;90;1;CountingSort;301;0;0;15050
100;90;1;QuickSort;2517;963;450;34860
100;90;1;InsertionSort;6815;2269;0;159461
100;90;1;BubbleSort;18176;4740;2174;394761
100;90;1;MergeSort;1344;531;0;20480
100;90;1;CountingSort;301;0;0;15810
100;90;1;QuickSort;2455;913;446;22840
100;90;1;InsertionSort;7178;2388;0;204571
100;90;1;BubbleSort;18974;4895;2296;357251
100;90;1;MergeSort;1344;542;0;23480
100;90;1;CountingSort;301;0;0;15370
100;90;1;QuickSort;2528;905;471;8140
100;90;1;InsertionSort;6416;2138;0;150501
100;90;1;BubbleSort;17988;4914;2040;353941
100;90;1;MergeSort;1344;549;0;20290
100;90;1;CountingSort;301;0;0;15260
100;90;1;QuickSort;2368;940;409;8310
100;90;1;InsertionSort;6927;2307;0;149940
100;90;1;BubbleSort;18438;4797;2211;287001
100;90;1;MergeSort;1344;532;0;15910
100;90;1;CountingSort;301;0;0;14080
100;90;1;QuickSort;2666;1013;482;12170
100;90;1;InsertionSort;6373;2123;0;147100
100;90;1;BubbleSort;17822;4859;2026;356931
100;90;1;MergeSort;1344;544;0;14640
100;90;1;CountingSort;301;0;0;17090
100;90;1;QuickSort;2289;855;411;9400
100;90;1;InsertionSort;6806;2266;0;150750
100;90;1;BubbleSort;18528;4922;2171;311121
100;90;1;MergeSort;1344;547;0;18150
100;90;1;CountingSort;301;0;0;15540
100;90;1;QuickSort;2785;1093;498;12010
100;90;1;InsertionSort;6513;2171;0;191651
100;90;1;BubbleSort;17682;4697;2072;298651
100;90;1;MergeSort;1344;551;0;20150
100;90;1;CountingSort;301;0;0;20750
100;90;1;QuickSort;2415;933;428;12590
100;90;1;InsertionSort;6699;2231;0;247731
100;90;1;BubbleSort;18350;4905;2135;112531
100;90;1;MergeSort;1344;541;0;30120
100;90;1;CountingSort;301;0;0;20400
100;90;1;QuickSort;2601;987;476;10110
100;90;1;InsertionSort;7614;2536;0;260651
100;90;1;BubbleSort;19550;4895;2440;114640
100;90;1;MergeSort;1344;544;0;34710
100;90;1;CountingSort;301;0;0;13610
100;90;1;QuickSort;2450;977;429;27410
100;90;1;InsertionSort;7526;2506;0;262381
100;90;1;BubbleSort;19488;4922;2411;116161
100;90;1;MergeSort;1344;538;0;30840
100;90;1;CountingSort;301;0;0;15790
100;90;1;QuickSort;3676;1393;696;12590
100;90;1;InsertionSort;7362;2454;0;162881
100;90;1;BubbleSort;18720;4650;2355;43361
100;90;1;MergeSort;1344;542;0;36320
100;90;1;CountingSort;301;0;0;14140
100;90;1;QuickSort;2257;880;395;7330
100;90;1;InsertionSort;6948;2310;0;224671
100;90;1;BubbleSort;18738;4929;2220;60160
100;90;1;MergeSort;1344;546;0;16880
100;90;1;CountingSort;301;0;0;20790
100;90;1;QuickSort;2476;928;451;8520
100;90;1;InsertionSort;7492;2490;0;167900
100;90;1;BubbleSort;19398;4895;2402;46510
100;90;1;MergeSort;1344;541;0;14980
100;90;1;CountingSort;301;0;0;15440
100;90;1;QuickSort;2236;841;399;7540
100;90;1;InsertionSort;7107;2367;0;195880
100;90;1;BubbleSort;18874;4895;2271;43530
100;90;1;MergeSort;1344;545;0;20630
100;90;1;CountingSort;301;0;0;18940
100;90;1;QuickSort;2308;901;408;10830
100;90;1;InsertionSort;7567;2521;0;263071
100;90;1;BubbleSort;19254;4779;2424;101280
100;90;1;MergeSort;1344;538;0;20760
100;90;1;CountingSort;301;0;0;15180
100;90;1;QuickSort;2639;971;488;7900
100;90;1;InsertionSort;6097;2031;0;190031
100;90;1;BubbleSort;17216;4740;1934;97380
100;90;1;MergeSort;1344;535;0;18180
100;90;1;CountingSort;301;0;0;14960
100;90;1;QuickSort;2531;980;448;7930
100;90;1;InsertionSort;7962;2652;0;197500
100;90;1;BubbleSort;20034;4905;2556;61400
100;90;1;MergeSort;1344;541;0;21370
100;90;1;CountingSort;301;0;0;16361
100;90;1;QuickSort;2327;872;420;7400
100;90;1;InsertionSort;7023;2339;0;176200
100;90;1;BubbleSort;18116;4572;2243;54670
100;90;1;MergeSort;1344;537;0;17420
100;90;1;CountingSort;301;0;0;12740
100;90;1;QuickSort;2422;1006;410;10410
100;90;1;InsertionSort;7362;2452;0;2485497
100;90;1;BubbleSort;19214;4895;2356;2329497
100;90;1;MergeSort;1344;542;0;2304667
100;90;1;CountingSort;301;0;0;26300
100;90;1;QuickSort;2381;956;408;15970
100;90;1;InsertionSort;7080;2356;0;197560
100;90;1;BubbleSort;18742;4845;2263;145420
100;90;1;MergeSort;1344;533;0;25890
100;90;1;CountingSort;301;0;0;15000
100;90;1;QuickSort;2205;870;381;10080
100;90;1;InsertionSort;6789;2261;0;108471
100;90;1;BubbleSort;18450;4895;2165;70170
100;90;1;MergeSort;1344;537;0;31800
100;90;1;CountingSort;301;0;0;24110
100;90;1;QuickSort;2640;1032;470;10010
100;90;1;InsertionSort;7241;2411;0;77230
100;90;1;BubbleSort;19144;4940;2316;146840
100;90;1;MergeSort;1344;550;0;23320
100;90;1;CountingSort;301;0;0;19370
100;90;1;QuickSort;2412;912;435;15451
100;90;1;InsertionSort;7685;2557;0;33960
100;90;1;BubbleSort;19578;4859;2465;43120
100;90;1;MergeSort;1344;540;0;13530
100;90;1;CountingSort;301;0;0;17640
100;90;1;QuickSort;2531;947;461;11390
100;90;1;InsertionSort;7159;2385;0;25320
100;90;1;BubbleSort;18710;4779;2288;137100
100;90;1;MergeSort;1344;537;0;33550
100;90;1;CountingSort;301;0;0;18450
100;90;1;QuickSort;2190;861;381;8870
100;90;1;InsertionSort;6880;2292;0;32560
100;90;1;BubbleSort;18650;4935;2195;89860
100;90;1;MergeSort;1344;549;0;34770
100;90;1;CountingSort;301;0;0;23190
100;90;1;QuickSort;2447;935;442;9590
100;90;1;InsertionSort;7488;2494;0;43230
100;90;1;BubbleSort;19450;4929;2398;139590
100;90;1;MergeSort;1344;540;0;32130
100;90;1;CountingSort;301;0;0;15230
100;90;1;QuickSort;2394;894;434;10870
100;90;1;InsertionSort;8267;2751;0;62080
100;90;1;BubbleSort;20404;4884;2659;99651
100;90;1;MergeSort;1344;539;0;30040
100;90;1;CountingSort;301;0;0;18390
100;90;1;QuickSort;2350;880;425;13820
100;90;1;InsertionSort;6967;2321;0;21560
100;90;1;BubbleSort;18664;4884;2224;216931
100;90;1;MergeSort;1344;542;0;26810
100;90;1;CountingSort;301;0;0;16600
100;90;1;QuickSort;2269;832;415;7860
100;90;1;InsertionSort;7066;2352;0;33270
100;90;1;BubbleSort;18876;4922;2258;77330
100;90;1;MergeSort;1344;541;0;27340
100;90;1;CountingSort;301;0;0;14590
100;90;1;QuickSort;2383;883;434;7580
100;90;1;InsertionSort;7538;2510;0;50900
100;90;1;BubbleSort;19140;4740;2415;95111
100;90;1;MergeSort;1344;543;0;19971
100;90;1;CountingSort;301;0;0;22200
100;90;1;QuickSort;2619;1059;454;15740
100;90;1;InsertionSort;7354;2448;0;36660
100;90;1;BubbleSort;18974;4779;2354;14290
100;90;1;MergeSort;1344;544;0;12800
100;90;1;CountingSort;301;0;0;14540
100;90;1;QuickSort;2579;977;471;9230
100;90;1;InsertionSort;7038;2346;0;34450
100;90;1;BubbleSort;18816;4914;2247;14290
100;90;1;MergeSort;1344;539;0;14630
100;90;1;CountingSort;301;0;0;17880
100;90;1;QuickSort;2182;859;374;9240
100;90;1;InsertionSort;7209;2403;0;20760
100;90;1;BubbleSort;19006;4895;2304;10590
100;90;1;MergeSort;1344;542;0;17741
100;90;1;CountingSort;301;0;0;22290
100;90;1;QuickSort;2349;927;410;12380
100;90;1;InsertionSort;7283;2425;0;35210
100;90;1;BubbleSort;19130;4905;2330;11520
100;90;1;MergeSort;1344;543;0;26300
100;90;1;CountingSort;301;0;0;13270
100;90;1;QuickSort;2466;1035;411;10670
100;90;1;InsertionSort;6456;2152;0;28220
100;90;1;BubbleSort;17840;4814;2053;13650
100;90;1;MergeSort;1344;538;0;28610
100;90;1;CountingSort;301;0;0;15440
100;90;1;QuickSort;2401;937;422;13710
100;90;1;InsertionSort;6301;2099;0;39410
100;90;1;BubbleSort;17726;4859;2002;8150
100;90;1;MergeSort;1344;547;0;11310
100;90;1;CountingSort;301;0;0;13731
100;90;1;QuickSort;2749;1036;507;78200
100;90;1;InsertionSort;6621;2205;0;46370
100;90;1;BubbleSort;17874;4719;2109;9170
100;90;1;MergeSort;1344;546;0;16450
100;90;1;CountingSort;301;0;0;19120
100;90;1;QuickSort;3086;1172;568;52980
100;90;1;InsertionSort;7485;2491;0;54020
100;90;1;BubbleSort;19462;4935;2398;14530
100;90;1;MergeSort;1344;530;0;14121
100;90;1;CountingSort;301;0;0;14270
100;90;1;QuickSort;2333;902;410;70250
100;90;1;InsertionSort;7121;2373;0;21970
100;90;1;BubbleSort;18980;4940;2275;10220
100;90;1;MergeSort;1344;544;0;23580
100;90;1;CountingSort;301;0;0;14580
100;90;1;QuickSort;2489;992;432;46860
100;90;1;InsertionSort;7473;2489;0;47720
100;90;1;BubbleSort;19416;4922;2393;13020
100;90;1;MergeSort;1344;546;0;9880
100;90;1;CountingSort;301;0;0;33010
100;90;1;QuickSort;2271;873;402;50380
100;90;1;InsertionSort;6200;2064;0;36541
100;90;1;BubbleSort;17470;4797;1969;10650
100;90;1;MergeSort;1344;540;0;10180
100;90;1;CountingSort;301;0;0;17600
100;90;1;QuickSort;3263;1217;612;23240
100;90;1;InsertionSort;7054;2348;0;38330
100;90;1;BubbleSort;18860;4922;2254;13140
100;90;1;MergeSort;1344;543;0;11960
100;90;1;CountingSort;301;0;0;18440
100;90;1;QuickSort;2275;871;403;3700
100;90;1;InsertionSort;7458;2484;0;32801
100;90;1;BubbleSort;19270;4859;2388;11570
100;90;1;MergeSort;1344;541;0;13490
100;90;1;CountingSort;301;0;0;13700
100;90;1;QuickSort;2297;848;419;3650
100;90;1;InsertionSort;7375;2457;0;133990
100;90;1;BubbleSort;19130;4845;2360;7860
100;90;1;MergeSort;1344;551;0;15270
100;90;1;CountingSort;301;0;0;13410
100;90;1;QuickSort;2521;931;469;3600
100;90;1;InsertionSort;7279;2425;0;39551
100;90;1;BubbleSort;19200;4944;2328;7780
100;90;1;MergeSort;1344;534;0;17880
100;90;1;CountingSort;301;0;0;13440
100;90;1;QuickSort;2606;971;477;3560
100;90;1;InsertionSort;6360;2118;0;46470
100;90;1;BubbleSort;17388;4650;2022;7770
100;90;1;MergeSort;1344;541;0;12750
100;90;1;CountingSort;301;0;0;43401
100;90;1;QuickSort;2575;1000;456;16750
100;90;1;InsertionSort;8514;2834;0;72930
100;90;1;BubbleSort;20732;4884;2741;13440
100;90;1;MergeSort;1344;545;0;12920
100;90;1;CountingSort;301;0;0;19020
100;90;1;QuickSort;2676;969;499;5880
100;90;1;InsertionSort;6787;2261;0;109181
100;90;1;BubbleSort;18346;4845;2164;8190
100;90;1;MergeSort;1344;538;0;13110
100;90;1;CountingSort;301;0;0;13270
100;90;1;QuickSort;2785;1087;501;5130
100;90;1;InsertionSort;6609;2199;0;102950
100;90;1;BubbleSort;17944;4760;2106;9740
100;90;1;MergeSort;1344;548;0;11890
100;90;1;CountingSort;301;0;0;12580
100;90;1;QuickSort;2459;944;437;3930
100;90;1;InsertionSort;6941;2313;0;92340
100;90;1;BubbleSort;18650;4895;2215;12020
100;90;1;MergeSort;1344;538;0;11030
100;90;1;CountingSort;301;0;0;22250
100;90;1;QuickSort;2567;980;462;3800
100;90;1;InsertionSort;7904;2632;0;84750
100;90;1;BubbleSort;20018;4935;2537;12250
100;90;1;MergeSort;1344;546;0;10230
100;90;1;CountingSort;301;0;0;14000
100;90;1;QuickSort;2523;999;440;4860
100;90;1;InsertionSort;6648;2216;0;98630
100;90;1;BubbleSort;18212;4872;2117;13680
100;90;1;MergeSort;1344;542;0;10310
100;90;1;CountingSort;301;0;0;13350
100;90;1;QuickSort;2385;879;435;3760
100;90;1;InsertionSort;7293;2429;0;91381
100;90;1;BubbleSort;18726;4697;2333;10690
100;90;1;MergeSort;1344;546;0;9440
100;90;1;CountingSort;301;0;0;19690
100;90;1;QuickSort;2338;850;427;4710
100;90;1;InsertionSort;6818;2270;0;102330
100;90;1;BubbleSort;18544;4922;2175;10690
100;90;1;MergeSort;1344;544;0;15800
100;90;1;CountingSort;301;0;0;12690
100;90;1;QuickSort;2276;908;388;5060
100;90;1;InsertionSort;7517;2503;0;73060
100;90;1;BubbleSort;19490;4929;2408;13250
100;90;1;MergeSort;1344;533;0;17780
100;90;1;CountingSort;301;0;0;18380
100;90;1;QuickSort;2895;1104;529;4090
100;90;1;InsertionSort;7649;2547;0;98190
100;90;1;BubbleSort;19598;4895;2452;9930
100;90;1;MergeSort;1344;542;0;15520
100;90;1;CountingSort;301;0;0;14260
100;90;1;QuickSort;2684;1031;486;50580
100;90;1;InsertionSort;7676;2556;0;3070
100;90;1;BubbleSort;19702;4929;2461;8640
100;90;1;MergeSort;1344;539;0;13010
100;90;1;CountingSort;301;0;0;18050
100;90;1;QuickSort;2980;1147;543;19071
100;90;1;InsertionSort;7610;2534;0;2670
100;90;1;BubbleSort;19500;4872;2439;9260
100;90;1;MergeSort;1344;541;0;13710
100;90;1;CountingSort;301;0;0;14850
100;90;1;QuickSort;2226;852;392;3690
100;90;1;InsertionSort;6867;2287;0;2330
100;90;1;BubbleSort;18532;4884;2191;11260
100;90;1;MergeSort;1344;544;0;14340
100;90;1;CountingSort;301;0;0;14120
100;90;1;QuickSort;3073;1126;578;4720
100;90;1;InsertionSort;6546;2178;0;2360
100;90;1;BubbleSort;17898;4779;2085;11860
100;90;1;MergeSort;1344;529;0;11900
100;90;1;CountingSort;301;0;0;18450
100;90;1;QuickSort;2626;994;479;3980
100;90;1;InsertionSort;6471;2155;0;2040
100;90;1;BubbleSort;17980;4872;2059;12170
100;90;1;MergeSort;1344;552;0;13270
100;90;1;CountingSort;301;0;0;16870
100;90;1;QuickSort;2378;875;433;5120
100;90;1;InsertionSort;7138;2378;0;2190
100;90;1;BubbleSort;18934;4905;2281;9330
100;90;1;MergeSort;1344;543;0;21030
100;90;1;CountingSort;301;0;0;13391
100;90;1;QuickSort;2261;830;412;4580
100;90;1;InsertionSort;7657;2551;0;2600
100;90;1;BubbleSort;19444;4814;2454;9640
100;90;1;MergeSort;1344;546;0;22100
100;90;1;CountingSort;301;0;0;21020
100;90;1;QuickSort;2398;898;430;4890
100;90;1;InsertionSort;7056;2348;0;2050
100;90;1;BubbleSort;18890;4935;2255;11710
100;90;1;MergeSort;1344;548;0;17240
100;90;1;CountingSort;301;0;0;12860
100;90;1;QuickSort;2557;988;456;4830
100;90;1;InsertionSort;7652;2550;0;2410
100;90;1;BubbleSort;19498;4845;2452;9150
100;90;1;MergeSort;1344;542;0;13530
100;90;1;CountingSort;301;0;0;15670
100;90;1;QuickSort;2600;995;466;4750
100;90;1;InsertionSort;7339;2443;0;2630
100;90;1;BubbleSort;19056;4830;2349;8560
100;90;1;MergeSort;1344;537;0;13750
100;90;1;CountingSort;301;0;0;16510
100;90;1;QuickSort;2452;982;425;6010
100;90;1;InsertionSort;6516;2172;0;1960
100;90;1;BubbleSort;18036;4872;2073;7840
100;90;1;MergeSort;1344;545;0;12240
100;90;1;CountingSort;301;0;0;13530
100;90;1;QuickSort;2748;1071;495;4100
100;90;1;InsertionSort;7324;2438;0;2550
100;90;1;BubbleSort;19120;4872;2344;11490
100;90;1;MergeSort;1344;545;0;12200
100;90;1;CountingSort;301;0;0;15510
100;90;1;QuickSort;2553;972;459;4890
100;90;1;InsertionSort;6792;2262;0;1960
100;90;1;BubbleSort;18558;4947;2166;11510
100;90;1;MergeSort;1344;541;0;14140
100;90;1;CountingSort;301;0;0;13050
100;90;1;QuickSort;3557;1385;658;4810
100;90;1;InsertionSort;7498;2498;0;2160
100;90;1;BubbleSort;19264;4830;2401;22220
100;90;1;MergeSort;1344;534;0;12630
100;90;1;CountingSort;301;0;0;14231
100;90;1;QuickSort;2549;980;455;3790
100;90;1;InsertionSort;6049;2015;0;2260
100;90;1;BubbleSort;16702;4515;1918;9370
100;90;1;MergeSort;1344;549;0;15400
100;90;1;CountingSort;301;0;0;13820
100;90;1;QuickSort;2908;1087;539;4010
100;90;1;InsertionSort;6264;2088;0;2500
100;90;1;BubbleSort;17746;4895;1989;11390
100;90;1;MergeSort;1344;543;0;10950
100;90;1;CountingSort;301;0;0;14920
100;90;1;QuickSort;2419;907;438;3560
100;90;1;InsertionSort;6502;2164;0;2170
100;90;1;BubbleSort;17760;4740;2070;11130
100;90;1;MergeSort;1344;546;0;13020
100;90;1;CountingSort;301;0;0;18470
100;90;1;QuickSort;2239;889;381;5170
100;90;1;InsertionSort;6906;2300;0;1790
100;90;1;BubbleSort;18444;4814;2204;8320
100;90;1;MergeSort;1344;547;0;12400
100;90;1;CountingSort;301;0;0;15750
100;90;1;QuickSort;2255;884;387;4540
100;90;1;InsertionSort;7595;2529;0;1940
100;90;1;BubbleSort;19256;4760;2434;8530
100;90;1;MergeSort;1344;540;0;12890
100;90;1;CountingSort;301;0;0;15790
100;90;1;QuickSort;2553;957;468;13220
100;90;1;InsertionSort;7330;2440;0;2300
100;90;1;BubbleSort;19152;4884;2346;8700
100;90;1;MergeSort;1344;539;0;13670
100;90;1;CountingSort;301;0;0;17740
100;90;1;QuickSort;2438;971;422;3800
100;90;1;InsertionSort;7356;2452;0;2250
100;90;1;BubbleSort;19256;4922;2353;8450
100;90;1;MergeSort;1344;542;0;12810
100;90;1;CountingSort;301;0;0;16210
100;90;1;QuickSort;2608;955;480;3800
100;90;1;InsertionSort;7510;2502;0;2260
100;90;1;BubbleSort;19514;4947;2405;11900
100;90;1;MergeSort;1344;539;0;14160
100;90;1;CountingSort;301;0;0;18830
100;90;1;QuickSort;2471;965;438;4640
100;90;1;InsertionSort;6968;2320;0;1840
100;90;1;BubbleSort;18770;4935;2225;20650
100;90;1;MergeSort;1344;547;0;13040
100;90;1;CountingSort;301;0;0;17480
100;90;1;QuickSort;2422;1030;399;3840
100;90;1;InsertionSort;7584;2526;0;2260
100;90;1;BubbleSort;19348;4814;2430;11720
100;90;1;MergeSort;1344;545;0;11190
100;90;1;CountingSort;301;0;0;13000
100;90;1;QuickSort;2155;814;381;3720
100;90;1;InsertionSort;7140;2378;0;2160
100;90;1;BubbleSort;18938;4905;2282;12560
100;90;1;MergeSort;1344;538;0;14830
100;90;1;CountingSort;301;0;0;17700
100;90;1;QuickSort;2621;1022;469;6110
100;90;1;InsertionSort;8229;2737;0;2390
100;90;1;BubbleSort;20182;4797;2647;13140
100;90;1;MergeSort;1344;537;0;12661
100;90;1;CountingSort;301;0;0;16850
100;90;1;QuickSort;2913;1137;521;4700
100;90;1;InsertionSort;7019;2337;0;2360
100;90;1;BubbleSort;18826;4929;2242;12330
100;90;1;MergeSort;1344;547;0;18220
100;90;1;CountingSort;301;0;0;17610
100;90;1;QuickSort;3628;1336;698;4750
100;90;1;InsertionSort;6498;2164;0;2630
100;90;1;BubbleSort;18166;4947;2068;11070
100;90;1;MergeSort;1344;550;0;17040
100;90;1;CountingSort;301;0;0;15160
100;90;1;QuickSort;3022;1240;528;4700
100;90;1;InsertionSort;7674;2556;0;2300
100;90;1;BubbleSort;19728;4944;2460;12600
100;90;1;MergeSort;1344;543;0;11760
100;90;1;CountingSort;301;0;0;15870
100;90;1;QuickSort;2755;1039;506;4330
100;90;1;InsertionSort;5681;1893;0;2000
100;90;1;BubbleSort;16840;4830;1795;11200
100;90;1;MergeSort;1344;532;0;13470
100;90;1;CountingSort;301;0;0;28050
100;90;1;QuickSort;2192;890;370;4580
100;90;1;InsertionSort;6391;2129;0;2530
100;90;1;BubbleSort;18016;4944;2032;12260
100;90;1;MergeSort;1344;533;0;16440
100;90;1;CountingSort;301;0;0;19140
100;90;1;QuickSort;2498;953;449;4750
100;90;1;InsertionSort;6632;2210;0;2170
100;90;1;BubbleSort;18192;4872;2112;11570
100;90;1;MergeSort;1344;538;0;14220
100;90;1;CountingSort;301;0;0;19140
100;90;1;QuickSort;2806;1060;514;4990
100;90;1;InsertionSort;6972;2322;0;2000
100;90;1;BubbleSort;18462;4779;2226;13720
100;90;1;MergeSort;1344;537;0;12980
100;90;1;CountingSort;301;0;0;16770
100;90;1;QuickSort;2464;880;460;5770
100;90;1;InsertionSort;7031;2341;0;2230
100;90;1;BubbleSort;18774;4895;2246;7940
100;90;1;MergeSort;1344;541;0;18140
100;90;1;CountingSort;301;0;0;21330
100;90;1;QuickSort;2504;977;445;4440
100;90;1;InsertionSort;7439;2475;0;2340
100;90;1;BubbleSort;19250;4859;2383;8190
100;90;1;MergeSort;1344;535;0;15340
100;90;1;CountingSort;301;0;0;17780
100;90;1;QuickSort;2218;910;372;4550
100;90;1;InsertionSort;6884;2292;0;2380
100;90;1;BubbleSort;18308;4760;2197;12660
100;90;1;MergeSort;1344;537;0;12710
100;90;1;CountingSort;301;0;0;17070
100;90;1;QuickSort;3137;1211;576;4900
100;90;1;InsertionSort;7717;2571;0;2360
100;90;1;BubbleSort;19640;4872;2474;15980
100;90;1;MergeSort;1344;537;0;12670
100;90;1;CountingSort;301;0;0;16130
100;90;1;QuickSort;2593;985;465;4590
100;90;1;InsertionSort;7604;2530;0;2250
100;90;1;BubbleSort;19652;4950;2438;13920
100;90;1;MergeSort;1344;544;0;10810
100;90;2;CountingSort;301;0;0;16360
100;90;2;QuickSort;2529;951;460;223931
100;90;2;InsertionSort;6402;2132;0;284701
100;90;2;BubbleSort;17492;4674;2036;578482
100;90;2;MergeSort;1344;513;0;130160
100;90;2;CountingSort;301;0;0;14960
100;90;2;QuickSort;2369;905;422;83160
100;90;2;InsertionSort;6077;2023;0;161120
100;90;2;BubbleSort;17340;4814;1928;453551
100;90;2;MergeSort;1344;511;0;124780
100;90;2;CountingSort;301;0;0;17380
100;90;2;QuickSort;2840;1139;504;100281
100;90;2;InsertionSort;6278;2090;0;204210
100;90;2;BubbleSort;17500;4760;1995;404091
100;90;2;MergeSort;1344;512;0;38390
100;90;2;CountingSort;301;0;0;15360
100;90;2;QuickSort;2640;969;494;69700
100;90;2;InsertionSort;5296;1762;0;186611
100;90;2;BubbleSort;15450;4389;1668;361102
100;90;2;MergeSort;1344;516;0;32970
100;90;2;CountingSort;301;0;0;12050
100;90;2;QuickSort;2507;935;457;66480
100;90;2;InsertionSort;6343;2113;0;200710
100;90;2;BubbleSort;17094;4515;2016;420551
100;90;2;MergeSort;1344;513;0;32740
100;90;2;CountingSort;301;0;0;16880
100;90;2;QuickSort;2331;885;414;53411
100;90;2;InsertionSort;5498;1828;0;174121
100;90;2;BubbleSort;15722;4389;1736;342171
100;90;2;MergeSort;1344;516;0;29560
100;90;2;CountingSort;301;0;0;15540
100;90;2;QuickSort;2788;1054;509;28380
100;90;2;InsertionSort;5927;1973;0;169890
100;90;2;BubbleSort;17070;4779;1878;358031
100;90;2;MergeSort;1344;505;0;28380
100;90;2;CountingSort;301;0;0;16570
100;90;2;QuickSort;2321;902;409;11560
100;90;2;InsertionSort;5724;1906;0;158921
100;90;2;BubbleSort;16868;4814;1810;351311
100;90;2;MergeSort;1344;514;0;25870
100;90;2;CountingSort;301;0;0;21100
100;90;2;QuickSort;2633;989;480;11130
100;90;2;InsertionSort;7212;2402;0;196370
100;90;2;BubbleSort;18744;4760;2306;364691
100;90;2;MergeSort;1344;515;0;18280
100;90;2;CountingSort;301;0;0;15810
100;90;2;QuickSort;2525;944;465;10230
100;90;2;InsertionSort;6542;2178;0;179081
100;90;2;BubbleSort;17770;4719;2083;364761
100;90;2;MergeSort;1344;514;0;19001
100;90;2;CountingSort;301;0;0;16640
100;90;2;QuickSort;2380;970;401;11720
100;90;2;InsertionSort;6932;2310;0;204140
100;90;2;BubbleSort;18508;4830;2212;393531
100;90;2;MergeSort;1344;511;0;18070
100;90;2;CountingSort;301;0;0;17950
100;90;2;QuickSort;2513;932;454;10070
100;90;2;InsertionSort;6716;2234;0;207210
100;90;2;BubbleSort;18336;4884;2142;439791
100;90;2;MergeSort;1344;507;0;34150
100;90;2;CountingSort;301;0;0;16950
100;90;2;QuickSort;2773;1015;517;10711
100;90;2;InsertionSort;6150;2048;0;193600
100;90;2;BubbleSort;17552;4872;1952;447431
100;90;2;MergeSort;1344;512;0;44760
100;90;2;CountingSort;301;0;0;15690
100;90;2;QuickSort;2292;864;411;9960
100;90;2;InsertionSort;5982;1992;0;198120
100;90;2;BubbleSort;17274;4845;1896;200490
100;90;2;MergeSort;1344;510;0;31600
100;90;2;CountingSort;301;0;0;12120
100;90;2;QuickSort;2313;921;399;9920
100;90;2;InsertionSort;6443;2145;0;177921
100;90;2;BubbleSort;17918;4859;2050;126770
100;90;2;MergeSort;1344;514;0;29320
100;90;2;CountingSort;301;0;0;23600
100;90;2;QuickSort;2477;950;442;16640
100;90;2;InsertionSort;5981;1991;0;132141
100;90;2;BubbleSort;16932;4674;1896;83591
100;90;2;MergeSort;1344;505;0;32030
100;90;2;CountingSort;301;0;0;13020
100;90;2;QuickSort;2877;1077;534;8650
100;90;2;InsertionSort;5902;1962;0;183091
100;90;2;BubbleSort;17274;4895;1871;40560
100;90;2;MergeSort;1344;507;0;16010
100;90;2;CountingSort;301;0;0;13210
100;90;2;QuickSort;2528;1028;437;20870
100;90;2;InsertionSort;6286;2092;0;157890
100;90;2;BubbleSort;17430;4719;1998;42990
100;90;2;MergeSort;1344;500;0;18690
100;90;2;CountingSort;301;0;0;14030
100;90;2;QuickSort;2648;995;486;11670
100;90;2;InsertionSort;6438;2144;0;170681
100;90;2;BubbleSort;17910;4859;2048;132550
100;90;2;MergeSort;1344;508;0;15850
100;90;2;CountingSort;301;0;0;11730
100;90;2;QuickSort;2748;1080;485;10690
100;90;2;InsertionSort;6652;2210;0;182721
100;90;2;BubbleSort;17882;4697;2122;123271
100;90;2;MergeSort;1344;505;0;21510
100;90;2;CountingSort;301;0;0;15380
100;90;2;QuickSort;2404;880;443;9890
100;90;2;InsertionSort;5873;1957;0;199730
100;90;2;BubbleSort;16830;4697;1859;132310
100;90;2;MergeSort;1344;517;0;24130
100;90;2;CountingSort;301;0;0;12140
100;90;2;QuickSort;3054;1188;556;11140
100;90;2;InsertionSort;6327;2107;0;185200
100;90;2;BubbleSort;17188;4572;2011;145460
100;90;2;MergeSort;1344;509;0;25110
100;90;2;CountingSort;301;0;0;14780
100;90;2;QuickSort;2574;975;467;12930
100;90;2;InsertionSort;5403;1799;0;152461
100;90;2;BubbleSort;16440;4814;1703;50800
100;90;2;MergeSort;1344;502;0;21090
100;90;2;CountingSort;301;0;0;16120
100;90;2;QuickSort;2421;927;434;9970
100;90;2;InsertionSort;6441;2141;0;184001
100;90;2;BubbleSort;17894;4845;2051;89080
100;90;2;MergeSort;1344;505;0;24820
100;90;2;CountingSort;301;0;0;15031
100;90;2;QuickSort;2630;1031;469;10480
100;90;2;InsertionSort;6915;2303;0;2346327
100;90;2;BubbleSort;18386;4779;2207;2195536
100;90;2;MergeSort;1344;507;0;2190076
100;90;2;CountingSort;301;0;0;19090
100;90;2;QuickSort;3089;1205;563;15510
100;90;2;InsertionSort;6111;2033;0;202760
100;90;2;BubbleSort;17318;4779;1940;93650
100;90;2;MergeSort;1344;514;0;20920
100;90;2;CountingSort;301;0;0;14770
100;90;2;QuickSort;2392;922;422;15540
100;90;2;InsertionSort;5641;1875;0;171150
100;90;2;BubbleSort;16436;4650;1784;79050
100;90;2;MergeSort;1344;499;0;24250
100;90;2;CountingSort;301;0;0;16350
100;90;2;QuickSort;2471;956;441;15290
100;90;2;InsertionSort;5530;1842;0;152280
100;90;2;BubbleSort;16280;4650;1745;75530
100;90;2;MergeSort;1344;506;0;18640
100;90;2;CountingSort;301;0;0;19510
100;90;2;QuickSort;2536;973;452;14630
100;90;2;InsertionSort;6174;2054;0;188331
100;90;2;BubbleSort;16988;4572;1961;133180
100;90;2;MergeSort;1344;497;0;17060
100;90;2;CountingSort;301;0;0;16320
100;90;2;QuickSort;3101;1247;549;11460
100;90;2;InsertionSort;5984;1994;0;180581
100;90;2;BubbleSort;17212;4814;1896;137860
100;90;2;MergeSort;1344;503;0;19860
100;90;2;CountingSort;301;0;0;18220
100;90;2;QuickSort;2285;857;408;9090
100;90;2;InsertionSort;6742;2246;0;154770
100;90;2;BubbleSort;17944;4674;2149;122250
100;90;2;MergeSort;1344;515;0;36120
100;90;2;CountingSort;301;0;0;17230
100;90;2;QuickSort;2844;1074;522;10930
100;90;2;InsertionSort;6223;2073;0;35410
100;90;2;BubbleSort;16812;4454;1976;59500
100;90;2;MergeSort;1344;511;0;31230
100;90;2;CountingSort;301;0;0;12240
100;90;2;QuickSort;2828;1025;532;8940
100;90;2;InsertionSort;5948;1980;0;17090
100;90;2;BubbleSort;17020;4740;1885;82150
100;90;2;MergeSort;1344;505;0;27080
100;90;2;CountingSort;301;0;0;22981
100;90;2;QuickSort;2274;891;392;9610
100;90;2;InsertionSort;5926;1974;0;19110
100;90;2;BubbleSort;16808;4650;1877;38660
100;90;2;MergeSort;1344;511;0;23090
100;90;2;CountingSort;301;0;0;15850
100;90;2;QuickSort;2355;903;419;11970
100;90;2;InsertionSort;5895;1963;0;19320
100;90;2;BubbleSort;16988;4760;1867;79130
100;90;2;MergeSort;1344;510;0;8600
100;90;2;CountingSort;301;0;0;15960
100;90;2;QuickSort;2546;995;448;12490
100;90;2;InsertionSort;6361;2117;0;18210
100;90;2;BubbleSort;17782;4845;2023;80071
100;90;2;MergeSort;1344;512;0;11450
100;90;2;CountingSort;301;0;0;17140
100;90;2;QuickSort;2357;923;408;8760
100;90;2;InsertionSort;6648;2214;0;33350
100;90;2;BubbleSort;17992;4760;2118;62160
100;90;2;MergeSort;1344;507;0;33900
100;90;2;CountingSort;301;0;0;11840
100;90;2;QuickSort;2125;814;372;11950
100;90;2;InsertionSort;6420;2138;0;24410
100;90;2;BubbleSort;17256;4544;2042;55071
100;90;2;MergeSort;1344;500;0;19800
100;90;2;CountingSort;301;0;0;22331
100;90;2;QuickSort;2616;966;485;10260
100;90;2;InsertionSort;7052;2348;0;29450
100;90;2;BubbleSort;18406;4697;2253;169400
100;90;2;MergeSort;1344;510;0;14480
100;90;2;CountingSort;301;0;0;13020
100;90;2;QuickSort;2690;1079;474;11430
100;90;2;InsertionSort;6376;2122;0;116600
100;90;2;BubbleSort;17592;4740;2028;116560
100;90;2;MergeSort;1344;509;0;14180
100;90;2;CountingSort;301;0;0;14770
100;90;2;QuickSort;2248;847;402;18440
100;90;2;InsertionSort;6052;2016;0;30770
100;90;2;BubbleSort;17234;4779;1919;178711
100;90;2;MergeSort;1344;510;0;39150
100;90;2;CountingSort;301;0;0;16010
100;90;2;QuickSort;2561;959;468;10050
100;90;2;InsertionSort;6773;2257;0;28730
100;90;2;BubbleSort;18116;4740;2159;40410
100;90;2;MergeSort;1344;520;0;10330
100;90;2;CountingSort;301;0;0;17180
100;90;2;QuickSort;2229;891;379;7850
100;90;2;InsertionSort;5946;1980;0;22470
100;90;2;BubbleSort;17130;4797;1884;112080
100;90;2;MergeSort;1344;510;0;13800
100;90;2;CountingSort;301;0;0;18040
100;90;2;QuickSort;2761;1105;487;8700
100;90;2;InsertionSort;5952;1982;0;22470
100;90;2;BubbleSort;16574;4515;1886;48900
100;90;2;MergeSort;1344;499;0;15710
100;90;2;CountingSort;301;0;0;16020
100;90;2;QuickSort;2871;1137;512;104950
100;90;2;InsertionSort;6537;2177;0;24790
100;90;2;BubbleSort;17624;4650;2081;123700
100;90;2;MergeSort;1344;516;0;12340
100;90;2;CountingSort;301;0;0;24280
100;90;2;QuickSort;3264;1248;606;115351
100;90;2;InsertionSort;6013;2001;0;26830
100;90;2;BubbleSort;17022;4697;1907;14870
100;90;2;MergeSort;1344;510;0;13440
100;90;2;CountingSort;301;0;0;19280
100;90;2;QuickSort;2362;913;418;74251
100;90;2;InsertionSort;6534;2172;0;29980
100;90;2;BubbleSort;18018;4845;2082;15520
100;90;2;MergeSort;1344;514;0;16140
100;90;2;CountingSort;301;0;0;17520
100;90;2;QuickSort;2502;963;444;65710
100;90;2;InsertionSort;6023;2005;0;17500
100;90;2;BubbleSort;16728;4544;1910;9250
100;90;2;MergeSort;1344;503;0;9700
100;90;2;CountingSort;301;0;0;24850
100;90;2;QuickSort;2373;894;424;57560
100;90;2;InsertionSort;5804;1932;0;31260
100;90;2;BubbleSort;16492;4572;1837;9840
100;90;2;MergeSort;1344;512;0;27540
100;90;2;CountingSort;301;0;0;17280
100;90;2;QuickSort;2615;968;484;78490
100;90;2;InsertionSort;6131;2043;0;48360
100;90;2;BubbleSort;16868;4544;1945;9320
100;90;2;MergeSort;1344;512;0;19150
100;90;2;CountingSort;301;0;0;20740
100;90;2;QuickSort;2560;1006;453;53611
100;90;2;InsertionSort;5936;1976;0;33311
100;90;2;BubbleSort;17334;4905;1881;11930
100;90;2;MergeSort;1344;509;0;10840
100;90;2;CountingSort;301;0;0;16660
100;90;2;QuickSort;2463;894;460;17330
100;90;2;InsertionSort;6462;2152;0;37420
100;90;2;BubbleSort;17818;4797;2056;11190
100;90;2;MergeSort;1344;511;0;15960
100;90;2;CountingSort;301;0;0;13200
100;90;2;QuickSort;2421;900;439;4590
100;90;2;InsertionSort;7237;2411;0;40730
100;90;2;BubbleSort;18694;4719;2314;11870
100;90;2;MergeSort;1344;506;0;11990
100;90;2;CountingSort;301;0;0;15610
100;90;2;QuickSort;2321;884;415;4480
100;90;2;InsertionSort;6033;2009;0;34670
100;90;2;BubbleSort;17090;4719;1913;11260
100;90;2;MergeSort;1344;514;0;10840
100;90;2;CountingSort;301;0;0;14910
100;90;2;QuickSort;3135;1206;575;3820
100;90;2;InsertionSort;5920;1972;0;40411
100;90;2;BubbleSort;16938;4719;1875;14710
100;90;2;MergeSort;1344;518;0;21480
100;90;2;CountingSort;301;0;0;13770
100;90;2;QuickSort;2989;1186;532;13600
100;90;2;InsertionSort;6267;2085;0;17990
100;90;2;BubbleSort;17488;4760;1992;18910
100;90;2;MergeSort;1344;509;0;12300
100;90;2;CountingSort;301;0;0;13500
100;90;2;QuickSort;2330;914;404;4790
100;90;2;InsertionSort;5978;1992;0;50070
100;90;2;BubbleSort;17170;4797;1894;7280
100;90;2;MergeSort;1344;515;0;22230
100;90;2;CountingSort;301;0;0;18170
100;90;2;QuickSort;2265;855;403;18780
100;90;2;InsertionSort;5567;1853;0;16120
100;90;2;BubbleSort;16512;4740;1758;10400
100;90;2;MergeSort;1344;514;0;16890
100;90;2;CountingSort;301;0;0;13690
100;90;2;QuickSort;2806;1090;505;4710
100;90;2;InsertionSort;6080;2024;0;18510
100;90;2;BubbleSort;17110;4697;1929;13320
100;90;2;MergeSort;1344;501;0;15441
100;90;2;CountingSort;301;0;0;16050
100;90;2;QuickSort;2249;833;408;4240
100;90;2;InsertionSort;6361;2119;0;33560
100;90;2;BubbleSort;17526;4719;2022;11910
100;90;2;MergeSort;1344;506;0;8790
100;90;2;CountingSort;301;0;0;14950
100;90;2;QuickSort;2828;1034;529;4540
100;90;2;InsertionSort;6370;2120;0;36310
100;90;2;BubbleSort;17822;4859;2026;7630
100;90;2;MergeSort;1344;513;0;14090
100;90;2;CountingSort;301;0;0;14340
100;90;2;QuickSort;2852;1091;524;3530
100;90;2;InsertionSort;6343;2113;0;31080
100;90;2;BubbleSort;17724;4830;2016;12310
100;90;2;MergeSort;1344;508;0;11300
100;90;2;CountingSort;301;0;0;12941
100;90;2;QuickSort;2256;939;376;3710
100;90;2;InsertionSort;6344;2112;0;113410
100;90;2;BubbleSort;17696;4814;2017;10300
100;90;2;MergeSort;1344;499;0;13870
100;90;2;CountingSort;301;0;0;14620
100;90;2;QuickSort;2483;926;451;3460
100;90;2;InsertionSort;6917;2303;0;71570
100;90;2;BubbleSort;18390;4779;2208;7560
100;90;2;MergeSort;1344;517;0;10580
100;90;2;CountingSort;301;0;0;15450
100;90;2;QuickSort;3021;1182;547;3800
100;90;2;InsertionSort;6268;2088;0;87970
100;90;2;BubbleSort;17052;4544;1991;7490
100;90;2;MergeSort;1344;504;0;12590
100;90;2;CountingSort;301;0;0;17711
100;90;2;QuickSort;2599;991;472;5630
100;90;2;InsertionSort;5943;1977;0;78610
100;90;2;BubbleSort;17164;4814;1884;10660
100;90;2;MergeSort;1344;510;0;37710
100;90;2;CountingSort;301;0;0;14370
100;90;2;QuickSort;2495;947;447;5780
100;90;2;InsertionSort;6843;2277;0;120071
100;90;2;BubbleSort;18330;4797;2184;13930
100;90;2;MergeSort;1344;510;0;20940
100;90;2;CountingSort;301;0;0;14940
100;90;2;QuickSort;2221;835;396;3530
100;90;2;InsertionSort;6232;2076;0;84051
100;90;2;BubbleSort;17660;4872;1979;7550
100;90;2;MergeSort;1344;502;0;12020
100;90;2;CountingSort;301;0;0;14030
100;90;2;QuickSort;2642;1013;478;3610
100;90;2;InsertionSort;6261;2083;0;95871
100;90;2;BubbleSort;17704;4872;1990;17851
100;90;2;MergeSort;1344;500;0;10350
100;90;2;CountingSort;301;0;0;37381
100;90;2;QuickSort;2395;871;440;4680
100;90;2;InsertionSort;5826;1940;0;102020
100;90;2;BubbleSort;16724;4674;1844;23950
100;90;2;MergeSort;1344;513;0;9080
100;90;2;CountingSort;301;0;0;16500
100;90;2;QuickSort;2677;1003;492;3600
100;90;2;InsertionSort;6377;2123;0;76060
100;90;2;BubbleSort;17550;4719;2028;14010
100;90;2;MergeSort;1344;502;0;11330
100;90;2;CountingSort;301;0;0;14530
100;90;2;QuickSort;2419;922;435;3540
100;90;2;InsertionSort;6259;2083;0;141351
100;90;2;BubbleSort;17256;4650;1989;7210
100;90;2;MergeSort;1344;507;0;12440
100;90;2;CountingSort;301;0;0;13360
100;90;2;QuickSort;2634;972;492;3450
100;90;2;InsertionSort;6522;2172;0;90331
100;90;2;BubbleSort;17898;4797;2076;10550
100;90;2;MergeSort;1344;511;0;12230
100;90;2;CountingSort;301;0;0;14000
100;90;2;QuickSort;2684;1010;488;3610
100;90;2;InsertionSort;6186;2060;0;3660
100;90;2;BubbleSort;17516;4830;1964;7890
100;90;2;MergeSort;1344;517;0;9890
100;90;2;CountingSort;301;0;0;27120
100;90;2;QuickSort;2846;1097;516;4450
100;90;2;InsertionSort;5415;1803;0;1690
100;90;2;BubbleSort;15672;4422;1707;10070
100;90;2;MergeSort;1344;502;0;13140
100;90;2;CountingSort;301;0;0;13980
100;90;2;QuickSort;2326;910;403;4280
100;90;2;InsertionSort;6152;2048;0;1900
100;90;2;BubbleSort;17406;4797;1953;10800
100;90;2;MergeSort;1344;519;0;22160
100;90;2;CountingSort;301;0;0;16020
100;90;2;QuickSort;2360;884;427;3610
100;90;2;InsertionSort;5887;1959;0;1950
100;90;2;BubbleSort;16238;4389;1865;8040
100;90;2;MergeSort;1344;513;0;12720
100;90;2;CountingSort;301;0;0;13580
100;90;2;QuickSort;2676;1056;476;14650
100;90;2;InsertionSort;6362;2120;0;3130
100;90;2;BubbleSort;17646;4779;2022;7411
100;90;2;MergeSort;1344;511;0;11550
100;90;2;CountingSort;301;0;0;15011
100;90;2;QuickSort;3025;1141;564;4010
100;90;2;InsertionSort;5761;1919;0;1740
100;90;2;BubbleSort;16978;4845;1822;7400
100;90;2;MergeSort;1344;513;0;11530
100;90;2;CountingSort;301;0;0;19240
100;90;2;QuickSort;2153;812;386;3780
100;90;2;InsertionSort;5492;1830;0;1990
100;90;2;BubbleSort;16228;4650;1732;9130
100;90;2;MergeSort;1344;510;0;9410
100;90;2;CountingSort;301;0;0;13070
100;90;2;QuickSort;2728;1003;511;3860
100;90;2;InsertionSort;6194;2062;0;2340
100;90;2;BubbleSort;17426;4779;1967;9780
100;90;2;MergeSort;1344;516;0;10950
100;90;2;CountingSort;301;0;0;13260
100;90;2;QuickSort;2364;867;431;4770
100;90;2;InsertionSort;6196;2062;0;1800
100;90;2;BubbleSort;17122;4625;1968;9540
100;90;2;MergeSort;1344;517;0;11400
100;90;2;CountingSort;301;0;0;14160
100;90;2;QuickSort;2161;808;387;3520
100;90;2;InsertionSort;5928;1974;0;2010
100;90;2;BubbleSort;17106;4797;1878;9920
100;90;2;MergeSort;1344;516;0;9570
100;90;2;CountingSort;301;0;0;13680
100;90;2;QuickSort;2701;979;504;4470
100;90;2;InsertionSort;6438;2142;0;1920
100;90;2;BubbleSort;17790;4797;2049;10900
100;90;2;MergeSort;1344;519;0;10870
100;90;2;CountingSort;301;0;0;19420
100;90;2;QuickSort;2023;796;343;4520
100;90;2;InsertionSort;6516;2168;0;1980
100;90;2;BubbleSort;17498;4599;2075;7360
100;90;2;MergeSort;1344;518;0;18420
100;90;2;CountingSort;301;0;0;13440
100;90;2;QuickSort;2464;925;447;3710
100;90;2;InsertionSort;6610;2202;0;2250
100;90;2;BubbleSort;17858;4719;2105;12760
100;90;2;MergeSort;1344;499;0;17100
100;90;2;CountingSort;301;0;0;13340
100;90;2;QuickSort;2267;890;393;4560
100;90;2;InsertionSort;5719;1905;0;1630
100;90;2;BubbleSort;16262;4515;1808;16440
100;90;2;MergeSort;1344;505;0;10380
100;90;2;CountingSort;301;0;0;13510
100;90;2;QuickSort;2817;1104;505;3900
100;90;2;InsertionSort;6247;2081;0;2140
100;90;2;BubbleSort;17494;4779;1984;9520
100;90;2;MergeSort;1344;514;0;24691
100;90;2;CountingSort;301;0;0;11970
100;90;2;QuickSort;2866;1069;528;4700
100;90;2;InsertionSort;6653;2215;0;2000
100;90;2;BubbleSort;18038;4779;2120;13910
100;90;2;MergeSort;1344;497;0;14880
100;90;2;CountingSort;301;0;0;15130
100;90;2;QuickSort;2403;903;431;4450
100;90;2;InsertionSort;6642;2212;0;1810
100;90;2;BubbleSort;18058;4797;2116;10810
100;90;2;MergeSort;1344;509;0;9871
100;90;2;CountingSort;301;0;0;12680
100;90;2;QuickSort;2653;1042;469;4540
100;90;2;InsertionSort;6420;2138;0;1900
100;90;2;BubbleSort;17886;4859;2042;9460
100;90;2;MergeSort;1344;511;0;9910
100;90;2;CountingSort;301;0;0;16410
100;90;2;QuickSort;2719;1036;493;4990
100;90;2;InsertionSort;6673;2221;0;1790
100;90;2;BubbleSort;18102;4797;2127;9310
100;90;2;MergeSort;1344;505;0;15630
100;90;2;CountingSort;301;0;0;14800
100;90;2;QuickSort;2801;1100;502;3940
100;90;2;InsertionSort;6172;2054;0;1960
100;90;2;BubbleSort;17360;4760;1960;11651
100;90;2;MergeSort;1344;512;0;13320
100;90;2;CountingSort;301;0;0;14350
100;90;2;QuickSort;2661;975;496;3830
100;90;2;InsertionSort;5942;1978;0;2150
100;90;2;BubbleSort;16782;4625;1883;12340
100;90;2;MergeSort;1344;503;0;15570
100;90;2;CountingSort;301;0;0;15090
100;90;2;QuickSort;2382;897;429;3710
100;90;2;InsertionSort;7118;2370;0;2270
100;90;2;BubbleSort;18890;4895;2275;9860
100;90;2;MergeSort;1344;513;0;9790
100;90;2;CountingSort;301;0;0;16510
100;90;2;QuickSort;2559;939;476;3570
100;90;2;InsertionSort;6826;2272;0;2360
100;90;2;BubbleSort;18340;4814;2178;9671
100;90;2;MergeSort;1344;517;0;12240
100;90;2;CountingSort;301;0;0;16200
100;90;2;QuickSort;2340;900;413;4800
100;90;2;InsertionSort;6007;2001;0;2290
100;90;2;BubbleSort;17010;4697;1904;10520
100;90;2;MergeSort;1344;510;0;13810
100;90;2;CountingSort;301;0;0;14420
100;90;2;QuickSort;2414;953;421;4800
100;90;2;InsertionSort;6635;2211;0;2240
100;90;2;BubbleSort;18046;4797;2113;8530
100;90;2;MergeSort;1344;511;0;12200
100;90;2;CountingSort;301;0;0;14280
100;90;2;QuickSort;2606;968;481;4390
100;90;2;InsertionSort;6393;2129;0;2330
100;90;2;BubbleSort;17612;4740;2033;7400
100;90;2;MergeSort;1344;512;0;17240
100;90;2;CountingSort;301;0;0;24160
100;90;2;QuickSort;2225;890;380;4830
100;90;2;InsertionSort;6048;2012;0;1740
100;90;2;BubbleSort;16976;4650;1919;9611
100;90;2;MergeSort;1344;506;0;14030
100;90;3;CountingSort;301;0;0;21680
100;90;3;QuickSort;3501;1443;617;242571
100;90;3;InsertionSort;6306;2102;0;376322
100;90;3;BubbleSort;17406;4697;2003;617212
100;90;3;MergeSort;1344;514;0;172790
100;90;3;CountingSort;301;0;0;14800
100;90;3;QuickSort;2641;997;485;68840
100;90;3;InsertionSort;5613;1871;0;141351
100;90;3;BubbleSort;15798;4355;1772;344241
100;90;3;MergeSort;1344;528;0;114441
100;90;3;CountingSort;301;0;0;20170
100;90;3;QuickSort;2331;888;413;88680
100;90;3;InsertionSort;5247;1749;0;199660
100;90;3;BubbleSort;16318;4859;1650;462441
100;90;3;MergeSort;1344;521;0;147120
100;90;3;CountingSort;301;0;0;15700
100;90;3;QuickSort;3088;1180;566;103111
100;90;3;InsertionSort;5898;1966;0;129080
100;90;3;BubbleSort;17212;4872;1867;421851
100;90;3;MergeSort;1344;534;0;70030
100;90;3;CountingSort;301;0;0;15010
100;90;3;QuickSort;2596;940;483;86390
100;90;3;InsertionSort;5673;1891;0;122081
100;90;3;BubbleSort;16648;4740;1792;374601
100;90;3;MergeSort;1344;520;0;27931
100;90;3;CountingSort;301;0;0;16360
100;90;3;QuickSort;2711;974;513;57150
100;90;3;InsertionSort;6342;2114;0;171090
100;90;3;BubbleSort;17618;4779;2015;415071
100;90;3;MergeSort;1344;527;0;28550
100;90;3;CountingSort;301;0;0;14620
100;90;3;QuickSort;2562;993;454;18910
100;90;3;InsertionSort;6867;2289;0;185381
100;90;3;BubbleSort;18154;4697;2190;502151
100;90;3;MergeSort;1344;521;0;21540
100;90;3;CountingSort;301;0;0;16690
100;90;3;QuickSort;2744;1049;500;39140
100;90;3;InsertionSort;6690;2230;0;195671
100;90;3;BubbleSort;17962;4719;2131;335111
100;90;3;MergeSort;1344;529;0;28170
100;90;3;CountingSort;301;0;0;14830
100;90;3;QuickSort;2877;1116;521;11270
100;90;3;InsertionSort;6657;2219;0;233871
100;90;3;BubbleSort;18140;4830;2120;415352
100;90;3;MergeSort;1344;519;0;27160
100;90;3;CountingSort;301;0;0;14970
100;90;3;QuickSort;2903;1061;549;10590
100;90;3;InsertionSort;6699;2233;0;173850
100;90;3;BubbleSort;18196;4830;2134;382701
100;90;3;MergeSort;1344;528;0;27380
100;90;3;CountingSort;301;0;0;17130
100;90;3;QuickSort;2683;1039;484;12660
100;90;3;InsertionSort;5574;1858;0;151590
100;90;3;BubbleSort;15944;4454;1759;270041
100;90;3;MergeSort;1344;530;0;27240
100;90;3;CountingSort;301;0;0;24900
100;90;3;QuickSort;2902;1102;531;11150
100;90;3;InsertionSort;5400;1800;0;151101
100;90;3;BubbleSort;16242;4719;1701;295651
100;90;3;MergeSort;1344;520;0;23730
100;90;3;CountingSort;301;0;0;16130
100;90;3;QuickSort;2164;850;373;9770
100;90;3;InsertionSort;6351;2117;0;150791
100;90;3;BubbleSort;17592;4760;2018;292071
100;90;3;MergeSort;1344;522;0;20430
100;90;3;CountingSort;301;0;0;14600
100;90;3;QuickSort;2448;984;420;10210
100;90;3;InsertionSort;6720;2240;0;151441
100;90;3;BubbleSort;18308;4872;2141;120071
100;90;3;MergeSort;1344;527;0;25440
100;90;3;CountingSort;301;0;0;14360
100;90;3;QuickSort;2555;938;472;8360
100;90;3;InsertionSort;6189;2063;0;175600
100;90;3;BubbleSort;17546;4845;1964;139730
100;90;3;MergeSort;1344;516;0;25020
100;90;3;CountingSort;301;0;0;16090
100;90;3;QuickSort;2760;1044;506;12650
100;90;3;InsertionSort;6438;2146;0;163331
100;90;3;BubbleSort;17906;4859;2047;132731
100;90;3;MergeSort;1344;525;0;25660
100;90;3;CountingSort;301;0;0;15180
100;90;3;QuickSort;2672;998;493;10050
100;90;3;InsertionSort;5871;1957;0;189940
100;90;3;BubbleSort;17060;4814;1858;121080
100;90;3;MergeSort;1344;518;0;32260
100;90;3;CountingSort;301;0;0;16120
100;90;3;QuickSort;2719;1075;485;10150
100;90;3;InsertionSort;5757;1919;0;184311
100;90;3;BubbleSort;16838;4779;1820;96791
100;90;3;MergeSort;1344;530;0;32331
100;90;3;CountingSort;301;0;0;15480
100;90;3;QuickSort;2677;982;498;11160
100;90;3;InsertionSort;6321;2107;0;186831
100;90;3;BubbleSort;17692;4830;2008;43130
100;90;3;MergeSort;1344;521;0;17940
100;90;3;CountingSort;301;0;0;14961
100;90;3;QuickSort;2377;967;403;10330
100;90;3;InsertionSort;5856;1952;0;131740
100;90;3;BubbleSort;17130;4859;1853;54230
100;90;3;MergeSort;1344;524;0;21571
100;90;3;CountingSort;301;0;0;15530
100;90;3;QuickSort;2507;974;444;13130
100;90;3;InsertionSort;6516;2172;0;221730
100;90;3;BubbleSort;17920;4814;2073;90310
100;90;3;MergeSort;1344;537;0;17860
100;90;3;CountingSort;301;0;0;12360
100;90;3;QuickSort;2404;937;426;11600
100;90;3;InsertionSort;6084;2028;0;137101
100;90;3;BubbleSort;17154;4719;1929;48580
100;90;3;MergeSort;1344;522;0;19240
100;90;3;CountingSort;301;0;0;14490
100;90;3;QuickSort;2474;938;449;8470
100;90;3;InsertionSort;6615;2205;0;163550
100;90;3;BubbleSort;17818;4697;2106;109630
100;90;3;MergeSort;1344;533;0;22440
100;90;3;CountingSort;301;0;0;16670
100;90;3;QuickSort;2557;988;457;8530
100;90;3;InsertionSort;6450;2150;0;188111
100;90;3;BubbleSort;17864;4830;2051;131751
100;90;3;MergeSort;1344;517;0;22881
100;90;3;CountingSort;301;0;0;14781
100;90;3;QuickSort;2568;951;473;9640
100;90;3;InsertionSort;6777;2259;0;1830725
100;90;3;BubbleSort;18120;4740;2160;1742065
100;90;3;MergeSort;1344;521;0;1697415
100;90;3;CountingSort;301;0;0;13440
100;90;3;QuickSort;2633;953;494;8440
100;90;3;InsertionSort;6606;2202;0;181010
100;90;3;BubbleSort;18180;4884;2103;83790
100;90;3;MergeSort;1344;532;0;19110
100;90;3;CountingSort;301;0;0;24110
100;90;3;QuickSort;2549;941;469;11760
100;90;3;InsertionSort;5835;1945;0;204031
100;90;3;BubbleSort;16732;4674;1846;69230
100;90;3;MergeSort;1344;524;0;34020
100;90;3;CountingSort;301;0;0;14330
100;90;3;QuickSort;2338;859;423;9410
100;90;3;InsertionSort;5697;1899;0;170041
100;90;3;BubbleSort;16108;4454;1800;46860
100;90;3;MergeSort;1344;532;0;19310
100;90;3;CountingSort;301;0;0;19080
100;90;3;QuickSort;2376;984;395;13910
100;90;3;InsertionSort;5718;1906;0;152620
100;90;3;BubbleSort;16786;4779;1807;144460
100;90;3;MergeSort;1344;532;0;17790
100;90;3;CountingSort;301;0;0;15491
100;90;3;QuickSort;2339;890;414;9950
100;90;3;InsertionSort;5799;1933;0;184450
100;90;3;BubbleSort;16964;4814;1834;116280
100;90;3;MergeSort;1344;523;0;21610
100;90;3;CountingSort;301;0;0;23750
100;90;3;QuickSort;2982;1146;548;14370
100;90;3;InsertionSort;6024;2008;0;46000
100;90;3;BubbleSort;17116;4740;1909;67871
100;90;3;MergeSort;1344;526;0;22500
100;90;3;CountingSort;301;0;0;13350
100;90;3;QuickSort;2937;1203;512;15150
100;90;3;InsertionSort;6360;2120;0;91700
100;90;3;BubbleSort;17114;4515;2021;105320
100;90;3;MergeSort;1344;526;0;47070
100;90;3;CountingSort;301;0;0;14230
100;90;3;QuickSort;2903;1046;551;10390
100;90;3;InsertionSort;6033;2011;0;28570
100;90;3;BubbleSort;16792;4572;1912;83970
100;90;3;MergeSort;1344;518;0;28740
100;90;3;CountingSort;301;0;0;17420
100;90;3;QuickSort;2610;996;476;11640
100;90;3;InsertionSort;6177;2059;0;30500
100;90;3;BubbleSort;17608;4884;1960;97350
100;90;3;MergeSort;1344;527;0;23580
100;90;3;CountingSort;301;0;0;15860
100;90;3;QuickSort;2973;1143;546;8890
100;90;3;InsertionSort;6615;2205;0;23630
100;90;3;BubbleSort;18168;4872;2106;47610
100;90;3;MergeSort;1344;516;0;12380
100;90;3;CountingSort;301;0;0;14550
100;90;3;QuickSort;2423;950;426;11580
100;90;3;InsertionSort;6573;2191;0;34750
100;90;3;BubbleSort;18058;4845;2092;55820
100;90;3;MergeSort;1344;525;0;18720
100;90;3;CountingSort;301;0;0;13360
100;90;3;QuickSort;2156;821;375;9140
100;90;3;InsertionSort;6399;2133;0;67321
100;90;3;BubbleSort;17166;4515;2034;87111
100;90;3;MergeSort;1344;528;0;16390
100;90;3;CountingSort;301;0;0;13970
100;90;3;QuickSort;2326;883;418;8200
100;90;3;InsertionSort;6708;2236;0;30411
100;90;3;BubbleSort;18068;4760;2137;74470
100;90;3;MergeSort;1344;527;0;27100
100;90;3;CountingSort;301;0;0;15010
100;90;3;QuickSort;2558;962;462;8120
100;90;3;InsertionSort;6060;2020;0;22240
100;90;3;BubbleSort;17402;4859;1921;85540
100;90;3;MergeSort;1344;530;0;43250
100;90;3;CountingSort;301;0;0;15940
100;90;3;QuickSort;2240;848;397;9180
100;90;3;InsertionSort;6681;2227;0;32210
100;90;3;BubbleSort;18070;4779;2128;83370
100;90;3;MergeSort;1344;525;0;43170
100;90;3;CountingSort;301;0;0;16250
100;90;3;QuickSort;2583;972;472;12180
100;90;3;InsertionSort;6159;2053;0;18220
100;90;3;BubbleSort;17374;4779;1954;61070
100;90;3;MergeSort;1344;521;0;15351
100;90;3;CountingSort;301;0;0;19410
100;90;3;QuickSort;3116;1151;589;18510
100;90;3;InsertionSort;5910;1970;0;32640
100;90;3;BubbleSort;17228;4872;1871;79520
100;90;3;MergeSort;1344;520;0;11450
100;90;3;CountingSort;301;0;0;17160
100;90;3;QuickSort;2359;925;413;8210
100;90;3;InsertionSort;6258;2086;0;41530
100;90;3;BubbleSort;17542;4797;1987;55630
100;90;3;MergeSort;1344;513;0;11020
100;90;3;CountingSort;301;0;0;18500
100;90;3;QuickSort;2650;1003;483;10110
100;90;3;InsertionSort;6546;2182;0;27650
100;90;3;BubbleSort;18076;4872;2083;156561
100;90;3;MergeSort;1344;529;0;15150
100;90;3;CountingSort;301;0;0;15450
100;90;3;QuickSort;2944;1066;557;8610
100;90;3;InsertionSort;7104;2368;0;33910
100;90;3;BubbleSort;18424;4674;2269;76620
100;90;3;MergeSort;1344;512;0;32500
100;90;3;CountingSort;301;0;0;16200
100;90;3;QuickSort;2545;985;452;7710
100;90;3;InsertionSort;6354;2118;0;19400
100;90;3;BubbleSort;17766;4845;2019;100660
100;90;3;MergeSort;1344;521;0;14600
100;90;3;CountingSort;301;0;0;18350
100;90;3;QuickSort;2618;1013;469;8290
100;90;3;InsertionSort;6741;2247;0;78021
100;90;3;BubbleSort;18030;4719;2148;79680
100;90;3;MergeSort;1344;528;0;15630
100;90;3;CountingSort;301;0;0;14500
100;90;3;QuickSort;2528;953;454;10310
100;90;3;InsertionSort;5685;1895;0;74160
100;90;3;BubbleSort;16874;4845;1796;155220
100;90;3;MergeSort;1344;518;0;11960
100;90;3;CountingSort;301;0;0;17910
100;90;3;QuickSort;2589;1002;461;96051
100;90;3;InsertionSort;6834;2278;0;37700
100;90;3;BubbleSort;18236;4760;2179;56590
100;90;3;MergeSort;1344;532;0;12520
100;90;3;CountingSort;301;0;0;17800
100;90;3;QuickSort;2316;909;406;75770
100;90;3;InsertionSort;6156;2052;0;46740
100;90;3;BubbleSort;17332;4760;1953;158031
100;90;3;MergeSort;1344;530;0;15940
100;90;3;CountingSort;301;0;0;24130
100;90;3;QuickSort;2297;887;401;60380
100;90;3;InsertionSort;6384;2128;0;34090
100;90;3;BubbleSort;17510;4697;2029;76460
100;90;3;MergeSort;1344;524;0;22500
100;90;3;CountingSort;301;0;0;16790
100;90;3;QuickSort;2761;1042;508;64520
100;90;3;InsertionSort;5865;1955;0;34470
100;90;3;BubbleSort;16622;4599;1856;11711
100;90;3;MergeSort;1344;525;0;18930
100;90;3;CountingSort;301;0;0;24630
100;90;3;QuickSort;2650;1021;477;59280
100;90;3;InsertionSort;5709;1903;0;30820
100;90;3;BubbleSort;16696;4740;1804;10090
100;90;3;MergeSort;1344;524;0;17300
100;90;3;CountingSort;301;0;0;17460
100;90;3;QuickSort;2655;1005;481;64900
100;90;3;InsertionSort;7413;2471;0;40110
100;90;3;BubbleSort;19008;4760;2372;7730
100;90;3;MergeSort;1344;527;0;16050
100;90;3;CountingSort;301;0;0;15870
100;90;3;QuickSort;2445;942;436;55410
100;90;3;InsertionSort;6372;2124;0;33450
100;90;3;BubbleSort;17728;4814;2025;12171
100;90;3;MergeSort;1344;522;0;16730
100;90;3;CountingSort;301;0;0;13480
100;90;3;QuickSort;2092;811;362;86511
100;90;3;InsertionSort;6438;2146;0;28950
100;90;3;BubbleSort;17746;4779;2047;13780
100;90;3;MergeSort;1344;527;0;26450
100;90;3;CountingSort;301;0;0;20000
100;90;3;QuickSort;2264;857;403;50200
100;90;3;InsertionSort;6321;2107;0;24130
100;90;3;BubbleSort;17512;4740;2008;12080
100;90;3;MergeSort;1344;519;0;12570
100;90;3;CountingSort;301;0;0;14860
100;90;3;QuickSort;2294;899;402;16160
100;90;3;InsertionSort;6897;2299;0;26840
100;90;3;BubbleSort;18568;4884;2200;8110
100;90;3;MergeSort;1344;525;0;10480
100;90;3;CountingSort;301;0;0;15970
100;90;3;QuickSort;2362;967;399;3930
100;90;3;InsertionSort;5976;1992;0;17200
100;90;3;BubbleSort;17340;4884;1893;13870
100;90;3;MergeSort;1344;529;0;24920
100;90;3;CountingSort;301;0;0;18860
100;90;3;QuickSort;2496;954;448;3930
100;90;3;InsertionSort;5814;1938;0;16820
100;90;3;BubbleSort;17074;4859;1839;11420
100;90;3;MergeSort;1344;519;0;12181
100;90;3;CountingSort;301;0;0;16710
100;90;3;QuickSort;2734;1021;505;4190
100;90;3;InsertionSort;6417;2139;0;91771
100;90;3;BubbleSort;17850;4845;2040;7840
100;90;3;MergeSort;1344;524;0;29220
100;90;3;CountingSort;301;0;0;19991
100;90;3;QuickSort;2755;1147;471;4010
100;90;3;InsertionSort;6564;2188;0;18900
100;90;3;BubbleSort;17950;4797;2089;7690
100;90;3;MergeSort;1344;523;0;10910
100;90;3;CountingSort;301;0;0;14140
100;90;3;QuickSort;2343;942;400;3800
100;90;3;InsertionSort;5442;1814;0;15810
100;90;3;BubbleSort;15890;4515;1715;10610
100;90;3;MergeSort;1344;524;0;9220
100;90;3;CountingSort;301;0;0;13410
100;90;3;QuickSort;2420;911;438;6050
100;90;3;InsertionSort;5763;1921;0;16560
100;90;3;BubbleSort;16588;4650;1822;80131
100;90;3;MergeSort;1344;522;0;13340
100;90;3;CountingSort;301;0;0;14350
100;90;3;QuickSort;2596;964;477;8950
100;90;3;InsertionSort;6234;2078;0;54640
100;90;3;BubbleSort;17684;4884;1979;11420
100;90;3;MergeSort;1344;519;0;11530
100;90;3;CountingSort;301;0;0;12700
100;90;3;QuickSort;2420;950;421;6260
100;90;3;InsertionSort;6141;2047;0;93160
100;90;3;BubbleSort;17510;4859;1948;10410
100;90;3;MergeSort;1344;526;0;16290
100;90;3;CountingSort;301;0;0;15210
100;90;3;QuickSort;2287;880;404;3840
100;90;3;InsertionSort;6186;2062;0;71880
100;90;3;BubbleSort;17620;4884;1963;7540
100;90;3;MergeSort;1344;513;0;11000
100;90;3;CountingSort;301;0;0;20870
100;90;3;QuickSort;2850;1059;528;4770
100;90;3;InsertionSort;6516;2172;0;91901
100;90;3;BubbleSort;17772;4740;2073;15690
100;90;3;MergeSort;1344;520;0;9680
100;90;3;CountingSort;301;0;0;12830
100;90;3;QuickSort;3358;1279;625;4870
100;90;3;InsertionSort;6687;2229;0;77260
100;90;3;BubbleSort;17868;4674;2130;10620
100;90;3;MergeSort;1344;522;0;14100
100;90;3;CountingSort;301;0;0;14330
100;90;3;QuickSort;2888;1073;541;4561
100;90;3;InsertionSort;6504;2168;0;84060
100;90;3;BubbleSort;17756;4740;2069;21740
100;90;3;MergeSort;1344;527;0;15340
100;90;3;CountingSort;301;0;0;13100
100;90;3;QuickSort;2814;1080;513;4590
100;90;3;InsertionSort;5868;1956;0;80850
100;90;3;BubbleSort;16572;4572;1857;48750
100;90;3;MergeSort;1344;532;0;14530
100;90;3;CountingSort;301;0;0;17200
100;90;3;QuickSort;2854;1063;533;4500
100;90;3;InsertionSort;6435;2145;0;121730
100;90;3;BubbleSort;17704;4760;2046;13820
100;90;3;MergeSort;1344;524;0;11020
100;90;3;CountingSort;301;0;0;17190
100;90;3;QuickSort;2621;983;483;3790
100;90;3;InsertionSort;6423;2141;0;99531
100;90;3;BubbleSort;17648;4740;2042;7460
100;90;3;MergeSort;1344;525;0;13070
100;90;3;CountingSort;301;0;0;12670
100;90;3;QuickSort;2533;976;454;4450
100;90;3;InsertionSort;6423;2141;0;77511
100;90;3;BubbleSort;17468;4650;2042;10310
100;90;3;MergeSort;1344;521;0;14780
100;90;3;CountingSort;301;0;0;18570
100;90;3;QuickSort;2491;904;462;4860
100;90;3;InsertionSort;5994;1998;0;78000
100;90;3;BubbleSort;16504;4454;1899;12730
100;90;3;MergeSort;1344;523;0;9400
100;90;3;CountingSort;301;0;0;12730
100;90;3;QuickSort;2378;962;404;4441
100;90;3;InsertionSort;6993;2331;0;80320
100;90;3;BubbleSort;18486;4779;2232;11580
100;90;3;MergeSort;1344;522;0;19900
100;90;3;CountingSort;301;0;0;14281
100;90;3;QuickSort;2897;1139;521;5300
100;90;3;InsertionSort;6864;2288;0;83640
100;90;3;BubbleSort;18524;4884;2189;12460
100;90;3;MergeSort;1344;524;0;22250
100;90;3;CountingSort;301;0;0;12870
100;90;3;QuickSort;2345;893;419;3810
100;90;3;InsertionSort;6588;2196;0;23940
100;90;3;BubbleSort;18016;4814;2097;20250
100;90;3;MergeSort;1344;525;0;20540
100;90;3;CountingSort;301;0;0;13070
100;90;3;QuickSort;3252;1212;610;3720
100;90;3;InsertionSort;6717;2239;0;1840
100;90;3;BubbleSort;18304;4872;2140;15270
100;90;3;MergeSort;1344;520;0;13480
100;90;3;CountingSort;301;0;0;19070
100;90;3;QuickSort;2146;850;366;4690
100;90;3;InsertionSort;5982;1994;0;2530
100;90;3;BubbleSort;17018;4719;1895;10640
100;90;3;MergeSort;1344;527;0;11950
100;90;3;CountingSort;301;0;0;12720
100;90;3;QuickSort;2528;908;470;4681
100;90;3;InsertionSort;6345;2115;0;2950
100;90;3;BubbleSort;17584;4760;2016;7620
100;90;3;MergeSort;1344;524;0;19030
100;90;3;CountingSort;301;0;0;12791
100;90;3;QuickSort;3022;1120;570;4020
100;90;3;InsertionSort;5937;1979;0;2240
100;90;3;BubbleSort;16490;4485;1880;11060
100;90;3;MergeSort;1344;521;0;14300
100;90;3;CountingSort;301;0;0;17850
100;90;3;QuickSort;2787;1059;513;3920
100;90;3;InsertionSort;6531;2177;0;2290
100;90;3;BubbleSort;17562;4625;2078;14590
100;90;3;MergeSort;1344;524;0;13610
100;90;3;CountingSort;301;0;0;17110
100;90;3;QuickSort;2494;931;454;3960
100;90;3;InsertionSort;6648;2216;0;1790
100;90;3;BubbleSort;18096;4814;2117;7430
100;90;3;MergeSort;1344;513;0;11080
100;90;3;CountingSort;301;0;0;14090
100;90;3;QuickSort;2428;883;449;3880
100;90;3;InsertionSort;6483;2161;0;1900
100;90;3;BubbleSort;17806;4779;2062;14400
100;90;3;MergeSort;1344;526;0;12820
100;90;3;CountingSort;301;0;0;12400
100;90;3;QuickSort;2259;837;414;3810
100;90;3;InsertionSort;6447;2149;0;2470
100;90;3;BubbleSort;17680;4740;2050;11500
100;90;3;MergeSort;1344;527;0;11760
100;90;3;CountingSort;301;0;0;12610
100;90;3;QuickSort;2531;983;449;3820
100;90;3;InsertionSort;6345;2115;0;2130
100;90;3;BubbleSort;17622;4779;2016;7620
100;90;3;MergeSort;1344;522;0;13860
100;90;3;CountingSort;301;0;0;13260
100;90;3;QuickSort;2270;839;410;5670
100;90;3;InsertionSort;6285;2095;0;2280
100;90;3;BubbleSort;17674;4845;1996;10760
100;90;3;MergeSort;1344;525;0;15870
100;90;3;CountingSort;301;0;0;11460
100;90;3;QuickSort;2398;901;434;4620
100;90;3;InsertionSort;6174;2058;0;2350
100;90;3;BubbleSort;17136;4650;1959;10760
100;90;3;MergeSort;1344;529;0;11340
100;90;3;CountingSort;301;0;0;14860
100;90;3;QuickSort;2898;1068;542;4840
100;90;3;InsertionSort;7254;2418;0;2140
100;90;3;BubbleSort;19066;4895;2319;12150
100;90;3;MergeSort;1344;526;0;10640
100;90;3;CountingSort;301;0;0;16240
100;90;3;QuickSort;2157;849;371;17750
100;90;3;InsertionSort;6267;2089;0;1810
100;90;3;BubbleSort;17354;4697;1990;13330
100;90;3;MergeSort;1344;527;0;12651
100;90;3;CountingSort;301;0;0;15750
100;90;3;QuickSort;2253;942;374;4720
100;90;3;InsertionSort;6978;2326;0;1720
100;90;3;BubbleSort;18652;4872;2227;9580
100;90;3;MergeSort;1344;523;0;13410
100;90;3;CountingSort;301;0;0;17220
100;90;3;QuickSort;2382;861;439;3980
100;90;3;InsertionSort;5682;1894;0;2310
100;90;3;BubbleSort;16268;4544;1795;8920
100;90;3;MergeSort;1344;524;0;12510
100;90;3;CountingSort;301;0;0;19490
100;90;3;QuickSort;2470;925;447;5200
100;90;3;InsertionSort;7365;2455;0;9111
100;90;3;BubbleSort;18944;4760;2356;40581
100;90;3;MergeSort;1344;524;0;13310
100;90;3;CountingSort;301;0;0;16230
100;90;3;QuickSort;2175;828;378;5110
100;90;3;InsertionSort;6126;2042;0;2180
100;90;3;BubbleSort;17072;4650;1943;9240
100;90;3;MergeSort;1344;514;0;10670
100;90;3;CountingSort;301;0;0;18350
100;90;3;QuickSort;2799;1071;512;5030
100;90;3;InsertionSort;5931;1977;0;2030
100;90;3;BubbleSort;17106;4797;1878;8940
100;90;3;MergeSort;1344;526;0;12640
100;90;3;CountingSort;301;0;0;15930
100;90;3;QuickSort;2958;1110;549;5210
100;90;3;InsertionSort;6219;2073;0;2010
100;90;3;BubbleSort;17640;4872;1974;10780
100;90;3;MergeSort;1344;528;0;15320
100;90;3;CountingSort;301;0;0;14070
100;90;3;QuickSort;2422;952;423;4700
100;90;3;InsertionSort;5988;1996;0;2090
100;90;3;BubbleSort;17306;4859;1897;12730
100;90;3;MergeSort;1344;523;0;10840
100;90;3;CountingSort;301;0;0;16020
100;90;3;QuickSort;2732;998;514;4500
100;90;3;InsertionSort;5973;1991;0;2090
100;90;3;BubbleSort;17048;4740;1892;12370
100;90;3;MergeSort;1344;526;0;13570
100;90;3;CountingSort;301;0;0;17040
100;90;3;QuickSort;2985;1116;555;5280
100;90;3;InsertionSort;6942;2314;0;2220
100;90;3;BubbleSort;18058;4599;2215;7370
100;90;3;MergeSort;1344;519;0;12460
100;90;4;CountingSort;301;0;0;20400
100;90;4;QuickSort;2365;889;425;213471
100;90;4;InsertionSort;5571;1857;0;280121
100;90;4;BubbleSort;16512;4740;1758;556631
100;90;4;MergeSort;1344;527;0;106700
100;90;4;CountingSort;301;0;0;15141
100;90;4;QuickSort;2347;895;419;94990
100;90;4;InsertionSort;5529;1843;0;175570
100;90;4;BubbleSort;15616;4320;1744;320641
100;90;4;MergeSort;1344;529;0;126070
100;90;4;CountingSort;301;0;0;20150
100;90;4;QuickSort;2358;921;414;84430
100;90;4;InsertionSort;6132;2044;0;193641
100;90;4;BubbleSort;17128;4674;1945;339251
100;90;4;MergeSort;1344;530;0;136251
100;90;4;CountingSort;301;0;0;14100
100;90;4;QuickSort;2184;816;391;92320
100;90;4;InsertionSort;6297;2099;0;177191
100;90;4;BubbleSort;16970;4485;2000;441292
100;90;4;MergeSort;1344;535;0;54021
100;90;4;CountingSort;301;0;0;14600
100;90;4;QuickSort;2499;960;446;86240
100;90;4;InsertionSort;6570;2190;0;159180
100;90;4;BubbleSort;18154;4895;2091;344461
100;90;4;MergeSort;1344;536;0;30470
100;90;4;CountingSort;301;0;0;16790
100;90;4;QuickSort;2173;874;366;64680
100;90;4;InsertionSort;5949;1983;0;179280
100;90;4;BubbleSort;16884;4674;1884;422431
100;90;4;MergeSort;1344;522;0;22800
100;90;4;CountingSort;301;0;0;16410
100;90;4;QuickSort;2463;906;453;95440
100;90;4;InsertionSort;6024;2008;0;201340
100;90;4;BubbleSort;16936;4650;1909;370621
100;90;4;MergeSort;1344;520;0;19610
100;90;4;CountingSort;301;0;0;13930
100;90;4;QuickSort;2486;929;451;36150
100;90;4;InsertionSort;6600;2200;0;215031
100;90;4;BubbleSort;18032;4814;2101;358621
100;90;4;MergeSort;1344;539;0;28680
100;90;4;CountingSort;301;0;0;15360
100;90;4;QuickSort;2880;1050;542;18430
100;90;4;InsertionSort;6153;2051;0;186441
100;90;4;BubbleSort;17366;4779;1952;365721
100;90;4;MergeSort;1344;534;0;17690
100;90;4;CountingSort;301;0;0;30841
100;90;4;QuickSort;2459;932;440;16260
100;90;4;InsertionSort;5598;1866;0;162960
100;90;4;BubbleSort;16548;4740;1767;337451
100;90;4;MergeSort;1344;534;0;23170
100;90;4;CountingSort;301;0;0;15800
100;90;4;QuickSort;2284;847;413;10230
100;90;4;InsertionSort;6171;2057;0;200381
100;90;4;BubbleSort;17576;4872;1958;359841
100;90;4;MergeSort;1344;533;0;17270
100;90;4;CountingSort;301;0;0;21710
100;90;4;QuickSort;2254;889;389;12340
100;90;4;InsertionSort;6357;2119;0;198501
100;90;4;BubbleSort;17824;4872;2020;355491
100;90;4;MergeSort;1344;533;0;22170
100;90;4;CountingSort;301;0;0;16010
100;90;4;QuickSort;2610;972;481;10791
100;90;4;InsertionSort;5979;1993;0;188680
100;90;4;BubbleSort;17056;4740;1894;353081
100;90;4;MergeSort;1344;532;0;24630
100;90;4;CountingSort;301;0;0;26920
100;90;4;QuickSort;2323;928;400;8360
100;90;4;InsertionSort;6858;2286;0;186861
100;90;4;BubbleSort;18466;4859;2187;197911
100;90;4;MergeSort;1344;532;0;17080
100;90;4;CountingSort;301;0;0;14580
100;90;4;QuickSort;2335;886;418;10860
100;90;4;InsertionSort;6309;2103;0;169860
100;90;4;BubbleSort;17496;4740;2004;79260
100;90;4;MergeSort;1344;530;0;31530
100;90;4;CountingSort;301;0;0;13430
100;90;4;QuickSort;2440;943;432;10120
100;90;4;InsertionSort;6666;2222;0;178240
100;90;4;BubbleSort;17742;4625;2123;77010
100;90;4;MergeSort;1344;539;0;24850
100;90;4;CountingSort;301;0;0;11670
100;90;4;QuickSort;2508;924;465;10290
100;90;4;InsertionSort;6471;2157;0;184751
100;90;4;BubbleSort;17790;4779;2058;64001
100;90;4;MergeSort;1344;525;0;15491
100;90;4;CountingSort;301;0;0;16580
100;90;4;QuickSort;2410;919;433;12940
100;90;4;InsertionSort;6078;2026;0;199101
100;90;4;BubbleSort;17498;4895;1927;98221
100;90;4;MergeSort;1344;539;0;15890
100;90;4;CountingSort;301;0;0;16340
100;90;4;QuickSort;2578;976;467;15270
100;90;4;InsertionSort;6297;2099;0;188971
100;90;4;BubbleSort;17690;4845;2000;150801
100;90;4;MergeSort;1344;531;0;32810
100;90;4;CountingSort;301;0;0;14120
100;90;4;QuickSort;2403;894;437;12020
100;90;4;InsertionSort;6423;2141;0;226910
100;90;4;BubbleSort;17796;4814;2042;144900
100;90;4;MergeSort;1344;534;0;31010
100;90;4;CountingSort;301;0;0;19841
100;90;4;QuickSort;2083;865;341;10821
100;90;4;InsertionSort;7086;2362;0;263761
100;90;4;BubbleSort;18680;4814;2263;113570
100;90;4;MergeSort;1344;540;0;23160
100;90;4;CountingSort;301;0;0;14230
100;90;4;QuickSort;2331;876;419;8530
100;90;4;InsertionSort;6192;2064;0;193890
100;90;4;BubbleSort;16948;4544;1965;74530
100;90;4;MergeSort;1344;531;0;28340
100;90;4;CountingSort;301;0;0;16820
100;90;4;QuickSort;2290;907;392;9670
100;90;4;InsertionSort;6426;2142;0;181311
100;90;4;BubbleSort;17370;4599;2043;40540
100;90;4;MergeSort;1344;528;0;22700
100;90;4;CountingSort;301;0;0;23570
100;90;4;QuickSort;2234;869;389;9440
100;90;4;InsertionSort;6003;2001;0;169560
100;90;4;BubbleSort;17268;4830;1902;61590
100;90;4;MergeSort;1344;539;0;15620
100;90;4;CountingSort;301;0;0;1054253
100;90;4;QuickSort;2221;898;372;7940
100;90;4;InsertionSort;5892;1964;0;166030
100;90;4;BubbleSort;16980;4760;1865;39610
100;90;4;MergeSort;1344;535;0;15630
100;90;4;CountingSort;301;0;0;17330
100;90;4;QuickSort;2333;878;418;10700
100;90;4;InsertionSort;6174;2058;0;173230
100;90;4;BubbleSort;17274;4719;1959;40830
100;90;4;MergeSort;1344;538;0;22830
100;90;4;CountingSort;301;0;0;15120
100;90;4;QuickSort;2371;886;424;9920
100;90;4;InsertionSort;6933;2311;0;182631
100;90;4;BubbleSort;18538;4845;2212;79510
100;90;4;MergeSort;1344;537;0;19440
100;90;4;CountingSort;301;0;0;11900
100;90;4;QuickSort;2702;1016;497;10110
100;90;4;InsertionSort;5808;1936;0;159281
100;90;4;BubbleSort;16828;4740;1837;59971
100;90;4;MergeSort;1344;544;0;35550
100;90;4;CountingSort;301;0;0;26530
100;90;4;QuickSort;2485;952;443;15700
100;90;4;InsertionSort;5508;1836;0;180020
100;90;4;BubbleSort;15978;4515;1737;115210
100;90;4;MergeSort;1344;530;0;32250
100;90;4;CountingSort;301;0;0;21670
100;90;4;QuickSort;2397;945;418;8460
100;90;4;InsertionSort;5892;1964;0;194871
100;90;4;BubbleSort;17150;4845;1865;121390
100;90;4;MergeSort;1344;537;0;17340
100;90;4;CountingSort;301;0;0;14320
100;90;4;QuickSort;2645;1064;462;16610
100;90;4;InsertionSort;5538;1846;0;126720
100;90;4;BubbleSort;16508;4760;1747;62600
100;90;4;MergeSort;1344;529;0;22150
100;90;4;CountingSort;301;0;0;16480
100;90;4;QuickSort;2198;851;384;10960
100;90;4;InsertionSort;6120;2040;0;54640
100;90;4;BubbleSort;17454;4845;1941;132181
100;90;4;MergeSort;1344;540;0;14400
100;90;4;CountingSort;301;0;0;11860
100;90;4;QuickSort;2332;871;420;10541
100;90;4;InsertionSort;6573;2191;0;27190
100;90;4;BubbleSort;18136;4884;2092;49590
100;90;4;MergeSort;1344;532;0;20130
100;90;4;CountingSort;301;0;0;13940
100;90;4;QuickSort;2904;1083;541;20070
100;90;4;InsertionSort;6531;2177;0;33010
100;90;4;BubbleSort;17832;4760;2078;224551
100;90;4;MergeSort;1344;538;0;11780
100;90;4;CountingSort;301;0;0;13240
100;90;4;QuickSort;2786;1010;527;11040
100;90;4;InsertionSort;6303;2101;0;22570
100;90;4;BubbleSort;17602;4797;2002;47411
100;90;4;MergeSort;1344;535;0;12800
100;90;4;CountingSort;301;0;0;18610
100;90;4;QuickSort;2291;890;405;11150
100;90;4;InsertionSort;6558;2186;0;29600
100;90;4;BubbleSort;17742;4697;2087;102491
100;90;4;MergeSort;1344;536;0;16730
100;90;4;CountingSort;301;0;0;15451
100;90;4;QuickSort;2705;1016;493;10570
100;90;4;InsertionSort;6423;2141;0;29120
100;90;4;BubbleSort;17958;4895;2042;80210
100;90;4;MergeSort;1344;541;0;13330
100;90;4;CountingSort;301;0;0;13420
100;90;4;QuickSort;2826;1131;499;10450
100;90;4;InsertionSort;5895;1965;0;22570
100;90;4;BubbleSort;16662;4599;1866;102700
100;90;4;MergeSort;1344;540;0;16840
100;90;4;CountingSort;301;0;0;16800
100;90;4;QuickSort;2418;1020;404;8030
100;90;4;InsertionSort;6309;2103;0;22510
100;90;4;BubbleSort;17734;4859;2004;87820
100;90;4;MergeSort;1344;535;0;25890
100;90;4;CountingSort;301;0;0;15180
100;90;4;QuickSort;2542;964;459;8140
100;90;4;InsertionSort;6270;2090;0;32960
100;90;4;BubbleSort;17522;4779;1991;131820
100;90;4;MergeSort;1344;536;0;17200
100;90;4;CountingSort;301;0;0;15730
100;90;4;QuickSort;2588;977;469;94491
100;90;4;InsertionSort;6489;2163;0;39881
100;90;4;BubbleSort;17814;4779;2064;75200
100;90;4;MergeSort;1344;541;0;19180
100;90;4;CountingSort;301;0;0;18300
100;90;4;QuickSort;2428;892;446;53750
100;90;4;InsertionSort;6531;2177;0;25060
100;90;4;BubbleSort;17906;4797;2078;146340
100;90;4;MergeSort;1344;539;0;17280
100;90;4;CountingSort;301;0;0;14090
100;90;4;QuickSort;2708;1031;492;65061
100;90;4;InsertionSort;6693;2231;0;26061
100;90;4;BubbleSort;18048;4760;2132;88100
100;90;4;MergeSort;1344;532;0;15090
100;90;4;CountingSort;301;0;0;17800
100;90;4;QuickSort;2734;1057;495;64980
100;90;4;InsertionSort;6477;2159;0;35920
100;90;4;BubbleSort;17834;4797;2060;138790
100;90;4;MergeSort;1344;534;0;13560
100;90;4;CountingSort;301;0;0;18520
100;90;4;QuickSort;3093;1170;573;88021
100;90;4;InsertionSort;6072;2024;0;34480
100;90;4;BubbleSort;17138;4719;1925;53260
100;90;4;MergeSort;1344;534;0;14510
100;90;4;CountingSort;301;0;0;16370
100;90;4;QuickSort;2231;845;396;40180
100;90;4;InsertionSort;6699;2233;0;19170
100;90;4;BubbleSort;17974;4719;2134;149190
100;90;4;MergeSort;1344;524;0;14701
100;90;4;CountingSort;301;0;0;16120
100;90;4;QuickSort;2675;977;499;68020
100;90;4;InsertionSort;5973;1991;0;29030
100;90;4;BubbleSort;17006;4719;1892;21960
100;90;4;MergeSort;1344;533;0;10740
100;90;4;CountingSort;301;0;0;17200
100;90;4;QuickSort;2428;952;428;45470
100;90;4;InsertionSort;6915;2305;0;32110
100;90;4;BubbleSort;18022;4599;2206;9630
100;90;4;MergeSort;1344;535;0;9810
100;90;4;CountingSort;301;0;0;16780
100;90;4;QuickSort;2545;943;466;67750
100;90;4;InsertionSort;6372;2124;0;36240
100;90;4;BubbleSort;17790;4845;2025;10480
100;90;4;MergeSort;1344;533;0;31200
100;90;4;CountingSort;301;0;0;31280
100;90;4;QuickSort;2531;986;448;62030
100;90;4;InsertionSort;5718;1906;0;38310
100;90;4;BubbleSort;16946;4859;1807;10310
100;90;4;MergeSort;1344;531;0;16640
100;90;4;CountingSort;301;0;0;21290
100;90;4;QuickSort;2440;955;429;80641
100;90;4;InsertionSort;6738;2246;0;32990
100;90;4;BubbleSort;18146;4779;2147;12890
100;90;4;MergeSort;1344;524;0;11090
100;90;4;CountingSort;301;0;0;20370
100;90;4;QuickSort;2283;864;409;37610
100;90;4;InsertionSort;6243;2081;0;58890
100;90;4;BubbleSort;17646;4859;1982;33050
100;90;4;MergeSort;1344;532;0;15461
100;90;4;CountingSort;301;0;0;19210
100;90;4;QuickSort;2471;920;451;10010
100;90;4;InsertionSort;6291;2097;0;51050
100;90;4;BubbleSort;17550;4779;1998;30320
100;90;4;MergeSort;1344;527;0;9080
100;90;4;CountingSort;301;0;0;18370
100;90;4;QuickSort;2387;890;430;4200
100;90;4;InsertionSort;6189;2063;0;18490
100;90;4;BubbleSort;17336;4740;1964;18330
100;90;4;MergeSort;1344;534;0;19350
100;90;4;CountingSort;301;0;0;17160
100;90;4;QuickSort;2463;918;451;4690
100;90;4;InsertionSort;6711;2237;0;45200
100;90;4;BubbleSort;18242;4845;2138;8840
100;90;4;MergeSort;1344;539;0;12920
100;90;4;CountingSort;301;0;0;13220
100;90;4;QuickSort;3116;1184;575;3830
100;90;4;InsertionSort;6816;2272;0;32690
100;90;4;BubbleSort;17836;4572;2173;10720
100;90;4;MergeSort;1344;531;0;12110
100;90;4;CountingSort;301;0;0;13600
100;90;4;QuickSort;2134;847;361;3650
100;90;4;InsertionSort;5559;1853;0;34570
100;90;4;BubbleSort;16410;4697;1754;7130
100;90;4;MergeSort;1344;528;0;12350
100;90;4;CountingSort;301;0;0;14000
100;90;4;QuickSort;2299;865;410;3490
100;90;4;InsertionSort;6231;2077;0;39070
100;90;4;BubbleSort;17432;4760;1978;7630
100;90;4;MergeSort;1344;530;0;15090
100;90;4;CountingSort;301;0;0;15630
100;90;4;QuickSort;2068;835;346;4520
100;90;4;InsertionSort;6984;2328;0;24730
100;90;4;BubbleSort;18354;4719;2229;10960
100;90;4;MergeSort;1344;517;0;12000
100;90;4;CountingSort;301;0;0;14140
100;90;4;QuickSort;2568;1023;446;4700
100;90;4;InsertionSort;6015;2005;0;39180
100;90;4;BubbleSort;16972;4674;1906;10480
100;90;4;MergeSort;1344;541;0;11740
100;90;4;CountingSort;301;0;0;12290
100;90;4;QuickSort;2692;1018;494;4330
100;90;4;InsertionSort;7014;2338;0;151900
100;90;4;BubbleSort;18584;4814;2239;9830
100;90;4;MergeSort;1344;537;0;10190
100;90;4;CountingSort;301;0;0;20650
100;90;4;QuickSort;2667;957;500;4610
100;90;4;InsertionSort;6555;2185;0;30980
100;90;4;BubbleSort;17782;4719;2086;13410
100;90;4;MergeSort;1344;535;0;15310
100;90;4;CountingSort;301;0;0;19690
100;90;4;QuickSort;2166;816;385;4330
100;90;4;InsertionSort;5868;1956;0;16790
100;90;4;BubbleSort;16866;4719;1857;12720
100;90;4;MergeSort;1344;526;0;10690
100;90;4;CountingSort;301;0;0;18730
100;90;4;QuickSort;2490;924;453;4860
100;90;4;InsertionSort;6258;2086;0;29760
100;90;4;BubbleSort;17468;4760;1987;7820
100;90;4;MergeSort;1344;539;0;13340
100;90;4;CountingSort;301;0;0;14840
100;90;4;QuickSort;2740;1012;510;3850
100;90;4;InsertionSort;5595;1865;0;101500
100;90;4;BubbleSort;16314;4625;1766;7000
100;90;4;MergeSort;1344;521;0;12700
100;90;4;CountingSort;301;0;0;13380
100;90;4;QuickSort;2361;903;420;4700
100;90;4;InsertionSort;6228;2076;0;40860
100;90;4;BubbleSort;17568;4830;1977;12050
100;90;4;MergeSort;1344;524;0;10960
100;90;4;CountingSort;301;0;0;16150
100;90;4;QuickSort;2265;897;393;3750
100;90;4;InsertionSort;6246;2082;0;69220
100;90;4;BubbleSort;17232;4650;1983;9540
100;90;4;MergeSort;1344;534;0;14440
100;90;4;CountingSort;301;0;0;14670
100;90;4;QuickSort;2527;946;460;3820
100;90;4;InsertionSort;6546;2182;0;109290
100;90;4;BubbleSort;17530;4599;2083;9290
100;90;4;MergeSort;1344;544;0;17640
100;90;4;CountingSort;301;0;0;18120
100;90;4;QuickSort;2297;938;385;4560
100;90;4;InsertionSort;6489;2163;0;90100
100;90;4;BubbleSort;17506;4625;2064;9950
100;90;4;MergeSort;1344;531;0;15250
100;90;4;CountingSort;301;0;0;13460
100;90;4;QuickSort;2176;841;379;4950
100;90;4;InsertionSort;6375;2125;0;101251
100;90;4;BubbleSort;17302;4599;2026;18261
100;90;4;MergeSort;1344;535;0;12221
100;90;4;CountingSort;301;0;0;12220
100;90;4;QuickSort;2516;968;450;3790
100;90;4;InsertionSort;6060;2020;0;81780
100;90;4;BubbleSort;16772;4544;1921;33520
100;90;4;MergeSort;1344;524;0;15350
100;90;4;CountingSort;301;0;0;15050
100;90;4;QuickSort;2246;830;404;3500
100;90;4;InsertionSort;6252;2084;0;83250
100;90;4;BubbleSort;17600;4830;1985;11320
100;90;4;MergeSort;1344;540;0;14090
100;90;4;CountingSort;301;0;0;19330
100;90;4;QuickSort;2641;1006;481;10110
100;90;4;InsertionSort;6048;2016;0;98010
100;90;4;BubbleSort;17262;4797;1917;9100
100;90;4;MergeSort;1344;532;0;9010
100;90;4;CountingSort;301;0;0;11880
100;90;4;QuickSort;2651;1028;475;4460
100;90;4;InsertionSort;6009;2003;0;82900
100;90;4;BubbleSort;16256;4320;1904;11370
100;90;4;MergeSort;1344;524;0;13830
100;90;4;CountingSort;301;0;0;14120
100;90;4;QuickSort;2367;921;417;4250
100;90;4;InsertionSort;5913;1971;0;92070
100;90;4;BubbleSort;16882;4697;1872;13390
100;90;4;MergeSort;1344;535;0;9810
100;90;4;CountingSort;301;0;0;14880
100;90;4;QuickSort;2733;1032;501;4610
100;90;4;InsertionSort;6330;2110;0;3630
100;90;4;BubbleSort;17788;4872;2011;11970
100;90;4;MergeSort;1344;523;0;13560
100;90;4;CountingSort;301;0;0;22230
100;90;4;QuickSort;2470;952;440;4200
100;90;4;InsertionSort;5691;1897;0;2410
100;90;4;BubbleSort;16936;4872;1798;12740
100;90;4;MergeSort;1344;531;0;16320
100;90;4;CountingSort;301;0;0;15121
100;90;4;QuickSort;3036;1155;559;4610
100;90;4;InsertionSort;5916;1972;0;2720
100;90;4;BubbleSort;16690;4599;1873;11130
100;90;4;MergeSort;1344;536;0;14030
100;90;4;CountingSort;301;0;0;16170
100;90;4;QuickSort;2515;940;459;4370
100;90;4;InsertionSort;6147;2049;0;2420
100;90;4;BubbleSort;17428;4814;1950;14220
100;90;4;MergeSort;1344;532;0;14850
100;90;4;CountingSort;301;0;0;17490
100;90;4;QuickSort;2654;992;489;4360
100;90;4;InsertionSort;6384;2128;0;2490
100;90;4;BubbleSort;17710;4797;2029;14170
100;90;4;MergeSort;1344;539;0;14340
100;90;4;CountingSort;301;0;0;12250
100;90;4;QuickSort;2544;1116;407;4480
100;90;4;InsertionSort;5532;1844;0;2250
100;90;4;BubbleSort;16500;4760;1745;10700
100;90;4;MergeSort;1344;530;0;9860
100;90;4;CountingSort;301;0;0;12550
100;90;4;QuickSort;2094;831;352;4060
100;90;4;InsertionSort;6651;2217;0;3590
100;90;4;BubbleSort;18030;4779;2118;7460
100;90;4;MergeSort;1344;527;0;14320
100;90;4;CountingSort;301;0;0;19080
100;90;4;QuickSort;2394;903;431;4860
100;90;4;InsertionSort;6813;2271;0;1860
100;90;4;BubbleSort;18348;4830;2172;11120
100;90;4;MergeSort;1344;529;0;15650
100;90;4;CountingSort;301;0;0;13490
100;90;4;QuickSort;2393;950;417;4570
100;90;4;InsertionSort;6090;2030;0;2541
100;90;4;BubbleSort;17352;4814;1931;15990
100;90;4;MergeSort;1344;530;0;15410
100;90;4;CountingSort;301;0;0;15080
100;90;4;QuickSort;2158;823;380;3830
100;90;4;InsertionSort;6495;2165;0;2570
100;90;4;BubbleSort;18008;4872;2066;10750
100;90;4;MergeSort;1344;542;0;11040
100;90;4;CountingSort;301;0;0;13110
100;90;4;QuickSort;2789;1031;519;3840
100;90;4;InsertionSort;6621;2207;0;1990
100;90;4;BubbleSort;18092;4830;2108;7670
100;90;4;MergeSort;1344;529;0;22650
100;90;4;CountingSort;301;0;0;12920
100;90;4;QuickSort;2173;874;366;3720
100;90;4;InsertionSort;5340;1780;0;2320
100;90;4;BubbleSort;16384;4830;1681;9040
100;90;4;MergeSort;1344;530;0;15730
100;90;4;CountingSort;301;0;0;17800
100;90;4;QuickSort;2144;905;349;6160
100;90;4;InsertionSort;6618;2206;0;2560
100;90;4;BubbleSort;18022;4797;2107;7830
100;90;4;MergeSort;1344;533;0;15440
100;90;4;CountingSort;301;0;0;12030
100;90;4;QuickSort;2461;919;448;4490
100;90;4;InsertionSort;6597;2199;0;2480
100;90;4;BubbleSort;17994;4797;2100;9860
100;90;4;MergeSort;1344;537;0;10300
100;90;4;CountingSort;301;0;0;15530
100;90;4;QuickSort;2249;827;411;5630
100;90;4;InsertionSort;5967;1989;0;2470
100;90;4;BubbleSort;17220;4830;1890;10240
100;90;4;MergeSort;1344;528;0;10760
100;90;4;CountingSort;301;0;0;15860
100;90;4;QuickSort;2433;918;441;4790
100;90;4;InsertionSort;6909;2303;0;3340
100;90;4;BubbleSort;18254;4719;2204;9660
100;90;4;MergeSort;1344;539;0;19950
100;90;4;CountingSort;301;0;0;16021
100;90;4;QuickSort;2524;922;466;4850
100;90;4;InsertionSort;6636;2212;0;3190
100;90;4;BubbleSort;18196;4872;2113;9670
100;90;4;MergeSort;1344;535;0;17670
100;90;4;CountingSort;301;0;0;19050
100;90;4;QuickSort;2824;1033;532;5770
100;90;4;InsertionSort;6408;2136;0;3130
100;90;4;BubbleSort;17542;4697;2037;12850
100;90;4;MergeSort;1344;528;0;27280
100;90;4;CountingSort;301;0;0;16410
100;90;4;QuickSort;2601;1014;464;4610
100;90;4;InsertionSort;6411;2137;0;2780
100;90;4;BubbleSort;17780;4814;2038;16270
100;90;4;MergeSort;1344;533;0;19530
100;90;4;CountingSort;301;0;0;18790
100;90;4;QuickSort;2386;901;432;5770
100;90;4;InsertionSort;5898;1966;0;2750
100;90;4;BubbleSort;16312;4422;1867;12660
100;90;4;MergeSort;1344;549;0;14240
100;90;4;CountingSort;301;0;0;15021
100;90;4;QuickSort;2851;1111;510;4950
100;90;4;InsertionSort;5955;1985;0;2560
100;90;4;BubbleSort;17172;4814;1886;10880
100;90;4;MergeSort;1344;535;0;11890
100;90;4;CountingSort;301;0;0;15180
100;90;4;QuickSort;2573;974;468;4340
100;90;4;InsertionSort;6054;2018;0;3090
100;90;4;BubbleSort;16874;4599;1919;9500
100;90;4;MergeSort;1344;540;0;13800
100;90;4;CountingSort;301;0;0;15570
100;90;4;QuickSort;2668;1012;484;4640
100;90;4;InsertionSort;6225;2075;0;3140
100;90;4;BubbleSort;17532;4814;1976;10890
100;90;4;MergeSort;1344;543;0;11970
100;90;4;CountingSort;301;0;0;14060
100;90;4;QuickSort;2286;885;401;4390
100;90;4;InsertionSort;6663;2221;0;3180
100;90;4;BubbleSort;17738;4625;2122;13150
100;90;4;MergeSort;1344;541;0;13470
100;90;4;CountingSort;301;0;0;20050
100;90;4;QuickSort;2773;1021;513;4030
100;90;4;InsertionSort;6663;2221;0;2580
100;90;4;BubbleSort;18178;4845;2122;8170
100;90;4;MergeSort;1344;538;0;11730
100;100;1;CountingSort;301;0;0;21220
100;100;1;QuickSort;2357;929;409;179181
100;100;1;InsertionSort;7545;2513;0;377871
100;100;1;BubbleSort;19458;4895;2417;710192
100;100;1;MergeSort;1344;544;0;140840
100;100;1;CountingSort;301;0;0;15850
100;100;1;QuickSort;2581;934;480;118730
100;100;1;InsertionSort;6932;2308;0;180521
100;100;1;BubbleSort;18696;4922;2213;399701
100;100;1;MergeSort;1344;536;0;103380
100;100;1;CountingSort;301;0;0;17550
100;100;1;QuickSort;2235;915;373;72521
100;100;1;InsertionSort;8004;2664;0;233240
100;100;1;BubbleSort;20154;4935;2571;384881
100;100;1;MergeSort;1344;545;0;42940
100;100;1;CountingSort;301;0;0;12290
100;100;1;QuickSort;2131;841;363;71711
100;100;1;InsertionSort;8167;2719;0;245830
100;100;1;BubbleSort;20370;4935;2625;358801
100;100;1;MergeSort;1344;547;0;40720
100;100;1;CountingSort;301;0;0;15940
100;100;1;QuickSort;2304;855;417;88201
100;100;1;InsertionSort;7302;2432;0;261211
100;100;1;BubbleSort;18902;4779;2336;407571
100;100;1;MergeSort;1344;547;0;43100
100;100;1;CountingSort;301;0;0;17030
100;100;1;QuickSort;3083;1142;583;68290
100;100;1;InsertionSort;8047;2679;0;212201
100;100;1;BubbleSort;20234;4947;2585;336460
100;100;1;MergeSort;1344;546;0;19570
100;100;1;CountingSort;301;0;0;15020
100;100;1;QuickSort;2585;998;461;21460
100;100;1;InsertionSort;8089;2693;0;196230
100;100;1;BubbleSort;20056;4830;2599;311381
100;100;1;MergeSort;1344;543;0;42330
100;100;1;CountingSort;301;0;0;16370
100;100;1;QuickSort;2433;957;425;24060
100;100;1;InsertionSort;8003;2663;0;171471
100;100;1;BubbleSort;19722;4719;2571;387411
100;100;1;MergeSort;1344;543;0;25170
100;100;1;CountingSort;301;0;0;14920
100;100;1;QuickSort;2491;922;457;10440
100;100;1;InsertionSort;8206;2732;0;234751
100;100;1;BubbleSort;20396;4922;2638;308880
100;100;1;MergeSort;1344;542;0;23350
100;100;1;CountingSort;301;0;0;15970
100;100;1;QuickSort;2911;1219;498;19860
100;100;1;InsertionSort;7160;2384;0;196070
100;100;1;BubbleSort;19044;4944;2289;299111
100;100;1;MergeSort;1344;547;0;22920
100;100;1;CountingSort;301;0;0;18190
100;100;1;QuickSort;2592;984;469;14670
100;100;1;InsertionSort;7281;2425;0;204010
100;100;1;BubbleSort;18976;4830;2329;305681
100;100;1;MergeSort;1344;539;0;24120
100;100;1;CountingSort;301;0;0;17190
100;100;1;QuickSort;2568;960;470;11290
100;100;1;InsertionSort;7168;2388;0;184081
100;100;1;BubbleSort;18644;4740;2291;406152
100;100;1;MergeSort;1344;543;0;20561
100;100;1;CountingSort;301;0;0;21700
100;100;1;QuickSort;2626;1042;460;8380
100;100;1;InsertionSort;6924;2306;0;175360
100;100;1;BubbleSort;18468;4814;2210;377511
100;100;1;MergeSort;1344;552;0;30480
100;100;1;CountingSort;301;0;0;14971
100;100;1;QuickSort;2380;910;425;9890
100;100;1;InsertionSort;8352;2782;0;236541
100;100;1;BubbleSort;20488;4872;2686;110650
100;100;1;MergeSort;1344;539;0;23710
100;100;1;CountingSort;301;0;0;66121
100;100;1;QuickSort;2299;895;403;18140
100;100;1;InsertionSort;7320;2440;0;161230
100;100;1;BubbleSort;19082;4859;2341;79400
100;100;1;MergeSort;1344;552;0;23570
100;100;1;CountingSort;301;0;0;17400
100;100;1;QuickSort;2357;917;414;11040
100;100;1;InsertionSort;8395;2795;0;194841
100;100;1;BubbleSort;20662;4929;2701;68440
100;100;1;MergeSort;1344;545;0;20750
100;100;1;CountingSort;301;0;0;12720
100;100;1;QuickSort;2555;1022;439;7790
100;100;1;InsertionSort;7915;2635;0;171351
100;100;1;BubbleSort;19758;4797;2541;79910
100;100;1;MergeSort;1344;544;0;20750
100;100;1;CountingSort;301;0;0;15930
100;100;1;QuickSort;2572;964;469;8260
100;100;1;InsertionSort;7390;2462;0;200660
100;100;1;BubbleSort;19150;4845;2365;65570
100;100;1;MergeSort;1344;541;0;23610
100;100;1;CountingSort;301;0;0;13230
100;100;1;QuickSort;2337;888;416;10600
100;100;1;InsertionSort;8447;2813;0;236621
100;100;1;BubbleSort;20742;4935;2718;65181
100;100;1;MergeSort;1344;546;0;23140
100;100;1;CountingSort;301;0;0;15660
100;100;1;QuickSort;2398;937;418;9460
100;100;1;InsertionSort;7278;2422;0;229801
100;100;1;BubbleSort;18874;4779;2329;82240
100;100;1;MergeSort;1344;550;0;26110
100;100;1;CountingSort;301;0;0;19380
100;100;1;QuickSort;2605;976;476;9830
100;100;1;InsertionSort;7771;2587;0;241821
100;100;1;BubbleSort;19716;4872;2493;86070
100;100;1;MergeSort;1344;545;0;22280
100;100;1;CountingSort;301;0;0;15420
100;100;1;QuickSort;2366;878;430;9700
100;100;1;InsertionSort;8322;2768;0;183531
100;100;1;BubbleSort;20610;4949;2678;70520
100;100;1;MergeSort;1344;543;0;24040
100;100;1;CountingSort;301;0;0;15280
100;100;1;QuickSort;2275;859;405;9020
100;100;1;InsertionSort;7609;2535;0;181400
100;100;1;BubbleSort;19310;4779;2438;153800
100;100;1;MergeSort;1344;545;0;28030
100;100;1;CountingSort;301;0;0;17091
100;100;1;QuickSort;3042;1197;551;8780
100;100;1;InsertionSort;7477;2491;0;207970
100;100;1;BubbleSort;19404;4914;2394;65420
100;100;1;MergeSort;1344;528;0;22690
100;100;1;CountingSort;301;0;0;14740
100;100;1;QuickSort;2779;1072;502;9840
100;100;1;InsertionSort;8262;2750;0;1340733
100;100;1;BubbleSort;20522;4947;2657;1330794
100;100;1;MergeSort;1344;552;0;1225733
100;100;1;CountingSort;301;0;0;14420
100;100;1;QuickSort;2155;832;375;10390
100;100;1;InsertionSort;7882;2626;0;44810
100;100;1;BubbleSort;19974;4929;2529;9610
100;100;1;MergeSort;1344;549;0;19510
100;100;1;CountingSort;301;0;0;16160
100;100;1;QuickSort;3119;1178;581;8910
100;100;1;InsertionSort;8653;2881;0;31850
100;100;1;BubbleSort;21028;4940;2787;10200
100;100;1;MergeSort;1344;540;0;18380
100;100;1;CountingSort;301;0;0;15860
100;100;1;QuickSort;2353;865;428;7220
100;100;1;InsertionSort;8256;2750;0;29030
100;100;1;BubbleSort;20306;4845;2654;10940
100;100;1;MergeSort;1344;539;0;28270
100;100;1;CountingSort;301;0;0;18550
100;100;1;QuickSort;2163;816;384;11891
100;100;1;InsertionSort;6861;2285;0;24500
100;100;1;BubbleSort;18314;4779;2189;11860
100;100;1;MergeSort;1344;539;0;17510
100;100;1;CountingSort;301;0;0;17950
100;100;1;QuickSort;2483;980;431;9770
100;100;1;InsertionSort;7047;2347;0;26290
100;100;1;BubbleSort;18442;4719;2251;13310
100;100;1;MergeSort;1344;550;0;20050
100;100;1;CountingSort;301;0;0;23820
100;100;1;QuickSort;2619;969;483;9850
100;100;1;InsertionSort;7678;2556;0;46920
100;100;1;BubbleSort;19442;4797;2462;13070
100;100;1;MergeSort;1344;540;0;15180
100;100;1;CountingSort;301;0;0;20340
100;100;1;QuickSort;2815;1150;487;10641
100;100;1;InsertionSort;7210;2402;0;25650
100;100;1;BubbleSort;18658;4719;2305;9670
100;100;1;MergeSort;1344;538;0;33850
100;100;1;CountingSort;301;0;0;14270
100;100;1;QuickSort;2248;856;398;17670
100;100;1;InsertionSort;8093;2695;0;22960
100;100;1;BubbleSort;20228;4914;2600;8900
100;100;1;MergeSort;1344;538;0;12240
100;100;1;CountingSort;301;0;0;17790
100;100;1;QuickSort;2481;918;454;9750
100;100;1;InsertionSort;6872;2288;0;25820
100;100;1;BubbleSort;18292;4760;2193;13680
100;100;1;MergeSort;1344;550;0;12980
100;100;1;CountingSort;301;0;0;15510
100;100;1;QuickSort;2826;1062;524;10130
100;100;1;InsertionSort;7353;2449;0;27341
100;100;1;BubbleSort;19130;4859;2353;11700
100;100;1;MergeSort;1344;536;0;12200
100;100;1;CountingSort;301;0;0;15670
100;100;1;QuickSort;2118;831;362;9210
100;100;1;InsertionSort;7767;2585;0;27630
100;100;1;BubbleSort;19658;4845;2492;14080
100;100;1;MergeSort;1344;549;0;12130
100;100;1;CountingSort;301;0;0;22130
100;100;1;QuickSort;2654;977;493;8030
100;100;1;InsertionSort;7307;2435;0;27250
100;100;1;BubbleSort;18868;4760;2337;10600
100;100;1;MergeSort;1344;536;0;20700
100;100;1;CountingSort;301;0;0;14160
100;100;1;QuickSort;2213;836;394;92140
100;100;1;InsertionSort;8269;2755;0;31600
100;100;1;BubbleSort;20422;4895;2658;9220
100;100;1;MergeSort;1344;544;0;15570
100;100;1;CountingSort;301;0;0;18560
100;100;1;QuickSort;2296;853;413;53231
100;100;1;InsertionSort;8354;2782;0;42341
100;100;1;BubbleSort;20642;4947;2687;14110
100;100;1;MergeSort;1344;537;0;11670
100;100;1;CountingSort;301;0;0;16360
100;100;1;QuickSort;2312;875;416;54500
100;100;1;InsertionSort;8317;2767;0;38480
100;100;1;BubbleSort;20332;4814;2676;14280
100;100;1;MergeSort;1344;533;0;15640
100;100;1;CountingSort;301;0;0;17420
100;100;1;QuickSort;2271;936;377;58310
100;100;1;InsertionSort;7731;2571;0;29160
100;100;1;BubbleSort;19734;4905;2481;13690
100;100;1;MergeSort;1344;537;0;13440
100;100;1;CountingSort;301;0;0;19920
100;100;1;QuickSort;2350;910;416;80211
100;100;1;InsertionSort;7400;2462;0;27241
100;100;1;BubbleSort;19360;4940;2370;13870
100;100;1;MergeSort;1344;533;0;13380
100;100;1;CountingSort;301;0;0;17730
100;100;1;QuickSort;2522;947;460;55080
100;100;1;InsertionSort;6956;2314;0;30030
100;100;1;BubbleSort;18632;4872;2222;14470
100;100;1;MergeSort;1344;537;0;30040
100;100;1;CountingSort;301;0;0;16130
100;100;1;QuickSort;2477;920;454;38710
100;100;1;InsertionSort;7267;2421;0;20670
100;100;1;BubbleSort;18854;4779;2324;15830
100;100;1;MergeSort;1344;549;0;12250
100;100;1;CountingSort;301;0;0;16230
100;100;1;QuickSort;2389;937;418;4620
100;100;1;InsertionSort;7078;2356;0;28671
100;100;1;BubbleSort;18606;4779;2262;9750
100;100;1;MergeSort;1344;542;0;15560
100;100;1;CountingSort;301;0;0;16140
100;100;1;QuickSort;2515;895;476;4030
100;100;1;InsertionSort;8001;2663;0;22571
100;100;1;BubbleSort;20138;4929;2570;13350
100;100;1;MergeSort;1344;543;0;19030
100;100;1;CountingSort;301;0;0;18640
100;100;1;QuickSort;2294;866;409;5820
100;100;1;InsertionSort;8155;2717;0;132710
100;100;1;BubbleSort;20290;4905;2620;12450
100;100;1;MergeSort;1344;534;0;13730
100;100;1;CountingSort;301;0;0;16780
100;100;1;QuickSort;2297;923;391;4540
100;100;1;InsertionSort;8502;2832;0;29850
100;100;1;BubbleSort;20734;4895;2736;13310
100;100;1;MergeSort;1344;542;0;10710
100;100;1;CountingSort;301;0;0;15270
100;100;1;QuickSort;2400;909;433;8780
100;100;1;InsertionSort;7690;2562;0;29200
100;100;1;BubbleSort;19730;4935;2465;12410
100;100;1;MergeSort;1344;541;0;18700
100;100;1;CountingSort;301;0;0;16330
100;100;1;QuickSort;2708;986;504;4590
100;100;1;InsertionSort;7546;2512;0;125541
100;100;1;BubbleSort;19416;4872;2418;11350
100;100;1;MergeSort;1344;550;0;18940
100;100;1;CountingSort;301;0;0;16570
100;100;1;QuickSort;2511;960;449;4760
100;100;1;InsertionSort;7115;2369;0;43830
100;100;1;BubbleSort;18994;4949;2274;10620
100;100;1;MergeSort;1344;535;0;13320
100;100;1;CountingSort;301;0;0;15230
100;100;1;QuickSort;2665;988;491;4310
100;100;1;InsertionSort;7462;2484;0;115950
100;100;1;BubbleSort;19440;4940;2390;12580
100;100;1;MergeSort;1344;542;0;22450
100;100;1;CountingSort;301;0;0;26610
100;100;1;QuickSort;2643;999;485;4790
100;100;1;InsertionSort;7509;2501;0;81300
100;100;1;BubbleSort;19430;4905;2405;12440
100;100;1;MergeSort;1344;541;0;14261
100;100;1;CountingSort;301;0;0;24390
100;100;1;QuickSort;2365;883;428;4930
100;100;1;InsertionSort;7701;2565;0;78440
100;100;1;BubbleSort;19686;4905;2469;14290
100;100;1;MergeSort;1344;540;0;14350
100;100;1;CountingSort;301;0;0;19610
100;100;1;QuickSort;2604;966;482;3840
100;100;1;InsertionSort;7444;2478;0;106630
100;100;1;BubbleSort;19056;4760;2384;7980
100;100;1;MergeSort;1344;549;0;17650
100;100;1;CountingSort;301;0;0;16970
100;100;1;QuickSort;2715;1041;493;4870
100;100;1;InsertionSort;6905;2299;0;116380
100;100;1;BubbleSort;18644;4914;2204;8410
100;100;1;MergeSort;1344;546;0;13670
100;100;1;CountingSort;301;0;0;15430
100;100;1;QuickSort;2508;963;449;6090
100;100;1;InsertionSort;8257;2751;0;76560
100;100;1;BubbleSort;20426;4905;2654;15230
100;100;1;MergeSort;1344;538;0;17760
100;100;1;CountingSort;301;0;0;17350
100;100;1;QuickSort;2778;1032;515;3990
100;100;1;InsertionSort;8054;2682;0;72090
100;100;1;BubbleSort;20066;4859;2587;12040
100;100;1;MergeSort;1344;532;0;17680
100;100;1;CountingSort;301;0;0;15330
100;100;1;QuickSort;2546;977;455;3980
100;100;1;InsertionSort;7118;2368;0;91631
100;100;1;BubbleSort;18822;4859;2276;12160
100;100;1;MergeSort;1344;554;0;12920
100;100;1;CountingSort;301;0;0;17330
100;100;1;QuickSort;2327;965;390;4020
100;100;1;InsertionSort;7792;2594;0;87690
100;100;1;BubbleSort;19628;4814;2500;13340
100;100;1;MergeSort;1344;540;0;13970
100;100;1;CountingSort;301;0;0;16450
100;100;1;QuickSort;2672;956;505;3700
100;100;1;InsertionSort;8171;2719;0;141860
100;100;1;BubbleSort;20276;4884;2627;11280
100;100;1;MergeSort;1344;545;0;12250
100;100;1;CountingSort;301;0;0;18070
100;100;1;QuickSort;2338;871;421;4670
100;100;1;InsertionSort;6823;2273;0;3460
100;100;1;BubbleSort;18394;4845;2176;12410
100;100;1;MergeSort;1344;539;0;20520
100;100;1;CountingSort;301;0;0;16250
100;100;1;QuickSort;3142;1153;597;4820
100;100;1;InsertionSort;7377;2455;0;3580
100;100;1;BubbleSort;19336;4944;2362;10780
100;100;1;MergeSort;1344;546;0;10280
100;100;1;CountingSort;301;0;0;13240
100;100;1;QuickSort;2230;835;400;4520
100;100;1;InsertionSort;8750;2912;0;2920
100;100;1;BubbleSort;21178;4949;2820;12300
100;100;1;MergeSort;1344;544;0;13110
100;100;1;CountingSort;301;0;0;17820
100;100;1;QuickSort;2689;1036;483;6250
100;100;1;InsertionSort;8400;2798;0;2910
100;100;1;BubbleSort;20436;4814;2702;13270
100;100;1;MergeSort;1344;544;0;22530
100;100;1;CountingSort;301;0;0;23450
100;100;1;QuickSort;2556;996;457;16750
100;100;1;InsertionSort;7622;2538;0;2690
100;100;1;BubbleSort;19630;4929;2443;8860
100;100;1;MergeSort;1344;550;0;11570
100;100;1;CountingSort;301;0;0;19210
100;100;1;QuickSort;3020;1118;565;5190
100;100;1;InsertionSort;7658;2550;0;2580
100;100;1;BubbleSort;19700;4940;2455;9641
100;100;1;MergeSort;1344;553;0;13870
100;100;1;CountingSort;301;0;0;17290
100;100;1;QuickSort;2273;863;408;3740
100;100;1;InsertionSort;7863;2617;0;2590
100;100;1;BubbleSort;19954;4929;2524;17140
100;100;1;MergeSort;1344;544;0;9680
100;100;1;CountingSort;301;0;0;18490
100;100;1;QuickSort;2786;1034;516;4840
100;100;1;InsertionSort;7858;2614;0;2790
100;100;1;BubbleSort;19902;4905;2523;12130
100;100;1;MergeSort;1344;546;0;10850
100;100;1;CountingSort;301;0;0;14390
100;100;1;QuickSort;2862;1107;520;4780
100;100;1;InsertionSort;9089;3027;0;3070
100;100;1;BubbleSort;21518;4895;2932;11970
100;100;1;MergeSort;1344;541;0;12190
100;100;1;CountingSort;301;0;0;13260
100;100;1;QuickSort;2679;1059;473;5300
100;100;1;InsertionSort;7239;2411;0;2560
100;100;1;BubbleSort;18950;4845;2315;10790
100;100;1;MergeSort;1344;543;0;14320
100;100;1;CountingSort;301;0;0;15170
100;100;1;QuickSort;2930;1133;535;4770
100;100;1;InsertionSort;7433;2475;0;2520
100;100;1;BubbleSort;19238;4859;2380;13130
100;100;1;MergeSort;1344;544;0;10560
100;100;1;CountingSort;301;0;0;13490
100;100;1;QuickSort;2226;840;398;3900
100;100;1;InsertionSort;8325;2771;0;2730
100;100;1;BubbleSort;20372;4830;2678;12910
100;100;1;MergeSort;1344;526;0;12080
100;100;1;CountingSort;301;0;0;13480
100;100;1;QuickSort;2621;983;479;4000
100;100;1;InsertionSort;7987;2659;0;2760
100;100;1;BubbleSort;20158;4949;2565;16020
100;100;1;MergeSort;1344;540;0;10190
100;100;1;CountingSort;301;0;0;15430
100;100;1;QuickSort;2503;943;450;4780
100;100;1;InsertionSort;8114;2700;0;2850
100;100;1;BubbleSort;20332;4950;2608;39340
100;100;1;MergeSort;1344;542;0;15760
100;100;1;CountingSort;301;0;0;16530
100;100;1;QuickSort;2538;981;457;5010
100;100;1;InsertionSort;7976;2654;0;2800
100;100;1;BubbleSort;20058;4905;2562;107140
100;100;1;MergeSort;1344;545;0;14140
100;100;1;CountingSort;301;0;0;24100
100;100;1;QuickSort;2433;942;432;5030
100;100;1;InsertionSort;7826;2604;0;2170
100;100;1;BubbleSort;19766;4859;2512;92370
100;100;1;MergeSort;1344;544;0;16100
100;100;1;CountingSort;301;0;0;14510
100;100;1;QuickSort;2220;894;379;4660
100;100;1;InsertionSort;6836;2276;0;2440
100;100;1;BubbleSort;18492;4884;2181;100461
100;100;1;MergeSort;1344;541;0;15531
100;100;1;CountingSort;301;0;0;14690
100;100;1;QuickSort;3023;1250;524;4860
100;100;1;InsertionSort;8336;2776;0;2000
100;100;1;BubbleSort;20624;4950;2681;62580
100;100;1;MergeSort;1344;550;0;15230
100;100;1;CountingSort;301;0;0;18230
100;100;1;QuickSort;2830;1129;499;4960
100;100;1;InsertionSort;7050;2348;0;2230
100;100;1;BubbleSort;18776;4884;2252;122781
100;100;1;MergeSort;1344;547;0;14950
100;100;1;CountingSort;301;0;0;16191
100;100;1;QuickSort;2691;1011;492;5140
100;100;1;InsertionSort;7896;2628;0;2360
100;100;1;BubbleSort;19950;4905;2535;63060
100;100;1;MergeSort;1344;555;0;15740
100;100;1;CountingSort;301;0;0;16160
100;100;1;QuickSort;2578;973;466;5060
100;100;1;InsertionSort;7928;2638;0;2490
100;100;1;BubbleSort;20054;4935;2546;125730
100;100;1;MergeSort;1344;547;0;16240
100;100;1;CountingSort;301;0;0;19640
100;100;1;QuickSort;2703;993;505;4760
100;100;1;InsertionSort;7682;2558;0;2330
100;100;1;BubbleSort;19642;4895;2463;63170
100;100;1;MergeSort;1344;544;0;16700
100;100;1;CountingSort;301;0;0;23490
100;100;1;QuickSort;2341;919;406;5170
100;100;1;InsertionSort;7668;2554;0;1880
100;100;1;BubbleSort;19702;4935;2458;119811
100;100;1;MergeSort;1344;531;0;20930
100;100;1;CountingSort;301;0;0;17840
100;100;1;QuickSort;3924;1575;712;5231
100;100;1;InsertionSort;8441;2809;0;2490
100;100;1;BubbleSort;20658;4895;2717;58020
100;100;1;MergeSort;1344;542;0;12790
100;100;1;CountingSort;301;0;0;15291
100;100;1;QuickSort;2806;1033;525;4540
100;100;1;InsertionSort;7767;2585;0;2440
100;100;1;BubbleSort;19848;4940;2492;138780
100;100;1;MergeSort;1344;542;0;15970
100;100;1;CountingSort;301;0;0;15790
100;100;1;QuickSort;2747;1067;491;5070
100;100;1;InsertionSort;7147;2379;0;2200
100;100;1;BubbleSort;18768;4814;2285;74301
100;100;1;MergeSort;1344;543;0;17281
100;100;1;CountingSort;301;0;0;22971
100;100;1;QuickSort;2158;823;380;4800
100;100;1;InsertionSort;6828;2274;0;2190
100;100;1;BubbleSort;18592;4940;2178;170360
100;100;1;MergeSort;1344;536;0;17610
100;100;1;CountingSort;301;0;0;16270
100;100;1;QuickSort;2170;838;377;4600
100;100;1;InsertionSort;6892;2294;0;2150
100;100;1;BubbleSort;18568;4884;2200;69030
100;100;1;MergeSort;1344;541;0;16790
100;100;1;CountingSort;301;0;0;18290
100;100;1;QuickSort;2670;1116;450;4790
100;100;1;InsertionSort;7672;2556;0;2280
100;100;1;BubbleSort;19526;4845;2459;211231
100;100;1;MergeSort;1344;548;0;14990
100;100;1;CountingSort;301;0;0;16100
100;100;1;QuickSort;2107;799;372;4860
100;100;1;InsertionSort;7641;2545;0;2220
100;100;1;BubbleSort;19390;4797;2449;53480
100;100;1;MergeSort;1344;536;0;12090
100;100;1;CountingSort;301;0;0;20960
100;100;1;QuickSort;2501;911;463;4700
100;100;1;InsertionSort;8653;2883;0;2360
100;100;1;BubbleSort;20972;4914;2786;20830
100;100;1;MergeSort;1344;537;0;15160
100;100;1;CountingSort;301;0;0;17530
100;100;1;QuickSort;2935;1051;557;4950
100;100;1;InsertionSort;8742;2910;0;3150
100;100;1;BubbleSort;21036;4884;2817;13980
100;100;1;MergeSort;1344;531;0;12380
100;100;1;CountingSort;301;0;0;27710
100;100;1;QuickSort;2154;843;373;5370
100;100;1;InsertionSort;7411;2467;0;1910
100;100;1;BubbleSort;18930;4719;2373;14870
100;100;1;MergeSort;1344;545;0;14240
100;100;1;CountingSort;301;0;0;17490
100;100;1;QuickSort;2811;1059;519;5020
100;100;1;InsertionSort;7520;2504;0;2360
100;100;1;BubbleSort;19264;4814;2409;10480
100;100;1;MergeSort;1344;549;0;10680
100;100;1;CountingSort;301;0;0;15780
100;100;1;QuickSort;2560;970;464;5020
100;100;1;InsertionSort;7074;2356;0;2390
100;100;1;BubbleSort;18758;4859;2260;11510
100;100;1;MergeSort;1344;528;0;14310
100;100;1;CountingSort;301;0;0;15580
100;100;1;QuickSort;2668;1039;476;5150
100;100;1;InsertionSort;8024;2672;0;3110
100;100;1;BubbleSort;19998;4845;2577;13980
100;100;1;MergeSort;1344;539;0;14900
100;100;1;CountingSort;301;0;0;17980
100;100;1;QuickSort;2398;937;416;4920
100;100;1;InsertionSort;7415;2469;0;2310
100;100;1;BubbleSort;19264;4884;2374;11140
100;100;1;MergeSort;1344;549;0;13720
100;100;1;CountingSort;301;0;0;16840
100;100;1;QuickSort;2546;983;456;4700
100;100;1;InsertionSort;8765;2919;0;2510
100;100;1;BubbleSort;21106;4905;2824;11800
100;100;1;MergeSort;1344;554;0;17660
100;100;1;CountingSort;301;0;0;16560
100;100;1;QuickSort;2224;895;379;4920
100;100;1;InsertionSort;7555;2515;0;1910
100;100;1;BubbleSort;19542;4929;2421;12260
100;100;1;MergeSort;1344;526;0;11920
100;100;2;CountingSort;301;0;0;20540
100;100;2;QuickSort;2508;942;454;186311
100;100;2;InsertionSort;7665;2553;0;353331
100;100;2;BubbleSort;19308;4740;2457;790232
100;100;2;MergeSort;1344;544;0;134780
100;100;2;CountingSort;301;0;0;15600
100;100;2;QuickSort;2683;1024;483;88520
100;100;2;InsertionSort;7797;2597;0;208690
100;100;2;BubbleSort;19484;4740;2501;494091
100;100;2;MergeSort;1344;547;0;154911
100;100;2;CountingSort;301;0;0;17230
100;100;2;QuickSort;2802;1053;519;76911
100;100;2;InsertionSort;7911;2633;0;220560
100;100;2;BubbleSort;20048;4944;2540;386301
100;100;2;MergeSort;1344;541;0;100710
100;100;2;CountingSort;301;0;0;12500
100;100;2;QuickSort;2742;1035;505;76780
100;100;2;InsertionSort;6924;2306;0;215321
100;100;2;BubbleSort;18728;4944;2210;575142
100;100;2;MergeSort;1344;543;0;42481
100;100;2;CountingSort;301;0;0;13130
100;100;2;QuickSort;2273;857;409;51160
100;100;2;InsertionSort;6652;2216;0;217431
100;100;2;BubbleSort;18166;4845;2119;484232
100;100;2;MergeSort;1344;542;0;27670
100;100;2;CountingSort;301;0;0;16450
100;100;2;QuickSort;2636;1034;473;58360
100;100;2;InsertionSort;8293;2761;0;225440
100;100;2;BubbleSort;20496;4914;2667;357001
100;100;2;MergeSort;1344;551;0;29800
100;100;2;CountingSort;301;0;0;18210
100;100;2;QuickSort;2322;843;424;38520
100;100;2;InsertionSort;8016;2670;0;192451
100;100;2;BubbleSort;19890;4797;2574;331491
100;100;2;MergeSort;1344;544;0;23860
100;100;2;CountingSort;301;0;0;17120
100;100;2;QuickSort;2587;1006;468;10660
100;100;2;InsertionSort;8492;2828;0;183850
100;100;2;BubbleSort;20622;4845;2733;326151
100;100;2;MergeSort;1344;539;0;19800
100;100;2;CountingSort;301;0;0;15640
100;100;2;QuickSort;3187;1174;605;18870
100;100;2;InsertionSort;7196;2396;0;165620
100;100;2;BubbleSort;18922;4859;2301;391241
100;100;2;MergeSort;1344;542;0;23550
100;100;2;CountingSort;301;0;0;14930
100;100;2;QuickSort;2397;912;430;10110
100;100;2;InsertionSort;7781;2591;0;223311
100;100;2;BubbleSort;19674;4845;2496;351611
100;100;2;MergeSort;1344;546;0;19180
100;100;2;CountingSort;301;0;0;17860
100;100;2;QuickSort;2351;899;419;19850
100;100;2;InsertionSort;7871;2621;0;225381
100;100;2;BubbleSort;19992;4944;2526;355861
100;100;2;MergeSort;1344;540;0;23280
100;100;2;CountingSort;301;0;0;15570
100;100;2;QuickSort;2498;1004;431;10680
100;100;2;InsertionSort;7413;2469;0;217871
100;100;2;BubbleSort;19086;4797;2373;355041
100;100;2;MergeSort;1344;548;0;23080
100;100;2;CountingSort;301;0;0;16150
100;100;2;QuickSort;2267;872;400;9890
100;100;2;InsertionSort;7432;2476;0;257111
100;100;2;BubbleSort;19234;4859;2379;350541
100;100;2;MergeSort;1344;544;0;35210
100;100;2;CountingSort;301;0;0;15650
100;100;2;QuickSort;2297;887;404;7760
100;100;2;InsertionSort;7733;2575;0;223970
100;100;2;BubbleSort;19548;4814;2480;206680
100;100;2;MergeSort;1344;546;0;27150
100;100;2;CountingSort;301;0;0;15040
100;100;2;QuickSort;2352;867;431;9630
100;100;2;InsertionSort;7977;2657;0;231241
100;100;2;BubbleSort;20054;4905;2561;71541
100;100;2;MergeSort;1344;537;0;33050
100;100;2;CountingSort;301;0;0;28790
100;100;2;QuickSort;2739;1008;511;12630
100;100;2;InsertionSort;7798;2598;0;258050
100;100;2;BubbleSort;19748;4872;2501;59370
100;100;2;MergeSort;1344;551;0;41580
100;100;2;CountingSort;301;0;0;15750
100;100;2;QuickSort;2423;905;438;11910
100;100;2;InsertionSort;8010;2664;0;218580
100;100;2;BubbleSort;20064;4884;2574;52900
100;100;2;MergeSort;1344;538;0;18450
100;100;2;CountingSort;301;0;0;16030
100;100;2;QuickSort;2463;900;455;10570
100;100;2;InsertionSort;8191;2727;0;242851
100;100;2;BubbleSort;20342;4905;2633;116241
100;100;2;MergeSort;1344;534;0;20010
100;100;2;CountingSort;301;0;0;15280
100;100;2;QuickSort;2026;775;352;10340
100;100;2;InsertionSort;7094;2362;0;248181
100;100;2;BubbleSort;18968;4950;2267;136781
100;100;2;MergeSort;1344;534;0;21200
100;100;2;CountingSort;301;0;0;12420
100;100;2;QuickSort;2403;918;427;12950
100;100;2;InsertionSort;8511;2835;0;271701
100;100;2;BubbleSort;20844;4944;2739;145331
100;100;2;MergeSort;1344;542;0;33170
100;100;2;CountingSort;301;0;0;17240
100;100;2;QuickSort;2945;1097;553;10880
100;100;2;InsertionSort;8278;2758;0;214251
100;100;2;BubbleSort;20488;4922;2661;121290
100;100;2;MergeSort;1344;536;0;35540
100;100;2;CountingSort;301;0;0;15880
100;100;2;QuickSort;2690;1046;485;10510
100;100;2;InsertionSort;7769;2587;0;173951
100;100;2;BubbleSort;19778;4905;2492;89501
100;100;2;MergeSort;1344;545;0;28581
100;100;2;CountingSort;301;0;0;17600
100;100;2;QuickSort;2181;876;373;10620
100;100;2;InsertionSort;6731;2239;0;182960
100;100;2;BubbleSort;18398;4905;2147;45510
100;100;2;MergeSort;1344;540;0;25220
100;100;2;CountingSort;301;0;0;16720
100;100;2;QuickSort;2696;1010;493;10690
100;100;2;InsertionSort;7608;2532;0;251480
100;100;2;BubbleSort;19656;4950;2439;44100
100;100;2;MergeSort;1344;547;0;18650
100;100;2;CountingSort;301;0;0;1378014
100;100;2;QuickSort;2130;852;362;7950
100;100;2;InsertionSort;8169;2719;0;1382225
100;100;2;BubbleSort;19984;4740;2626;55940
100;100;2;MergeSort;1344;540;0;17090
100;100;2;CountingSort;301;0;0;13730
100;100;2;QuickSort;2317;931;395;10470
100;100;2;InsertionSort;8051;2681;0;70360
100;100;2;BubbleSort;20112;4884;2586;71900
100;100;2;MergeSort;1344;539;0;21540
100;100;2;CountingSort;301;0;0;10880
100;100;2;QuickSort;2410;910;434;8170
100;100;2;InsertionSort;7927;2641;0;50240
100;100;2;BubbleSort;20004;4914;2544;57400
100;100;2;MergeSort;1344;540;0;20030
100;100;2;CountingSort;301;0;0;14410
100;100;2;QuickSort;2216;833;397;7530
100;100;2;InsertionSort;7382;2458;0;21030
100;100;2;BubbleSort;19112;4830;2363;52481
100;100;2;MergeSort;1344;550;0;18761
100;100;2;CountingSort;301;0;0;18210
100;100;2;QuickSort;2498;968;445;8610
100;100;2;InsertionSort;7262;2420;0;88170
100;100;2;BubbleSort;19158;4935;2322;117840
100;100;2;MergeSort;1344;548;0;16480
100;100;2;CountingSort;301;0;0;16010
100;100;2;QuickSort;2406;891;438;12490
100;100;2;InsertionSort;7436;2476;0;83310
100;100;2;BubbleSort;19424;4950;2381;112401
100;100;2;MergeSort;1344;540;0;24770
100;100;2;CountingSort;301;0;0;18140
100;100;2;QuickSort;2545;934;468;10120
100;100;2;InsertionSort;7122;2372;0;25381
100;100;2;BubbleSort;18732;4814;2276;70990
100;100;2;MergeSort;1344;538;0;27900
100;100;2;CountingSort;301;0;0;16420
100;100;2;QuickSort;2357;938;402;9820
100;100;2;InsertionSort;7615;2535;0;46700
100;100;2;BubbleSort;19064;4650;2441;76440
100;100;2;MergeSort;1344;542;0;24610
100;100;2;CountingSort;301;0;0;14470
100;100;2;QuickSort;2263;880;393;8340
100;100;2;InsertionSort;7400;2464;0;26280
100;100;2;BubbleSort;19334;4929;2369;49650
100;100;2;MergeSort;1344;545;0;17190
100;100;2;CountingSort;301;0;0;18170
100;100;2;QuickSort;2441;971;423;11730
100;100;2;InsertionSort;7457;2485;0;34800
100;100;2;BubbleSort;19266;4859;2387;91220
100;100;2;MergeSort;1344;540;0;23920
100;100;2;CountingSort;301;0;0;16290
100;100;2;QuickSort;3860;1424;743;18260
100;100;2;InsertionSort;8679;2891;0;32670
100;100;2;BubbleSort;21008;4914;2795;51491
100;100;2;MergeSort;1344;540;0;16210
100;100;2;CountingSort;301;0;0;16920
100;100;2;QuickSort;2821;1090;510;8650
100;100;2;InsertionSort;8166;2720;0;29730
100;100;2;BubbleSort;20264;4884;2624;47631
100;100;2;MergeSort;1344;552;0;18160
100;100;2;CountingSort;301;0;0;18630
100;100;2;QuickSort;2611;955;485;10060
100;100;2;InsertionSort;7471;2487;0;38070
100;100;2;BubbleSort;19400;4914;2393;75980
100;100;2;MergeSort;1344;544;0;19570
100;100;2;CountingSort;301;0;0;13940
100;100;2;QuickSort;2502;1008;431;10320
100;100;2;InsertionSort;7927;2637;0;37290
100;100;2;BubbleSort;20012;4914;2546;82640
100;100;2;MergeSort;1344;545;0;23550
100;100;2;CountingSort;301;0;0;18160
100;100;2;QuickSort;2803;1033;523;8770
100;100;2;InsertionSort;7479;2491;0;71591
100;100;2;BubbleSort;18974;4697;2395;117581
100;100;2;MergeSort;1344;548;0;35640
100;100;2;CountingSort;301;0;0;15950
100;100;2;QuickSort;2322;897;407;9270
100;100;2;InsertionSort;7402;2466;0;98420
100;100;2;BubbleSort;19374;4949;2369;104850
100;100;2;MergeSort;1344;542;0;40230
100;100;2;CountingSort;301;0;0;20770
100;100;2;QuickSort;2775;1134;482;11071
100;100;2;InsertionSort;8662;2884;0;31090
100;100;2;BubbleSort;21018;4929;2790;75820
100;100;2;MergeSort;1344;557;0;38630
100;100;2;CountingSort;301;0;0;16650
100;100;2;QuickSort;2763;1023;514;9590
100;100;2;InsertionSort;7739;2579;0;23231
100;100;2;BubbleSort;19812;4944;2481;93010
100;100;2;MergeSort;1344;546;0;11820
100;100;2;CountingSort;301;0;0;14221
100;100;2;QuickSort;2366;926;415;10290
100;100;2;InsertionSort;7515;2503;0;43090
100;100;2;BubbleSort;19486;4929;2407;56990
100;100;2;MergeSort;1344;540;0;13850
100;100;2;CountingSort;301;0;0;18890
100;100;2;QuickSort;2246;896;384;8220
100;100;2;InsertionSort;8002;2664;0;39280
100;100;2;BubbleSort;20160;4940;2570;159000
100;100;2;MergeSort;1344;544;0;20600
100;100;2;CountingSort;301;0;0;13630
100;100;2;QuickSort;2607;981;475;14390
100;100;2;InsertionSort;7543;2511;0;26921
100;100;2;BubbleSort;19478;4905;2417;80580
100;100;2;MergeSort;1344;533;0;12270
100;100;2;CountingSort;301;0;0;16680
100;100;2;QuickSort;2598;981;471;10890
100;100;2;InsertionSort;8472;2820;0;51430
100;100;2;BubbleSort;20626;4859;2727;160620
100;100;2;MergeSort;1344;545;0;20090
100;100;2;CountingSort;301;0;0;19550
100;100;2;QuickSort;2582;986;469;66380
100;100;2;InsertionSort;8113;2703;0;30360
100;100;2;BubbleSort;20234;4905;2606;85561
100;100;2;MergeSort;1344;542;0;14030
100;100;2;CountingSort;301;0;0;16620
100;100;2;QuickSort;2434;940;431;44600
100;100;2;InsertionSort;7434;2476;0;68340
100;100;2;BubbleSort;18820;4650;2380;135040
100;100;2;MergeSort;1344;543;0;13500
100;100;2;CountingSort;301;0;0;14890
100;100;2;QuickSort;2512;934;461;53320
100;100;2;InsertionSort;8404;2798;0;60680
100;100;2;BubbleSort;20696;4940;2704;82251
100;100;2;MergeSort;1344;541;0;16800
100;100;2;CountingSort;301;0;0;21580
100;100;2;QuickSort;2275;883;397;76210
100;100;2;InsertionSort;8505;2833;0;47450
100;100;2;BubbleSort;20692;4872;2737;14030
100;100;2;MergeSort;1344;540;0;15620
100;100;2;CountingSort;301;0;0;56800
100;100;2;QuickSort;2329;880;415;61641
100;100;2;InsertionSort;7825;2603;0;22370
100;100;2;BubbleSort;19876;4914;2512;9300
100;100;2;MergeSort;1344;535;0;15580
100;100;2;CountingSort;301;0;0;20040
100;100;2;QuickSort;2410;910;433;45151
100;100;2;InsertionSort;7015;2335;0;79540
100;100;2;BubbleSort;18754;4895;2241;11260
100;100;2;MergeSort;1344;540;0;39230
100;100;2;CountingSort;301;0;0;24220
100;100;2;QuickSort;2587;967;474;51580
100;100;2;InsertionSort;8187;2725;0;61110
100;100;2;BubbleSort;20386;4929;2632;38090
100;100;2;MergeSort;1344;537;0;13140
100;100;2;CountingSort;301;0;0;19230
100;100;2;QuickSort;3030;1140;563;70470
100;100;2;InsertionSort;7873;2621;0;44400
100;100;2;BubbleSort;19588;4740;2527;11160
100;100;2;MergeSort;1344;544;0;13870
100;100;2;CountingSort;301;0;0;20630
100;100;2;QuickSort;2855;1103;519;64760
100;100;2;InsertionSort;7765;2585;0;44811
100;100;2;BubbleSort;19852;4944;2491;14880
100;100;2;MergeSort;1344;534;0;11880
100;100;2;CountingSort;301;0;0;16440
100;100;2;QuickSort;2327;869;418;18010
100;100;2;InsertionSort;7649;2547;0;75640
100;100;2;BubbleSort;19598;4895;2452;13730
100;100;2;MergeSort;1344;555;0;17150
100;100;2;CountingSort;301;0;0;18320
100;100;2;QuickSort;2574;999;463;6530
100;100;2;InsertionSort;7041;2343;0;84291
100;100;2;BubbleSort;18558;4779;2250;10430
100;100;2;MergeSort;1344;550;0;20520
100;100;2;CountingSort;301;0;0;27300
100;100;2;QuickSort;2316;870;417;4330
100;100;2;InsertionSort;8297;2765;0;81711
100;100;2;BubbleSort;20262;4797;2667;14500
100;100;2;MergeSort;1344;540;0;9830
100;100;2;CountingSort;301;0;0;14940
100;100;2;QuickSort;2720;983;510;6620
100;100;2;InsertionSort;7703;2565;0;96520
100;100;2;BubbleSort;19670;4895;2470;12200
100;100;2;MergeSort;1344;545;0;12180
100;100;2;CountingSort;301;0;0;20420
100;100;2;QuickSort;2881;1177;500;5370
100;100;2;InsertionSort;7483;2491;0;76580
100;100;2;BubbleSort;19398;4905;2397;12440
100;100;2;MergeSort;1344;540;0;16540
100;100;2;CountingSort;301;0;0;16670
100;100;2;QuickSort;2534;983;449;4650
100;100;2;InsertionSort;7276;2424;0;94490
100;100;2;BubbleSort;18902;4797;2327;16610
100;100;2;MergeSort;1344;535;0;10240
100;100;2;CountingSort;301;0;0;27270
100;100;2;QuickSort;2457;888;454;4210
100;100;2;InsertionSort;7429;2473;0;77070
100;100;2;BubbleSort;19396;4940;2379;21920
100;100;2;MergeSort;1344;548;0;12770
100;100;2;CountingSort;301;0;0;16910
100;100;2;QuickSort;2135;869;353;3720
100;100;2;InsertionSort;7605;2531;0;91080
100;100;2;BubbleSort;19610;4929;2438;25270
100;100;2;MergeSort;1344;549;0;11270
100;100;2;CountingSort;301;0;0;16750
100;100;2;QuickSort;3175;1198;593;3810
100;100;2;InsertionSort;6804;2266;0;95331
100;100;2;BubbleSort;18568;4944;2170;11860
100;100;2;MergeSort;1344;537;0;12530
100;100;2;CountingSort;301;0;0;18600
100;100;2;QuickSort;2369;878;429;6210
100;100;2;InsertionSort;8562;2850;0;99840
100;100;2;BubbleSort;20718;4845;2757;11450
100;100;2;MergeSort;1344;538;0;16150
100;100;2;CountingSort;301;0;0;13050
100;100;2;QuickSort;2511;966;447;6170
100;100;2;InsertionSort;8267;2751;0;3130
100;100;2;BubbleSort;20354;4859;2659;9040
100;100;2;MergeSort;1344;538;0;16050
100;100;2;CountingSort;301;0;0;28700
100;100;2;QuickSort;3817;1405;732;4320
100;100;2;InsertionSort;7550;2514;0;2030
100;100;2;BubbleSort;19574;4949;2419;9990
100;100;2;MergeSort;1344;548;0;12630
100;100;2;CountingSort;301;0;0;15200
100;100;2;QuickSort;2698;985;506;4050
100;100;2;InsertionSort;6957;2317;0;1850
100;100;2;BubbleSort;18544;4830;2221;8330
100;100;2;MergeSort;1344;543;0;19590
100;100;2;CountingSort;301;0;0;13600
100;100;2;QuickSort;2553;957;466;3840
100;100;2;InsertionSort;8221;2739;0;3160
100;100;2;BubbleSort;20412;4922;2642;10510
100;100;2;MergeSort;1344;535;0;10130
100;100;2;CountingSort;301;0;0;15330
100;100;2;QuickSort;2310;846;422;4130
100;100;2;InsertionSort;7485;2493;0;2110
100;100;2;BubbleSort;19486;4949;2397;9060
100;100;2;MergeSort;1344;547;0;14881
100;100;2;CountingSort;301;0;0;13810
100;100;2;QuickSort;2438;941;434;3890
100;100;2;InsertionSort;8047;2681;0;2030
100;100;2;BubbleSort;20164;4914;2584;12310
100;100;2;MergeSort;1344;543;0;14000
100;100;2;CountingSort;301;0;0;19420
100;100;2;QuickSort;2548;952;466;3870
100;100;2;InsertionSort;7097;2363;0;1910
100;100;2;BubbleSort;18732;4830;2268;9680
100;100;2;MergeSort;1344;545;0;13750
100;100;2;CountingSort;301;0;0;17470
100;100;2;QuickSort;2431;907;441;4050
100;100;2;InsertionSort;8144;2714;0;2460
100;100;2;BubbleSort;20308;4922;2616;11020
100;100;2;MergeSort;1344;546;0;11210
100;100;2;CountingSort;301;0;0;16690
100;100;2;QuickSort;2543;959;461;4930
100;100;2;InsertionSort;7249;2413;0;2080
100;100;2;BubbleSort;19104;4914;2319;13230
100;100;2;MergeSort;1344;540;0;12000
100;100;2;CountingSort;301;0;0;13700
100;100;2;QuickSort;2736;1020;510;4610
100;100;2;InsertionSort;7800;2598;0;2520
100;100;2;BubbleSort;19636;4814;2502;8510
100;100;2;MergeSort;1344;542;0;14550
100;100;2;CountingSort;301;0;0;13820
100;100;2;QuickSort;2252;842;403;4650
100;100;2;InsertionSort;8698;2896;0;2540
100;100;2;BubbleSort;21018;4905;2802;10860
100;100;2;MergeSort;1344;534;0;10330
100;100;2;CountingSort;301;0;0;18800
100;100;2;QuickSort;2916;1131;529;4920
100;100;2;InsertionSort;7843;2609;0;2460
100;100;2;BubbleSort;19790;4859;2518;21220
100;100;2;MergeSort;1344;549;0;11530
100;100;2;CountingSort;301;0;0;17180
100;100;2;QuickSort;2323;919;401;4980
100;100;2;InsertionSort;8395;2793;0;2700
100;100;2;BubbleSort;20636;4914;2702;11210
100;100;2;MergeSort;1344;534;0;23900
100;100;2;CountingSort;301;0;0;16520
100;100;2;QuickSort;2758;1039;509;4910
100;100;2;InsertionSort;7746;2578;0;2000
100;100;2;BubbleSort;19460;4760;2485;10790
100;100;2;MergeSort;1344;539;0;12730
100;100;2;CountingSort;301;0;0;18580
100;100;2;QuickSort;2424;978;415;3990
100;100;2;InsertionSort;8337;2775;0;2650
100;100;2;BubbleSort;20572;4922;2682;9860
100;100;2;MergeSort;1344;534;0;14020
100;100;2;CountingSort;301;0;0;16150
100;100;2;QuickSort;2425;898;440;4190
100;100;2;InsertionSort;7361;2447;0;2210
100;100;2;BubbleSort;19122;4845;2358;8530
100;100;2;MergeSort;1344;546;0;25450
100;100;2;CountingSort;301;0;0;14100
100;100;2;QuickSort;3418;1306;636;4200
100;100;2;InsertionSort;7343;2445;0;2520
100;100;2;BubbleSort;19090;4845;2350;15420
100;100;2;MergeSort;1344;549;0;12010
100;100;2;CountingSort;301;0;0;15320
100;100;2;QuickSort;2732;1016;509;4860
100;100;2;InsertionSort;7813;2601;0;1970
100;100;2;BubbleSort;19718;4845;2507;8830
100;100;2;MergeSort;1344;534;0;10350
100;100;2;CountingSort;301;0;0;17820
100;100;2;QuickSort;2447;914;446;4720
100;100;2;InsertionSort;7821;2603;0;1970
100;100;2;BubbleSort;19884;4922;2510;9870
100;100;2;MergeSort;1344;543;0;10970
100;100;2;CountingSort;301;0;0;17700
100;100;2;QuickSort;2479;910;455;4800
100;100;2;InsertionSort;8070;2688;0;2380
100;100;2;BubbleSort;19962;4797;2592;13960
100;100;2;MergeSort;1344;539;0;14250
100;100;2;CountingSort;301;0;0;15940
100;100;2;QuickSort;2597;1001;466;6340
100;100;2;InsertionSort;7688;2560;0;2730
100;100;2;BubbleSort;19628;4884;2465;13100
100;100;2;MergeSort;1344;541;0;13340
100;100;2;CountingSort;301;0;0;17150
100;100;2;QuickSort;3054;1113;579;4640
100;100;2;InsertionSort;7474;2490;0;2410
100;100;2;BubbleSort;19416;4922;2393;13800
100;100;2;MergeSort;1344;547;0;13510
100;100;2;CountingSort;301;0;0;13080
100;100;2;QuickSort;2315;917;397;4580
100;100;2;InsertionSort;7520;2504;0;1970
100;100;2;BubbleSort;19264;4814;2409;14370
100;100;2;MergeSort;1344;542;0;20810
100;100;2;CountingSort;301;0;0;12690
100;100;2;QuickSort;2935;1168;526;5040
100;100;2;InsertionSort;7797;2595;0;2720
100;100;2;BubbleSort;19906;4949;2502;12920
100;100;2;MergeSort;1344;542;0;9040
100;100;2;CountingSort;301;0;0;17080
100;100;2;QuickSort;2196;870;377;4070
100;100;2;InsertionSort;7738;2578;0;1990
100;100;2;BubbleSort;19614;4845;2481;10910
100;100;2;MergeSort;1344;545;0;11220
100;100;2;CountingSort;301;0;0;13250
100;100;2;QuickSort;2548;940;468;4140
100;100;2;InsertionSort;7485;2493;0;2040
100;100;2;BubbleSort;19356;4884;2397;13040
100;100;2;MergeSort;1344;537;0;10880
100;100;2;CountingSort;301;0;0;13500
100;100;2;QuickSort;2473;1108;387;4010
100;100;2;InsertionSort;7604;2532;0;1960
100;100;2;BubbleSort;19516;4884;2437;11080
100;100;2;MergeSort;1344;528;0;9660
100;100;2;CountingSort;301;0;0;14680
100;100;2;QuickSort;2720;1052;492;3700
100;100;2;InsertionSort;6823;2271;0;2050
100;100;2;BubbleSort;18602;4947;2177;15930
100;100;2;MergeSort;1344;544;0;8210
100;100;2;CountingSort;301;0;0;13720
100;100;2;QuickSort;2495;929;458;3940
100;100;2;InsertionSort;7115;2371;0;2360
100;100;2;BubbleSort;18920;4914;2273;12600
100;100;2;MergeSort;1344;548;0;11620
100;100;2;CountingSort;301;0;0;15000
100;100;2;QuickSort;2752;1051;500;3930
100;100;2;InsertionSort;7788;2592;0;2440
100;100;2;BubbleSort;19764;4884;2499;8590
100;100;2;MergeSort;1344;544;0;11870
100;100;2;CountingSort;301;0;0;13330
100;100;2;QuickSort;2316;888;408;14210
100;100;2;InsertionSort;7457;2481;0;2670
100;100;2;BubbleSort;19426;4935;2389;17220
100;100;2;MergeSort;1344;549;0;13700
100;100;2;CountingSort;301;0;0;14710
100;100;2;QuickSort;2481;984;434;3750
100;100;2;InsertionSort;7583;2527;0;2780
100;100;2;BubbleSort;19434;4859;2429;12600
100;100;2;MergeSort;1344;532;0;17220
100;100;2;CountingSort;301;0;0;15720
100;100;2;QuickSort;2519;965;454;3750
100;100;2;InsertionSort;8524;2838;0;2430
100;100;2;BubbleSort;20870;4947;2744;10720
100;100;2;MergeSort;1344;540;0;9660
100;100;2;CountingSort;301;0;0;12790
100;100;2;QuickSort;3019;1114;568;4120
100;100;2;InsertionSort;7590;2528;0;2210
100;100;2;BubbleSort;19472;4872;2432;18621
100;100;2;MergeSort;1344;545;0;11220
100;100;2;CountingSort;301;0;0;16670
100;100;2;QuickSort;2593;1000;463;3870
100;100;2;InsertionSort;7838;2610;0;2020
100;100;2;BubbleSort;19960;4950;2515;10920
100;100;2;MergeSort;1344;542;0;20930
100;100;3;CountingSort;301;0;0;21560
100;100;3;QuickSort;2428;874;448;175770
100;100;3;InsertionSort;7142;2378;0;296501
100;100;3;BubbleSort;19002;4935;2283;561422
100;100;3;MergeSort;1344;536;0;142960
100;100;3;CountingSort;301;0;0;15310
100;100;3;QuickSort;2751;1017;512;99820
100;100;3;InsertionSort;8182;2724;0;191651
100;100;3;BubbleSort;20180;4830;2630;570852
100;100;3;MergeSort;1344;543;0;98051
100;100;3;CountingSort;301;0;0;20200
100;100;3;QuickSort;2428;919;433;109300
100;100;3;InsertionSort;7077;2357;0;354961
100;100;3;BubbleSort;18704;4830;2261;499412
100;100;3;MergeSort;1344;537;0;94080
100;100;3;CountingSort;301;0;0;12620
100;100;3;QuickSort;2468;965;436;88080
100;100;3;InsertionSort;7539;2509;0;312981
100;100;3;BubbleSort;19354;4845;2416;414402
100;100;3;MergeSort;1344;540;0;45520
100;100;3;CountingSort;301;0;0;14940
100;100;3;QuickSort;2110;823;366;60890
100;100;3;InsertionSort;6744;2244;0;190001
100;100;3;BubbleSort;18232;4814;2151;383141
100;100;3;MergeSort;1344;546;0;34310
100;100;3;CountingSort;301;0;0;16460
100;100;3;QuickSort;2454;900;450;49160
100;100;3;InsertionSort;7884;2626;0;286851
100;100;3;BubbleSort;19810;4845;2530;330571
100;100;3;MergeSort;1344;546;0;32420
100;100;3;CountingSort;301;0;0;14550
100;100;3;QuickSort;2788;1039;513;20010
100;100;3;InsertionSort;7794;2596;0;229851
100;100;3;BubbleSort;19744;4872;2500;384871
100;100;3;MergeSort;1344;544;0;20170
100;100;3;CountingSort;301;0;0;13660
100;100;3;QuickSort;2449;964;428;39161
100;100;3;InsertionSort;7879;2625;0;173291
100;100;3;BubbleSort;19982;4935;2528;381371
100;100;3;MergeSort;1344;540;0;19910
100;100;3;CountingSort;301;0;0;20390
100;100;3;QuickSort;2796;1077;504;15630
100;100;3;InsertionSort;7674;2554;0;331301
100;100;3;BubbleSort;19562;4859;2461;451092
100;100;3;MergeSort;1344;535;0;20770
100;100;3;CountingSort;301;0;0;15680
100;100;3;QuickSort;3341;1295;617;12180
100;100;3;InsertionSort;8113;2699;0;197111
100;100;3;BubbleSort;20326;4947;2608;393001
100;100;3;MergeSort;1344;549;0;19480
100;100;3;CountingSort;301;0;0;17090
100;100;3;QuickSort;2276;902;394;9570
100;100;3;InsertionSort;8566;2850;0;273561
100;100;3;BubbleSort;20924;4944;2759;406242
100;100;3;MergeSort;1344;539;0;31840
100;100;3;CountingSort;301;0;0;17000
100;100;3;QuickSort;3273;1203;620;11200
100;100;3;InsertionSort;7342;2442;0;220500
100;100;3;BubbleSort;19298;4947;2351;410761
100;100;3;MergeSort;1344;546;0;26920
100;100;3;CountingSort;301;0;0;13840
100;100;3;QuickSort;2834;1034;530;21310
100;100;3;InsertionSort;7259;2419;0;204941
100;100;3;BubbleSort;19112;4914;2321;377791
100;100;3;MergeSort;1344;547;0;25710
100;100;3;CountingSort;301;0;0;15310
100;100;3;QuickSort;2614;1000;475;8360
100;100;3;InsertionSort;7681;2557;0;179181
100;100;3;BubbleSort;19542;4845;2463;100020
100;100;3;MergeSort;1344;538;0;25630
100;100;3;CountingSort;301;0;0;13320
100;100;3;QuickSort;2633;980;485;9670
100;100;3;InsertionSort;8172;2720;0;231551
100;100;3;BubbleSort;20378;4935;2627;41811
100;100;3;MergeSort;1344;550;0;21390
100;100;3;CountingSort;301;0;0;16090
100;100;3;QuickSort;2390;977;409;12100
100;100;3;InsertionSort;7065;2351;0;201051
100;100;3;BubbleSort;18902;4935;2258;44491
100;100;3;MergeSort;1344;533;0;19871
100;100;3;CountingSort;301;0;0;14890
100;100;3;QuickSort;2283;870;404;10150
100;100;3;InsertionSort;7421;2473;0;296701
100;100;3;BubbleSort;19388;4944;2375;116471
100;100;3;MergeSort;1344;536;0;17630
100;100;3;CountingSort;301;0;0;17030
100;100;3;QuickSort;2369;881;430;9760
100;100;3;InsertionSort;7751;2581;0;196031
100;100;3;BubbleSort;19572;4814;2486;155241
100;100;3;MergeSort;1344;539;0;29281
100;100;3;CountingSort;301;0;0;16320
100;100;3;QuickSort;2910;1146;519;10310
100;100;3;InsertionSort;7702;2566;0;270071
100;100;3;BubbleSort;19620;4872;2469;176101
100;100;3;MergeSort;1344;544;0;33410
100;100;3;CountingSort;301;0;0;13180
100;100;3;QuickSort;2964;1134;547;11280
100;100;3;InsertionSort;8462;2816;0;288061
100;100;3;BubbleSort;20290;4697;2724;110261
100;100;3;MergeSort;1344;533;0;27491
100;100;3;CountingSort;301;0;0;19520
100;100;3;QuickSort;2549;1004;447;10510
100;100;3;InsertionSort;6741;2245;0;162611
100;100;3;BubbleSort;18454;4929;2149;117411
100;100;3;MergeSort;1344;543;0;28590
100;100;3;CountingSort;301;0;0;14930
100;100;3;QuickSort;2983;1099;560;10890
100;100;3;InsertionSort;7564;2518;0;173190
100;100;3;BubbleSort;19524;4914;2424;85950
100;100;3;MergeSort;1344;545;0;23620
100;100;3;CountingSort;301;0;0;16110
100;100;3;QuickSort;2697;1029;491;10960
100;100;3;InsertionSort;8179;2719;0;330311
100;100;3;BubbleSort;20424;4950;2631;44310
100;100;3;MergeSort;1344;546;0;30450
100;100;3;CountingSort;301;0;0;16460
100;100;3;QuickSort;2349;930;410;9910
100;100;3;InsertionSort;7535;2511;0;196991
100;100;3;BubbleSort;19342;4845;2413;44560
100;100;3;MergeSort;1344;544;0;19960
100;100;3;CountingSort;301;0;0;15380
100;100;3;QuickSort;2585;1001;462;16251
100;100;3;InsertionSort;7866;2620;0;1342564
100;100;3;BubbleSort;19976;4940;2524;67450
100;100;3;MergeSort;1344;548;0;1206954
100;100;3;CountingSort;301;0;0;14200
100;100;3;QuickSort;3479;1370;635;11990
100;100;3;InsertionSort;8089;2693;0;43820
100;100;3;BubbleSort;20224;4914;2599;69100
100;100;3;MergeSort;1344;538;0;35040
100;100;3;CountingSort;301;0;0;12170
100;100;3;QuickSort;2458;937;440;9630
100;100;3;InsertionSort;7081;2357;0;32071
100;100;3;BubbleSort;18680;4814;2263;43370
100;100;3;MergeSort;1344;544;0;16060
100;100;3;CountingSort;301;0;0;11991
100;100;3;QuickSort;2459;920;446;15070
100;100;3;InsertionSort;8085;2693;0;26660
100;100;3;BubbleSort;20276;4944;2597;47190
100;100;3;MergeSort;1344;542;0;26560
100;100;3;CountingSort;301;0;0;19710
100;100;3;QuickSort;2261;860;401;7990
100;100;3;InsertionSort;8061;2685;0;60920
100;100;3;BubbleSort;20250;4947;2589;79080
100;100;3;MergeSort;1344;550;0;13870
100;100;3;CountingSort;301;0;0;13160
100;100;3;QuickSort;2511;933;458;7930
100;100;3;InsertionSort;6526;2172;0;27000
100;100;3;BubbleSort;17972;4830;2078;66871
100;100;3;MergeSort;1344;547;0;18590
100;100;3;CountingSort;301;0;0;19450
100;100;3;QuickSort;2227;883;383;8200
100;100;3;InsertionSort;8014;2668;0;39101
100;100;3;BubbleSort;20064;4884;2574;75610
100;100;3;MergeSort;1344;542;0;29690
100;100;3;CountingSort;301;0;0;13790
100;100;3;QuickSort;2773;1072;501;10780
100;100;3;InsertionSort;7407;2467;0;26370
100;100;3;BubbleSort;18922;4719;2371;99080
100;100;3;MergeSort;1344;551;0;51470
100;100;3;CountingSort;301;0;0;14900
100;100;3;QuickSort;2348;899;415;9680
100;100;3;InsertionSort;8361;2783;0;31020
100;100;3;BubbleSort;20354;4797;2690;47620
100;100;3;MergeSort;1344;549;0;19080
100;100;3;CountingSort;301;0;0;17820
100;100;3;QuickSort;3102;1209;563;12650
100;100;3;InsertionSort;7868;2620;0;29321
100;100;3;BubbleSort;19818;4859;2525;55690
100;100;3;MergeSort;1344;544;0;20060
100;100;3;CountingSort;301;0;0;13550
100;100;3;QuickSort;2072;812;355;9370
100;100;3;InsertionSort;7354;2450;0;29370
100;100;3;BubbleSort;19180;4884;2353;79660
100;100;3;MergeSort;1344;542;0;12830
100;100;3;CountingSort;301;0;0;14630
100;100;3;QuickSort;2174;854;374;9470
100;100;3;InsertionSort;6649;2211;0;23670
100;100;3;BubbleSort;17828;4674;2120;62160
100;100;3;MergeSort;1344;548;0;16200
100;100;3;CountingSort;301;0;0;16830
100;100;3;QuickSort;2154;822;378;9210
100;100;3;InsertionSort;7048;2348;0;34261
100;100;3;BubbleSort;18848;4922;2251;99160
100;100;3;MergeSort;1344;549;0;22640
100;100;3;CountingSort;301;0;0;14660
100;100;3;QuickSort;2349;882;422;16120
100;100;3;InsertionSort;7940;2644;0;28050
100;100;3;BubbleSort;20090;4947;2549;46210
100;100;3;MergeSort;1344;548;0;18240
100;100;3;CountingSort;301;0;0;18380
100;100;3;QuickSort;2754;1071;496;10590
100;100;3;InsertionSort;7816;2602;0;22120
100;100;3;BubbleSort;19842;4905;2508;58760
100;100;3;MergeSort;1344;545;0;24521
100;100;3;CountingSort;301;0;0;19900
100;100;3;QuickSort;2284;847;411;10640
100;100;3;InsertionSort;8274;2754;0;24410
100;100;3;BubbleSort;20472;4914;2661;57240
100;100;3;MergeSort;1344;543;0;28760
100;100;3;CountingSort;301;0;0;16970
100;100;3;QuickSort;2164;808;385;13830
100;100;3;InsertionSort;7987;2657;0;41500
100;100;3;BubbleSort;20144;4940;2566;88031
100;100;3;MergeSort;1344;537;0;15580
100;100;3;CountingSort;301;0;0;20060
100;100;3;QuickSort;2401;892;436;13160
100;100;3;InsertionSort;7731;2575;0;53210
100;100;3;BubbleSort;19804;4944;2479;93830
100;100;3;MergeSort;1344;540;0;11130
100;100;3;CountingSort;301;0;0;13860
100;100;3;QuickSort;2264;845;410;9510
100;100;3;InsertionSort;7441;2477;0;48170
100;100;3;BubbleSort;19250;4859;2383;56300
100;100;3;MergeSort;1344;553;0;9820
100;100;3;CountingSort;301;0;0;18740
100;100;3;QuickSort;2573;965;469;10010
100;100;3;InsertionSort;8064;2686;0;39380
100;100;3;BubbleSort;20188;4914;2590;153730
100;100;3;MergeSort;1344;545;0;26900
100;100;3;CountingSort;301;0;0;16060
100;100;3;QuickSort;2585;953;475;10020
100;100;3;InsertionSort;6612;2202;0;29670
100;100;3;BubbleSort;17944;4760;2106;85381
100;100;3;MergeSort;1344;540;0;15140
100;100;3;CountingSort;301;0;0;16250
100;100;3;QuickSort;2563;940;473;15600
100;100;3;InsertionSort;7162;2384;0;30171
100;100;3;BubbleSort;19054;4947;2290;151590
100;100;3;MergeSort;1344;537;0;33390
100;100;3;CountingSort;301;0;0;19640
100;100;3;QuickSort;2199;846;385;9590
100;100;3;InsertionSort;8042;2678;0;40950
100;100;3;BubbleSort;20022;4845;2583;84240
100;100;3;MergeSort;1344;538;0;16120
100;100;3;CountingSort;301;0;0;17900
100;100;3;QuickSort;2461;904;453;105050
100;100;3;InsertionSort;8124;2704;0;35700
100;100;3;BubbleSort;20162;4859;2611;149051
100;100;3;MergeSort;1344;547;0;10150
100;100;3;CountingSort;301;0;0;18600
100;100;3;QuickSort;2304;894;405;74080
100;100;3;InsertionSort;7172;2390;0;29460
100;100;3;BubbleSort;18516;4674;2292;78580
100;100;3;MergeSort;1344;545;0;14830
100;100;3;CountingSort;301;0;0;16150
100;100;3;QuickSort;2526;948;459;74760
100;100;3;InsertionSort;8403;2799;0;49620
100;100;3;BubbleSort;20710;4949;2703;154581
100;100;3;MergeSort;1344;544;0;22260
100;100;3;CountingSort;301;0;0;16530
100;100;3;QuickSort;2751;1020;510;79470
100;100;3;InsertionSort;7091;2361;0;39760
100;100;3;BubbleSort;18692;4814;2266;76970
100;100;3;MergeSort;1344;539;0;15220
100;100;3;CountingSort;301;0;0;18330
100;100;3;QuickSort;2804;1109;498;81951
100;100;3;InsertionSort;6903;2299;0;39481
100;100;3;BubbleSort;18602;4895;2203;150450
100;100;3;MergeSort;1344;541;0;15510
100;100;3;CountingSort;301;0;0;23340
100;100;3;QuickSort;2731;1027;505;88380
100;100;3;InsertionSort;7702;2564;0;92210
100;100;3;BubbleSort;19768;4944;2470;19640
100;100;3;MergeSort;1344;544;0;15470
100;100;3;CountingSort;301;0;0;18030
100;100;3;QuickSort;2370;903;424;71331
100;100;3;InsertionSort;8501;2831;0;74350
100;100;3;BubbleSort;20538;4797;2736;49960
100;100;3;MergeSort;1344;545;0;14570
100;100;3;CountingSort;301;0;0;17930
100;100;3;QuickSort;2229;831;402;50970
100;100;3;InsertionSort;7259;2417;0;43200
100;100;3;BubbleSort;19056;4884;2322;15980
100;100;3;MergeSort;1344;548;0;17020
100;100;3;CountingSort;301;0;0;13741
100;100;3;QuickSort;2840;1112;513;59560
100;100;3;InsertionSort;8457;2817;0;120840
100;100;3;BubbleSort;20728;4922;2721;12860
100;100;3;MergeSort;1344;541;0;27280
100;100;3;CountingSort;301;0;0;22280
100;100;3;QuickSort;2723;1016;503;22070
100;100;3;InsertionSort;8556;2848;0;24720
100;100;3;BubbleSort;20890;4935;2755;11750
100;100;3;MergeSort;1344;529;0;24170
100;100;3;CountingSort;301;0;0;13940
100;100;3;QuickSort;2370;918;418;4450
100;100;3;InsertionSort;7083;2357;0;33900
100;100;3;BubbleSort;18846;4895;2264;16660
100;100;3;MergeSort;1344;547;0;10420
100;100;3;CountingSort;301;0;0;13830
100;100;3;QuickSort;2359;904;420;4140
100;100;3;InsertionSort;7318;2438;0;23111
100;100;3;BubbleSort;18958;4797;2341;9060
100;100;3;MergeSort;1344;547;0;13790
100;100;3;CountingSort;301;0;0;14610
100;100;3;QuickSort;2369;917;418;4180
100;100;3;InsertionSort;7893;2629;0;105331
100;100;3;BubbleSort;19960;4914;2533;11280
100;100;3;MergeSort;1344;541;0;12580
100;100;3;CountingSort;301;0;0;13350
100;100;3;QuickSort;2360;953;400;5150
100;100;3;InsertionSort;8151;2713;0;82510
100;100;3;BubbleSort;20308;4914;2620;8890
100;100;3;MergeSort;1344;545;0;21050
100;100;3;CountingSort;301;0;0;19190
100;100;3;QuickSort;2300;896;399;5030
100;100;3;InsertionSort;7814;2602;0;93110
100;100;3;BubbleSort;19886;4929;2507;24930
100;100;3;MergeSort;1344;538;0;15270
100;100;3;CountingSort;301;0;0;17690
100;100;3;QuickSort;2847;1059;528;4860
100;100;3;InsertionSort;8410;2798;0;92990
100;100;3;BubbleSort;20686;4929;2707;26130
100;100;3;MergeSort;1344;544;0;11800
100;100;3;CountingSort;301;0;0;58110
100;100;3;QuickSort;2386;904;430;4060
100;100;3;InsertionSort;7594;2530;0;73980
100;100;3;BubbleSort;19590;4929;2433;27700
100;100;3;MergeSort;1344;544;0;12830
100;100;3;CountingSort;301;0;0;15150
100;100;3;QuickSort;2437;922;441;3980
100;100;3;InsertionSort;7573;2523;0;106231
100;100;3;BubbleSort;19472;4884;2426;12290
100;100;3;MergeSort;1344;544;0;17381
100;100;3;CountingSort;301;0;0;17050
100;100;3;QuickSort;2051;824;346;5860
100;100;3;InsertionSort;6854;2284;0;82221
100;100;3;BubbleSort;18044;4650;2186;11680
100;100;3;MergeSort;1344;538;0;13930
100;100;3;CountingSort;301;0;0;16370
100;100;3;QuickSort;2695;1009;494;3860
100;100;3;InsertionSort;6724;2240;0;78130
100;100;3;BubbleSort;18010;4719;2143;13860
100;100;3;MergeSort;1344;542;0;14590
100;100;3;CountingSort;301;0;0;25750
100;100;3;QuickSort;2332;919;405;3980
100;100;3;InsertionSort;8411;2801;0;126161
100;100;3;BubbleSort;20652;4914;2706;9800
100;100;3;MergeSort;1344;536;0;9680
100;100;3;CountingSort;301;0;0;19661
100;100;3;QuickSort;2422;895;443;11780
100;100;3;InsertionSort;7125;2373;0;70310
100;100;3;BubbleSort;18666;4779;2277;8480
100;100;3;MergeSort;1344;536;0;10920
100;100;3;CountingSort;301;0;0;15340
100;100;3;QuickSort;2486;971;439;3960
100;100;3;InsertionSort;7128;2372;0;76580
100;100;3;BubbleSort;18926;4905;2279;23540
100;100;3;MergeSort;1344;549;0;14380
100;100;3;CountingSort;301;0;0;13740
100;100;3;QuickSort;2937;1068;553;4960
100;100;3;InsertionSort;7697;2563;0;95050
100;100;3;BubbleSort;19772;4950;2468;15270
100;100;3;MergeSort;1344;539;0;10950
100;100;3;CountingSort;301;0;0;15750
100;100;3;QuickSort;2573;944;477;4060
100;100;3;InsertionSort;7756;2582;0;97710
100;100;3;BubbleSort;19796;4922;2488;16630
100;100;3;MergeSort;1344;527;0;10070
100;100;3;CountingSort;301;0;0;15550
100;100;3;QuickSort;2086;832;353;9610
100;100;3;InsertionSort;7125;2371;0;3360
100;100;3;BubbleSort;18992;4940;2278;11560
100;100;3;MergeSort;1344;550;0;10010
100;100;3;CountingSort;301;0;0;18110
100;100;3;QuickSort;2422;907;439;3970
100;100;3;InsertionSort;7963;2651;0;2330
100;100;3;BubbleSort;20038;4905;2557;8600
100;100;3;MergeSort;1344;540;0;12310
100;100;3;CountingSort;301;0;0;15830
100;100;3;QuickSort;2451;915;444;3970
100;100;3;InsertionSort;7338;2444;0;2870
100;100;3;BubbleSort;19272;4940;2348;10490
100;100;3;MergeSort;1344;536;0;11030
100;100;3;CountingSort;301;0;0;13590
100;100;3;QuickSort;2488;952;445;4910
100;100;3;InsertionSort;7875;2621;0;2010
100;100;3;BubbleSort;19632;4760;2528;8800
100;100;3;MergeSort;1344;543;0;10560
100;100;3;CountingSort;301;0;0;14180
100;100;3;QuickSort;2583;996;463;4870
100;100;3;InsertionSort;7884;2624;0;3020
100;100;3;BubbleSort;20022;4949;2531;14320
100;100;3;MergeSort;1344;535;0;13530
100;100;3;CountingSort;301;0;0;13130
100;100;3;QuickSort;2114;851;358;3830
100;100;3;InsertionSort;7697;2563;0;3660
100;100;3;BubbleSort;19770;4949;2468;10710
100;100;3;MergeSort;1344;549;0;20590
100;100;3;CountingSort;301;0;0;14680
100;100;3;QuickSort;2592;1023;457;3830
100;100;3;InsertionSort;7474;2488;0;3510
100;100;3;BubbleSort;19204;4814;2394;10940
100;100;3;MergeSort;1344;549;0;12700
100;100;3;CountingSort;301;0;0;20820
100;100;3;QuickSort;2643;1050;468;6370
100;100;3;InsertionSort;8091;2695;0;2120
100;100;3;BubbleSort;20186;4895;2599;9490
100;100;3;MergeSort;1344;535;0;12820
100;100;3;CountingSort;301;0;0;16670
100;100;3;QuickSort;2224;838;401;6030
100;100;3;InsertionSort;7782;2592;0;2470
100;100;3;BubbleSort;19794;4905;2496;13160
100;100;3;MergeSort;1344;539;0;10650
100;100;3;CountingSort;301;0;0;12920
100;100;3;QuickSort;2563;1063;434;4630
100;100;3;InsertionSort;8118;2704;0;2220
100;100;3;BubbleSort;19870;4719;2608;12851
100;100;3;MergeSort;1344;550;0;11310
100;100;3;CountingSort;301;0;0;18170
100;100;3;QuickSort;2757;1035;506;4540
100;100;3;InsertionSort;7292;2428;0;1930
100;100;3;BubbleSort;19212;4940;2333;12660
100;100;3;MergeSort;1344;543;0;13950
100;100;3;CountingSort;301;0;0;14230
100;100;3;QuickSort;2378;944;409;4460
100;100;3;InsertionSort;7997;2663;0;2440
100;100;3;BubbleSort;19752;4740;2568;12600
100;100;3;MergeSort;1344;538;0;10390
100;100;3;CountingSort;301;0;0;15250
100;100;3;QuickSort;2522;947;461;4540
100;100;3;InsertionSort;7770;2588;0;2010
100;100;3;BubbleSort;19712;4872;2492;11210
100;100;3;MergeSort;1344;541;0;16970
100;100;3;CountingSort;301;0;0;13150
100;100;3;QuickSort;2817;1134;496;4950
100;100;3;InsertionSort;7312;2434;0;2710
100;100;3;BubbleSort;18610;4625;2340;11870
100;100;3;MergeSort;1344;542;0;16860
100;100;3;CountingSort;301;0;0;13070
100;100;3;QuickSort;2411;917;434;4030
100;100;3;InsertionSort;7720;2570;0;2430
100;100;3;BubbleSort;19154;4625;2476;8560
100;100;3;MergeSort;1344;541;0;14160
100;100;3;CountingSort;301;0;0;16620
100;100;3;QuickSort;2584;1057;443;5090
100;100;3;InsertionSort;8465;2817;0;2060
100;100;3;BubbleSort;20758;4929;2725;8990
100;100;3;MergeSort;1344;553;0;9910
100;100;3;CountingSort;301;0;0;15280
100;100;3;QuickSort;2899;1093;533;4720
100;100;3;InsertionSort;7554;2516;0;2240
100;100;3;BubbleSort;19308;4814;2420;11750
100;100;3;MergeSort;1344;535;0;11680
100;100;3;CountingSort;301;0;0;19100
100;100;3;QuickSort;2500;910;459;4170
100;100;3;InsertionSort;7390;2460;0;2410
100;100;3;BubbleSort;19358;4947;2366;12460
100;100;3;MergeSort;1344;542;0;11750
100;100;3;CountingSort;301;0;0;21850
100;100;3;QuickSort;2446;961;426;4070
100;100;3;InsertionSort;7953;2649;0;1980
100;100;3;BubbleSort;20082;4935;2553;11561
100;100;3;MergeSort;1344;545;0;14630
100;100;3;CountingSort;301;0;0;13860
100;100;3;QuickSort;2277;921;390;4720
100;100;3;InsertionSort;8459;2815;0;2580
100;100;3;BubbleSort;20762;4935;2723;14670
100;100;3;MergeSort;1344;531;0;17610
100;100;3;CountingSort;301;0;0;14650
100;100;3;QuickSort;2669;980;495;4750
100;100;3;InsertionSort;7812;2600;0;2671
100;100;3;BubbleSort;19926;4949;2507;15510
100;100;3;MergeSort;1344;548;0;12570
100;100;3;CountingSort;301;0;0;14560
100;100;3;QuickSort;2540;986;454;6030
100;100;3;InsertionSort;8523;2837;0;2600
100;100;3;BubbleSort;20804;4914;2744;8560
100;100;3;MergeSort;1344;547;0;10900
100;100;3;CountingSort;301;0;0;20851
100;100;3;QuickSort;2908;1075;547;5030
100;100;3;InsertionSort;6376;2124;0;2670
100;100;3;BubbleSort;17978;4935;2027;25840
100;100;3;MergeSort;1344;540;0;10520
100;100;3;CountingSort;301;0;0;14860
100;100;3;QuickSort;2397;876;442;6180
100;100;3;InsertionSort;7139;2377;0;2800
100;100;3;BubbleSort;18722;4797;2282;11930
100;100;3;MergeSort;1344;540;0;13760
100;100;3;CountingSort;301;0;0;13380
100;100;3;QuickSort;2556;972;460;5100
100;100;3;InsertionSort;7404;2466;0;2190
100;100;3;BubbleSort;19360;4940;2370;8380
100;100;3;MergeSort;1344;541;0;29550
100;100;3;CountingSort;301;0;0;14420
100;100;3;QuickSort;2238;906;376;4770
100;100;3;InsertionSort;7419;2469;0;2460
100;100;3;BubbleSort;19404;4950;2376;9850
100;100;3;MergeSort;1344;538;0;10490
100;100;3;CountingSort;301;0;0;18450
100;100;3;QuickSort;2536;982;450;4040
100;100;3;InsertionSort;8524;2836;0;2570
100;100;3;BubbleSort;20824;4922;2745;8800
100;100;3;MergeSort;1344;543;0;14290
100;100;3;CountingSort;301;0;0;18370
100;100;3;QuickSort;2812;1084;512;3810
100;100;3;InsertionSort;8168;2720;0;3440
100;100;3;BubbleSort;20268;4884;2625;11130
100;100;3;MergeSort;1344;539;0;11290
100;100;4;CountingSort;301;0;0;26050
100;100;4;QuickSort;2539;946;463;190391
100;100;4;InsertionSort;8742;2912;0;389811
100;100;4;BubbleSort;21074;4905;2816;809213
100;100;4;MergeSort;1344;555;0;140141
100;100;4;CountingSort;301;0;0;16340
100;100;4;QuickSort;2922;1116;533;122711
100;100;4;InsertionSort;8320;2770;0;219280
100;100;4;BubbleSort;20514;4905;2676;441881
100;100;4;MergeSort;1344;537;0;138880
100;100;4;CountingSort;301;0;0;19970
100;100;4;QuickSort;2341;913;409;96060
100;100;4;InsertionSort;6901;2299;0;174731
100;100;4;BubbleSort;18552;4872;2202;471332
100;100;4;MergeSort;1344;548;0;99960
100;100;4;CountingSort;301;0;0;13650
100;100;4;QuickSort;2426;908;436;70150
100;100;4;InsertionSort;9093;3027;0;213421
100;100;4;BubbleSort;21606;4935;2934;364231
100;100;4;MergeSort;1344;532;0;54580
100;100;4;CountingSort;301;0;0;11880
100;100;4;QuickSort;2532;1035;432;76610
100;100;4;InsertionSort;7775;2589;0;240981
100;100;4;BubbleSort;19720;4872;2494;475771
100;100;4;MergeSort;1344;550;0;41770
100;100;4;CountingSort;301;0;0;16890
100;100;4;QuickSort;2565;996;460;44510
100;100;4;InsertionSort;8180;2724;0;250480
100;100;4;BubbleSort;20260;4872;2629;460411
100;100;4;MergeSort;1344;535;0;22030
100;100;4;CountingSort;301;0;0;15150
100;100;4;QuickSort;2459;1013;417;23830
100;100;4;InsertionSort;6723;2239;0;185251
100;100;4;BubbleSort;18430;4929;2143;518831
100;100;4;MergeSort;1344;542;0;27300
100;100;4;CountingSort;301;0;0;16550
100;100;4;QuickSort;2578;1000;463;16350
100;100;4;InsertionSort;7158;2384;0;264540
100;100;4;BubbleSort;18590;4719;2288;439531
100;100;4;MergeSort;1344;537;0;35910
100;100;4;CountingSort;301;0;0;15030
100;100;4;QuickSort;2380;877;433;18830
100;100;4;InsertionSort;7669;2553;0;202900
100;100;4;BubbleSort;19554;4859;2459;391331
100;100;4;MergeSort;1344;546;0;20390
100;100;4;CountingSort;301;0;0;17890
100;100;4;QuickSort;2327;932;398;8330
100;100;4;InsertionSort;7354;2450;0;198691
100;100;4;BubbleSort;19040;4814;2353;296621
100;100;4;MergeSort;1344;537;0;19580
100;100;4;CountingSort;301;0;0;15310
100;100;4;QuickSort;2800;1105;497;8710
100;100;4;InsertionSort;7133;2373;0;214531
100;100;4;BubbleSort;18982;4929;2281;416232
100;100;4;MergeSort;1344;533;0;15800
100;100;4;CountingSort;301;0;0;18340
100;100;4;QuickSort;2839;1057;529;8670
100;100;4;InsertionSort;7160;2386;0;204540
100;100;4;BubbleSort;18962;4905;2288;377881
100;100;4;MergeSort;1344;544;0;29100
100;100;4;CountingSort;301;0;0;24140
100;100;4;QuickSort;2553;1059;432;17060
100;100;4;InsertionSort;7243;2411;0;238891
100;100;4;BubbleSort;19058;4895;2317;444151
100;100;4;MergeSort;1344;537;0;31600
100;100;4;CountingSort;301;0;0;15420
100;100;4;QuickSort;2468;959;435;8570
100;100;4;InsertionSort;7204;2396;0;225320
100;100;4;BubbleSort;19030;4905;2305;111240
100;100;4;MergeSort;1344;538;0;29700
100;100;4;CountingSort;301;0;0;15100
100;100;4;QuickSort;2673;1023;483;9770
100;100;4;InsertionSort;7242;2410;0;164221
100;100;4;BubbleSort;19058;4895;2317;104661
100;100;4;MergeSort;1344;546;0;38081
100;100;4;CountingSort;301;0;0;13730
100;100;4;QuickSort;3565;1390;658;13450
100;100;4;InsertionSort;7722;2572;0;220071
100;100;4;BubbleSort;19694;4895;2476;64950
100;100;4;MergeSort;1344;532;0;20280
100;100;4;CountingSort;301;0;0;12090
100;100;4;QuickSort;2737;1069;489;10490
100;100;4;InsertionSort;7767;2585;0;220351
100;100;4;BubbleSort;19826;4929;2492;65881
100;100;4;MergeSort;1344;546;0;15550
100;100;4;CountingSort;301;0;0;13000
100;100;4;QuickSort;2600;1010;461;10010
100;100;4;InsertionSort;8126;2706;0;242351
100;100;4;BubbleSort;20344;4950;2611;67230
100;100;4;MergeSort;1344;543;0;15990
100;100;4;CountingSort;301;0;0;17480
100;100;4;QuickSort;2753;1004;518;11400
100;100;4;InsertionSort;7657;2549;0;238661
100;100;4;BubbleSort;19300;4740;2455;158361
100;100;4;MergeSort;1344;543;0;19050
100;100;4;CountingSort;301;0;0;21290
100;100;4;QuickSort;2171;815;385;9930
100;100;4;InsertionSort;7781;2591;0;227591
100;100;4;BubbleSort;19794;4905;2496;169931
100;100;4;MergeSort;1344;535;0;26051
100;100;4;CountingSort;301;0;0;18850
100;100;4;QuickSort;2653;979;491;10171
100;100;4;InsertionSort;6222;2072;0;189550
100;100;4;BubbleSort;17252;4674;1976;150510
100;100;4;MergeSort;1344;546;0;29560
100;100;4;CountingSort;301;0;0;14730
100;100;4;QuickSort;2984;1136;554;10410
100;100;4;InsertionSort;7909;2633;0;195881
100;100;4;BubbleSort;20000;4922;2539;119420
100;100;4;MergeSort;1344;543;0;32050
100;100;4;CountingSort;301;0;0;17100
100;100;4;QuickSort;2767;1039;506;10890
100;100;4;InsertionSort;7690;2562;0;165911
100;100;4;BubbleSort;19628;4884;2465;54481
100;100;4;MergeSort;1344;554;0;30431
100;100;4;CountingSort;301;0;0;21690
100;100;4;QuickSort;2472;921;448;9400
100;100;4;InsertionSort;7550;2514;0;190570
100;100;4;BubbleSort;18820;4572;2419;98630
100;100;4;MergeSort;1344;556;0;27130
100;100;4;CountingSort;301;0;0;14621
100;100;4;QuickSort;2372;875;431;10180
100;100;4;InsertionSort;7821;2605;0;107120
100;100;4;BubbleSort;19726;4845;2509;1716025
100;100;4;MergeSort;1344;544;0;1702445
100;100;4;CountingSort;301;0;0;13960
100;100;4;QuickSort;2479;931;452;11290
100;100;4;InsertionSort;7945;2647;0;35460
100;100;4;BubbleSort;20094;4947;2550;90510
100;100;4;MergeSort;1344;536;0;14710
100;100;4;CountingSort;301;0;0;13330
100;100;4;QuickSort;2619;972;480;12920
100;100;4;InsertionSort;7751;2581;0;27570
100;100;4;BubbleSort;19662;4859;2486;88981
100;100;4;MergeSort;1344;538;0;23500
100;100;4;CountingSort;301;0;0;14891
100;100;4;QuickSort;2216;866;382;18210
100;100;4;InsertionSort;8621;2871;0;31710
100;100;4;BubbleSort;20974;4935;2776;43250
100;100;4;MergeSort;1344;540;0;26430
100;100;4;CountingSort;301;0;0;18150
100;100;4;QuickSort;2692;1075;474;10540
100;100;4;InsertionSort;7352;2448;0;26110
100;100;4;BubbleSort;18932;4760;2353;45690
100;100;4;MergeSort;1344;548;0;17350
100;100;4;CountingSort;301;0;0;23000
100;100;4;QuickSort;2807;1079;508;10780
100;100;4;InsertionSort;8084;2692;0;37980
100;100;4;BubbleSort;20288;4950;2597;68090
100;100;4;MergeSort;1344;545;0;15190
100;100;4;CountingSort;301;0;0;17990
100;100;4;QuickSort;2702;1052;484;8490
100;100;4;InsertionSort;7542;2510;0;38680
100;100;4;BubbleSort;19328;4830;2417;59610
100;100;4;MergeSort;1344;540;0;23650
100;100;4;CountingSort;301;0;0;15930
100;100;4;QuickSort;2962;1102;547;11410
100;100;4;InsertionSort;7964;2654;0;79191
100;100;4;BubbleSort;19662;4719;2556;83591
100;100;4;MergeSort;1344;545;0;30750
100;100;4;CountingSort;301;0;0;14110
100;100;4;QuickSort;2276;890;396;17210
100;100;4;InsertionSort;8821;2933;0;25100
100;100;4;BubbleSort;21238;4929;2845;86550
100;100;4;MergeSort;1344;537;0;29120
100;100;4;CountingSort;301;0;0;18230
100;100;4;QuickSort;2729;1061;488;12900
100;100;4;InsertionSort;7606;2530;0;58600
100;100;4;BubbleSort;19600;4922;2439;54841
100;100;4;MergeSort;1344;539;0;19430
100;100;4;CountingSort;301;0;0;23240
100;100;4;QuickSort;2148;837;369;16181
100;100;4;InsertionSort;7351;2449;0;121490
100;100;4;BubbleSort;19198;4895;2352;53620
100;100;4;MergeSort;1344;544;0;13380
100;100;4;CountingSort;301;0;0;29470
100;100;4;QuickSort;2485;934;448;9800
100;100;4;InsertionSort;8150;2714;0;28790
100;100;4;BubbleSort;20374;4949;2619;64520
100;100;4;MergeSort;1344;545;0;21260
100;100;4;CountingSort;301;0;0;17140
100;100;4;QuickSort;2220;840;391;9730
100;100;4;InsertionSort;7576;2524;0;80790
100;100;4;BubbleSort;19596;4944;2427;103481
100;100;4;MergeSort;1344;546;0;14230
100;100;4;CountingSort;301;0;0;14380
100;100;4;QuickSort;2717;1052;490;10470
100;100;4;InsertionSort;7800;2598;0;43070
100;100;4;BubbleSort;19636;4814;2502;148680
100;100;4;MergeSort;1344;544;0;15660
100;100;4;CountingSort;301;0;0;17710
100;100;4;QuickSort;2255;863;400;9710
100;100;4;InsertionSort;7331;2441;0;33780
100;100;4;BubbleSort;19284;4950;2346;102250
100;100;4;MergeSort;1344;539;0;31840
100;100;4;CountingSort;301;0;0;18330
100;100;4;QuickSort;2421;921;437;15341
100;100;4;InsertionSort;7867;2617;0;33480
100;100;4;BubbleSort;19794;4845;2526;148480
100;100;4;MergeSort;1344;543;0;17220
100;100;4;CountingSort;301;0;0;14640
100;100;4;QuickSort;2461;916;447;11460
100;100;4;InsertionSort;6980;2326;0;44510
100;100;4;BubbleSort;18680;4884;2228;74841
100;100;4;MergeSort;1344;544;0;13050
100;100;4;CountingSort;301;0;0;18640
100;100;4;QuickSort;2423;941;426;11350
100;100;4;InsertionSort;7198;2398;0;20540
100;100;4;BubbleSort;18642;4719;2301;230171
100;100;4;MergeSort;1344;549;0;13650
100;100;4;CountingSort;301;0;0;14950
100;100;4;QuickSort;2628;1047;462;11210
100;100;4;InsertionSort;6624;2206;0;23690
100;100;4;BubbleSort;17878;4719;2110;79830
100;100;4;MergeSort;1344;539;0;13210
100;100;4;CountingSort;301;0;0;18510
100;100;4;QuickSort;2663;959;498;105730
100;100;4;InsertionSort;7582;2524;0;48900
100;100;4;BubbleSort;19438;4859;2430;139081
100;100;4;MergeSort;1344;539;0;23980
100;100;4;CountingSort;301;0;0;15590
100;100;4;QuickSort;2509;934;457;54270
100;100;4;InsertionSort;8261;2751;0;33410
100;100;4;BubbleSort;20512;4944;2656;81010
100;100;4;MergeSort;1344;545;0;24220
100;100;4;CountingSort;301;0;0;15710
100;100;4;QuickSort;2640;1041;467;50730
100;100;4;InsertionSort;7988;2662;0;105030
100;100;4;BubbleSort;20046;4895;2564;147361
100;100;4;MergeSort;1344;539;0;16000
100;100;4;CountingSort;301;0;0;19740
100;100;4;QuickSort;2832;1098;511;49530
100;100;4;InsertionSort;6517;2171;0;50910
100;100;4;BubbleSort;18014;4859;2074;14900
100;100;4;MergeSort;1344;540;0;13770
100;100;4;CountingSort;301;0;0;19430
100;100;4;QuickSort;2546;998;452;45110
100;100;4;InsertionSort;9216;3068;0;38800
100;100;4;BubbleSort;21528;4814;2975;10990
100;100;4;MergeSort;1344;541;0;15290
100;100;4;CountingSort;301;0;0;17050
100;100;4;QuickSort;2377;913;418;59701
100;100;4;InsertionSort;7758;2582;0;43610
100;100;4;BubbleSort;19856;4950;2489;23900
100;100;4;MergeSort;1344;537;0;14110
100;100;4;CountingSort;301;0;0;13640
100;100;4;QuickSort;2739;1005;510;19460
100;100;4;InsertionSort;8294;2762;0;146181
100;100;4;BubbleSort;20566;4949;2667;11110
100;100;4;MergeSort;1344;538;0;12280
100;100;4;CountingSort;301;0;0;17740
100;100;4;QuickSort;2472;975;436;4810
100;100;4;InsertionSort;7956;2650;0;24100
100;100;4;BubbleSort;20116;4950;2554;8560
100;100;4;MergeSort;1344;538;0;16600
100;100;4;CountingSort;301;0;0;18850
100;100;4;QuickSort;2536;916;473;7580
100;100;4;InsertionSort;7336;2444;0;26280
100;100;4;BubbleSort;18982;4797;2347;21370
100;100;4;MergeSort;1344;536;0;32540
100;100;4;CountingSort;301;0;0;15290
100;100;4;QuickSort;2504;1010;430;3860
100;100;4;InsertionSort;7432;2472;0;80980
100;100;4;BubbleSort;19152;4814;2381;16340
100;100;4;MergeSort;1344;547;0;12550
100;100;4;CountingSort;301;0;0;15070
100;100;4;QuickSort;2596;955;480;4780
100;100;4;InsertionSort;8318;2770;0;45461
100;100;4;BubbleSort;20544;4922;2675;15950
100;100;4;MergeSort;1344;551;0;11220
100;100;4;CountingSort;301;0;0;17200
100;100;4;QuickSort;2324;902;407;4560
100;100;4;InsertionSort;8537;2841;0;30760
100;100;4;BubbleSort;20824;4914;2749;22310
100;100;4;MergeSort;1344;541;0;17560
100;100;4;CountingSort;301;0;0;12850
100;100;4;QuickSort;2755;1045;503;4820
100;100;4;InsertionSort;8603;2865;0;36030
100;100;4;BubbleSort;20770;4845;2770;14740
100;100;4;MergeSort;1344;545;0;20590
100;100;4;CountingSort;301;0;0;13020
100;100;4;QuickSort;2312;905;402;4890
100;100;4;InsertionSort;6920;2306;0;92450
100;100;4;BubbleSort;18676;4922;2208;10790
100;100;4;MergeSort;1344;539;0;8850
100;100;4;CountingSort;301;0;0;17950
100;100;4;QuickSort;2506;949;454;4510
100;100;4;InsertionSort;7468;2486;0;73080
100;100;4;BubbleSort;19448;4940;2392;16560
100;100;4;MergeSort;1344;538;0;10080
100;100;4;CountingSort;301;0;0;21110
100;100;4;QuickSort;2894;1055;547;3670
100;100;4;InsertionSort;7312;2436;0;197850
100;100;4;BubbleSort;19166;4905;2339;14130
100;100;4;MergeSort;1344;547;0;11490
100;100;4;CountingSort;301;0;0;14030
100;100;4;QuickSort;3106;1144;584;3960
100;100;4;InsertionSort;8033;2677;0;90791
100;100;4;BubbleSort;20144;4914;2579;11840
100;100;4;MergeSort;1344;546;0;10540
100;100;4;CountingSort;301;0;0;12640
100;100;4;QuickSort;2790;1038;516;4590
100;100;4;InsertionSort;8087;2689;0;73651
100;100;4;BubbleSort;20118;4859;2600;14151
100;100;4;MergeSort;1344;545;0;47350
100;100;4;CountingSort;301;0;0;19161
100;100;4;QuickSort;2278;919;392;4700
100;100;4;InsertionSort;8785;2923;0;86650
100;100;4;BubbleSort;21138;4905;2832;27270
100;100;4;MergeSort;1344;536;0;13460
100;100;4;CountingSort;301;0;0;16410
100;100;4;QuickSort;2499;924;460;4560
100;100;4;InsertionSort;8206;2732;0;188441
100;100;4;BubbleSort;20180;4814;2638;49190
100;100;4;MergeSort;1344;548;0;11450
100;100;4;CountingSort;301;0;0;17000
100;100;4;QuickSort;2371;868;433;4660
100;100;4;InsertionSort;7465;2487;0;3560
100;100;4;BubbleSort;19278;4859;2390;11760
100;100;4;MergeSort;1344;540;0;13120
100;100;4;CountingSort;301;0;0;17660
100;100;4;QuickSort;2444;917;443;3830
100;100;4;InsertionSort;7848;2612;0;3540
100;100;4;BubbleSort;19976;4950;2519;19290
100;100;4;MergeSort;1344;546;0;20100
100;100;4;CountingSort;301;0;0;16590
100;100;4;QuickSort;2871;1101;521;3940
100;100;4;InsertionSort;7504;2500;0;2610
100;100;4;BubbleSort;19006;4697;2403;100501
100;100;4;MergeSort;1344;539;0;22820
100;100;4;CountingSort;301;0;0;67561
100;100;4;QuickSort;2373;897;428;4560
100;100;4;InsertionSort;8490;2828;0;2570
100;100;4;BubbleSort;20738;4905;2732;120680
100;100;4;MergeSort;1344;541;0;17490
100;100;4;CountingSort;301;0;0;17490
100;100;4;QuickSort;2595;966;475;4100
100;100;4;InsertionSort;7438;2478;0;2680
100;100;4;BubbleSort;19334;4905;2381;93950
100;100;4;MergeSort;1344;544;0;23280
100;100;4;CountingSort;301;0;0;16600
100;100;4;QuickSort;3118;1159;587;15020
100;100;4;InsertionSort;7827;2607;0;3540
100;100;4;BubbleSort;19438;4697;2511;76690
100;100;4;MergeSort;1344;551;0;11130
100;100;4;CountingSort;301;0;0;18120
100;100;4;QuickSort;2133;864;359;4490
100;100;4;InsertionSort;7174;2388;0;2840
100;100;4;BubbleSort;19034;4929;2294;147900
100;100;4;MergeSort;1344;531;0;14030
100;100;4;CountingSort;301;0;0;16390
100;100;4;QuickSort;2709;1008;499;3930
100;100;4;InsertionSort;8041;2677;0;2420
100;100;4;BubbleSort;20220;4944;2583;60291
100;100;4;MergeSort;1344;543;0;15830
100;100;4;CountingSort;301;0;0;15911
100;100;4;QuickSort;2756;1052;500;4750
100;100;4;InsertionSort;6549;2181;0;1940
100;100;4;BubbleSort;18108;4884;2085;123510
100;100;4;MergeSort;1344;530;0;12180
100;100;4;CountingSort;301;0;0;17730
100;100;4;QuickSort;3515;1346;655;4060
100;100;4;InsertionSort;7654;2546;0;1980
100;100;4;BubbleSort;19714;4947;2455;47920
100;100;4;MergeSort;1344;541;0;13320
100;100;4;CountingSort;301;0;0;16400
100;100;4;QuickSort;2479;1060;409;4480
100;100;4;InsertionSort;7713;2569;0;2710
100;100;4;BubbleSort;19750;4929;2473;141091
100;100;4;MergeSort;1344;552;0;13200
100;100;4;CountingSort;301;0;0;19180
100;100;4;QuickSort;2537;950;463;4540
100;100;4;InsertionSort;8384;2792;0;2580
100;100;4;BubbleSort;20658;4935;2697;56160
100;100;4;MergeSort;1344;536;0;11170
100;100;4;CountingSort;301;0;0;16890
100;100;4;QuickSort;2612;998;473;4420
100;100;4;InsertionSort;8700;2898;0;2510
100;100;4;BubbleSort;21102;4947;2802;149440
100;100;4;MergeSort;1344;532;0;13290
100;100;4;CountingSort;301;0;0;17840
100;100;4;QuickSort;2560;1009;454;4620
100;100;4;InsertionSort;7469;2485;0;2280
100;100;4;BubbleSort;19232;4830;2393;66830
100;100;4;MergeSort;1344;543;0;12840
100;100;4;CountingSort;301;0;0;16340
100;100;4;QuickSort;2377;997;397;4500
100;100;4;InsertionSort;7868;2618;0;3610
100;100;4;BubbleSort;20002;4949;2526;123830
100;100;4;MergeSort;1344;542;0;14720
100;100;4;CountingSort;301;0;0;16930
100;100;4;QuickSort;2487;915;458;4540
100;100;4;InsertionSort;7753;2581;0;9270
100;100;4;BubbleSort;19818;4935;2487;77821
100;100;4;MergeSort;1344;543;0;13680
100;100;4;CountingSort;301;0;0;18870
100;100;4;QuickSort;2373;909;423;4380
100;100;4;InsertionSort;8423;2805;0;3580
100;100;4;BubbleSort;20710;4935;2710;130080
100;100;4;MergeSort;1344;545;0;22120
100;100;4;CountingSort;301;0;0;16690
100;100;4;QuickSort;2643;963;493;4470
100;100;4;InsertionSort;7465;2487;0;1940
100;100;4;BubbleSort;19328;4884;2390;68730
100;100;4;MergeSort;1344;548;0;15610
100;100;4;CountingSort;301;0;0;15770
100;100;4;QuickSort;3410;1280;644;4630
100;100;4;InsertionSort;7618;2538;0;2120
100;100;4;BubbleSort;19508;4872;2441;167430
100;100;4;MergeSort;1344;545;0;13680
100;100;4;CountingSort;301;0;0;16900
100;100;4;QuickSort;2070;810;358;4350
100;100;4;InsertionSort;7995;2661;0;2360
100;100;4;BubbleSort;20040;4884;2568;60430
100;100;4;MergeSort;1344;542;0;14590
100;100;4;CountingSort;301;0;0;16160
100;100;4;QuickSort;3254;1214;615;4500
100;100;4;InsertionSort;8062;2686;0;2300
100;100;4;BubbleSort;20146;4895;2589;9630
100;100;4;MergeSort;1344;544;0;13330
100;100;4;CountingSort;301;0;0;15660
100;100;4;QuickSort;2195;830;388;4550
100;100;4;InsertionSort;7819;2601;0;2100
100;100;4;BubbleSort;19668;4814;2510;20560
100;100;4;MergeSort;1344;541;0;12650
100;100;4;CountingSort;301;0;0;13030
100;100;4;QuickSort;2455;943;441;4390
100;100;4;InsertionSort;7566;2520;0;2660
100;100;4;BubbleSort;19524;4914;2424;15410
100;100;4;MergeSort;1344;541;0;10320
100;100;4;CountingSort;301;0;0;13090
100;100;4;QuickSort;2483;953;445;3760
100;100;4;InsertionSort;8085;2693;0;2150
100;100;4;BubbleSort;20078;4845;2597;10860
100;100;4;MergeSort;1344;548;0;16870
100;100;4;CountingSort;301;0;0;13900
100;100;4;QuickSort;2475;909;455;4500
100;100;4;InsertionSort;7587;2527;0;2350
100;100;4;BubbleSort;19618;4947;2431;14940
100;100;4;MergeSort;1344;541;0;10700
100;100;4;CountingSort;301;0;0;12140
100;100;4;QuickSort;2313;879;410;3860
100;100;4;InsertionSort;7580;2524;0;2710
100;100;4;BubbleSort;19274;4779;2429;8470
100;100;4;MergeSort;1344;540;0;11570
100;100;4;CountingSort;301;0;0;14820
100;100;4;QuickSort;2623;1030;464;3740
100;100;4;InsertionSort;7614;2532;0;2380
100;100;4;BubbleSort;19666;4949;2442;15570
100;100;4;MergeSort;1344;546;0;9170
100;100;4;CountingSort;301;0;0;15670
100;100;4;QuickSort;2668;1027;485;4520
100;100;4;InsertionSort;8476;2822;0;2140
100;100;4;BubbleSort;20680;4884;2728;12400
100;100;4;MergeSort;1344;546;0;11520
100;100;4;CountingSort;301;0;0;17420
100;100;4;QuickSort;2462;956;436;4720
100;100;4;InsertionSort;8046;2680;0;1870
100;100;4;BubbleSort;19964;4814;2584;15980
100;100;4;MergeSort;1344;545;0;14550
100;100;4;CountingSort;301;0;0;18430
100;100;4;QuickSort;2413;910;436;4610
100;100;4;InsertionSort;6883;2293;0;1920
100;100;4;BubbleSort;18304;4760;2196;18490
100;100;4;MergeSort;1344;531;0;11910
100;100;4;CountingSort;301;0;0;18190
100;100;4;QuickSort;2594;995;469;4700
100;100;4;InsertionSort;7295;2431;0;2200
100;100;4;BubbleSort;19190;4929;2333;20030
100;100;4;MergeSort;1344;549;0;13740
100;100;4;CountingSort;301;0;0;20050
100;100;4;QuickSort;3159;1218;578;12250
100;100;4;InsertionSort;8434;2808;0;2420
100;100;4;BubbleSort;20726;4935;2714;11360
100;100;4;MergeSort;1344;537;0;10620
100;100;4;CountingSort;301;0;0;13970
100;100;4;QuickSort;3015;1164;551;4610
100;100;4;InsertionSort;7391;2459;0;1930
100;100;4;BubbleSort;19338;4935;2367;17180
100;100;4;MergeSort;1344;536;0;11610
100;100;4;CountingSort;301;0;0;16560
100;100;4;QuickSort;2692;1048;485;4380
100;100;4;InsertionSort;6905;2301;0;2200
100;100;4;BubbleSort;18440;4814;2203;13040
100;100;4;MergeSort;1344;546;0;14080
100;100;4;CountingSort;301;0;0;14850
100;100;4;QuickSort;2595;987;473;4400
100;100;4;InsertionSort;7367;2453;0;2660
100;100;4;BubbleSort;19326;4947;2358;12520
100;100;4;MergeSort;1344;541;0;11311
100;100;4;CountingSort;301;0;0;18120
100;100;4;QuickSort;2493;945;451;3830
100;100;4;InsertionSort;8127;2707;0;2010
100;100;4;BubbleSort;20324;4940;2611;11651
100;100;4;MergeSort;1344;531;0;12080
100;100;4;CountingSort;301;0;0;14220
100;100;4;QuickSort;2410;916;432;3450
100;100;4;InsertionSort;8375;2789;0;2450
100;100;4;BubbleSort;20674;4949;2694;8460
100;100;4;MergeSort;1344;548;0;11100
