taille;desordre;typeDesordre;algo;accesses;comparisons;swaps;timeNano
500;0;1;CountingSort;1501;0;0;106110
500;0;1;QuickSort;16734;6957;2928;756862
500;0;1;InsertionSort;1497;499;0;94341
500;0;1;BubbleSort;998;499;0;63741
500;0;1;MergeSort;8976;2272;0;488361
500;0;1;CountingSort;1501;0;0;57801
500;0;1;QuickSort;15899;6788;2696;198291
500;0;1;InsertionSort;1497;499;0;46410
500;0;1;BubbleSort;998;499;0;28170
500;0;1;MergeSort;8976;2272;0;99390
500;0;1;CountingSort;1501;0;0;62940
500;0;1;QuickSort;18344;7406;3315;109561
500;0;1;InsertionSort;1497;499;0;48950
500;0;1;BubbleSort;998;499;0;67731
500;0;1;MergeSort;8976;2272;0;118330
500;0;1;CountingSort;1501;0;0;57170
500;0;1;QuickSort;17961;7245;3228;210880
500;0;1;InsertionSort;1497;499;0;40120
500;0;1;BubbleSort;998;499;0;38870
500;0;1;MergeSort;8976;2272;0;81141
500;0;1;CountingSort;1501;0;0;58480
500;0;1;QuickSort;17018;7049;2995;100260
500;0;1;InsertionSort;1497;499;0;60640
500;0;1;BubbleSort;998;499;0;38210
500;0;1;MergeSort;8976;2272;0;111930
500;0;1;CountingSort;1501;0;0;84920
500;0;1;QuickSort;19439;7901;3516;195970
500;0;1;InsertionSort;1497;499;0;55090
500;0;1;BubbleSort;998;499;0;48160
500;0;1;MergeSort;8976;2272;0;86140
500;0;1;CountingSort;1501;0;0;55970
500;0;1;QuickSort;17382;7194;3059;126480
500;0;1;InsertionSort;1497;499;0;39780
500;0;1;BubbleSort;998;499;0;29180
500;0;1;MergeSort;8976;2272;0;116560
500;0;1;CountingSort;1501;0;0;48600
500;0;1;QuickSort;17393;7091;3112;76950
500;0;1;InsertionSort;1497;499;0;56410
500;0;1;BubbleSort;998;499;0;37760
500;0;1;MergeSort;8976;2272;0;140861
500;0;1;CountingSort;1501;0;0;57130
500;0;1;QuickSort;17440;7006;3146;129630
500;0;1;InsertionSort;1497;499;0;88520
500;0;1;BubbleSort;998;499;0;52310
500;0;1;MergeSort;8976;2272;0;117101
500;0;1;CountingSort;1501;0;0;75590
500;0;1;QuickSort;17864;7259;3195;101430
500;0;1;InsertionSort;1497;499;0;68430
500;0;1;BubbleSort;998;499;0;65240
500;0;1;MergeSort;8976;2272;0;127761
500;0;1;CountingSort;1501;0;0;63170
500;0;1;QuickSort;15366;6378;2664;82800
500;0;1;InsertionSort;1497;499;0;46930
500;0;1;BubbleSort;998;499;0;53980
500;0;1;MergeSort;8976;2272;0;111451
500;0;1;CountingSort;1501;0;0;58350
500;0;1;QuickSort;19117;7699;3475;441231
500;0;1;InsertionSort;1497;499;0;60400
500;0;1;BubbleSort;998;499;0;42490
500;0;1;MergeSort;8976;2272;0;146341
500;0;1;CountingSort;1501;0;0;46800
500;0;1;QuickSort;18088;7285;3267;349751
500;0;1;InsertionSort;1497;499;0;67520
500;0;1;BubbleSort;998;499;0;42090
500;0;1;MergeSort;8976;2272;0;74420
500;0;1;CountingSort;1501;0;0;45650
500;0;1;QuickSort;16978;6931;3012;410232
500;0;1;InsertionSort;1497;499;0;46911
500;0;1;BubbleSort;998;499;0;40110
500;0;1;MergeSort;8976;2272;0;60860
500;0;1;CountingSort;1501;0;0;57330
500;0;1;QuickSort;15537;6600;2646;305971
500;0;1;InsertionSort;1497;499;0;45350
500;0;1;BubbleSort;998;499;0;40130
500;0;1;MergeSort;8976;2272;0;75760
500;0;1;CountingSort;1501;0;0;52510
500;0;1;QuickSort;19299;8103;3393;110910
500;0;1;InsertionSort;1497;499;0;38470
500;0;1;BubbleSort;998;499;0;26750
500;0;1;MergeSort;8976;2272;0;106980
500;0;1;CountingSort;1501;0;0;45490
500;0;1;QuickSort;16137;6537;2862;18650
500;0;1;InsertionSort;1497;499;0;46211
500;0;1;BubbleSort;998;499;0;38510
500;0;1;MergeSort;8976;2272;0;80270
500;0;1;CountingSort;1501;0;0;59580
500;0;1;QuickSort;17981;7760;3074;18610
500;0;1;InsertionSort;1497;499;0;44870
500;0;1;BubbleSort;998;499;0;31440
500;0;1;MergeSort;8976;2272;0;101981
500;0;1;CountingSort;1501;0;0;56441
500;0;1;QuickSort;19467;8052;3482;14280
500;0;1;InsertionSort;1497;499;0;46560
500;0;1;BubbleSort;998;499;0;33290
500;0;1;MergeSort;8976;2272;0;97001
500;0;1;CountingSort;1501;0;0;56110
500;0;1;QuickSort;18143;7445;3226;15860
500;0;1;InsertionSort;1497;499;0;51070
500;0;1;BubbleSort;998;499;0;42190
500;0;1;MergeSort;8976;2272;0;90611
500;0;1;CountingSort;1501;0;0;63141
500;0;1;QuickSort;17578;7021;3187;20230
500;0;1;InsertionSort;1497;499;0;60320
500;0;1;BubbleSort;998;499;0;44910
500;0;1;MergeSort;8976;2272;0;81180
500;0;1;CountingSort;1501;0;0;67230
500;0;1;QuickSort;15377;6467;2638;30920
500;0;1;InsertionSort;1497;499;0;52010
500;0;1;BubbleSort;998;499;0;43221
500;0;1;MergeSort;8976;2272;0;78731
500;0;1;CountingSort;1501;0;0;51060
500;0;1;QuickSort;15210;6531;2554;36011
500;0;1;InsertionSort;1497;499;0;37620
500;0;1;BubbleSort;998;499;0;41530
500;0;1;MergeSort;8976;2272;0;109290
500;0;1;CountingSort;1501;0;0;51980
500;0;1;QuickSort;18071;7487;3198;32300
500;0;1;InsertionSort;1497;499;0;47630
500;0;1;BubbleSort;998;499;0;40601
500;0;1;MergeSort;8976;2272;0;1008212
500;0;1;CountingSort;1501;0;0;47871
500;0;1;QuickSort;17776;7471;3106;21160
500;0;1;InsertionSort;1497;499;0;52450
500;0;1;BubbleSort;998;499;0;40140
500;0;1;MergeSort;8976;2272;0;43950
500;0;1;CountingSort;1501;0;0;43951
500;0;1;QuickSort;17450;7187;3093;14700
500;0;1;InsertionSort;1497;499;0;53330
500;0;1;BubbleSort;998;499;0;35460
500;0;1;MergeSort;8976;2272;0;20900
500;0;1;CountingSort;1501;0;0;54680
500;0;1;QuickSort;16611;6822;2931;21080
500;0;1;InsertionSort;1497;499;0;57270
500;0;1;BubbleSort;998;499;0;39190
500;0;1;MergeSort;8976;2272;0;17690
500;0;1;CountingSort;1501;0;0;57470
500;0;1;QuickSort;16965;7014;2986;18450
500;0;1;InsertionSort;1497;499;0;39130
500;0;1;BubbleSort;998;499;0;25411
500;0;1;MergeSort;8976;2272;0;37500
500;0;1;CountingSort;1501;0;0;47581
500;0;1;QuickSort;18967;7735;3402;20421
500;0;1;InsertionSort;1497;499;0;57210
500;0;1;BubbleSort;998;499;0;39730
500;0;1;MergeSort;8976;2272;0;29140
500;0;1;CountingSort;1501;0;0;54240
500;0;1;QuickSort;17412;7068;3121;14990
500;0;1;InsertionSort;1497;499;0;36130
500;0;1;BubbleSort;998;499;0;33330
500;0;1;MergeSort;8976;2272;0;28720
500;0;1;CountingSort;1501;0;0;58990
500;0;1;QuickSort;16921;7213;2905;14210
500;0;1;InsertionSort;1497;499;0;59411
500;0;1;BubbleSort;998;499;0;41800
500;0;1;MergeSort;8976;2272;0;28460
500;0;1;CountingSort;1501;0;0;56001
500;0;1;QuickSort;21240;8391;3951;27660
500;0;1;InsertionSort;1497;499;0;56700
500;0;1;BubbleSort;998;499;0;40370
500;0;1;MergeSort;8976;2272;0;24840
500;0;1;CountingSort;1501;0;0;24970
500;0;1;QuickSort;18310;7522;3262;20250
500;0;1;InsertionSort;1497;499;0;74540
500;0;1;BubbleSort;998;499;0;37800
500;0;1;MergeSort;8976;2272;0;35510
500;0;1;CountingSort;1501;0;0;20340
500;0;1;QuickSort;18772;7549;3406;20360
500;0;1;InsertionSort;1497;499;0;55900
500;0;1;BubbleSort;998;499;0;35490
500;0;1;MergeSort;8976;2272;0;27750
500;0;1;CountingSort;1501;0;0;10020
500;0;1;QuickSort;17060;6851;3065;14130
500;0;1;InsertionSort;1497;499;0;45560
500;0;1;BubbleSort;998;499;0;38100
500;0;1;MergeSort;8976;2272;0;27500
500;0;1;CountingSort;1501;0;0;9420
500;0;1;QuickSort;16980;7131;2948;13730
500;0;1;InsertionSort;1497;499;0;46930
500;0;1;BubbleSort;998;499;0;32800
500;0;1;MergeSort;8976;2272;0;20580
500;0;1;CountingSort;1501;0;0;8500
500;0;1;QuickSort;16233;6831;2794;14830
500;0;1;InsertionSort;1497;499;0;38890
500;0;1;BubbleSort;998;499;0;44220
500;0;1;MergeSort;8976;2272;0;29440
500;0;1;CountingSort;1501;0;0;7400
500;0;1;QuickSort;19247;7775;3492;14260
500;0;1;InsertionSort;1497;499;0;50480
500;0;1;BubbleSort;998;499;0;41280
500;0;1;MergeSort;8976;2272;0;69380
500;0;1;CountingSort;1501;0;0;11820
500;0;1;QuickSort;19701;8265;3472;14910
500;0;1;InsertionSort;1497;499;0;35680
500;0;1;BubbleSort;998;499;0;35870
500;0;1;MergeSort;8976;2272;0;34340
500;0;1;CountingSort;1501;0;0;9010
500;0;1;QuickSort;20439;8556;3630;15600
500;0;1;InsertionSort;1497;499;0;35410
500;0;1;BubbleSort;998;499;0;40630
500;0;1;MergeSort;8976;2272;0;66980
500;0;1;CountingSort;1501;0;0;13550
500;0;1;QuickSort;17613;7440;3057;22860
500;0;1;InsertionSort;1497;499;0;45450
500;0;1;BubbleSort;998;499;0;36200
500;0;1;MergeSort;8976;2272;0;45481
500;0;1;CountingSort;1501;0;0;10650
500;0;1;QuickSort;17482;7009;3157;20490
500;0;1;InsertionSort;1497;499;0;102990
500;0;1;BubbleSort;998;499;0;45740
500;0;1;MergeSort;8976;2272;0;62260
500;0;1;CountingSort;1501;0;0;12140
500;0;1;QuickSort;18890;7958;3318;20670
500;0;1;InsertionSort;1497;499;0;40940
500;0;1;BubbleSort;998;499;0;35731
500;0;1;MergeSort;8976;2272;0;35440
500;0;1;CountingSort;1501;0;0;23521
500;0;1;QuickSort;16014;6561;2817;15260
500;0;1;InsertionSort;1497;499;0;47070
500;0;1;BubbleSort;998;499;0;32730
500;0;1;MergeSort;8976;2272;0;33150
500;0;1;CountingSort;1501;0;0;9090
500;0;1;QuickSort;16433;6584;2951;13360
500;0;1;InsertionSort;1497;499;0;50400
500;0;1;BubbleSort;998;499;0;40220
500;0;1;MergeSort;8976;2272;0;39670
500;0;1;CountingSort;1501;0;0;8820
500;0;1;QuickSort;17009;7172;2940;15390
500;0;1;InsertionSort;1497;499;0;52810
500;0;1;BubbleSort;998;499;0;40240
500;0;1;MergeSort;8976;2272;0;31490
500;0;1;CountingSort;1501;0;0;11040
500;0;1;QuickSort;17532;7545;2996;26970
500;0;1;InsertionSort;1497;499;0;49330
500;0;1;BubbleSort;998;499;0;42340
500;0;1;MergeSort;8976;2272;0;32990
500;0;1;CountingSort;1501;0;0;12380
500;0;1;QuickSort;17977;7321;3213;15560
500;0;1;InsertionSort;1497;499;0;55190
500;0;1;BubbleSort;998;499;0;38650
500;0;1;MergeSort;8976;2272;0;33911
500;0;1;CountingSort;1501;0;0;10760
500;0;1;QuickSort;15565;6745;2603;14710
500;0;1;InsertionSort;1497;499;0;35570
500;0;1;BubbleSort;998;499;0;36660
500;0;1;MergeSort;8976;2272;0;37690
500;0;1;CountingSort;1501;0;0;10120
500;0;1;QuickSort;16084;6466;2879;13600
500;0;1;InsertionSort;1497;499;0;36490
500;0;1;BubbleSort;998;499;0;38410
500;0;1;MergeSort;8976;2272;0;31360
500;0;1;CountingSort;1501;0;0;18700
500;0;1;QuickSort;20069;7877;3731;28100
500;0;1;InsertionSort;1497;499;0;70301
500;0;1;BubbleSort;998;499;0;43961
500;0;1;MergeSort;8976;2272;0;47710
500;0;1;CountingSort;1501;0;0;16600
500;0;1;QuickSort;18198;7506;3227;21660
500;0;1;InsertionSort;1497;499;0;68351
500;0;1;BubbleSort;998;499;0;45600
500;0;1;MergeSort;8976;2272;0;46530
500;0;1;CountingSort;1501;0;0;18360
500;0;1;QuickSort;16262;6659;2862;21360
500;0;1;InsertionSort;1497;499;0;35350
500;0;1;BubbleSort;998;499;0;33210
500;0;1;MergeSort;8976;2272;0;48000
500;0;1;CountingSort;1501;0;0;9950
500;0;1;QuickSort;17253;7116;3050;19520
500;0;1;InsertionSort;1497;499;0;51170
500;0;1;BubbleSort;998;499;0;51501
500;0;1;MergeSort;8976;2272;0;34450
500;0;1;CountingSort;1501;0;0;13840
500;0;1;QuickSort;19586;7979;3540;20680
500;0;1;InsertionSort;1497;499;0;38300
500;0;1;BubbleSort;998;499;0;33300
500;0;1;MergeSort;8976;2272;0;38880
500;0;1;CountingSort;1501;0;0;17410
500;0;1;QuickSort;18825;7596;3413;16100
500;0;1;InsertionSort;1497;499;0;41460
500;0;1;BubbleSort;998;499;0;38210
500;0;1;MergeSort;8976;2272;0;30230
500;0;1;CountingSort;1501;0;0;9730
500;0;1;QuickSort;16225;6814;2802;15500
500;0;1;InsertionSort;1497;499;0;44960
500;0;1;BubbleSort;998;499;0;28470
500;0;1;MergeSort;8976;2272;0;46040
500;0;1;CountingSort;1501;0;0;8810
500;0;1;QuickSort;18437;7406;3350;13820
500;0;1;InsertionSort;1497;499;0;53660
500;0;1;BubbleSort;998;499;0;41250
500;0;1;MergeSort;8976;2272;0;32020
500;0;1;CountingSort;1501;0;0;10480
500;0;1;QuickSort;15091;6421;2558;14770
500;0;1;InsertionSort;1497;499;0;52460
500;0;1;BubbleSort;998;499;0;39510
500;0;1;MergeSort;8976;2272;0;30020
500;0;1;CountingSort;1501;0;0;15980
500;0;1;QuickSort;16002;6510;2836;20780
500;0;1;InsertionSort;1497;499;0;59151
500;0;1;BubbleSort;998;499;0;39381
500;0;1;MergeSort;8976;2272;0;30210
500;0;1;CountingSort;1501;0;0;13380
500;0;1;QuickSort;21587;8600;3990;15500
500;0;1;InsertionSort;1497;499;0;48301
500;0;1;BubbleSort;998;499;0;42720
500;0;1;MergeSort;8976;2272;0;49590
500;0;1;CountingSort;1501;0;0;10250
500;0;1;QuickSort;15336;6597;2582;14850
500;0;1;InsertionSort;1497;499;0;36120
500;0;1;BubbleSort;998;499;0;39580
500;0;1;MergeSort;8976;2272;0;40100
500;0;1;CountingSort;1501;0;0;8890
500;0;1;QuickSort;16798;6946;2954;20320
500;0;1;InsertionSort;1497;499;0;54250
500;0;1;BubbleSort;998;499;0;27160
500;0;1;MergeSort;8976;2272;0;46280
500;0;1;CountingSort;1501;0;0;9980
500;0;1;QuickSort;16976;7007;2997;20300
500;0;1;InsertionSort;1497;499;0;47590
500;0;1;BubbleSort;998;499;0;47350
500;0;1;MergeSort;8976;2272;0;43141
500;0;1;CountingSort;1501;0;0;15180
500;0;1;QuickSort;16208;6983;2749;14610
500;0;1;InsertionSort;1497;499;0;36021
500;0;1;BubbleSort;998;499;0;38261
500;0;1;MergeSort;8976;2272;0;43010
500;0;1;CountingSort;1501;0;0;10100
500;0;1;QuickSort;16691;7172;2845;15180
500;0;1;InsertionSort;1497;499;0;52190
500;0;1;BubbleSort;998;499;0;28220
500;0;1;MergeSort;8976;2272;0;36940
500;0;1;CountingSort;1501;0;0;10711
500;0;1;QuickSort;15761;6860;2639;14530
500;0;1;InsertionSort;1497;499;0;49500
500;0;1;BubbleSort;998;499;0;25860
500;0;1;MergeSort;8976;2272;0;40550
500;0;1;CountingSort;1501;0;0;11760
500;0;1;QuickSort;18155;7502;3220;15510
500;0;1;InsertionSort;1497;499;0;49880
500;0;1;BubbleSort;998;499;0;36130
500;0;1;MergeSort;8976;2272;0;45580
500;0;1;CountingSort;1501;0;0;9290
500;0;1;QuickSort;17881;7135;3237;14840
500;0;1;InsertionSort;1497;499;0;51360
500;0;1;BubbleSort;998;499;0;57080
500;0;1;MergeSort;8976;2272;0;30700
500;0;1;CountingSort;1501;0;0;8650
500;0;1;QuickSort;18736;7663;3350;16400
500;0;1;InsertionSort;1497;499;0;41310
500;0;1;BubbleSort;998;499;0;34671
500;0;1;MergeSort;8976;2272;0;29680
500;0;1;CountingSort;1501;0;0;9710
500;0;1;QuickSort;16229;6746;2821;14240
500;0;1;InsertionSort;1497;499;0;34370
500;0;1;BubbleSort;998;499;0;35920
500;0;1;MergeSort;8976;2272;0;42450
500;0;1;CountingSort;1501;0;0;11640
500;0;1;QuickSort;16012;6475;2848;14071
500;0;1;InsertionSort;1497;499;0;37080
500;0;1;BubbleSort;998;499;0;27970
500;0;1;MergeSort;8976;2272;0;33370
500;0;1;CountingSort;1501;0;0;13600
500;0;1;QuickSort;18881;8429;3149;21780
500;0;1;InsertionSort;1497;499;0;35490
500;0;1;BubbleSort;998;499;0;28840
500;0;1;MergeSort;8976;2272;0;37710
500;0;1;CountingSort;1501;0;0;12480
500;0;1;QuickSort;15866;6644;2739;17890
500;0;1;InsertionSort;1497;499;0;46120
500;0;1;BubbleSort;998;499;0;38020
500;0;1;MergeSort;8976;2272;0;72551
500;0;1;CountingSort;1501;0;0;13271
500;0;1;QuickSort;16472;7283;2733;25480
500;0;1;InsertionSort;1497;499;0;50120
500;0;1;BubbleSort;998;499;0;76040
500;0;1;MergeSort;8976;2272;0;73520
500;0;1;CountingSort;1501;0;0;29530
500;0;1;QuickSort;16606;6937;2885;19180
500;0;1;InsertionSort;1497;499;0;68020
500;0;1;BubbleSort;998;499;0;101460
500;0;1;MergeSort;8976;2272;0;54550
500;0;1;CountingSort;1501;0;0;23870
500;0;1;QuickSort;15018;6276;2587;14080
500;0;1;InsertionSort;1497;499;0;47120
500;0;1;BubbleSort;998;499;0;33560
500;0;1;MergeSort;8976;2272;0;46131
500;0;1;CountingSort;1501;0;0;12230
500;0;1;QuickSort;16083;6597;2824;14090
500;0;1;InsertionSort;1497;499;0;62740
500;0;1;BubbleSort;998;499;0;32810
500;0;1;MergeSort;8976;2272;0;36470
500;0;1;CountingSort;1501;0;0;13080
500;0;1;QuickSort;16773;7068;2902;19050
500;0;1;InsertionSort;1497;499;0;71590
500;0;1;BubbleSort;998;499;0;36890
500;0;1;MergeSort;8976;2272;0;40791
500;0;1;CountingSort;1501;0;0;80650
500;0;1;QuickSort;18290;7631;3224;19250
500;0;1;InsertionSort;1497;499;0;47390
500;0;1;BubbleSort;998;499;0;41981
500;0;1;MergeSort;8976;2272;0;37530
500;0;1;CountingSort;1501;0;0;11290
500;0;1;QuickSort;19473;7845;3536;15931
500;0;1;InsertionSort;1497;499;0;44770
500;0;1;BubbleSort;998;499;0;37470
500;0;1;MergeSort;8976;2272;0;27970
500;0;1;CountingSort;1501;0;0;10900
500;0;1;QuickSort;18042;7359;3231;14710
500;0;1;InsertionSort;1497;499;0;48680
500;0;1;BubbleSort;998;499;0;27520
500;0;1;MergeSort;8976;2272;0;37120
500;0;1;CountingSort;1501;0;0;8780
500;0;1;QuickSort;15148;6436;2576;14680
500;0;1;InsertionSort;1497;499;0;36630
500;0;1;BubbleSort;998;499;0;26330
500;0;1;MergeSort;8976;2272;0;33550
500;0;1;CountingSort;1501;0;0;10020
500;0;1;QuickSort;17379;6996;3129;27020
500;0;1;InsertionSort;1497;499;0;34020
500;0;1;BubbleSort;998;499;0;25900
500;0;1;MergeSort;8976;2272;0;34060
500;0;1;CountingSort;1501;0;0;17980
500;0;1;QuickSort;17308;6844;3151;20610
500;0;1;InsertionSort;1497;499;0;52210
500;0;1;BubbleSort;998;499;0;37960
500;0;1;MergeSort;8976;2272;0;28370
500;0;1;CountingSort;1501;0;0;11440
500;0;1;QuickSort;16233;6699;2845;15180
500;0;1;InsertionSort;1497;499;0;45410
500;0;1;BubbleSort;998;499;0;37850
500;0;1;MergeSort;8976;2272;0;42240
500;0;1;CountingSort;1501;0;0;11620
500;0;1;QuickSort;17164;7333;2947;14900
500;0;1;InsertionSort;1497;499;0;54520
500;0;1;BubbleSort;998;499;0;39010
500;0;1;MergeSort;8976;2272;0;38520
500;0;1;CountingSort;1501;0;0;10540
500;0;1;QuickSort;15941;6668;2764;15030
500;0;1;InsertionSort;1497;499;0;42910
500;0;1;BubbleSort;998;499;0;25040
500;0;1;MergeSort;8976;2272;0;32700
500;0;1;CountingSort;1501;0;0;9200
500;0;1;QuickSort;19325;7994;3451;15800
500;0;1;InsertionSort;1497;499;0;38620
500;0;1;BubbleSort;998;499;0;41011
500;0;1;MergeSort;8976;2272;0;30920
500;0;1;CountingSort;1501;0;0;14871
500;0;1;QuickSort;19285;7774;3505;15260
500;0;1;InsertionSort;1497;499;0;60620
500;0;1;BubbleSort;998;499;0;35780
500;0;1;MergeSort;8976;2272;0;28200
500;0;1;CountingSort;1501;0;0;10510
500;0;1;QuickSort;15517;6610;2639;14670
500;0;1;InsertionSort;1497;499;0;37390
500;0;1;BubbleSort;998;499;0;36561
500;0;1;MergeSort;8976;2272;0;28000
500;0;1;CountingSort;1501;0;0;24040
500;0;1;QuickSort;18042;7395;3225;22060
500;0;1;InsertionSort;1497;499;0;43120
500;0;1;BubbleSort;998;499;0;35250
500;0;1;MergeSort;8976;2272;0;47400
500;0;1;CountingSort;1501;0;0;11900
500;0;1;QuickSort;18549;7491;3356;20680
500;0;1;InsertionSort;1497;499;0;36030
500;0;1;BubbleSort;998;499;0;27630
500;0;1;MergeSort;8976;2272;0;58970
500;0;1;CountingSort;1501;0;0;11710
500;0;1;QuickSort;19340;8024;3432;16480
500;0;1;InsertionSort;1497;499;0;38310
500;0;1;BubbleSort;998;499;0;44811
500;0;1;MergeSort;8976;2272;0;38390
500;0;1;CountingSort;1501;0;0;9030
500;0;1;QuickSort;17876;7187;3236;14250
500;0;1;InsertionSort;1497;499;0;47890
500;0;1;BubbleSort;998;499;0;26620
500;0;1;MergeSort;8976;2272;0;30860
500;0;1;CountingSort;1501;0;0;12670
500;0;1;QuickSort;16915;7159;2922;14971
500;0;1;InsertionSort;1497;499;0;42210
500;0;1;BubbleSort;998;499;0;25100
500;0;1;MergeSort;8976;2272;0;34490
500;0;1;CountingSort;1501;0;0;7110
500;0;1;QuickSort;15995;6851;2719;15291
500;0;1;InsertionSort;1497;499;0;37200
500;0;1;BubbleSort;998;499;0;33110
500;0;1;MergeSort;8976;2272;0;46460
500;0;1;CountingSort;1501;0;0;6860
500;0;1;QuickSort;15733;6616;2710;14730
500;0;1;InsertionSort;1497;499;0;46010
500;0;1;BubbleSort;998;499;0;37610
500;0;1;MergeSort;8976;2272;0;31380
500;0;1;CountingSort;1501;0;0;6810
500;0;1;QuickSort;15735;6501;2746;13930
500;0;1;InsertionSort;1497;499;0;42750
500;0;1;BubbleSort;998;499;0;34220
500;0;1;MergeSort;8976;2272;0;37900
500;0;1;CountingSort;1501;0;0;5060
500;0;1;QuickSort;17792;7499;3090;18810
500;0;1;InsertionSort;1497;499;0;37240
500;0;1;BubbleSort;998;499;0;27780
500;0;1;MergeSort;8976;2272;0;40100
500;0;2;CountingSort;1501;0;0;102060
500;0;2;QuickSort;18129;7431;3229;758622
500;0;2;InsertionSort;1497;499;0;113751
500;0;2;BubbleSort;998;499;0;83930
500;0;2;MergeSort;8976;2272;0;499242
500;0;2;CountingSort;1501;0;0;52840
500;0;2;QuickSort;17077;7156;2971;367521
500;0;2;InsertionSort;1497;499;0;59210
500;0;2;BubbleSort;998;499;0;54420
500;0;2;MergeSort;8976;2272;0;113190
500;0;2;CountingSort;1501;0;0;59290
500;0;2;QuickSort;16744;7045;2905;166220
500;0;2;InsertionSort;1497;499;0;48820
500;0;2;BubbleSort;998;499;0;40430
500;0;2;MergeSort;8976;2272;0;123330
500;0;2;CountingSort;1501;0;0;55901
500;0;2;QuickSort;17999;7256;3246;97761
500;0;2;InsertionSort;1497;499;0;45490
500;0;2;BubbleSort;998;499;0;44190
500;0;2;MergeSort;8976;2272;0;60930
500;0;2;CountingSort;1501;0;0;49940
500;0;2;QuickSort;17042;6839;3065;105100
500;0;2;InsertionSort;1497;499;0;47490
500;0;2;BubbleSort;998;499;0;64111
500;0;2;MergeSort;8976;2272;0;88820
500;0;2;CountingSort;1501;0;0;48310
500;0;2;QuickSort;17626;7390;3080;72710
500;0;2;InsertionSort;1497;499;0;55480
500;0;2;BubbleSort;998;499;0;51601
500;0;2;MergeSort;8976;2272;0;142570
500;0;2;CountingSort;1501;0;0;59590
500;0;2;QuickSort;16028;6905;2715;126731
500;0;2;InsertionSort;1497;499;0;74961
500;0;2;BubbleSort;998;499;0;52550
500;0;2;MergeSort;8976;2272;0;109610
500;0;2;CountingSort;1501;0;0;83770
500;0;2;QuickSort;15459;6366;2704;111241
500;0;2;InsertionSort;1497;499;0;59180
500;0;2;BubbleSort;998;499;0;68200
500;0;2;MergeSort;8976;2272;0;91750
500;0;2;CountingSort;1501;0;0;46030
500;0;2;QuickSort;18075;7284;3266;120741
500;0;2;InsertionSort;1497;499;0;76401
500;0;2;BubbleSort;998;499;0;62210
500;0;2;MergeSort;8976;2272;0;81160
500;0;2;CountingSort;1501;0;0;86610
500;0;2;QuickSort;17334;6960;3129;119190
500;0;2;InsertionSort;1497;499;0;50360
500;0;2;BubbleSort;998;499;0;41541
500;0;2;MergeSort;8976;2272;0;96751
500;0;2;CountingSort;1501;0;0;75100
500;0;2;QuickSort;17205;7032;3060;97660
500;0;2;InsertionSort;1497;499;0;50030
500;0;2;BubbleSort;998;499;0;41720
500;0;2;MergeSort;8976;2272;0;107561
500;0;2;CountingSort;1501;0;0;73341
500;0;2;QuickSort;16995;7095;2961;99321
500;0;2;InsertionSort;1497;499;0;84210
500;0;2;BubbleSort;998;499;0;35510
500;0;2;MergeSort;8976;2272;0;80020
500;0;2;CountingSort;1501;0;0;46030
500;0;2;QuickSort;17721;7248;3156;120690
500;0;2;InsertionSort;1497;499;0;61510
500;0;2;BubbleSort;998;499;0;46650
500;0;2;MergeSort;8976;2272;0;81640
500;0;2;CountingSort;1501;0;0;62201
500;0;2;QuickSort;16086;6912;2726;560791
500;0;2;InsertionSort;1497;499;0;38730
500;0;2;BubbleSort;998;499;0;37840
500;0;2;MergeSort;8976;2272;0;93520
500;0;2;CountingSort;1501;0;0;91450
500;0;2;QuickSort;17337;7011;3117;369471
500;0;2;InsertionSort;1497;499;0;54800
500;0;2;BubbleSort;998;499;0;55500
500;0;2;MergeSort;8976;2272;0;92151
500;0;2;CountingSort;1501;0;0;50580
500;0;2;QuickSort;16512;6687;2943;261551
500;0;2;InsertionSort;1497;499;0;35020
500;0;2;BubbleSort;998;499;0;37870
500;0;2;MergeSort;8976;2272;0;102021
500;0;2;CountingSort;1501;0;0;46820
500;0;2;QuickSort;17414;7238;3059;342951
500;0;2;InsertionSort;1497;499;0;35620
500;0;2;BubbleSort;998;499;0;35770
500;0;2;MergeSort;8976;2272;0;105351
500;0;2;CountingSort;1501;0;0;47430
500;0;2;QuickSort;16047;6675;2785;304261
500;0;2;InsertionSort;1497;499;0;42480
500;0;2;BubbleSort;998;499;0;46230
500;0;2;MergeSort;8976;2272;0;59580
500;0;2;CountingSort;1501;0;0;62061
500;0;2;QuickSort;17746;7357;3128;67451
500;0;2;InsertionSort;1497;499;0;101060
500;0;2;BubbleSort;998;499;0;53660
500;0;2;MergeSort;8976;2272;0;66660
500;0;2;CountingSort;1501;0;0;77300
500;0;2;QuickSort;17745;7269;3158;33160
500;0;2;InsertionSort;1497;499;0;45810
500;0;2;BubbleSort;998;499;0;46760
500;0;2;MergeSort;8976;2272;0;106121
500;0;2;CountingSort;1501;0;0;45681
500;0;2;QuickSort;17222;7256;2988;33100
500;0;2;InsertionSort;1497;499;0;59080
500;0;2;BubbleSort;998;499;0;51100
500;0;2;MergeSort;8976;2272;0;97570
500;0;2;CountingSort;1501;0;0;45740
500;0;2;QuickSort;18791;7538;3423;16830
500;0;2;InsertionSort;1497;499;0;49271
500;0;2;BubbleSort;998;499;0;51230
500;0;2;MergeSort;8976;2272;0;65400
500;0;2;CountingSort;1501;0;0;69530
500;0;2;QuickSort;16314;6819;2839;27180
500;0;2;InsertionSort;1497;499;0;38380
500;0;2;BubbleSort;998;499;0;45280
500;0;2;MergeSort;8976;2272;0;110741
500;0;2;CountingSort;1501;0;0;47061
500;0;2;QuickSort;17468;7391;3036;27190
500;0;2;InsertionSort;1497;499;0;49870
500;0;2;BubbleSort;998;499;0;37680
500;0;2;MergeSort;8976;2272;0;1396784
500;0;2;CountingSort;1501;0;0;53630
500;0;2;QuickSort;16973;7067;2972;24770
500;0;2;InsertionSort;1497;499;0;52280
500;0;2;BubbleSort;998;499;0;38910
500;0;2;MergeSort;8976;2272;0;37500
500;0;2;CountingSort;1501;0;0;54490
500;0;2;QuickSort;19126;7813;3439;14560
500;0;2;InsertionSort;1497;499;0;55670
500;0;2;BubbleSort;998;499;0;40840
500;0;2;MergeSort;8976;2272;0;22160
500;0;2;CountingSort;1501;0;0;59660
500;0;2;QuickSort;15896;6509;2797;24780
500;0;2;InsertionSort;1497;499;0;41201
500;0;2;BubbleSort;998;499;0;37420
500;0;2;MergeSort;8976;2272;0;22010
500;0;2;CountingSort;1501;0;0;55650
500;0;2;QuickSort;19681;8842;3283;55630
500;0;2;InsertionSort;1497;499;0;44380
500;0;2;BubbleSort;998;499;0;26121
500;0;2;MergeSort;8976;2272;0;22000
500;0;2;CountingSort;1501;0;0;51760
500;0;2;QuickSort;17102;7415;2894;15710
500;0;2;InsertionSort;1497;499;0;55010
500;0;2;BubbleSort;998;499;0;30470
500;0;2;MergeSort;8976;2272;0;45810
500;0;2;CountingSort;1501;0;0;58860
500;0;2;QuickSort;15551;6503;2685;21201
500;0;2;InsertionSort;1497;499;0;42840
500;0;2;BubbleSort;998;499;0;42050
500;0;2;MergeSort;8976;2272;0;37580
500;0;2;CountingSort;1501;0;0;49050
500;0;2;QuickSort;18396;7515;3289;23840
500;0;2;InsertionSort;1497;499;0;74280
500;0;2;BubbleSort;998;499;0;27141
500;0;2;MergeSort;8976;2272;0;50891
500;0;2;CountingSort;1501;0;0;44810
500;0;2;QuickSort;18021;7329;3224;28730
500;0;2;InsertionSort;1497;499;0;47321
500;0;2;BubbleSort;998;499;0;33330
500;0;2;MergeSort;8976;2272;0;16880
500;0;2;CountingSort;1501;0;0;18781
500;0;2;QuickSort;18723;7698;3341;13570
500;0;2;InsertionSort;1497;499;0;50120
500;0;2;BubbleSort;998;499;0;31770
500;0;2;MergeSort;8976;2272;0;30690
500;0;2;CountingSort;1501;0;0;7370
500;0;2;QuickSort;16858;6925;2976;21080
500;0;2;InsertionSort;1497;499;0;45210
500;0;2;BubbleSort;998;499;0;38380
500;0;2;MergeSort;8976;2272;0;18670
500;0;2;CountingSort;1501;0;0;10390
500;0;2;QuickSort;16680;6822;2948;12990
500;0;2;InsertionSort;1497;499;0;51090
500;0;2;BubbleSort;998;499;0;38820
500;0;2;MergeSort;8976;2272;0;18580
500;0;2;CountingSort;1501;0;0;10280
500;0;2;QuickSort;15458;6719;2588;13070
500;0;2;InsertionSort;1497;499;0;42170
500;0;2;BubbleSort;998;499;0;34220
500;0;2;MergeSort;8976;2272;0;22900
500;0;2;CountingSort;1501;0;0;8560
500;0;2;QuickSort;16548;6963;2868;12960
500;0;2;InsertionSort;1497;499;0;53871
500;0;2;BubbleSort;998;499;0;29130
500;0;2;MergeSort;8976;2272;0;29310
500;0;2;CountingSort;1501;0;0;10560
500;0;2;QuickSort;15273;6282;2663;19540
500;0;2;InsertionSort;1497;499;0;43320
500;0;2;BubbleSort;998;499;0;27700
500;0;2;MergeSort;8976;2272;0;34511
500;0;2;CountingSort;1501;0;0;12300
500;0;2;QuickSort;17926;7324;3192;18440
500;0;2;InsertionSort;1497;499;0;56630
500;0;2;BubbleSort;998;499;0;26940
500;0;2;MergeSort;8976;2272;0;30650
500;0;2;CountingSort;1501;0;0;20670
500;0;2;QuickSort;16952;7034;2980;23580
500;0;2;InsertionSort;1497;499;0;63790
500;0;2;BubbleSort;998;499;0;26701
500;0;2;MergeSort;8976;2272;0;55760
500;0;2;CountingSort;1501;0;0;14981
500;0;2;QuickSort;19124;8186;3316;19180
500;0;2;InsertionSort;1497;499;0;54890
500;0;2;BubbleSort;998;499;0;85570
500;0;2;MergeSort;8976;2272;0;35780
500;0;2;CountingSort;1501;0;0;13890
500;0;2;QuickSort;18056;7451;3209;18630
500;0;2;InsertionSort;1497;499;0;52330
500;0;2;BubbleSort;998;499;0;38140
500;0;2;MergeSort;8976;2272;0;48350
500;0;2;CountingSort;1501;0;0;16060
500;0;2;QuickSort;18826;7672;3387;18900
500;0;2;InsertionSort;1497;499;0;54340
500;0;2;BubbleSort;998;499;0;39431
500;0;2;MergeSort;8976;2272;0;40600
500;0;2;CountingSort;1501;0;0;11280
500;0;2;QuickSort;18297;7353;3310;19940
500;0;2;InsertionSort;1497;499;0;52590
500;0;2;BubbleSort;998;499;0;41740
500;0;2;MergeSort;8976;2272;0;40900
500;0;2;CountingSort;1501;0;0;8920
500;0;2;QuickSort;18078;7305;3257;13640
500;0;2;InsertionSort;1497;499;0;43490
500;0;2;BubbleSort;998;499;0;41340
500;0;2;MergeSort;8976;2272;0;36140
500;0;2;CountingSort;1501;0;0;8720
500;0;2;QuickSort;18834;7851;3329;18270
500;0;2;InsertionSort;1497;499;0;43880
500;0;2;BubbleSort;998;499;0;37830
500;0;2;MergeSort;8976;2272;0;69200
500;0;2;CountingSort;1501;0;0;10330
500;0;2;QuickSort;17085;6843;3086;37000
500;0;2;InsertionSort;1497;499;0;55960
500;0;2;BubbleSort;998;499;0;30640
500;0;2;MergeSort;8976;2272;0;28690
500;0;2;CountingSort;1501;0;0;15430
500;0;2;QuickSort;17775;7245;3172;22500
500;0;2;InsertionSort;1497;499;0;38640
500;0;2;BubbleSort;998;499;0;28760
500;0;2;MergeSort;8976;2272;0;50571
500;0;2;CountingSort;1501;0;0;16431
500;0;2;QuickSort;16326;6822;2836;21370
500;0;2;InsertionSort;1497;499;0;58280
500;0;2;BubbleSort;998;499;0;44450
500;0;2;MergeSort;8976;2272;0;47820
500;0;2;CountingSort;1501;0;0;17640
500;0;2;QuickSort;19492;7849;3547;19390
500;0;2;InsertionSort;1497;499;0;52410
500;0;2;BubbleSort;998;499;0;42980
500;0;2;MergeSort;8976;2272;0;41331
500;0;2;CountingSort;1501;0;0;12080
500;0;2;QuickSort;15674;6749;2648;19600
500;0;2;InsertionSort;1497;499;0;57441
500;0;2;BubbleSort;998;499;0;36771
500;0;2;MergeSort;8976;2272;0;30820
500;0;2;CountingSort;1501;0;0;16290
500;0;2;QuickSort;17095;7180;2971;14980
500;0;2;InsertionSort;1497;499;0;46760
500;0;2;BubbleSort;998;499;0;36900
500;0;2;MergeSort;8976;2272;0;36050
500;0;2;CountingSort;1501;0;0;14540
500;0;2;QuickSort;16779;6822;2976;19991
500;0;2;InsertionSort;1497;499;0;56230
500;0;2;BubbleSort;998;499;0;41050
500;0;2;MergeSort;8976;2272;0;37260
500;0;2;CountingSort;1501;0;0;10120
500;0;2;QuickSort;17265;7089;3058;18610
500;0;2;InsertionSort;1497;499;0;91210
500;0;2;BubbleSort;998;499;0;40040
500;0;2;MergeSort;8976;2272;0;57290
500;0;2;CountingSort;1501;0;0;10780
500;0;2;QuickSort;17051;6773;3093;15160
500;0;2;InsertionSort;1497;499;0;58820
500;0;2;BubbleSort;998;499;0;33630
500;0;2;MergeSort;8976;2272;0;39270
500;0;2;CountingSort;1501;0;0;11940
500;0;2;QuickSort;15893;6587;2769;15371
500;0;2;InsertionSort;1497;499;0;36910
500;0;2;BubbleSort;998;499;0;36400
500;0;2;MergeSort;8976;2272;0;31270
500;0;2;CountingSort;1501;0;0;9330
500;0;2;QuickSort;16201;6736;2826;14490
500;0;2;InsertionSort;1497;499;0;34480
500;0;2;BubbleSort;998;499;0;27110
500;0;2;MergeSort;8976;2272;0;46130
500;0;2;CountingSort;1501;0;0;9420
500;0;2;QuickSort;15427;6409;2664;14160
500;0;2;InsertionSort;1497;499;0;38390
500;0;2;BubbleSort;998;499;0;35200
500;0;2;MergeSort;8976;2272;0;44021
500;0;2;CountingSort;1501;0;0;10050
500;0;2;QuickSort;17990;7187;3268;18290
500;0;2;InsertionSort;1497;499;0;44951
500;0;2;BubbleSort;998;499;0;41230
500;0;2;MergeSort;8976;2272;0;40510
500;0;2;CountingSort;1501;0;0;13660
500;0;2;QuickSort;16995;7035;2990;19500
500;0;2;InsertionSort;1497;499;0;67750
500;0;2;BubbleSort;998;499;0;45040
500;0;2;MergeSort;8976;2272;0;32830
500;0;2;CountingSort;1501;0;0;11240
500;0;2;QuickSort;16689;7029;2885;15030
500;0;2;InsertionSort;1497;499;0;47870
500;0;2;BubbleSort;998;499;0;36680
500;0;2;MergeSort;8976;2272;0;42530
500;0;2;CountingSort;1501;0;0;8880
500;0;2;QuickSort;16722;6876;2943;15240
500;0;2;InsertionSort;1497;499;0;46340
500;0;2;BubbleSort;998;499;0;39890
500;0;2;MergeSort;8976;2272;0;33710
500;0;2;CountingSort;1501;0;0;8560
500;0;2;QuickSort;16681;6937;2913;14321
500;0;2;InsertionSort;1497;499;0;46770
500;0;2;BubbleSort;998;499;0;25250
500;0;2;MergeSort;8976;2272;0;40480
500;0;2;CountingSort;1501;0;0;9820
500;0;2;QuickSort;16036;7009;2679;14690
500;0;2;InsertionSort;1497;499;0;57300
500;0;2;BubbleSort;998;499;0;43480
500;0;2;MergeSort;8976;2272;0;31290
500;0;2;CountingSort;1501;0;0;10740
500;0;2;QuickSort;17658;7233;3144;15210
500;0;2;InsertionSort;1497;499;0;35130
500;0;2;BubbleSort;998;499;0;26940
500;0;2;MergeSort;8976;2272;0;30610
500;0;2;CountingSort;1501;0;0;10081
500;0;2;QuickSort;17401;7333;3024;15020
500;0;2;InsertionSort;1497;499;0;59960
500;0;2;BubbleSort;998;499;0;26090
500;0;2;MergeSort;8976;2272;0;44410
500;0;2;CountingSort;1501;0;0;11000
500;0;2;QuickSort;17563;7171;3133;14650
500;0;2;InsertionSort;1497;499;0;51380
500;0;2;BubbleSort;998;499;0;38400
500;0;2;MergeSort;8976;2272;0;33121
500;0;2;CountingSort;1501;0;0;17120
500;0;2;QuickSort;17229;6819;3134;19021
500;0;2;InsertionSort;1497;499;0;41980
500;0;2;BubbleSort;998;499;0;31410
500;0;2;MergeSort;8976;2272;0;41660
500;0;2;CountingSort;1501;0;0;9320
500;0;2;QuickSort;17358;7503;2960;15540
500;0;2;InsertionSort;1497;499;0;33530
500;0;2;BubbleSort;998;499;0;25450
500;0;2;MergeSort;8976;2272;0;30270
500;0;2;CountingSort;1501;0;0;9180
500;0;2;QuickSort;19576;8014;3527;15790
500;0;2;InsertionSort;1497;499;0;53870
500;0;2;BubbleSort;998;499;0;34680
500;0;2;MergeSort;8976;2272;0;30460
500;0;2;CountingSort;1501;0;0;10000
500;0;2;QuickSort;16847;6887;2989;16150
500;0;2;InsertionSort;1497;499;0;45311
500;0;2;BubbleSort;998;499;0;28331
500;0;2;MergeSort;8976;2272;0;48520
500;0;2;CountingSort;1501;0;0;16380
500;0;2;QuickSort;17791;7267;3166;14660
500;0;2;InsertionSort;1497;499;0;51591
500;0;2;BubbleSort;998;499;0;35110
500;0;2;MergeSort;8976;2272;0;28460
500;0;2;CountingSort;1501;0;0;10760
500;0;2;QuickSort;20446;8236;3731;16151
500;0;2;InsertionSort;1497;499;0;50420
500;0;2;BubbleSort;998;499;0;36400
500;0;2;MergeSort;8976;2272;0;34650
500;0;2;CountingSort;1501;0;0;8860
500;0;2;QuickSort;17360;7064;3108;13911
500;0;2;InsertionSort;1497;499;0;54470
500;0;2;BubbleSort;998;499;0;39140
500;0;2;MergeSort;8976;2272;0;33670
500;0;2;CountingSort;1501;0;0;11130
500;0;2;QuickSort;17058;6984;3024;14310
500;0;2;InsertionSort;1497;499;0;53591
500;0;2;BubbleSort;998;499;0;35021
500;0;2;MergeSort;8976;2272;0;35810
500;0;2;CountingSort;1501;0;0;20450
500;0;2;QuickSort;17898;7320;3200;15520
500;0;2;InsertionSort;1497;499;0;44420
500;0;2;BubbleSort;998;499;0;35850
500;0;2;MergeSort;8976;2272;0;33370
500;0;2;CountingSort;1501;0;0;10480
500;0;2;QuickSort;18649;7528;3371;14310
500;0;2;InsertionSort;1497;499;0;43770
500;0;2;BubbleSort;998;499;0;42420
500;0;2;MergeSort;8976;2272;0;54290
500;0;2;CountingSort;1501;0;0;18390
500;0;2;QuickSort;16272;6582;2899;17250
500;0;2;InsertionSort;1497;499;0;40541
500;0;2;BubbleSort;998;499;0;43220
500;0;2;MergeSort;8976;2272;0;29530
500;0;2;CountingSort;1501;0;0;9710
500;0;2;QuickSort;15986;6629;2792;17190
500;0;2;InsertionSort;1497;499;0;54600
500;0;2;BubbleSort;998;499;0;41540
500;0;2;MergeSort;8976;2272;0;34130
500;0;2;CountingSort;1501;0;0;35810
500;0;2;QuickSort;16201;7156;2686;19780
500;0;2;InsertionSort;1497;499;0;57730
500;0;2;BubbleSort;998;499;0;31780
500;0;2;MergeSort;8976;2272;0;46941
500;0;2;CountingSort;1501;0;0;10900
500;0;2;QuickSort;15454;6349;2709;14950
500;0;2;InsertionSort;1497;499;0;52601
500;0;2;BubbleSort;998;499;0;38110
500;0;2;MergeSort;8976;2272;0;35810
500;0;2;CountingSort;1501;0;0;10910
500;0;2;QuickSort;14939;6386;2518;13930
500;0;2;InsertionSort;1497;499;0;49641
500;0;2;BubbleSort;998;499;0;33830
500;0;2;MergeSort;8976;2272;0;33500
500;0;2;CountingSort;1501;0;0;9010
500;0;2;QuickSort;20469;8562;3634;15500
500;0;2;InsertionSort;1497;499;0;50570
500;0;2;BubbleSort;998;499;0;34940
500;0;2;MergeSort;8976;2272;0;34231
500;0;2;CountingSort;1501;0;0;9810
500;0;2;QuickSort;18160;7420;3244;14640
500;0;2;InsertionSort;1497;499;0;49440
500;0;2;BubbleSort;998;499;0;35470
500;0;2;MergeSort;8976;2272;0;41490
500;0;2;CountingSort;1501;0;0;14500
500;0;2;QuickSort;16516;6709;2931;14540
500;0;2;InsertionSort;1497;499;0;36290
500;0;2;BubbleSort;998;499;0;35091
500;0;2;MergeSort;8976;2272;0;38120
500;0;2;CountingSort;1501;0;0;14290
500;0;2;QuickSort;16664;6884;2928;15240
500;0;2;InsertionSort;1497;499;0;36401
500;0;2;BubbleSort;998;499;0;24600
500;0;2;MergeSort;8976;2272;0;42340
500;0;2;CountingSort;1501;0;0;12130
500;0;2;QuickSort;16655;7193;2825;15100
500;0;2;InsertionSort;1497;499;0;36600
500;0;2;BubbleSort;998;499;0;36070
500;0;2;MergeSort;8976;2272;0;30470
500;0;2;CountingSort;1501;0;0;16770
500;0;2;QuickSort;16001;6626;2787;13980
500;0;2;InsertionSort;1497;499;0;44380
500;0;2;BubbleSort;998;499;0;30650
500;0;2;MergeSort;8976;2272;0;32440
500;0;2;CountingSort;1501;0;0;58310
500;0;2;QuickSort;15640;6730;2635;17400
500;0;2;InsertionSort;1497;499;0;45270
500;0;2;BubbleSort;998;499;0;40250
500;0;2;MergeSort;8976;2272;0;50320
500;0;2;CountingSort;1501;0;0;10220
500;0;2;QuickSort;19599;7977;3539;15390
500;0;2;InsertionSort;1497;499;0;42970
500;0;2;BubbleSort;998;499;0;34920
500;0;2;MergeSort;8976;2272;0;33270
500;0;2;CountingSort;1501;0;0;10750
500;0;2;QuickSort;15809;6686;2713;14270
500;0;2;InsertionSort;1497;499;0;50340
500;0;2;BubbleSort;998;499;0;26410
500;0;2;MergeSort;8976;2272;0;37730
500;0;2;CountingSort;1501;0;0;11270
500;0;2;QuickSort;16889;7061;2945;14740
500;0;2;InsertionSort;1497;499;0;42010
500;0;2;BubbleSort;998;499;0;37130
500;0;2;MergeSort;8976;2272;0;43090
500;0;2;CountingSort;1501;0;0;41930
500;0;2;QuickSort;17110;7069;3002;14830
500;0;2;InsertionSort;1497;499;0;39340
500;0;2;BubbleSort;998;499;0;36900
500;0;2;MergeSort;8976;2272;0;29050
500;0;2;CountingSort;1501;0;0;10530
500;0;2;QuickSort;19109;7697;3467;15190
500;0;2;InsertionSort;1497;499;0;35070
500;0;2;BubbleSort;998;499;0;35530
500;0;2;MergeSort;8976;2272;0;39840
500;0;2;CountingSort;1501;0;0;8510
500;0;2;QuickSort;16996;7096;2963;14340
500;0;2;InsertionSort;1497;499;0;42320
500;0;2;BubbleSort;998;499;0;37310
500;0;2;MergeSort;8976;2272;0;36390
500;0;2;CountingSort;1501;0;0;8700
500;0;2;QuickSort;17957;7613;3109;17070
500;0;2;InsertionSort;1497;499;0;35960
500;0;2;BubbleSort;998;499;0;25800
500;0;2;MergeSort;8976;2272;0;27120
500;0;2;CountingSort;1501;0;0;11100
500;0;2;QuickSort;17340;7857;2830;16050
500;0;2;InsertionSort;1497;499;0;50620
500;0;2;BubbleSort;998;499;0;37820
500;0;2;MergeSort;8976;2272;0;29820
500;0;2;CountingSort;1501;0;0;11520
500;0;2;QuickSort;16151;6596;2852;17260
500;0;2;InsertionSort;1497;499;0;47650
500;0;2;BubbleSort;998;499;0;33680
500;0;2;MergeSort;8976;2272;0;33240
500;0;2;CountingSort;1501;0;0;8300
500;0;2;QuickSort;17947;7456;3163;14980
500;0;2;InsertionSort;1497;499;0;42070
500;0;2;BubbleSort;998;499;0;35900
500;0;2;MergeSort;8976;2272;0;42420
500;0;2;CountingSort;1501;0;0;5300
500;0;2;QuickSort;18126;7590;3181;15210
500;0;2;InsertionSort;1497;499;0;44100
500;0;2;BubbleSort;998;499;0;36100
500;0;2;MergeSort;8976;2272;0;41990
500;0;3;CountingSort;1501;0;0;126011
500;0;3;QuickSort;16554;6975;2858;910402
500;0;3;InsertionSort;1497;499;0;76590
500;0;3;BubbleSort;998;499;0;69680
500;0;3;MergeSort;8976;2272;0;694052
500;0;3;CountingSort;1501;0;0;67260
500;0;3;QuickSort;18791;8024;3262;294031
500;0;3;InsertionSort;1497;499;0;49130
500;0;3;BubbleSort;998;499;0;52900
500;0;3;MergeSort;8976;2272;0;101620
500;0;3;CountingSort;1501;0;0;66990
500;0;3;QuickSort;16284;6663;2872;82260
500;0;3;InsertionSort;1497;499;0;47150
500;0;3;BubbleSort;998;499;0;46180
500;0;3;MergeSort;8976;2272;0;78481
500;0;3;CountingSort;1501;0;0;44880
500;0;3;QuickSort;16995;6909;3032;96050
500;0;3;InsertionSort;1497;499;0;65640
500;0;3;BubbleSort;998;499;0;56170
500;0;3;MergeSort;8976;2272;0;103041
500;0;3;CountingSort;1501;0;0;48310
500;0;3;QuickSort;15766;6739;2674;90140
500;0;3;InsertionSort;1497;499;0;56720
500;0;3;BubbleSort;998;499;0;54960
500;0;3;MergeSort;8976;2272;0;72971
500;0;3;CountingSort;1501;0;0;88890
500;0;3;QuickSort;15967;6511;2819;145900
500;0;3;InsertionSort;1497;499;0;71870
500;0;3;BubbleSort;998;499;0;45510
500;0;3;MergeSort;8976;2272;0;109401
500;0;3;CountingSort;1501;0;0;61350
500;0;3;QuickSort;19225;7690;3512;149880
500;0;3;InsertionSort;1497;499;0;60310
500;0;3;BubbleSort;998;499;0;43240
500;0;3;MergeSort;8976;2272;0;105471
500;0;3;CountingSort;1501;0;0;57030
500;0;3;QuickSort;15684;6783;2637;94190
500;0;3;InsertionSort;1497;499;0;48230
500;0;3;BubbleSort;998;499;0;40250
500;0;3;MergeSort;8976;2272;0;114230
500;0;3;CountingSort;1501;0;0;60830
500;0;3;QuickSort;19392;7917;3494;116671
500;0;3;InsertionSort;1497;499;0;59160
500;0;3;BubbleSort;998;499;0;39410
500;0;3;MergeSort;8976;2272;0;88520
500;0;3;CountingSort;1501;0;0;70880
500;0;3;QuickSort;15210;6252;2647;110341
500;0;3;InsertionSort;1497;499;0;46120
500;0;3;BubbleSort;998;499;0;44800
500;0;3;MergeSort;8976;2272;0;93350
500;0;3;CountingSort;1501;0;0;61880
500;0;3;QuickSort;17111;7307;2935;112561
500;0;3;InsertionSort;1497;499;0;48561
500;0;3;BubbleSort;998;499;0;42600
500;0;3;MergeSort;8976;2272;0;88780
500;0;3;CountingSort;1501;0;0;58330
500;0;3;QuickSort;17867;7166;3230;121060
500;0;3;InsertionSort;1497;499;0;54380
500;0;3;BubbleSort;998;499;0;42040
500;0;3;MergeSort;8976;2272;0;103481
500;0;3;CountingSort;1501;0;0;45200
500;0;3;QuickSort;17924;7376;3184;362271
500;0;3;InsertionSort;1497;499;0;66920
500;0;3;BubbleSort;998;499;0;48801
500;0;3;MergeSort;8976;2272;0;143201
500;0;3;CountingSort;1501;0;0;61901
500;0;3;QuickSort;18318;7632;3232;424941
500;0;3;InsertionSort;1497;499;0;57800
500;0;3;BubbleSort;998;499;0;40290
500;0;3;MergeSort;8976;2272;0;103040
500;0;3;CountingSort;1501;0;0;57670
500;0;3;QuickSort;14795;6293;2504;411121
500;0;3;InsertionSort;1497;499;0;58050
500;0;3;BubbleSort;998;499;0;42200
500;0;3;MergeSort;8976;2272;0;171571
500;0;3;CountingSort;1501;0;0;60500
500;0;3;QuickSort;16720;6754;2988;441761
500;0;3;InsertionSort;1497;499;0;56081
500;0;3;BubbleSort;998;499;0;39901
500;0;3;MergeSort;8976;2272;0;163690
500;0;3;CountingSort;1501;0;0;61501
500;0;3;QuickSort;18705;7782;3306;372281
500;0;3;InsertionSort;1497;499;0;67000
500;0;3;BubbleSort;998;499;0;40060
500;0;3;MergeSort;8976;2272;0;79230
500;0;3;CountingSort;1501;0;0;68380
500;0;3;QuickSort;18249;7350;3300;291531
500;0;3;InsertionSort;1497;499;0;55630
500;0;3;BubbleSort;998;499;0;47390
500;0;3;MergeSort;8976;2272;0;87160
500;0;3;CountingSort;1501;0;0;72941
500;0;3;QuickSort;18655;7915;3249;424891
500;0;3;InsertionSort;1497;499;0;45010
500;0;3;BubbleSort;998;499;0;38760
500;0;3;MergeSort;8976;2272;0;102130
500;0;3;CountingSort;1501;0;0;51200
500;0;3;QuickSort;19656;7845;3600;423261
500;0;3;InsertionSort;1497;499;0;49190
500;0;3;BubbleSort;998;499;0;37030
500;0;3;MergeSort;8976;2272;0;82611
500;0;3;CountingSort;1501;0;0;62781
500;0;3;QuickSort;16774;6763;3009;346671
500;0;3;InsertionSort;1497;499;0;51040
500;0;3;BubbleSort;998;499;0;41990
500;0;3;MergeSort;8976;2272;0;113300
500;0;3;CountingSort;1501;0;0;47790
500;0;3;QuickSort;17896;7294;3204;395951
500;0;3;InsertionSort;1497;499;0;49280
500;0;3;BubbleSort;998;499;0;35210
500;0;3;MergeSort;8976;2272;0;103981
500;0;3;CountingSort;1501;0;0;59251
500;0;3;QuickSort;16501;6814;2897;384992
500;0;3;InsertionSort;1497;499;0;55441
500;0;3;BubbleSort;998;499;0;40970
500;0;3;MergeSort;8976;2272;0;53570
500;0;3;CountingSort;1501;0;0;87391
500;0;3;QuickSort;17058;7284;2924;1464384
500;0;3;InsertionSort;1497;499;0;45310
500;0;3;BubbleSort;998;499;0;34960
500;0;3;MergeSort;8976;2272;0;1170703
500;0;3;CountingSort;1501;0;0;44461
500;0;3;QuickSort;18376;7477;3304;252850
500;0;3;InsertionSort;1497;499;0;54050
500;0;3;BubbleSort;998;499;0;40200
500;0;3;MergeSort;8976;2272;0;30180
500;0;3;CountingSort;1501;0;0;49550
500;0;3;QuickSort;20920;8620;3767;17990
500;0;3;InsertionSort;1497;499;0;37790
500;0;3;BubbleSort;998;499;0;24570
500;0;3;MergeSort;8976;2272;0;26870
500;0;3;CountingSort;1501;0;0;45751
500;0;3;QuickSort;16424;6872;2844;31790
500;0;3;InsertionSort;1497;499;0;53860
500;0;3;BubbleSort;998;499;0;37790
500;0;3;MergeSort;8976;2272;0;22010
500;0;3;CountingSort;1501;0;0;46280
500;0;3;QuickSort;15366;6294;2690;22020
500;0;3;InsertionSort;1497;499;0;47010
500;0;3;BubbleSort;998;499;0;43990
500;0;3;MergeSort;8976;2272;0;28030
500;0;3;CountingSort;1501;0;0;49450
500;0;3;QuickSort;16286;6791;2831;17980
500;0;3;InsertionSort;1497;499;0;47550
500;0;3;BubbleSort;998;499;0;43160
500;0;3;MergeSort;8976;2272;0;33980
500;0;3;CountingSort;1501;0;0;45910
500;0;3;QuickSort;19158;7953;3402;18820
500;0;3;InsertionSort;1497;499;0;47830
500;0;3;BubbleSort;998;499;0;42090
500;0;3;MergeSort;8976;2272;0;29020
500;0;3;CountingSort;1501;0;0;59420
500;0;3;QuickSort;16941;7305;2868;33920
500;0;3;InsertionSort;1497;499;0;43870
500;0;3;BubbleSort;998;499;0;35250
500;0;3;MergeSort;8976;2272;0;43330
500;0;3;CountingSort;1501;0;0;63020
500;0;3;QuickSort;17871;7146;3243;39750
500;0;3;InsertionSort;1497;499;0;45001
500;0;3;BubbleSort;998;499;0;37440
500;0;3;MergeSort;8976;2272;0;26340
500;0;3;CountingSort;1501;0;0;28260
500;0;3;QuickSort;15733;6613;2715;16590
500;0;3;InsertionSort;1497;499;0;54330
500;0;3;BubbleSort;998;499;0;42780
500;0;3;MergeSort;8976;2272;0;44400
500;0;3;CountingSort;1501;0;0;17770
500;0;3;QuickSort;18220;7588;3214;17670
500;0;3;InsertionSort;1497;499;0;44920
500;0;3;BubbleSort;998;499;0;34660
500;0;3;MergeSort;8976;2272;0;19670
500;0;3;CountingSort;1501;0;0;22900
500;0;3;QuickSort;17612;7133;3159;15600
500;0;3;InsertionSort;1497;499;0;50210
500;0;3;BubbleSort;998;499;0;39240
500;0;3;MergeSort;8976;2272;0;16000
500;0;3;CountingSort;1501;0;0;8850
500;0;3;QuickSort;17654;7640;3006;14280
500;0;3;InsertionSort;1497;499;0;53940
500;0;3;BubbleSort;998;499;0;31100
500;0;3;MergeSort;8976;2272;0;23700
500;0;3;CountingSort;1501;0;0;8360
500;0;3;QuickSort;17795;7202;3207;16270
500;0;3;InsertionSort;1497;499;0;44550
500;0;3;BubbleSort;998;499;0;39910
500;0;3;MergeSort;8976;2272;0;34670
500;0;3;CountingSort;1501;0;0;8050
500;0;3;QuickSort;19118;8132;3325;14960
500;0;3;InsertionSort;1497;499;0;48960
500;0;3;BubbleSort;998;499;0;29570
500;0;3;MergeSort;8976;2272;0;32070
500;0;3;CountingSort;1501;0;0;12790
500;0;3;QuickSort;17863;7123;3241;13760
500;0;3;InsertionSort;1497;499;0;40980
500;0;3;BubbleSort;998;499;0;28840
500;0;3;MergeSort;8976;2272;0;49240
500;0;3;CountingSort;1501;0;0;14650
500;0;3;QuickSort;20039;7928;3702;21170
500;0;3;InsertionSort;1497;499;0;49090
500;0;3;BubbleSort;998;499;0;39731
500;0;3;MergeSort;8976;2272;0;62541
500;0;3;CountingSort;1501;0;0;14180
500;0;3;QuickSort;15797;6440;2783;14510
500;0;3;InsertionSort;1497;499;0;58870
500;0;3;BubbleSort;998;499;0;41090
500;0;3;MergeSort;8976;2272;0;41550
500;0;3;CountingSort;1501;0;0;10200
500;0;3;QuickSort;16177;7072;2706;12840
500;0;3;InsertionSort;1497;499;0;42280
500;0;3;BubbleSort;998;499;0;37790
500;0;3;MergeSort;8976;2272;0;33530
500;0;3;CountingSort;1501;0;0;11480
500;0;3;QuickSort;18725;7763;3322;14300
500;0;3;InsertionSort;1497;499;0;53640
500;0;3;BubbleSort;998;499;0;29190
500;0;3;MergeSort;8976;2272;0;29971
500;0;3;CountingSort;1501;0;0;11500
500;0;3;QuickSort;16012;7018;2673;14550
500;0;3;InsertionSort;1497;499;0;52401
500;0;3;BubbleSort;998;499;0;45460
500;0;3;MergeSort;8976;2272;0;33310
500;0;3;CountingSort;1501;0;0;8800
500;0;3;QuickSort;17106;6963;3050;15880
500;0;3;InsertionSort;1497;499;0;48050
500;0;3;BubbleSort;998;499;0;41100
500;0;3;MergeSort;8976;2272;0;46380
500;0;3;CountingSort;1501;0;0;10980
500;0;3;QuickSort;17854;7390;3150;15220
500;0;3;InsertionSort;1497;499;0;51770
500;0;3;BubbleSort;998;499;0;38790
500;0;3;MergeSort;8976;2272;0;39800
500;0;3;CountingSort;1501;0;0;14700
500;0;3;QuickSort;18625;7915;3231;14840
500;0;3;InsertionSort;1497;499;0;54340
500;0;3;BubbleSort;998;499;0;33810
500;0;3;MergeSort;8976;2272;0;49920
500;0;3;CountingSort;1501;0;0;12590
500;0;3;QuickSort;17908;7276;3210;14090
500;0;3;InsertionSort;1497;499;0;67790
500;0;3;BubbleSort;998;499;0;43180
500;0;3;MergeSort;8976;2272;0;29140
500;0;3;CountingSort;1501;0;0;10780
500;0;3;QuickSort;17159;7148;3002;14280
500;0;3;InsertionSort;1497;499;0;44850
500;0;3;BubbleSort;998;499;0;27760
500;0;3;MergeSort;8976;2272;0;43900
500;0;3;CountingSort;1501;0;0;17940
500;0;3;QuickSort;17273;7142;3043;13950
500;0;3;InsertionSort;1497;499;0;56270
500;0;3;BubbleSort;998;499;0;42390
500;0;3;MergeSort;8976;2272;0;34480
500;0;3;CountingSort;1501;0;0;11240
500;0;3;QuickSort;15646;6613;2680;14060
500;0;3;InsertionSort;1497;499;0;49400
500;0;3;BubbleSort;998;499;0;32810
500;0;3;MergeSort;8976;2272;0;37180
500;0;3;CountingSort;1501;0;0;11010
500;0;3;QuickSort;18678;7854;3279;14520
500;0;3;InsertionSort;1497;499;0;55200
500;0;3;BubbleSort;998;499;0;32900
500;0;3;MergeSort;8976;2272;0;33970
500;0;3;CountingSort;1501;0;0;16390
500;0;3;QuickSort;16501;6739;2921;29470
500;0;3;InsertionSort;1497;499;0;48820
500;0;3;BubbleSort;998;499;0;40291
500;0;3;MergeSort;8976;2272;0;41691
500;0;3;CountingSort;1501;0;0;16870
500;0;3;QuickSort;16673;6821;2951;16470
500;0;3;InsertionSort;1497;499;0;36531
500;0;3;BubbleSort;998;499;0;43470
500;0;3;MergeSort;8976;2272;0;52280
500;0;3;CountingSort;1501;0;0;11050
500;0;3;QuickSort;16193;6731;2815;35290
500;0;3;InsertionSort;1497;499;0;56120
500;0;3;BubbleSort;998;499;0;37850
500;0;3;MergeSort;8976;2272;0;41770
500;0;3;CountingSort;1501;0;0;11830
500;0;3;QuickSort;16613;6833;2928;15680
500;0;3;InsertionSort;1497;499;0;43450
500;0;3;BubbleSort;998;499;0;48880
500;0;3;MergeSort;8976;2272;0;33240
500;0;3;CountingSort;1501;0;0;9530
500;0;3;QuickSort;16954;6892;3021;27570
500;0;3;InsertionSort;1497;499;0;46340
500;0;3;BubbleSort;998;499;0;41621
500;0;3;MergeSort;8976;2272;0;44250
500;0;3;CountingSort;1501;0;0;8920
500;0;3;QuickSort;17912;7580;3110;16180
500;0;3;InsertionSort;1497;499;0;46700
500;0;3;BubbleSort;998;499;0;36910
500;0;3;MergeSort;8976;2272;0;44470
500;0;3;CountingSort;1501;0;0;15950
500;0;3;QuickSort;16947;6957;2993;15440
500;0;3;InsertionSort;1497;499;0;45670
500;0;3;BubbleSort;998;499;0;41800
500;0;3;MergeSort;8976;2272;0;66810
500;0;3;CountingSort;1501;0;0;15631
500;0;3;QuickSort;18329;7703;3211;16880
500;0;3;InsertionSort;1497;499;0;50110
500;0;3;BubbleSort;998;499;0;40320
500;0;3;MergeSort;8976;2272;0;37730
500;0;3;CountingSort;1501;0;0;10630
500;0;3;QuickSort;17542;7150;3138;15210
500;0;3;InsertionSort;1497;499;0;35070
500;0;3;BubbleSort;998;499;0;38020
500;0;3;MergeSort;8976;2272;0;52271
500;0;3;CountingSort;1501;0;0;14060
500;0;3;QuickSort;17980;7894;3026;16060
500;0;3;InsertionSort;1497;499;0;55681
500;0;3;BubbleSort;998;499;0;37491
500;0;3;MergeSort;8976;2272;0;36170
500;0;3;CountingSort;1501;0;0;8920
500;0;3;QuickSort;17672;7316;3121;16930
500;0;3;InsertionSort;1497;499;0;38200
500;0;3;BubbleSort;998;499;0;25780
500;0;3;MergeSort;8976;2272;0;45420
500;0;3;CountingSort;1501;0;0;43651
500;0;3;QuickSort;19269;8109;3391;16400
500;0;3;InsertionSort;1497;499;0;51830
500;0;3;BubbleSort;998;499;0;34590
500;0;3;MergeSort;8976;2272;0;36180
500;0;3;CountingSort;1501;0;0;10060
500;0;3;QuickSort;19240;7822;3478;14990
500;0;3;InsertionSort;1497;499;0;35700
500;0;3;BubbleSort;998;499;0;33400
500;0;3;MergeSort;8976;2272;0;36580
500;0;3;CountingSort;1501;0;0;10000
500;0;3;QuickSort;16625;7043;2861;15120
500;0;3;InsertionSort;1497;499;0;51731
500;0;3;BubbleSort;998;499;0;42780
500;0;3;MergeSort;8976;2272;0;40090
500;0;3;CountingSort;1501;0;0;11060
500;0;3;QuickSort;18897;7899;3338;20150
500;0;3;InsertionSort;1497;499;0;53150
500;0;3;BubbleSort;998;499;0;35360
500;0;3;MergeSort;8976;2272;0;39920
500;0;3;CountingSort;1501;0;0;12410
500;0;3;QuickSort;25696;10636;4692;25591
500;0;3;InsertionSort;1497;499;0;56880
500;0;3;BubbleSort;998;499;0;44210
500;0;3;MergeSort;8976;2272;0;45680
500;0;3;CountingSort;1501;0;0;9150
500;0;3;QuickSort;15804;6921;2627;15250
500;0;3;InsertionSort;1497;499;0;42880
500;0;3;BubbleSort;998;499;0;41250
500;0;3;MergeSort;8976;2272;0;29230
500;0;3;CountingSort;1501;0;0;8800
500;0;3;QuickSort;17057;7160;2967;15540
500;0;3;InsertionSort;1497;499;0;52060
500;0;3;BubbleSort;998;499;0;33960
500;0;3;MergeSort;8976;2272;0;34200
500;0;3;CountingSort;1501;0;0;10050
500;0;3;QuickSort;18203;7364;3277;15070
500;0;3;InsertionSort;1497;499;0;53030
500;0;3;BubbleSort;998;499;0;32880
500;0;3;MergeSort;8976;2272;0;36800
500;0;3;CountingSort;1501;0;0;12250
500;0;3;QuickSort;18475;7849;3215;16180
500;0;3;InsertionSort;1497;499;0;50580
500;0;3;BubbleSort;998;499;0;28220
500;0;3;MergeSort;8976;2272;0;30940
500;0;3;CountingSort;1501;0;0;10840
500;0;3;QuickSort;16390;6727;2887;14370
500;0;3;InsertionSort;1497;499;0;47010
500;0;3;BubbleSort;998;499;0;24620
500;0;3;MergeSort;8976;2272;0;29610
500;0;3;CountingSort;1501;0;0;8750
500;0;3;QuickSort;18866;7826;3340;15700
500;0;3;InsertionSort;1497;499;0;53780
500;0;3;BubbleSort;998;499;0;45581
500;0;3;MergeSort;8976;2272;0;40261
500;0;3;CountingSort;1501;0;0;10650
500;0;3;QuickSort;17451;6978;3154;19210
500;0;3;InsertionSort;1497;499;0;51531
500;0;3;BubbleSort;998;499;0;41011
500;0;3;MergeSort;8976;2272;0;46500
500;0;3;CountingSort;1501;0;0;10930
500;0;3;QuickSort;18386;7574;3274;19500
500;0;3;InsertionSort;1497;499;0;45731
500;0;3;BubbleSort;998;499;0;43930
500;0;3;MergeSort;8976;2272;0;48110
500;0;3;CountingSort;1501;0;0;9650
500;0;3;QuickSort;19368;8043;3446;21220
500;0;3;InsertionSort;1497;499;0;55630
500;0;3;BubbleSort;998;499;0;40020
500;0;3;MergeSort;8976;2272;0;53990
500;0;3;CountingSort;1501;0;0;12070
500;0;3;QuickSort;19266;7836;3477;15930
500;0;3;InsertionSort;1497;499;0;51700
500;0;3;BubbleSort;998;499;0;42780
500;0;3;MergeSort;8976;2272;0;45651
500;0;3;CountingSort;1501;0;0;10400
500;0;3;QuickSort;16635;6735;2958;19470
500;0;3;InsertionSort;1497;499;0;47921
500;0;3;BubbleSort;998;499;0;31070
500;0;3;MergeSort;8976;2272;0;67140
500;0;3;CountingSort;1501;0;0;15750
500;0;3;QuickSort;16287;6561;2913;14630
500;0;3;InsertionSort;1497;499;0;56120
500;0;3;BubbleSort;998;499;0;32750
500;0;3;MergeSort;8976;2272;0;34770
500;0;3;CountingSort;1501;0;0;11310
500;0;3;QuickSort;18315;7404;3302;15320
500;0;3;InsertionSort;1497;499;0;61050
500;0;3;BubbleSort;998;499;0;40870
500;0;3;MergeSort;8976;2272;0;28950
500;0;3;CountingSort;1501;0;0;11210
500;0;3;QuickSort;17586;7188;3135;18200
500;0;3;InsertionSort;1497;499;0;33930
500;0;3;BubbleSort;998;499;0;32260
500;0;3;MergeSort;8976;2272;0;39511
500;0;3;CountingSort;1501;0;0;8800
500;0;3;QuickSort;17861;7322;3177;15960
500;0;3;InsertionSort;1497;499;0;51761
500;0;3;BubbleSort;998;499;0;28550
500;0;3;MergeSort;8976;2272;0;35280
500;0;3;CountingSort;1501;0;0;29890
500;0;3;QuickSort;17221;7132;3027;20691
500;0;3;InsertionSort;1497;499;0;33860
500;0;3;BubbleSort;998;499;0;45300
500;0;3;MergeSort;8976;2272;0;32590
500;0;3;CountingSort;1501;0;0;10350
500;0;3;QuickSort;15865;6613;2755;15070
500;0;3;InsertionSort;1497;499;0;35180
500;0;3;BubbleSort;998;499;0;31070
500;0;3;MergeSort;8976;2272;0;56980
500;0;3;CountingSort;1501;0;0;10670
500;0;3;QuickSort;18233;7541;3230;19000
500;0;3;InsertionSort;1497;499;0;56560
500;0;3;BubbleSort;998;499;0;38690
500;0;3;MergeSort;8976;2272;0;30030
500;0;3;CountingSort;1501;0;0;10420
500;0;3;QuickSort;18224;7550;3229;18740
500;0;3;InsertionSort;1497;499;0;56590
500;0;3;BubbleSort;998;499;0;38930
500;0;3;MergeSort;8976;2272;0;45890
500;0;3;CountingSort;1501;0;0;11420
500;0;3;QuickSort;19035;7842;3403;15920
500;0;3;InsertionSort;1497;499;0;51110
500;0;3;BubbleSort;998;499;0;40970
500;0;3;MergeSort;8976;2272;0;40960
500;0;3;CountingSort;1501;0;0;10120
500;0;3;QuickSort;17528;7370;3053;18380
500;0;3;InsertionSort;1497;499;0;57750
500;0;3;BubbleSort;998;499;0;44261
500;0;3;MergeSort;8976;2272;0;36121
500;0;3;CountingSort;1501;0;0;9870
500;0;3;QuickSort;21223;9028;3732;21650
500;0;3;InsertionSort;1497;499;0;58131
500;0;3;BubbleSort;998;499;0;46960
500;0;3;MergeSort;8976;2272;0;34120
500;0;3;CountingSort;1501;0;0;18840
500;0;3;QuickSort;15558;6243;2770;19410
500;0;3;InsertionSort;1497;499;0;35790
500;0;3;BubbleSort;998;499;0;40370
500;0;3;MergeSort;8976;2272;0;42730
500;0;3;CountingSort;1501;0;0;11610
500;0;3;QuickSort;18852;7731;3377;15030
500;0;3;InsertionSort;1497;499;0;60940
500;0;3;BubbleSort;998;499;0;32460
500;0;3;MergeSort;8976;2272;0;34950
500;0;3;CountingSort;1501;0;0;10840
500;0;3;QuickSort;17541;7410;3045;22730
500;0;3;InsertionSort;1497;499;0;37300
500;0;3;BubbleSort;998;499;0;27200
500;0;3;MergeSort;8976;2272;0;37590
500;0;3;CountingSort;1501;0;0;21400
500;0;3;QuickSort;16251;6561;2895;25510
500;0;3;InsertionSort;1497;499;0;34440
500;0;3;BubbleSort;998;499;0;34010
500;0;3;MergeSort;8976;2272;0;34800
500;0;3;CountingSort;1501;0;0;7690
500;0;3;QuickSort;18424;7870;3189;16090
500;0;3;InsertionSort;1497;499;0;35450
500;0;3;BubbleSort;998;499;0;34450
500;0;3;MergeSort;8976;2272;0;28140
500;0;3;CountingSort;1501;0;0;4610
500;0;3;QuickSort;18532;7417;3367;18520
500;0;3;InsertionSort;1497;499;0;34640
500;0;3;BubbleSort;998;499;0;42280
500;0;3;MergeSort;8976;2272;0;43860
500;0;3;CountingSort;1501;0;0;7020
500;0;3;QuickSort;16064;6887;2724;19050
500;0;3;InsertionSort;1497;499;0;54231
500;0;3;BubbleSort;998;499;0;38750
500;0;3;MergeSort;8976;2272;0;35810
500;0;3;CountingSort;1501;0;0;7390
500;0;3;QuickSort;19150;7912;3413;18621
500;0;3;InsertionSort;1497;499;0;46480
500;0;3;BubbleSort;998;499;0;38750
500;0;3;MergeSort;8976;2272;0;32930
500;0;3;CountingSort;1501;0;0;7670
500;0;3;QuickSort;16814;6899;2971;18380
500;0;3;InsertionSort;1497;499;0;44040
500;0;3;BubbleSort;998;499;0;29630
500;0;3;MergeSort;8976;2272;0;42480
500;0;3;CountingSort;1501;0;0;5370
500;0;3;QuickSort;19010;8126;3289;19780
500;0;3;InsertionSort;1497;499;0;42370
500;0;3;BubbleSort;998;499;0;29060
500;0;3;MergeSort;8976;2272;0;56591
500;0;4;CountingSort;1501;0;0;81880
500;0;4;QuickSort;17458;7417;3012;699162
500;0;4;InsertionSort;1497;499;0;97280
500;0;4;BubbleSort;998;499;0;47700
500;0;4;MergeSort;8976;2272;0;415051
500;0;4;CountingSort;1501;0;0;55150
500;0;4;QuickSort;16021;6760;2752;208901
500;0;4;InsertionSort;1497;499;0;50751
500;0;4;BubbleSort;998;499;0;46510
500;0;4;MergeSort;8976;2272;0;117580
500;0;4;CountingSort;1501;0;0;56250
500;0;4;QuickSort;16695;7056;2880;116410
500;0;4;InsertionSort;1497;499;0;64350
500;0;4;BubbleSort;998;499;0;30770
500;0;4;MergeSort;8976;2272;0;114921
500;0;4;CountingSort;1501;0;0;57310
500;0;4;QuickSort;16269;6969;2765;91160
500;0;4;InsertionSort;1497;499;0;49820
500;0;4;BubbleSort;998;499;0;28590
500;0;4;MergeSort;8976;2272;0;63750
500;0;4;CountingSort;1501;0;0;49780
500;0;4;QuickSort;16010;6644;2787;122801
500;0;4;InsertionSort;1497;499;0;65020
500;0;4;BubbleSort;998;499;0;58870
500;0;4;MergeSort;8976;2272;0;103360
500;0;4;CountingSort;1501;0;0;56030
500;0;4;QuickSort;16659;6816;2957;97701
500;0;4;InsertionSort;1497;499;0;36691
500;0;4;BubbleSort;998;499;0;39700
500;0;4;MergeSort;8976;2272;0;106530
500;0;4;CountingSort;1501;0;0;79860
500;0;4;QuickSort;19787;8105;3554;146771
500;0;4;InsertionSort;1497;499;0;67720
500;0;4;BubbleSort;998;499;0;52790
500;0;4;MergeSort;8976;2272;0;78330
500;0;4;CountingSort;1501;0;0;48630
500;0;4;QuickSort;19268;7748;3501;118270
500;0;4;InsertionSort;1497;499;0;55930
500;0;4;BubbleSort;998;499;0;46190
500;0;4;MergeSort;8976;2272;0;122451
500;0;4;CountingSort;1501;0;0;73560
500;0;4;QuickSort;16908;7008;2972;128051
500;0;4;InsertionSort;1497;499;0;67590
500;0;4;BubbleSort;998;499;0;44740
500;0;4;MergeSort;8976;2272;0;140360
500;0;4;CountingSort;1501;0;0;46430
500;0;4;QuickSort;15681;6819;2618;69140
500;0;4;InsertionSort;1497;499;0;65760
500;0;4;BubbleSort;998;499;0;39490
500;0;4;MergeSort;8976;2272;0;61631
500;0;4;CountingSort;1501;0;0;56620
500;0;4;QuickSort;16385;6668;2904;63900
500;0;4;InsertionSort;1497;499;0;40330
500;0;4;BubbleSort;998;499;0;36121
500;0;4;MergeSort;8976;2272;0;80740
500;0;4;CountingSort;1501;0;0;85690
500;0;4;QuickSort;18933;7560;3455;95970
500;0;4;InsertionSort;1497;499;0;61550
500;0;4;BubbleSort;998;499;0;47140
500;0;4;MergeSort;8976;2272;0;98661
500;0;4;CountingSort;1501;0;0;65510
500;0;4;QuickSort;19751;7922;3603;286661
500;0;4;InsertionSort;1497;499;0;53830
500;0;4;BubbleSort;998;499;0;59080
500;0;4;MergeSort;8976;2272;0;90670
500;0;4;CountingSort;1501;0;0;43820
500;0;4;QuickSort;17560;7474;3032;336231
500;0;4;InsertionSort;1497;499;0;57600
500;0;4;BubbleSort;998;499;0;36650
500;0;4;MergeSort;8976;2272;0;110490
500;0;4;CountingSort;1501;0;0;53340
500;0;4;QuickSort;15201;6561;2543;304521
500;0;4;InsertionSort;1497;499;0;52610
500;0;4;BubbleSort;998;499;0;36750
500;0;4;MergeSort;8976;2272;0;104270
500;0;4;CountingSort;1501;0;0;51941
500;0;4;QuickSort;18104;7532;3204;352311
500;0;4;InsertionSort;1497;499;0;51790
500;0;4;BubbleSort;998;499;0;41970
500;0;4;MergeSort;8976;2272;0;99330
500;0;4;CountingSort;1501;0;0;63920
500;0;4;QuickSort;18305;8009;3100;444651
500;0;4;InsertionSort;1497;499;0;50340
500;0;4;BubbleSort;998;499;0;46810
500;0;4;MergeSort;8976;2272;0;95531
500;0;4;CountingSort;1501;0;0;66520
500;0;4;QuickSort;19929;8127;3610;467882
500;0;4;InsertionSort;1497;499;0;55221
500;0;4;BubbleSort;998;499;0;41600
500;0;4;MergeSort;8976;2272;0;105600
500;0;4;CountingSort;1501;0;0;52240
500;0;4;QuickSort;16006;6766;2750;337491
500;0;4;InsertionSort;1497;499;0;48560
500;0;4;BubbleSort;998;499;0;40200
500;0;4;MergeSort;8976;2272;0;92670
500;0;4;CountingSort;1501;0;0;74090
500;0;4;QuickSort;19949;8204;3584;364231
500;0;4;InsertionSort;1497;499;0;45930
500;0;4;BubbleSort;998;499;0;43670
500;0;4;MergeSort;8976;2272;0;106151
500;0;4;CountingSort;1501;0;0;44560
500;0;4;QuickSort;17617;7234;3119;407452
500;0;4;InsertionSort;1497;499;0;59621
500;0;4;BubbleSort;998;499;0;39840
500;0;4;MergeSort;8976;2272;0;72270
500;0;4;CountingSort;1501;0;0;51261
500;0;4;QuickSort;15792;6594;2739;300040
500;0;4;InsertionSort;1497;499;0;51110
500;0;4;BubbleSort;998;499;0;41810
500;0;4;MergeSort;8976;2272;0;102520
500;0;4;CountingSort;1501;0;0;79591
500;0;4;QuickSort;18390;7599;3258;344141
500;0;4;InsertionSort;1497;499;0;56311
500;0;4;BubbleSort;998;499;0;40910
500;0;4;MergeSort;8976;2272;0;108370
500;0;4;CountingSort;1501;0;0;47890
500;0;4;QuickSort;16971;6870;3039;1369864
500;0;4;InsertionSort;1497;499;0;61121
500;0;4;BubbleSort;998;499;0;44681
500;0;4;MergeSort;8976;2272;0;1195353
500;0;4;CountingSort;1501;0;0;51020
500;0;4;QuickSort;16382;6944;2811;322321
500;0;4;InsertionSort;1497;499;0;55560
500;0;4;BubbleSort;998;499;0;36251
500;0;4;MergeSort;8976;2272;0;49570
500;0;4;CountingSort;1501;0;0;69830
500;0;4;QuickSort;16707;6843;2958;333151
500;0;4;InsertionSort;1497;499;0;42351
500;0;4;BubbleSort;998;499;0;36850
500;0;4;MergeSort;8976;2272;0;25600
500;0;4;CountingSort;1501;0;0;56090
500;0;4;QuickSort;15211;6652;2520;354411
500;0;4;InsertionSort;1497;499;0;51760
500;0;4;BubbleSort;998;499;0;36950
500;0;4;MergeSort;8976;2272;0;29230
500;0;4;CountingSort;1501;0;0;65970
500;0;4;QuickSort;18328;7636;3226;355981
500;0;4;InsertionSort;1497;499;0;43690
500;0;4;BubbleSort;998;499;0;32631
500;0;4;MergeSort;8976;2272;0;36900
500;0;4;CountingSort;1501;0;0;53700
500;0;4;QuickSort;15385;6352;2673;358001
500;0;4;InsertionSort;1497;499;0;55550
500;0;4;BubbleSort;998;499;0;42300
500;0;4;MergeSort;8976;2272;0;46280
500;0;4;CountingSort;1501;0;0;49720
500;0;4;QuickSort;16200;6861;2778;92700
500;0;4;InsertionSort;1497;499;0;39220
500;0;4;BubbleSort;998;499;0;25800
500;0;4;MergeSort;8976;2272;0;42270
500;0;4;CountingSort;1501;0;0;72160
500;0;4;QuickSort;17973;7314;3218;82370
500;0;4;InsertionSort;1497;499;0;47110
500;0;4;BubbleSort;998;499;0;35950
500;0;4;MergeSort;8976;2272;0;39060
500;0;4;CountingSort;1501;0;0;100410
500;0;4;QuickSort;19648;8290;3452;113400
500;0;4;InsertionSort;1497;499;0;49600
500;0;4;BubbleSort;998;499;0;31330
500;0;4;MergeSort;8976;2272;0;16950
500;0;4;CountingSort;1501;0;0;21250
500;0;4;QuickSort;17946;7659;3098;80980
500;0;4;InsertionSort;1497;499;0;48320
500;0;4;BubbleSort;998;499;0;38710
500;0;4;MergeSort;8976;2272;0;58840
500;0;4;CountingSort;1501;0;0;17760
500;0;4;QuickSort;18866;7805;3353;83201
500;0;4;InsertionSort;1497;499;0;38880
500;0;4;BubbleSort;998;499;0;36410
500;0;4;MergeSort;8976;2272;0;19230
500;0;4;CountingSort;1501;0;0;32890
500;0;4;QuickSort;16567;6889;2899;57690
500;0;4;InsertionSort;1497;499;0;55270
500;0;4;BubbleSort;998;499;0;44020
500;0;4;MergeSort;8976;2272;0;26980
500;0;4;CountingSort;1501;0;0;21990
500;0;4;QuickSort;15529;6796;2575;45890
500;0;4;InsertionSort;1497;499;0;63000
500;0;4;BubbleSort;998;499;0;44550
500;0;4;MergeSort;8976;2272;0;22120
500;0;4;CountingSort;1501;0;0;8590
500;0;4;QuickSort;18539;7844;3238;87230
500;0;4;InsertionSort;1497;499;0;68631
500;0;4;BubbleSort;998;499;0;43821
500;0;4;MergeSort;8976;2272;0;51190
500;0;4;CountingSort;1501;0;0;9910
500;0;4;QuickSort;18513;7500;3340;47550
500;0;4;InsertionSort;1497;499;0;37490
500;0;4;BubbleSort;998;499;0;100380
500;0;4;MergeSort;8976;2272;0;27920
500;0;4;CountingSort;1501;0;0;11600
500;0;4;QuickSort;16828;6925;2964;72320
500;0;4;InsertionSort;1497;499;0;47060
500;0;4;BubbleSort;998;499;0;27820
500;0;4;MergeSort;8976;2272;0;46070
500;0;4;CountingSort;1501;0;0;9360
500;0;4;QuickSort;16340;6815;2842;42191
500;0;4;InsertionSort;1497;499;0;41590
500;0;4;BubbleSort;998;499;0;67190
500;0;4;MergeSort;8976;2272;0;62060
500;0;4;CountingSort;1501;0;0;8770
500;0;4;QuickSort;17176;7126;3015;12930
500;0;4;InsertionSort;1497;499;0;46270
500;0;4;BubbleSort;998;499;0;25330
500;0;4;MergeSort;8976;2272;0;41030
500;0;4;CountingSort;1501;0;0;10110
500;0;4;QuickSort;19247;7838;3464;13870
500;0;4;InsertionSort;1497;499;0;58450
500;0;4;BubbleSort;998;499;0;27660
500;0;4;MergeSort;8976;2272;0;47100
500;0;4;CountingSort;1501;0;0;12530
500;0;4;QuickSort;17808;7350;3151;14481
500;0;4;InsertionSort;1497;499;0;59250
500;0;4;BubbleSort;998;499;0;31020
500;0;4;MergeSort;8976;2272;0;30570
500;0;4;CountingSort;1501;0;0;11040
500;0;4;QuickSort;16230;6816;2801;13300
500;0;4;InsertionSort;1497;499;0;40990
500;0;4;BubbleSort;998;499;0;37060
500;0;4;MergeSort;8976;2272;0;44430
500;0;4;CountingSort;1501;0;0;9300
500;0;4;QuickSort;16469;7286;2723;13100
500;0;4;InsertionSort;1497;499;0;50020
500;0;4;BubbleSort;998;499;0;27600
500;0;4;MergeSort;8976;2272;0;33770
500;0;4;CountingSort;1501;0;0;8920
500;0;4;QuickSort;16935;6948;2997;13470
500;0;4;InsertionSort;1497;499;0;56471
500;0;4;BubbleSort;998;499;0;41411
500;0;4;MergeSort;8976;2272;0;35750
500;0;4;CountingSort;1501;0;0;11640
500;0;4;QuickSort;16824;7110;2906;19820
500;0;4;InsertionSort;1497;499;0;34500
500;0;4;BubbleSort;998;499;0;45330
500;0;4;MergeSort;8976;2272;0;39270
500;0;4;CountingSort;1501;0;0;10970
500;0;4;QuickSort;16515;6705;2931;12370
500;0;4;InsertionSort;1497;499;0;51810
500;0;4;BubbleSort;998;499;0;32231
500;0;4;MergeSort;8976;2272;0;48530
500;0;4;CountingSort;1501;0;0;10940
500;0;4;QuickSort;15266;6389;2619;12500
500;0;4;InsertionSort;1497;499;0;34390
500;0;4;BubbleSort;998;499;0;27110
500;0;4;MergeSort;8976;2272;0;42560
500;0;4;CountingSort;1501;0;0;14290
500;0;4;QuickSort;16508;6629;2948;15940
500;0;4;InsertionSort;1497;499;0;46870
500;0;4;BubbleSort;998;499;0;46831
500;0;4;MergeSort;8976;2272;0;52910
500;0;4;CountingSort;1501;0;0;20020
500;0;4;QuickSort;16867;7105;2913;19731
500;0;4;InsertionSort;1497;499;0;56290
500;0;4;BubbleSort;998;499;0;36790
500;0;4;MergeSort;8976;2272;0;52650
500;0;4;CountingSort;1501;0;0;19060
500;0;4;QuickSort;17680;7498;3066;18730
500;0;4;InsertionSort;1497;499;0;49030
500;0;4;BubbleSort;998;499;0;51400
500;0;4;MergeSort;8976;2272;0;37961
500;0;4;CountingSort;1501;0;0;21970
500;0;4;QuickSort;19138;7771;3459;34270
500;0;4;InsertionSort;1497;499;0;64590
500;0;4;BubbleSort;998;499;0;33870
500;0;4;MergeSort;8976;2272;0;42330
500;0;4;CountingSort;1501;0;0;15130
500;0;4;QuickSort;17103;7065;3003;18130
500;0;4;InsertionSort;1497;499;0;57010
500;0;4;BubbleSort;998;499;0;41190
500;0;4;MergeSort;8976;2272;0;45160
500;0;4;CountingSort;1501;0;0;10930
500;0;4;QuickSort;17003;7103;2967;18820
500;0;4;InsertionSort;1497;499;0;61840
500;0;4;BubbleSort;998;499;0;36030
500;0;4;MergeSort;8976;2272;0;34481
500;0;4;CountingSort;1501;0;0;15740
500;0;4;QuickSort;16339;6523;2940;12380
500;0;4;InsertionSort;1497;499;0;39800
500;0;4;BubbleSort;998;499;0;29770
500;0;4;MergeSort;8976;2272;0;46680
500;0;4;CountingSort;1501;0;0;9100
500;0;4;QuickSort;17345;7049;3098;16100
500;0;4;InsertionSort;1497;499;0;48570
500;0;4;BubbleSort;998;499;0;27140
500;0;4;MergeSort;8976;2272;0;84550
500;0;4;CountingSort;1501;0;0;8710
500;0;4;QuickSort;15710;6368;2778;13810
500;0;4;InsertionSort;1497;499;0;36640
500;0;4;BubbleSort;998;499;0;39370
500;0;4;MergeSort;8976;2272;0;53290
500;0;4;CountingSort;1501;0;0;13230
500;0;4;QuickSort;16887;7077;2938;18660
500;0;4;InsertionSort;1497;499;0;53681
500;0;4;BubbleSort;998;499;0;42130
500;0;4;MergeSort;8976;2272;0;29340
500;0;4;CountingSort;1501;0;0;19130
500;0;4;QuickSort;19228;8050;3393;18740
500;0;4;InsertionSort;1497;499;0;51360
500;0;4;BubbleSort;998;499;0;46080
500;0;4;MergeSort;8976;2272;0;47330
500;0;4;CountingSort;1501;0;0;14580
500;0;4;QuickSort;17801;7223;3191;18260
500;0;4;InsertionSort;1497;499;0;45390
500;0;4;BubbleSort;998;499;0;44880
500;0;4;MergeSort;8976;2272;0;48110
500;0;4;CountingSort;1501;0;0;11190
500;0;4;QuickSort;19499;7886;3536;17870
500;0;4;InsertionSort;1497;499;0;43620
500;0;4;BubbleSort;998;499;0;39820
500;0;4;MergeSort;8976;2272;0;41330
500;0;4;CountingSort;1501;0;0;8960
500;0;4;QuickSort;16659;6969;2893;14130
500;0;4;InsertionSort;1497;499;0;48490
500;0;4;BubbleSort;998;499;0;33630
500;0;4;MergeSort;8976;2272;0;52871
500;0;4;CountingSort;1501;0;0;16360
500;0;4;QuickSort;15905;6911;2666;17970
500;0;4;InsertionSort;1497;499;0;41611
500;0;4;BubbleSort;998;499;0;43320
500;0;4;MergeSort;8976;2272;0;45240
500;0;4;CountingSort;1501;0;0;20321
500;0;4;QuickSort;17025;6825;3069;16951
500;0;4;InsertionSort;1497;499;0;48520
500;0;4;BubbleSort;998;499;0;40010
500;0;4;MergeSort;8976;2272;0;60860
500;0;4;CountingSort;1501;0;0;10460
500;0;4;QuickSort;15503;6683;2604;17310
500;0;4;InsertionSort;1497;499;0;55000
500;0;4;BubbleSort;998;499;0;36890
500;0;4;MergeSort;8976;2272;0;50740
500;0;4;CountingSort;1501;0;0;15010
500;0;4;QuickSort;16622;6806;2942;14620
500;0;4;InsertionSort;1497;499;0;38900
500;0;4;BubbleSort;998;499;0;43630
500;0;4;MergeSort;8976;2272;0;32930
500;0;4;CountingSort;1501;0;0;16480
500;0;4;QuickSort;17119;6880;3073;25940
500;0;4;InsertionSort;1497;499;0;35181
500;0;4;BubbleSort;998;499;0;30630
500;0;4;MergeSort;8976;2272;0;37810
500;0;4;CountingSort;1501;0;0;11250
500;0;4;QuickSort;17231;7091;3039;19150
500;0;4;InsertionSort;1497;499;0;60501
500;0;4;BubbleSort;998;499;0;41480
500;0;4;MergeSort;8976;2272;0;50510
500;0;4;CountingSort;1501;0;0;10700
500;0;4;QuickSort;18753;7521;3398;19920
500;0;4;InsertionSort;1497;499;0;35470
500;0;4;BubbleSort;998;499;0;48360
500;0;4;MergeSort;8976;2272;0;101671
500;0;4;CountingSort;1501;0;0;11080
500;0;4;QuickSort;17489;7202;3100;17790
500;0;4;InsertionSort;1497;499;0;34140
500;0;4;BubbleSort;998;499;0;32620
500;0;4;MergeSort;8976;2272;0;40020
500;0;4;CountingSort;1501;0;0;17030
500;0;4;QuickSort;19730;8063;3560;20631
500;0;4;InsertionSort;1497;499;0;57950
500;0;4;BubbleSort;998;499;0;33240
500;0;4;MergeSort;8976;2272;0;30880
500;0;4;CountingSort;1501;0;0;11890
500;0;4;QuickSort;17533;7441;3027;19470
500;0;4;InsertionSort;1497;499;0;33780
500;0;4;BubbleSort;998;499;0;27320
500;0;4;MergeSort;8976;2272;0;32690
500;0;4;CountingSort;1501;0;0;8850
500;0;4;QuickSort;19141;8077;3362;15660
500;0;4;InsertionSort;1497;499;0;51450
500;0;4;BubbleSort;998;499;0;33860
500;0;4;MergeSort;8976;2272;0;34100
500;0;4;CountingSort;1501;0;0;11210
500;0;4;QuickSort;15893;6932;2653;14720
500;0;4;InsertionSort;1497;499;0;44280
500;0;4;BubbleSort;998;499;0;48060
500;0;4;MergeSort;8976;2272;0;43970
500;0;4;CountingSort;1501;0;0;10340
500;0;4;QuickSort;16135;6550;2844;18510
500;0;4;InsertionSort;1497;499;0;40790
500;0;4;BubbleSort;998;499;0;33710
500;0;4;MergeSort;8976;2272;0;41800
500;0;4;CountingSort;1501;0;0;8910
500;0;4;QuickSort;15914;6644;2755;18270
500;0;4;InsertionSort;1497;499;0;46771
500;0;4;BubbleSort;998;499;0;40300
500;0;4;MergeSort;8976;2272;0;35890
500;0;4;CountingSort;1501;0;0;12350
500;0;4;QuickSort;18373;7753;3210;20170
500;0;4;InsertionSort;1497;499;0;37050
500;0;4;BubbleSort;998;499;0;43500
500;0;4;MergeSort;8976;2272;0;49270
500;0;4;CountingSort;1501;0;0;12450
500;0;4;QuickSort;16797;6762;3014;17270
500;0;4;InsertionSort;1497;499;0;44680
500;0;4;BubbleSort;998;499;0;50630
500;0;4;MergeSort;8976;2272;0;39190
500;0;4;CountingSort;1501;0;0;11390
500;0;4;QuickSort;16195;6955;2747;17920
500;0;4;InsertionSort;1497;499;0;62520
500;0;4;BubbleSort;998;499;0;45911
500;0;4;MergeSort;8976;2272;0;25971
500;0;4;CountingSort;1501;0;0;11030
500;0;4;QuickSort;17017;7057;2983;17790
500;0;4;InsertionSort;1497;499;0;37190
500;0;4;BubbleSort;998;499;0;38601
500;0;4;MergeSort;8976;2272;0;39570
500;0;4;CountingSort;1501;0;0;13610
500;0;4;QuickSort;17375;7055;3110;15020
500;0;4;InsertionSort;1497;499;0;44451
500;0;4;BubbleSort;998;499;0;26181
500;0;4;MergeSort;8976;2272;0;27700
500;0;4;CountingSort;1501;0;0;10590
500;0;4;QuickSort;18763;7486;3426;14720
500;0;4;InsertionSort;1497;499;0;36650
500;0;4;BubbleSort;998;499;0;32961
500;0;4;MergeSort;8976;2272;0;33581
500;0;4;CountingSort;1501;0;0;27180
500;0;4;QuickSort;18283;7546;3243;18920
500;0;4;InsertionSort;1497;499;0;33570
500;0;4;BubbleSort;998;499;0;26520
500;0;4;MergeSort;8976;2272;0;34140
500;0;4;CountingSort;1501;0;0;12420
500;0;4;QuickSort;17742;7296;3149;17840
500;0;4;InsertionSort;1497;499;0;41540
500;0;4;BubbleSort;998;499;0;31390
500;0;4;MergeSort;8976;2272;0;36900
500;0;4;CountingSort;1501;0;0;14560
500;0;4;QuickSort;16537;6760;2921;17380
500;0;4;InsertionSort;1497;499;0;35340
500;0;4;BubbleSort;998;499;0;26890
500;0;4;MergeSort;8976;2272;0;30031
500;0;4;CountingSort;1501;0;0;13070
500;0;4;QuickSort;15868;6727;2724;17150
500;0;4;InsertionSort;1497;499;0;49031
500;0;4;BubbleSort;998;499;0;33021
500;0;4;MergeSort;8976;2272;0;43200
500;0;4;CountingSort;1501;0;0;44970
500;0;4;QuickSort;16627;7042;2854;18050
500;0;4;InsertionSort;1497;499;0;42160
500;0;4;BubbleSort;998;499;0;40710
500;0;4;MergeSort;8976;2272;0;36180
500;0;4;CountingSort;1501;0;0;11080
500;0;4;QuickSort;18081;7326;3253;22420
500;0;4;InsertionSort;1497;499;0;57340
500;0;4;BubbleSort;998;499;0;42560
500;0;4;MergeSort;8976;2272;0;39271
500;0;4;CountingSort;1501;0;0;12930
500;0;4;QuickSort;18652;7798;3288;18840
500;0;4;InsertionSort;1497;499;0;45070
500;0;4;BubbleSort;998;499;0;30850
500;0;4;MergeSort;8976;2272;0;26830
500;0;4;CountingSort;1501;0;0;15460
500;0;4;QuickSort;16228;6790;2812;18060
500;0;4;InsertionSort;1497;499;0;56630
500;0;4;BubbleSort;998;499;0;36360
500;0;4;MergeSort;8976;2272;0;40650
500;0;4;CountingSort;1501;0;0;62400
500;0;4;QuickSort;16339;6730;2861;29040
500;0;4;InsertionSort;1497;499;0;40450
500;0;4;BubbleSort;998;499;0;36850
500;0;4;MergeSort;8976;2272;0;36980
500;0;4;CountingSort;1501;0;0;12050
500;0;4;QuickSort;19155;7923;3407;19800
500;0;4;InsertionSort;1497;499;0;46371
500;0;4;BubbleSort;998;499;0;38491
500;0;4;MergeSort;8976;2272;0;40120
500;0;4;CountingSort;1501;0;0;13650
500;0;4;QuickSort;17886;7104;3255;17450
500;0;4;InsertionSort;1497;499;0;67800
500;0;4;BubbleSort;998;499;0;50910
500;0;4;MergeSort;8976;2272;0;42980
500;0;4;CountingSort;1501;0;0;10871
500;0;4;QuickSort;18013;7426;3197;18000
500;0;4;InsertionSort;1497;499;0;67210
500;0;4;BubbleSort;998;499;0;42800
500;0;4;MergeSort;8976;2272;0;45310
500;0;4;CountingSort;1501;0;0;10741
500;0;4;QuickSort;18140;7409;3243;18840
500;0;4;InsertionSort;1497;499;0;52480
500;0;4;BubbleSort;998;499;0;39010
500;0;4;MergeSort;8976;2272;0;34920
500;0;4;CountingSort;1501;0;0;61390
500;0;4;QuickSort;16594;6973;2875;49180
500;0;4;InsertionSort;1497;499;0;40210
500;0;4;BubbleSort;998;499;0;36280
500;0;4;MergeSort;8976;2272;0;32250
500;0;4;CountingSort;1501;0;0;13030
500;0;4;QuickSort;17252;7454;2933;21280
500;0;4;InsertionSort;1497;499;0;34510
500;0;4;BubbleSort;998;499;0;46690
500;0;4;MergeSort;8976;2272;0;44200
500;0;4;CountingSort;1501;0;0;12570
500;0;4;QuickSort;18780;7545;3403;19040
500;0;4;InsertionSort;1497;499;0;35310
500;0;4;BubbleSort;998;499;0;51750
500;0;4;MergeSort;8976;2272;0;44640
500;0;4;CountingSort;1501;0;0;11090
500;0;4;QuickSort;19973;8432;3522;19160
500;0;4;InsertionSort;1497;499;0;90071
500;0;4;BubbleSort;998;499;0;30231
500;0;4;MergeSort;8976;2272;0;45620
500;10;1;CountingSort;1501;0;0;112091
500;10;1;QuickSort;18542;7625;3305;731652
500;10;1;InsertionSort;26721;8907;0;1079843
500;10;1;BubbleSort;282532;124450;8408;4595794
500;10;1;MergeSort;8976;3351;0;746093
500;10;1;CountingSort;1501;0;0;56980
500;10;1;QuickSort;19150;7795;3456;120580
500;10;1;InsertionSort;26358;8786;0;575221
500;10;1;BubbleSort;282516;124684;8287;513831
500;10;1;MergeSort;8976;3388;0;142300
500;10;1;CountingSort;1501;0;0;56310
500;10;1;QuickSort;17201;6884;3105;72570
500;10;1;InsertionSort;31956;10652;0;692742
500;10;1;BubbleSort;288780;124084;10153;891753
500;10;1;MergeSort;8976;3406;0;119921
500;10;1;CountingSort;1501;0;0;58970
500;10;1;QuickSort;14625;6303;2444;60060
500;10;1;InsertionSort;28977;9659;0;752993
500;10;1;BubbleSort;277398;120379;9160;2099956
500;10;1;MergeSort;8976;3414;0;168450
500;10;1;CountingSort;1501;0;0;80130
500;10;1;QuickSort;21683;8630;4018;150211
500;10;1;InsertionSort;27328;9108;0;1001163
500;10;1;BubbleSort;281394;123475;8611;1444114
500;10;1;MergeSort;8976;3407;0;113290
500;10;1;CountingSort;1501;0;0;59130
500;10;1;QuickSort;17259;7284;2991;65700
500;10;1;InsertionSort;23367;7789;0;605202
500;10;1;BubbleSort;267740;119290;7290;379141
500;10;1;MergeSort;8976;3293;0;175640
500;10;1;CountingSort;1501;0;0;45400
500;10;1;QuickSort;16362;6762;2863;97701
500;10;1;InsertionSort;23223;7741;0;576172
500;10;1;BubbleSort;257588;114310;7242;362631
500;10;1;MergeSort;8976;3326;0;236811
500;10;1;CountingSort;1501;0;0;48441
500;10;1;QuickSort;14919;6324;2526;73130
500;10;1;InsertionSort;26286;8762;0;183000
500;10;1;BubbleSort;277860;122404;8263;331351
500;10;1;MergeSort;8976;3230;0;240491
500;10;1;CountingSort;1501;0;0;48120
500;10;1;QuickSort;18390;7395;3335;51470
500;10;1;InsertionSort;27537;9179;0;389411
500;10;1;BubbleSort;274908;120094;8680;504602
500;10;1;MergeSort;8976;3297;0;165741
500;10;1;CountingSort;1501;0;0;56040
500;10;1;QuickSort;19983;8112;3628;81501
500;10;1;InsertionSort;25476;8492;0;231701
500;10;1;BubbleSort;281452;124740;7993;308430
500;10;1;MergeSort;8976;3446;0;196310
500;10;1;CountingSort;1501;0;0;55740
500;10;1;QuickSort;15950;6869;2691;344131
500;10;1;InsertionSort;25641;8547;0;95470
500;10;1;BubbleSort;277786;122797;8048;192841
500;10;1;MergeSort;8976;3282;0;86210
500;10;1;CountingSort;1501;0;0;45890
500;10;1;QuickSort;16404;6786;2870;349631
500;10;1;InsertionSort;26148;8716;0;140200
500;10;1;BubbleSort;270812;118972;8217;198530
500;10;1;MergeSort;8976;3229;0;138350
500;10;1;CountingSort;1501;0;0;45990
500;10;1;QuickSort;21104;8669;3809;398812
500;10;1;InsertionSort;21066;7022;0;114910
500;10;1;BubbleSort;253540;113724;6523;205090
500;10;1;MergeSort;8976;3369;0;129060
500;10;1;CountingSort;1501;0;0;89040
500;10;1;QuickSort;18416;7550;3288;325351
500;10;1;InsertionSort;22887;7629;0;126720
500;10;1;BubbleSort;265364;118422;7130;159201
500;10;1;MergeSort;8976;3299;0;87390
500;10;1;CountingSort;1501;0;0;74080
500;10;1;QuickSort;19414;7771;3552;456181
500;10;1;InsertionSort;27192;9064;0;87730
500;10;1;BubbleSort;278060;121900;8565;120630
500;10;1;MergeSort;8976;3372;0;161461
500;10;1;CountingSort;1501;0;0;76630
500;10;1;QuickSort;16762;6925;2950;286941
500;10;1;InsertionSort;24263;8085;0;199511
500;10;1;BubbleSort;279588;124614;7590;336921
500;10;1;MergeSort;8976;3352;0;229060
500;10;1;CountingSort;1501;0;0;75701
500;10;1;QuickSort;16482;6738;2919;352231
500;10;1;InsertionSort;28714;9570;0;198520
500;10;1;BubbleSort;270540;117124;9073;304511
500;10;1;MergeSort;8976;3393;0;206930
500;10;1;CountingSort;1501;0;0;94530
500;10;1;QuickSort;17256;7539;2903;420791
500;10;1;InsertionSort;23724;7908;0;107100
500;10;1;BubbleSort;267794;119079;7409;148471
500;10;1;MergeSort;8976;3350;0;114591
500;10;1;CountingSort;1501;0;0;52760
500;10;1;QuickSort;17619;7353;3089;365771
500;10;1;InsertionSort;25893;8631;0;89381
500;10;1;BubbleSort;281326;124399;8132;139821
500;10;1;MergeSort;8976;3399;0;121980
500;10;1;CountingSort;1501;0;0;76350
500;10;1;QuickSort;17676;7302;3126;321071
500;10;1;InsertionSort;25218;8406;0;91381
500;10;1;BubbleSort;280622;124497;7907;123880
500;10;1;MergeSort;8976;3282;0;71320
500;10;1;CountingSort;1501;0;0;54390
500;10;1;QuickSort;18102;7500;3207;371391
500;10;1;InsertionSort;24441;8147;0;88161
500;10;1;BubbleSort;277542;123475;7648;153811
500;10;1;MergeSort;8976;3412;0;89440
500;10;1;CountingSort;1501;0;0;55391
500;10;1;QuickSort;18117;7155;3318;311351
500;10;1;InsertionSort;28317;9439;0;80110
500;10;1;BubbleSort;284390;124315;8940;81661
500;10;1;MergeSort;8976;3357;0;34970
500;10;1;CountingSort;1501;0;0;61860
500;10;1;QuickSort;17623;7117;3161;1910475
500;10;1;InsertionSort;23337;7779;0;1823085
500;10;1;BubbleSort;274064;122472;7280;1879425
500;10;1;MergeSort;8976;3463;0;1696775
500;10;1;CountingSort;1501;0;0;45770
500;10;1;QuickSort;18162;7656;3161;327141
500;10;1;InsertionSort;27015;9005;0;257971
500;10;1;BubbleSort;273018;119497;8506;255111
500;10;1;MergeSort;8976;3270;0;64840
500;10;1;CountingSort;1501;0;0;71370
500;10;1;QuickSort;16056;6639;2808;364151
500;10;1;InsertionSort;26745;8915;0;142551
500;10;1;BubbleSort;277908;122122;8416;152560
500;10;1;MergeSort;8976;3364;0;33770
500;10;1;CountingSort;1501;0;0;65790
500;10;1;QuickSort;15330;6501;2611;271761
500;10;1;InsertionSort;27597;9199;0;120961
500;10;1;BubbleSort;282044;123622;8700;185690
500;10;1;MergeSort;8976;3295;0;68880
500;10;1;CountingSort;1501;0;0;65930
500;10;1;QuickSort;18260;7973;3094;65950
500;10;1;InsertionSort;21045;7015;0;100191
500;10;1;BubbleSort;270734;122335;6516;151851
500;10;1;MergeSort;8976;3448;0;66850
500;10;1;CountingSort;1501;0;0;78840
500;10;1;QuickSort;15565;6664;2629;25930
500;10;1;InsertionSort;24066;8022;0;112280
500;10;1;BubbleSort;271036;120472;7523;77740
500;10;1;MergeSort;8976;3299;0;51880
500;10;1;CountingSort;1501;0;0;71670
500;10;1;QuickSort;14855;6311;2522;36420
500;10;1;InsertionSort;28032;9344;0;205951
500;10;1;BubbleSort;284878;124749;8845;207961
500;10;1;MergeSort;8976;3307;0;78350
500;10;1;CountingSort;1501;0;0;48620
500;10;1;QuickSort;17079;7233;2951;24290
500;10;1;InsertionSort;27321;9107;0;130801
500;10;1;BubbleSort;283626;124597;8608;114811
500;10;1;MergeSort;8976;3370;0;39980
500;10;1;CountingSort;1501;0;0;77001
500;10;1;QuickSort;17202;7071;3046;30660
500;10;1;InsertionSort;26514;8838;0;124830
500;10;1;BubbleSort;280876;123760;8339;152320
500;10;1;MergeSort;8976;3359;0;85700
500;10;1;CountingSort;1501;0;0;72240
500;10;1;QuickSort;17412;6990;3139;25630
500;10;1;InsertionSort;26586;8862;0;305821
500;10;1;BubbleSort;274942;120745;8363;333981
500;10;1;MergeSort;8976;3345;0;53760
500;10;1;CountingSort;1501;0;0;51190
500;10;1;QuickSort;16063;6550;2838;35310
500;10;1;InsertionSort;28608;9536;0;172331
500;10;1;BubbleSort;281866;122859;9037;201770
500;10;1;MergeSort;8976;3287;0;67820
500;10;1;CountingSort;1501;0;0;30560
500;10;1;QuickSort;18504;7374;3371;29450
500;10;1;InsertionSort;20451;6817;0;121191
500;10;1;BubbleSort;258770;116749;6318;109611
500;10;1;MergeSort;8976;3309;0;50451
500;10;1;CountingSort;1501;0;0;15710
500;10;1;QuickSort;17540;7418;3038;21810
500;10;1;InsertionSort;26286;8762;0;170280
500;10;1;BubbleSort;275242;121095;8263;221721
500;10;1;MergeSort;8976;3323;0;70150
500;10;1;CountingSort;1501;0;0;11020
500;10;1;QuickSort;16324;6769;2852;20830
500;10;1;InsertionSort;20880;6960;0;117591
500;10;1;BubbleSort;259844;117000;6461;152440
500;10;1;MergeSort;8976;3431;0;35380
500;10;1;CountingSort;1501;0;0;10920
500;10;1;QuickSort;16421;6869;2850;25760
500;10;1;InsertionSort;27129;9043;0;97220
500;10;1;BubbleSort;280370;123097;8544;155831
500;10;1;MergeSort;8976;3154;0;53421
500;10;1;CountingSort;1501;0;0;11511
500;10;1;QuickSort;15436;6751;2560;21280
500;10;1;InsertionSort;27201;9067;0;9550
500;10;1;BubbleSort;279740;122734;8568;109620
500;10;1;MergeSort;8976;3315;0;42420
500;10;1;CountingSort;1501;0;0;15660
500;10;1;QuickSort;18963;7701;3416;20090
500;10;1;InsertionSort;25563;8521;0;7840
500;10;1;BubbleSort;259832;113872;8022;174301
500;10;1;MergeSort;8976;3400;0;80381
500;10;1;CountingSort;1501;0;0;18591
500;10;1;QuickSort;18731;7898;3277;24070
500;10;1;InsertionSort;23646;7882;0;8810
500;10;1;BubbleSort;276776;123622;7383;153740
500;10;1;MergeSort;8976;3450;0;52780
500;10;1;CountingSort;1501;0;0;11760
500;10;1;QuickSort;16428;6807;2874;16950
500;10;1;InsertionSort;26676;8892;0;7760
500;10;1;BubbleSort;282080;124254;8393;82580
500;10;1;MergeSort;8976;3278;0;35860
500;10;1;CountingSort;1501;0;0;15960
500;10;1;QuickSort;17988;7524;3156;21440
500;10;1;InsertionSort;21318;7106;0;8830
500;10;1;BubbleSort;269766;121669;6607;124700
500;10;1;MergeSort;8976;3199;0;54430
500;10;1;CountingSort;1501;0;0;18170
500;10;1;QuickSort;15222;6384;2616;20830
500;10;1;InsertionSort;23136;7712;0;5270
500;10;1;BubbleSort;252592;111870;7213;99341
500;10;1;MergeSort;8976;3354;0;67431
500;10;1;CountingSort;1501;0;0;11441
500;10;1;QuickSort;16578;6813;2928;33460
500;10;1;InsertionSort;27234;9078;0;8120
500;10;1;BubbleSort;271826;118755;8579;102200
500;10;1;MergeSort;8976;3311;0;53661
500;10;1;CountingSort;1501;0;0;14920
500;10;1;QuickSort;17391;7161;3075;20960
500;10;1;InsertionSort;27003;9001;0;6281
500;10;1;BubbleSort;280316;123154;8502;173550
500;10;1;MergeSort;8976;3298;0;69200
500;10;1;CountingSort;1501;0;0;16540
500;10;1;QuickSort;17215;7042;3063;20340
500;10;1;InsertionSort;24975;8325;0;5230
500;10;1;BubbleSort;279614;124155;7826;191921
500;10;1;MergeSort;8976;3307;0;57980
500;10;1;CountingSort;1501;0;0;11850
500;10;1;QuickSort;15055;6400;2552;38230
500;10;1;InsertionSort;29169;9723;0;8430
500;10;1;BubbleSort;285404;124254;9224;171000
500;10;1;MergeSort;8976;3249;0;77910
500;10;1;CountingSort;1501;0;0;11370
500;10;1;QuickSort;16196;6764;2810;18200
500;10;1;InsertionSort;26478;8826;0;7040
500;10;1;BubbleSort;276646;121669;8327;175881
500;10;1;MergeSort;8976;3338;0;54240
500;10;1;CountingSort;1501;0;0;10961
500;10;1;QuickSort;15328;6355;2662;16780
500;10;1;InsertionSort;23430;7810;0;7620
500;10;1;BubbleSort;264938;117847;7311;140650
500;10;1;MergeSort;8976;3501;0;58710
500;10;1;CountingSort;1501;0;0;13170
500;10;1;QuickSort;19186;7843;3444;17970
500;10;1;InsertionSort;25743;8581;0;7500
500;10;1;BubbleSort;277538;122605;8082;154191
500;10;1;MergeSort;8976;3254;0;62150
500;10;1;CountingSort;1501;0;0;24900
500;10;1;QuickSort;15312;6210;2699;16710
500;10;1;InsertionSort;28980;9660;0;8510
500;10;1;BubbleSort;283694;123525;9161;135890
500;10;1;MergeSort;8976;3363;0;79790
500;10;1;CountingSort;1501;0;0;17770
500;10;1;QuickSort;18719;7919;3272;22470
500;10;1;InsertionSort;25296;8432;0;5220
500;10;1;BubbleSort;270930;119599;7933;77871
500;10;1;MergeSort;8976;3361;0;45090
500;10;1;CountingSort;1501;0;0;20860
500;10;1;QuickSort;18383;7757;3207;20570
500;10;1;InsertionSort;23208;7736;0;7030
500;10;1;BubbleSort;267106;119079;7237;106920
500;10;1;MergeSort;8976;3325;0;49930
500;10;1;CountingSort;1501;0;0;15940
500;10;1;QuickSort;17917;7225;3226;23340
500;10;1;InsertionSort;25566;8522;0;8440
500;10;1;BubbleSort;279522;123715;8023;150241
500;10;1;MergeSort;8976;3283;0;69421
500;10;1;CountingSort;1501;0;0;16240
500;10;1;QuickSort;17088;6876;3070;22491
500;10;1;InsertionSort;27537;9179;0;7770
500;10;1;BubbleSort;279930;122605;8680;93310
500;10;1;MergeSort;8976;3261;0;35040
500;10;1;CountingSort;1501;0;0;192390
500;10;1;QuickSort;17358;7101;3082;17190
500;10;1;InsertionSort;23922;7974;0;58620
500;10;1;BubbleSort;257644;113872;7475;153301
500;10;1;MergeSort;8976;3399;0;59860
500;10;1;CountingSort;1501;0;0;17570
500;10;1;QuickSort;16779;6990;2927;18050
500;10;1;InsertionSort;20829;6943;0;6270
500;10;1;BubbleSort;249836;112030;6444;101490
500;10;1;MergeSort;8976;3119;0;60740
500;10;1;CountingSort;1501;0;0;10950
500;10;1;QuickSort;15748;6400;2784;17250
500;10;1;InsertionSort;23569;7855;0;39250
500;10;1;BubbleSort;267802;119185;7358;161801
500;10;1;MergeSort;8976;3284;0;54860
500;10;1;CountingSort;1501;0;0;9200
500;10;1;QuickSort;16480;7069;2804;17900
500;10;1;InsertionSort;25422;8474;0;5170
500;10;1;BubbleSort;266880;117490;7975;116960
500;10;1;MergeSort;8976;3459;0;55120
500;10;1;CountingSort;1501;0;0;16260
500;10;1;QuickSort;17597;7118;3155;16490
500;10;1;InsertionSort;26133;8711;0;7670
500;10;1;BubbleSort;273976;120564;8212;140600
500;10;1;MergeSort;8976;3376;0;69750
500;10;1;CountingSort;1501;0;0;12250
500;10;1;QuickSort;16830;6843;2997;16130
500;10;1;InsertionSort;22554;7518;0;6880
500;10;1;BubbleSort;270770;121347;7019;91461
500;10;1;MergeSort;8976;3404;0;34891
500;10;1;CountingSort;1501;0;0;9300
500;10;1;QuickSort;17580;7311;3082;20730
500;10;1;InsertionSort;25749;8583;0;6510
500;10;1;BubbleSort;277144;122404;8084;113380
500;10;1;MergeSort;8976;3372;0;42320
500;10;1;CountingSort;1501;0;0;23220
500;10;1;QuickSort;17160;7425;2914;23700
500;10;1;InsertionSort;22762;7586;0;7250
500;10;1;BubbleSort;250796;111220;7089;131510
500;10;1;MergeSort;8976;3325;0;57060
500;10;1;CountingSort;1501;0;0;11900
500;10;1;QuickSort;16246;6661;2865;16620
500;10;1;InsertionSort;21411;7137;0;6950
500;10;1;BubbleSort;244546;108997;6638;123591
500;10;1;MergeSort;8976;3364;0;58501
500;10;1;CountingSort;1501;0;0;10490
500;10;1;QuickSort;16959;6864;3025;16540
500;10;1;InsertionSort;24951;8317;0;8550
500;10;1;BubbleSort;279512;124120;7818;81480
500;10;1;MergeSort;8976;3279;0;41700
500;10;1;CountingSort;1501;0;0;13540
500;10;1;QuickSort;19427;8369;3352;17720
500;10;1;InsertionSort;22065;7355;0;4660
500;10;1;BubbleSort;275032;123804;6856;106460
500;10;1;MergeSort;8976;3396;0;57511
500;10;1;CountingSort;1501;0;0;14090
500;10;1;QuickSort;15635;6560;2690;15690
500;10;1;InsertionSort;24871;8289;0;7951
500;10;1;BubbleSort;255862;112347;7792;88390
500;10;1;MergeSort;8976;3317;0;37200
500;10;1;CountingSort;1501;0;0;11510
500;10;1;QuickSort;18887;7850;3349;40231
500;10;1;InsertionSort;25704;8566;0;8270
500;10;1;BubbleSort;278474;123097;8070;100360
500;10;1;MergeSort;8976;3336;0;39700
500;10;1;CountingSort;1501;0;0;11260
500;10;1;QuickSort;18251;7532;3243;17970
500;10;1;InsertionSort;27261;9087;0;5460
500;10;1;BubbleSort;282520;124084;8588;132500
500;10;1;MergeSort;8976;3341;0;69200
500;10;1;CountingSort;1501;0;0;9990
500;10;1;QuickSort;16351;6685;2891;20040
500;10;1;InsertionSort;24054;8018;0;7700
500;10;1;BubbleSort;257524;113724;7519;138860
500;10;1;MergeSort;8976;3346;0;47590
500;10;1;CountingSort;1501;0;0;9480
500;10;1;QuickSort;18601;7309;3430;17510
500;10;1;InsertionSort;23973;7991;0;8540
500;10;1;BubbleSort;277116;123574;7492;92600
500;10;1;MergeSort;8976;3356;0;50580
500;10;1;CountingSort;1501;0;0;12740
500;10;1;QuickSort;16812;6861;2972;16130
500;10;1;InsertionSort;23016;7672;0;7290
500;10;1;BubbleSort;266636;118972;7173;79910
500;10;1;MergeSort;8976;3372;0;39080
500;10;1;CountingSort;1501;0;0;15310
500;10;1;QuickSort;17649;7125;3177;24350
500;10;1;InsertionSort;26922;8974;0;7580
500;10;1;BubbleSort;280094;123097;8475;156631
500;10;1;MergeSort;8976;3210;0;34840
500;10;1;CountingSort;1501;0;0;11700
500;10;1;QuickSort;17897;7436;3150;16590
500;10;1;InsertionSort;23443;7813;0;8750
500;10;1;BubbleSort;278608;124672;7316;134120
500;10;1;MergeSort;8976;3327;0;56780
500;10;1;CountingSort;1501;0;0;9310
500;10;1;QuickSort;19031;7979;3350;18350
500;10;1;InsertionSort;25137;8379;0;8240
500;10;1;BubbleSort;267448;117964;7880;85871
500;10;1;MergeSort;8976;3281;0;36741
500;10;1;CountingSort;1501;0;0;30671
500;10;1;QuickSort;17455;7078;3130;32151
500;10;1;InsertionSort;22353;7451;0;5120
500;10;1;BubbleSort;266178;119185;6952;102450
500;10;1;MergeSort;8976;3289;0;61430
500;10;1;CountingSort;1501;0;0;11310
500;10;1;QuickSort;15463;6589;2630;16520
500;10;1;InsertionSort;23241;7747;0;7620
500;10;1;BubbleSort;261462;116235;7248;132081
500;10;1;MergeSort;8976;3451;0;55091
500;10;1;CountingSort;1501;0;0;11960
500;10;1;QuickSort;17142;6960;3055;22141
500;10;1;InsertionSort;25725;8575;0;9150
500;10;1;BubbleSort;259454;113575;8076;112170
500;10;1;MergeSort;8976;3322;0;72610
500;10;1;CountingSort;1501;0;0;11030
500;10;1;QuickSort;17571;6981;3197;17420
500;10;1;InsertionSort;26808;8936;0;8290
500;10;1;BubbleSort;279708;122980;8437;140090
500;10;1;MergeSort;8976;3314;0;62330
500;10;1;CountingSort;1501;0;0;46410
500;10;1;QuickSort;18546;7389;3393;30290
500;10;1;InsertionSort;21396;7132;0;6800
500;10;1;BubbleSort;240876;107172;6633;113851
500;10;1;MergeSort;8976;3191;0;57300
500;10;1;CountingSort;1501;0;0;14160
500;10;1;QuickSort;20051;8219;3610;22360
500;10;1;InsertionSort;27774;9258;0;10020
500;10;1;BubbleSort;273194;119079;8759;174220
500;10;1;MergeSort;8976;3353;0;65740
500;10;1;CountingSort;1501;0;0;10890
500;10;1;QuickSort;16566;6831;2903;20880
500;10;1;InsertionSort;21850;7282;0;8690
500;10;1;BubbleSort;257180;115020;6785;98880
500;10;1;MergeSort;8976;3367;0;112001
500;10;1;CountingSort;1501;0;0;13560
500;10;1;QuickSort;17349;7050;3101;22241
500;10;1;InsertionSort;25125;8375;0;9320
500;10;1;BubbleSort;265752;117124;7876;183190
500;10;1;MergeSort;8976;3323;0;76580
500;10;1;CountingSort;1501;0;0;34260
500;10;1;QuickSort;16205;7232;2663;20290
500;10;1;InsertionSort;33207;11069;0;11990
500;10;1;BubbleSort;288588;123154;10570;162091
500;10;1;MergeSort;8976;3315;0;48700
500;10;1;CountingSort;1501;0;0;12970
500;10;1;QuickSort;18281;7559;3243;22130
500;10;1;InsertionSort;27648;9216;0;7701
500;10;1;BubbleSort;276886;121009;8717;192170
500;10;1;MergeSort;8976;3252;0;73490
500;10;1;CountingSort;1501;0;0;13370
500;10;1;QuickSort;17341;7015;3101;21410
500;10;1;InsertionSort;28069;9355;0;8270
500;10;1;BubbleSort;275032;119800;8858;184871
500;10;1;MergeSort;8976;3162;0;74290
500;10;1;CountingSort;1501;0;0;13600
500;10;1;QuickSort;18550;7693;3291;21370
500;10;1;InsertionSort;27105;9035;0;6560
500;10;1;BubbleSort;273942;119899;8536;131981
500;10;1;MergeSort;8976;3413;0;50900
500;10;1;CountingSort;1501;0;0;29700
500;10;1;QuickSort;19597;7852;3585;20781
500;10;1;InsertionSort;22110;7370;0;8280
500;10;1;BubbleSort;264774;118645;6871;174550
500;10;1;MergeSort;8976;3388;0;59850
500;10;1;CountingSort;1501;0;0;13080
500;10;1;QuickSort;17541;7116;3139;20290
500;10;1;InsertionSort;25521;8507;0;6030
500;10;1;BubbleSort;274222;121095;8008;120410
500;10;1;MergeSort;8976;3359;0;46110
500;10;1;CountingSort;1501;0;0;8100
500;10;1;QuickSort;17352;7095;3088;17350
500;10;1;InsertionSort;28423;9473;0;7110
500;10;1;BubbleSort;284804;124450;8976;84640
500;10;1;MergeSort;8976;3388;0;77100
500;10;1;CountingSort;1501;0;0;8790
500;10;1;QuickSort;17217;7014;3067;23740
500;10;1;InsertionSort;27252;9084;0;5280
500;10;1;BubbleSort;281678;123669;8585;119950
500;10;1;MergeSort;8976;3400;0;35600
500;10;1;CountingSort;1501;0;0;6830
500;10;1;QuickSort;16245;6990;2750;17110
500;10;1;InsertionSort;22953;7651;0;7310
500;10;1;BubbleSort;273278;122335;7152;201651
500;10;1;MergeSort;8976;3263;0;34570
500;10;1;CountingSort;1501;0;0;7940
500;10;1;QuickSort;19073;8393;3238;18890
500;10;1;InsertionSort;21303;7101;0;5790
500;10;1;BubbleSort;258352;115972;6602;102760
500;10;1;MergeSort;8976;3297;0;55390
500;10;1;CountingSort;1501;0;0;10110
500;10;1;QuickSort;17323;7093;3080;17300
500;10;1;InsertionSort;24276;8092;0;5250
500;10;1;BubbleSort;278232;123930;7593;82000
500;10;1;MergeSort;8976;3291;0;40560
500;10;1;CountingSort;1501;0;0;7490
500;10;1;QuickSort;16669;6880;2928;21410
500;10;1;InsertionSort;24303;8101;0;5230
500;10;1;BubbleSort;272426;121009;7602;129011
500;10;1;MergeSort;8976;3355;0;37311
500;10;1;CountingSort;1501;0;0;6900
500;10;1;QuickSort;18512;7475;3352;21790
500;10;1;InsertionSort;24990;8330;0;5560
500;10;1;BubbleSort;267942;118309;7831;178460
500;10;1;MergeSort;8976;3295;0;67190
500;10;1;CountingSort;1501;0;0;6750
500;10;1;QuickSort;18165;7380;3253;28200
500;10;1;InsertionSort;21834;7278;0;4950
500;10;1;BubbleSort;271066;121975;6779;180111
500;10;1;MergeSort;8976;3346;0;56870
500;10;1;CountingSort;1501;0;0;6320
500;10;1;QuickSort;16740;6951;2939;22901
500;10;1;InsertionSort;24468;8156;0;6180
500;10;1;BubbleSort;266086;117729;7657;175990
500;10;1;MergeSort;8976;3286;0;59580
500;10;1;CountingSort;1501;0;0;13830
500;10;1;QuickSort;15942;6795;2712;16940
500;10;1;InsertionSort;25161;8387;0;9290
500;10;1;BubbleSort;255612;112030;7888;118911
500;10;1;MergeSort;8976;3249;0;45840
500;10;1;CountingSort;1501;0;0;7530
500;10;1;QuickSort;19369;7846;3505;21690
500;10;1;InsertionSort;26844;8948;0;10320
500;10;1;BubbleSort;276490;121347;8449;188780
500;10;1;MergeSort;8976;3331;0;43350
500;10;2;CountingSort;1501;0;0;101080
500;10;2;QuickSort;18172;7228;3321;1096023
500;10;2;InsertionSort;3474;1154;0;239791
500;10;2;BubbleSort;43752;20554;661;1551715
500;10;2;MergeSort;8976;2346;0;608911
500;10;2;CountingSort;1501;0;0;49400
500;10;2;QuickSort;17312;7010;3091;197781
500;10;2;InsertionSort;3049;1015;0;88520
500;10;2;BubbleSort;45002;21465;518;1351684
500;10;2;MergeSort;8976;2347;0;237651
500;10;2;CountingSort;1501;0;0;65710
500;10;2;QuickSort;18070;7174;3300;75850
500;10;2;InsertionSort;3506;1166;0;118490
500;10;2;BubbleSort;50134;23725;671;1255834
500;10;2;MergeSort;8976;2348;0;86581
500;10;2;CountingSort;1501;0;0;57270
500;10;2;QuickSort;18726;7458;3430;91041
500;10;2;InsertionSort;3134;1042;0;116071
500;10;2;BubbleSort;41466;19639;547;314230
500;10;2;MergeSort;8976;2351;0;174520
500;10;2;CountingSort;1501;0;0;50110
500;10;2;QuickSort;17936;7622;3100;149001
500;10;2;InsertionSort;3289;1093;0;93351
500;10;2;BubbleSort;39836;18720;599;274060
500;10;2;MergeSort;8976;2343;0;133890
500;10;2;CountingSort;1501;0;0;60060
500;10;2;QuickSort;18656;7715;3315;123770
500;10;2;InsertionSort;3046;1014;0;88770
500;10;2;BubbleSort;40428;19180;517;194791
500;10;2;MergeSort;8976;2346;0;88791
500;10;2;CountingSort;1501;0;0;68410
500;10;2;QuickSort;16879;6991;2960;143430
500;10;2;InsertionSort;3206;1066;0;138250
500;10;2;BubbleSort;47028;22372;571;277811
500;10;2;MergeSort;8976;2347;0;107251
500;10;2;CountingSort;1501;0;0;61681
500;10;2;QuickSort;18571;7582;3339;127931
500;10;2;InsertionSort;3384;1126;0;88110
500;10;2;BubbleSort;37188;17334;630;363561
500;10;2;MergeSort;8976;2348;0;195320
500;10;2;CountingSort;1501;0;0;63420
500;10;2;QuickSort;15655;6445;2739;120670
500;10;2;InsertionSort;3333;1109;0;106301
500;10;2;BubbleSort;49902;23725;613;331781
500;10;2;MergeSort;8976;2343;0;170661
500;10;2;CountingSort;1501;0;0;64040
500;10;2;QuickSort;17115;6972;3050;117041
500;10;2;InsertionSort;3776;1256;0;118070
500;10;2;BubbleSort;45064;21010;761;175700
500;10;2;MergeSort;8976;2345;0;115260
500;10;2;CountingSort;1501;0;0;61040
500;10;2;QuickSort;17789;7088;3234;100300
500;10;2;InsertionSort;3294;1094;0;108711
500;10;2;BubbleSort;44424;21010;601;307881
500;10;2;MergeSort;8976;2350;0;77140
500;10;2;CountingSort;1501;0;0;50520
500;10;2;QuickSort;18881;7943;3313;542112
500;10;2;InsertionSort;2956;984;0;85101
500;10;2;BubbleSort;43968;21010;487;393741
500;10;2;MergeSort;8976;2346;0;207180
500;10;2;CountingSort;1501;0;0;55490
500;10;2;QuickSort;16758;6870;2966;458821
500;10;2;InsertionSort;3321;1105;0;86170
500;10;2;BubbleSort;37104;17334;609;334301
500;10;2;MergeSort;8976;2350;0;198781
500;10;2;CountingSort;1501;0;0;82410
500;10;2;QuickSort;18644;7691;3322;497772
500;10;2;InsertionSort;3476;1156;0;89341
500;10;2;BubbleSort;49194;23275;661;147910
500;10;2;MergeSort;8976;2344;0;135640
500;10;2;CountingSort;1501;0;0;99270
500;10;2;QuickSort;19432;7723;3566;524452
500;10;2;InsertionSort;3111;1035;0;90000
500;10;2;BubbleSort;44176;21010;539;312910
500;10;2;MergeSort;8976;2347;0;112790
500;10;2;CountingSort;1501;0;0;65520
500;10;2;QuickSort;16640;6938;2913;488641
500;10;2;InsertionSort;3400;1132;0;118980
500;10;2;BubbleSort;39058;18259;635;339241
500;10;2;MergeSort;8976;2348;0;203421
500;10;2;CountingSort;1501;0;0;49610
500;10;2;QuickSort;17657;7334;3101;300871
500;10;2;InsertionSort;3382;1124;0;101150
500;10;2;BubbleSort;47264;22372;630;191871
500;10;2;MergeSort;8976;2343;0;60740
500;10;2;CountingSort;1501;0;0;83651
500;10;2;QuickSort;16524;6798;2903;19110
500;10;2;InsertionSort;3240;1078;0;101090
500;10;2;BubbleSort;46166;21919;582;213790
500;10;2;MergeSort;8976;2346;0;92340
500;10;2;CountingSort;1501;0;0;60001
500;10;2;QuickSort;18598;7531;3347;15770
500;10;2;InsertionSort;3442;1146;0;114250
500;10;2;BubbleSort;42790;20097;649;56770
500;10;2;MergeSort;8976;2348;0;85530
500;10;2;CountingSort;1501;0;0;86501
500;10;2;QuickSort;17758;7336;3137;28380
500;10;2;InsertionSort;3676;1222;0;99621
500;10;2;BubbleSort;49462;23275;728;39910
500;10;2;MergeSort;8976;2350;0;68020
500;10;2;CountingSort;1501;0;0;70020
500;10;2;QuickSort;16718;6893;2939;34480
500;10;2;InsertionSort;3075;1021;0;91730
500;10;2;BubbleSort;37706;17797;528;22670
500;10;2;MergeSort;8976;2350;0;56471
500;10;2;CountingSort;1501;0;0;54061
500;10;2;QuickSort;16281;7089;2733;22630
500;10;2;InsertionSort;3016;1004;0;128700
500;10;2;BubbleSort;40388;19180;507;22400
500;10;2;MergeSort;8976;2342;0;32510
500;10;2;CountingSort;1501;0;0;67580
500;10;2;QuickSort;16108;7078;2673;31700
500;10;2;InsertionSort;3262;1086;0;78320
500;10;2;BubbleSort;37950;17797;589;10470
500;10;2;MergeSort;8976;2339;0;48950
500;10;2;CountingSort;1501;0;0;52000
500;10;2;QuickSort;19801;8089;3567;14820
500;10;2;InsertionSort;3360;1118;0;1257694
500;10;2;BubbleSort;47232;22372;622;37390
500;10;2;MergeSort;8976;2346;0;1205764
500;10;2;CountingSort;1501;0;0;62010
500;10;2;QuickSort;15568;6754;2605;27820
500;10;2;InsertionSort;3137;1043;0;85200
500;10;2;BubbleSort;40552;19180;548;19800
500;10;2;MergeSort;8976;2345;0;45570
500;10;2;CountingSort;1501;0;0;52071
500;10;2;QuickSort;16334;6902;2809;14151
500;10;2;InsertionSort;3142;1044;0;94010
500;10;2;BubbleSort;48750;23275;550;13620
500;10;2;MergeSort;8976;2345;0;24480
500;10;2;CountingSort;1501;0;0;69210
500;10;2;QuickSort;18319;7384;3319;20140
500;10;2;InsertionSort;3428;1138;0;112850
500;10;2;BubbleSort;40944;19180;646;57620
500;10;2;MergeSort;8976;2347;0;41830
500;10;2;CountingSort;1501;0;0;54250
500;10;2;QuickSort;19388;7952;3484;35940
500;10;2;InsertionSort;3440;1142;0;99400
500;10;2;BubbleSort;42794;20097;650;21640
500;10;2;MergeSort;8976;2352;0;19030
500;10;2;CountingSort;1501;0;0;55600
500;10;2;QuickSort;17152;6898;3072;31820
500;10;2;InsertionSort;3363;1117;0;93740
500;10;2;BubbleSort;46334;21919;624;24240
500;10;2;MergeSort;8976;2349;0;34950
500;10;2;CountingSort;1501;0;0;51520
500;10;2;QuickSort;16956;7080;2959;17900
500;10;2;InsertionSort;3346;1114;0;91930
500;10;2;BubbleSort;41746;19639;617;20130
500;10;2;MergeSort;8976;2352;0;37840
500;10;2;CountingSort;1501;0;0;54950
500;10;2;QuickSort;20264;8324;3647;15310
500;10;2;InsertionSort;3110;1034;0;89581
500;10;2;BubbleSort;42350;20097;539;65590
500;10;2;MergeSort;8976;2346;0;48340
500;10;2;CountingSort;1501;0;0;35800
500;10;2;QuickSort;16871;6938;2974;15300
500;10;2;InsertionSort;3411;1135;0;85360
500;10;2;BubbleSort;43664;20554;639;27300
500;10;2;MergeSort;8976;2348;0;17210
500;10;2;CountingSort;1501;0;0;60240
500;10;2;QuickSort;16400;6737;2890;31940
500;10;2;InsertionSort;3329;1107;0;88030
500;10;2;BubbleSort;38042;17797;612;19610
500;10;2;MergeSort;8976;2353;0;50180
500;10;2;CountingSort;1501;0;0;46540
500;10;2;QuickSort;15761;6983;2591;20150
500;10;2;InsertionSort;3191;1061;0;90190
500;10;2;BubbleSort;44284;21010;566;23290
500;10;2;MergeSort;8976;2345;0;19670
500;10;2;CountingSort;1501;0;0;34900
500;10;2;QuickSort;16281;7038;2751;14000
500;10;2;InsertionSort;3203;1067;0;105940
500;10;2;BubbleSort;42470;20097;569;85660
500;10;2;MergeSort;8976;2348;0;54770
500;10;2;CountingSort;1501;0;0;22210
500;10;2;QuickSort;17625;7374;3086;19130
500;10;2;InsertionSort;3259;1085;0;100450
500;10;2;BubbleSort;38870;18259;588;20920
500;10;2;MergeSort;8976;2351;0;29730
500;10;2;CountingSort;1501;0;0;8790
500;10;2;QuickSort;17019;7062;2989;20860
500;10;2;InsertionSort;3538;1178;0;97431
500;10;2;BubbleSort;46562;21919;681;22981
500;10;2;MergeSort;8976;2350;0;45190
500;10;2;CountingSort;1501;0;0;10440
500;10;2;QuickSort;15519;6573;2646;14140
500;10;2;InsertionSort;3225;1071;0;81360
500;10;2;BubbleSort;42506;20097;578;21050
500;10;2;MergeSort;8976;2348;0;28440
500;10;2;CountingSort;1501;0;0;12120
500;10;2;QuickSort;17652;7155;3169;19550
500;10;2;InsertionSort;3202;1064;0;101740
500;10;2;BubbleSort;45210;21465;570;87200
500;10;2;MergeSort;8976;2352;0;41710
500;10;2;CountingSort;1501;0;0;8850
500;10;2;QuickSort;18708;7497;3400;21620
500;10;2;InsertionSort;3433;1143;0;111911
500;10;2;BubbleSort;46422;21919;646;25261
500;10;2;MergeSort;8976;2350;0;44690
500;10;2;CountingSort;1501;0;0;8950
500;10;2;QuickSort;18163;7963;3072;24100
500;10;2;InsertionSort;3074;1022;0;98720
500;10;2;BubbleSort;41386;19639;527;23360
500;10;2;MergeSort;8976;2348;0;55430
500;10;2;CountingSort;1501;0;0;15490
500;10;2;QuickSort;17731;7360;3120;27300
500;10;2;InsertionSort;3362;1118;0;107381
500;10;2;BubbleSort;47236;22372;623;14040
500;10;2;MergeSort;8976;2346;0;46180
500;10;2;CountingSort;1501;0;0;10870
500;10;2;QuickSort;18261;7350;3305;16190
500;10;2;InsertionSort;3460;1150;0;84350
500;10;2;BubbleSort;40064;18720;656;13220
500;10;2;MergeSort;8976;2348;0;31330
500;10;2;CountingSort;1501;0;0;13800
500;10;2;QuickSort;17913;7185;3242;15620
500;10;2;InsertionSort;3718;1236;0;101880
500;10;2;BubbleSort;43162;20097;742;46010
500;10;2;MergeSort;8976;2351;0;30760
500;10;2;CountingSort;1501;0;0;9160
500;10;2;QuickSort;18624;7596;3334;19431
500;10;2;InsertionSort;3438;1142;0;112480
500;10;2;BubbleSort;41874;19639;649;21790
500;10;2;MergeSort;8976;2350;0;48500
500;10;2;CountingSort;1501;0;0;10830
500;10;2;QuickSort;16300;6967;2783;15070
500;10;2;InsertionSort;3595;1197;0;99150
500;10;2;BubbleSort;44820;21010;700;13750
500;10;2;MergeSort;8976;2346;0;38840
500;10;2;CountingSort;1501;0;0;12290
500;10;2;QuickSort;16725;7299;2800;15090
500;10;2;InsertionSort;3079;1025;0;119870
500;10;2;BubbleSort;36780;17334;528;30650
500;10;2;MergeSort;8976;2351;0;50750
500;10;2;CountingSort;1501;0;0;14660
500;10;2;QuickSort;22066;9307;3914;20240
500;10;2;InsertionSort;3367;1121;0;100631
500;10;2;BubbleSort;44516;21010;624;58621
500;10;2;MergeSort;8976;2344;0;36021
500;10;2;CountingSort;1501;0;0;20301
500;10;2;QuickSort;17005;7522;2833;16850
500;10;2;InsertionSort;3502;1164;0;103200
500;10;2;BubbleSort;40120;18720;670;31100
500;10;2;MergeSort;8976;2345;0;62200
500;10;2;CountingSort;1501;0;0;10640
500;10;2;QuickSort;16288;6733;2853;18200
500;10;2;InsertionSort;3610;1200;0;99520
500;10;2;BubbleSort;45754;21465;706;23300
500;10;2;MergeSort;8976;2345;0;46901
500;10;2;CountingSort;1501;0;0;9600
500;10;2;QuickSort;17706;7227;3153;14870
500;10;2;InsertionSort;3298;1096;0;84300
500;10;2;BubbleSort;48958;23275;602;25670
500;10;2;MergeSort;8976;2350;0;46660
500;10;2;CountingSort;1501;0;0;20990
500;10;2;QuickSort;18013;7255;3258;14670
500;10;2;InsertionSort;3223;1071;0;91800
500;10;2;BubbleSort;45238;21465;577;15700
500;10;2;MergeSort;8976;2338;0;29590
500;10;2;CountingSort;1501;0;0;15320
500;10;2;QuickSort;18120;7596;3173;23040
500;10;2;InsertionSort;3370;1120;0;121380
500;10;2;BubbleSort;49954;23725;626;90330
500;10;2;MergeSort;8976;2353;0;40540
500;10;2;CountingSort;1501;0;0;10070
500;10;2;QuickSort;19127;7655;3488;15580
500;10;2;InsertionSort;3249;1081;0;88130
500;10;2;BubbleSort;47084;22372;585;25140
500;10;2;MergeSort;8976;2342;0;47590
500;10;2;CountingSort;1501;0;0;11200
500;10;2;QuickSort;17257;7033;3073;14680
500;10;2;InsertionSort;3259;1085;0;93640
500;10;2;BubbleSort;38870;18259;588;10530
500;10;2;MergeSort;8976;2348;0;31900
500;10;2;CountingSort;1501;0;0;12940
500;10;2;QuickSort;16352;6734;2875;21220
500;10;2;InsertionSort;3370;1122;0;100121
500;10;2;BubbleSort;44520;21010;625;23900
500;10;2;MergeSort;8976;2348;0;48620
500;10;2;CountingSort;1501;0;0;18270
500;10;2;QuickSort;17233;7540;2900;16510
500;10;2;InsertionSort;3419;1137;0;125160
500;10;2;BubbleSort;45498;21465;642;76340
500;10;2;MergeSort;8976;2349;0;31120
500;10;2;CountingSort;1501;0;0;21410
500;10;2;QuickSort;15992;6617;2793;18320
500;10;2;InsertionSort;3145;1045;0;99650
500;10;2;BubbleSort;43312;20554;551;36060
500;10;2;MergeSort;8976;2346;0;48170
500;10;2;CountingSort;1501;0;0;10380
500;10;2;QuickSort;18689;7610;3362;15870
500;10;2;InsertionSort;3634;1208;0;25501
500;10;2;BubbleSort;43964;20554;714;11650
500;10;2;MergeSort;8976;2351;0;45300
500;10;2;CountingSort;1501;0;0;12101
500;10;2;QuickSort;16635;6780;2955;15560
500;10;2;InsertionSort;3621;1205;0;19870
500;10;2;BubbleSort;49386;23275;709;13280
500;10;2;MergeSort;8976;2347;0;30400
500;10;2;CountingSort;1501;0;0;11430
500;10;2;QuickSort;16236;6921;2779;15820
500;10;2;InsertionSort;3078;1022;0;16150
500;10;2;BubbleSort;46860;22372;529;25920
500;10;2;MergeSort;8976;2346;0;30060
500;10;2;CountingSort;1501;0;0;8870
500;10;2;QuickSort;17238;6963;3087;14820
500;10;2;InsertionSort;3229;1073;0;24390
500;10;2;BubbleSort;39756;18720;579;30810
500;10;2;MergeSort;8976;2348;0;31450
500;10;2;CountingSort;1501;0;0;8770
500;10;2;QuickSort;18282;7341;3317;16170
500;10;2;InsertionSort;3184;1058;0;17580
500;10;2;BubbleSort;45186;21465;564;23600
500;10;2;MergeSort;8976;2347;0;46021
500;10;2;CountingSort;1501;0;0;15040
500;10;2;QuickSort;18212;7241;3318;15670
500;10;2;InsertionSort;3054;1016;0;10060
500;10;2;BubbleSort;47728;22824;520;26310
500;10;2;MergeSort;8976;2350;0;41120
500;10;2;CountingSort;1501;0;0;17310
500;10;2;QuickSort;17111;6935;3062;21560
500;10;2;InsertionSort;3618;1204;0;11920
500;10;2;BubbleSort;43026;20097;708;20430
500;10;2;MergeSort;8976;2349;0;49650
500;10;2;CountingSort;1501;0;0;9970
500;10;2;QuickSort;19738;8527;3406;16150
500;10;2;InsertionSort;3230;1076;0;9651
500;10;2;BubbleSort;46150;21919;578;12230
500;10;2;MergeSort;8976;2351;0;30540
500;10;2;CountingSort;1501;0;0;11030
500;10;2;QuickSort;15833;6680;2716;20610
500;10;2;InsertionSort;3518;1172;0;20570
500;10;2;BubbleSort;47440;22372;674;12550
500;10;2;MergeSort;8976;2349;0;40901
500;10;2;CountingSort;1501;0;0;19860
500;10;2;QuickSort;21130;8374;3928;16440
500;10;2;InsertionSort;3366;1120;0;20331
500;10;2;BubbleSort;41774;19639;624;20290
500;10;2;MergeSort;8976;2345;0;41420
500;10;2;CountingSort;1501;0;0;8900
500;10;2;QuickSort;16654;6913;2913;21780
500;10;2;InsertionSort;3322;1106;0;17080
500;10;2;BubbleSort;38954;18259;609;20910
500;10;2;MergeSort;8976;2346;0;32110
500;10;2;CountingSort;1501;0;0;8470
500;10;2;QuickSort;17850;7149;3237;15031
500;10;2;InsertionSort;3236;1076;0;17620
500;10;2;BubbleSort;38842;18259;581;21790
500;10;2;MergeSort;8976;2343;0;35620
500;10;2;CountingSort;1501;0;0;10520
500;10;2;QuickSort;16487;6998;2824;15720
500;10;2;InsertionSort;3332;1108;0;12080
500;10;2;BubbleSort;40812;19180;613;11960
500;10;2;MergeSort;8976;2346;0;36570
500;10;2;CountingSort;1501;0;0;40560
500;10;2;QuickSort;19541;7787;3582;25310
500;10;2;InsertionSort;3255;1083;0;18180
500;10;2;BubbleSort;45278;21465;587;12120
500;10;2;MergeSort;8976;2345;0;33780
500;10;2;CountingSort;1501;0;0;11380
500;10;2;QuickSort;17730;7287;3139;16210
500;10;2;InsertionSort;3243;1079;0;11370
500;10;2;BubbleSort;37926;17797;583;10340
500;10;2;MergeSort;8976;2347;0;31530
500;10;2;CountingSort;1501;0;0;8730
500;10;2;QuickSort;15812;6806;2671;14920
500;10;2;InsertionSort;3439;1145;0;10820
500;10;2;BubbleSort;47336;22372;648;14690
500;10;2;MergeSort;8976;2348;0;29620
500;10;2;CountingSort;1501;0;0;14870
500;10;2;QuickSort;19023;7752;3419;25920
500;10;2;InsertionSort;3271;1087;0;19250
500;10;2;BubbleSort;43480;20554;593;21040
500;10;2;MergeSort;8976;2342;0;31490
500;10;2;CountingSort;1501;0;0;21801
500;10;2;QuickSort;17358;7371;3000;38660
500;10;2;InsertionSort;3570;1188;0;13321
500;10;2;BubbleSort;45698;21465;692;11970
500;10;2;MergeSort;8976;2353;0;46980
500;10;2;CountingSort;1501;0;0;9160
500;10;2;QuickSort;17970;7350;3206;26400
500;10;2;InsertionSort;3307;1099;0;14230
500;10;2;BubbleSort;41698;19639;605;22530
500;10;2;MergeSort;8976;2337;0;47370
500;10;2;CountingSort;1501;0;0;9960
500;10;2;QuickSort;18120;7386;3239;19190
500;10;2;InsertionSort;3259;1085;0;12940
500;10;2;BubbleSort;38870;18259;588;17590
500;10;2;MergeSort;8976;2343;0;64020
500;10;2;CountingSort;1501;0;0;10200
500;10;2;QuickSort;16627;6946;2902;21090
500;10;2;InsertionSort;3331;1107;0;19850
500;10;2;BubbleSort;35262;16405;613;32580
500;10;2;MergeSort;8976;2346;0;47940
500;10;2;CountingSort;1501;0;0;18230
500;10;2;QuickSort;20435;8501;3646;33030
500;10;2;InsertionSort;3620;1202;0;24820
500;10;2;BubbleSort;46678;21919;710;23640
500;10;2;MergeSort;8976;2345;0;41860
500;10;2;CountingSort;1501;0;0;17000
500;10;2;QuickSort;16182;6528;2886;14780
500;10;2;InsertionSort;3391;1127;0;18000
500;10;2;BubbleSort;44552;21010;633;14760
500;10;2;MergeSort;8976;2344;0;44340
500;10;2;CountingSort;1501;0;0;11021
500;10;2;QuickSort;18994;7696;3436;15860
500;10;2;InsertionSort;3427;1141;0;18250
500;10;2;BubbleSort;49126;23275;644;25850
500;10;2;MergeSort;8976;2344;0;33200
500;10;2;CountingSort;1501;0;0;5660
500;10;2;QuickSort;18676;8311;3123;17480
500;10;2;InsertionSort;2919;971;0;8940
500;10;2;BubbleSort;34710;16405;475;17820
500;10;2;MergeSort;8976;2340;0;43170
500;10;2;CountingSort;1501;0;0;4370
500;10;2;QuickSort;17754;7200;3188;19190
500;10;2;InsertionSort;3181;1059;0;14570
500;10;2;BubbleSort;33192;15472;562;9520
500;10;2;MergeSort;8976;2350;0;44330
500;10;2;CountingSort;1501;0;0;7720
500;10;2;QuickSort;19805;8495;3433;18040
500;10;2;InsertionSort;3738;1246;0;16140
500;10;2;BubbleSort;45918;21465;747;24950
500;10;2;MergeSort;8976;2349;0;44801
500;10;2;CountingSort;1501;0;0;8510
500;10;2;QuickSort;16630;6772;2957;15080
500;10;2;InsertionSort;3008;1000;0;10390
500;10;2;BubbleSort;33898;15939;505;9521
500;10;2;MergeSort;8976;2347;0;36370
500;10;2;CountingSort;1501;0;0;7110
500;10;2;QuickSort;16324;7036;2760;15431
500;10;2;InsertionSort;3626;1206;0;18660
500;10;2;BubbleSort;43952;20554;711;22200
500;10;2;MergeSort;8976;2342;0;52630
500;10;2;CountingSort;1501;0;0;4840
500;10;2;QuickSort;15915;6801;2694;15190
500;10;2;InsertionSort;2773;923;0;14660
500;10;2;BubbleSort;40064;19180;426;15770
500;10;2;MergeSort;8976;2346;0;36190
500;10;2;CountingSort;1501;0;0;4770
500;10;2;QuickSort;15395;6476;2651;14330
500;10;2;InsertionSort;3524;1172;0;10510
500;10;2;BubbleSort;41068;19180;677;12740
500;10;2;MergeSort;8976;2344;0;38580
500;10;2;CountingSort;1501;0;0;5080
500;10;2;QuickSort;17849;7202;3225;19250
500;10;2;InsertionSort;3254;1082;0;10200
500;10;2;BubbleSort;39788;18720;587;14760
500;10;2;MergeSort;8976;2347;0;29550
500;10;2;CountingSort;1501;0;0;10360
500;10;2;QuickSort;16170;6720;2820;15090
500;10;2;InsertionSort;3841;1277;0;14050
500;10;2;BubbleSort;46970;21919;783;12230
500;10;2;MergeSort;8976;2351;0;29880
500;10;2;CountingSort;1501;0;0;6050
500;10;2;QuickSort;18456;7419;3343;14910
500;10;2;InsertionSort;3145;1045;0;11770
500;10;2;BubbleSort;40564;19180;551;14490
500;10;2;MergeSort;8976;2346;0;35210
500;10;2;CountingSort;1501;0;0;6660
500;10;2;QuickSort;16502;6713;2921;14450
500;10;2;InsertionSort;3243;1077;0;24030
500;10;2;BubbleSort;45266;21465;584;23700
500;10;2;MergeSort;8976;2343;0;32781
500;10;2;CountingSort;1501;0;0;6120
500;10;2;QuickSort;16131;6774;2793;18350
500;10;2;InsertionSort;3336;1110;0;9960
500;10;2;BubbleSort;41734;19639;614;25721
500;10;2;MergeSort;8976;2342;0;30860
500;10;2;CountingSort;1501;0;0;4440
500;10;2;QuickSort;19739;8054;3560;19301
500;10;2;InsertionSort;3368;1120;0;19380
500;10;2;BubbleSort;47244;22372;625;22360
500;10;2;MergeSort;8976;2350;0;39540
500;10;2;CountingSort;1501;0;0;5090
500;10;2;QuickSort;19537;7861;3560;18740
500;10;2;InsertionSort;3296;1096;0;21770
500;10;2;BubbleSort;37072;17334;601;15880
500;10;2;MergeSort;8976;2346;0;35080
500;10;2;CountingSort;1501;0;0;7590
500;10;2;QuickSort;16360;6769;2862;15650
500;10;2;InsertionSort;3031;1007;0;19950
500;10;2;BubbleSort;35792;16870;513;13260
500;10;2;MergeSort;8976;2349;0;39270
500;10;2;CountingSort;1501;0;0;11800
500;10;2;QuickSort;19876;8284;3530;22120
500;10;2;InsertionSort;3429;1141;0;18670
500;10;2;BubbleSort;46418;21919;645;28681
500;10;2;MergeSort;8976;2348;0;50410
500;10;2;CountingSort;1501;0;0;7740
500;10;2;QuickSort;18086;7640;3152;15630
500;10;2;InsertionSort;3789;1259;0;19961
500;10;2;BubbleSort;49614;23275;766;37080
500;10;2;MergeSort;8976;2351;0;35130
500;10;2;CountingSort;1501;0;0;7770
500;10;2;QuickSort;15998;6665;2779;15180
500;10;2;InsertionSort;3409;1133;0;10160
500;10;2;BubbleSort;38150;17797;639;42510
500;10;2;MergeSort;8976;2350;0;59870
500;10;3;CountingSort;1501;0;0;105300
500;10;3;QuickSort;16499;6743;2913;746722
500;10;3;InsertionSort;3438;1146;0;163230
500;10;3;BubbleSort;40028;18720;647;1397364
500;10;3;MergeSort;8976;2357;0;662461
500;10;3;CountingSort;1501;0;0;56570
500;10;3;QuickSort;17217;7182;3012;163461
500;10;3;InsertionSort;3318;1106;0;102260
500;10;3;BubbleSort;48076;22824;607;1138904
500;10;3;MergeSort;8976;2358;0;108641
500;10;3;CountingSort;1501;0;0;57130
500;10;3;QuickSort;15706;6574;2717;95010
500;10;3;InsertionSort;3273;1091;0;90180
500;10;3;BubbleSort;48016;22824;592;1567215
500;10;3;MergeSort;8976;2364;0;130831
500;10;3;CountingSort;1501;0;0;57670
500;10;3;QuickSort;17468;7406;3022;112420
500;10;3;InsertionSort;3192;1064;0;103081
500;10;3;BubbleSort;38778;18259;565;387162
500;10;3;MergeSort;8976;2354;0;184720
500;10;3;CountingSort;1501;0;0;63290
500;10;3;QuickSort;17842;7507;3114;146400
500;10;3;InsertionSort;3480;1160;0;148320
500;10;3;BubbleSort;48292;22824;661;395821
500;10;3;MergeSort;8976;2352;0;196331
500;10;3;CountingSort;1501;0;0;56340
500;10;3;QuickSort;17939;7235;3235;108420
500;10;3;InsertionSort;3435;1145;0;130080
500;10;3;BubbleSort;43692;20554;646;236011
500;10;3;MergeSort;8976;2352;0;62311
500;10;3;CountingSort;1501;0;0;57240
500;10;3;QuickSort;17400;7299;3029;96630
500;10;3;InsertionSort;3360;1120;0;99270
500;10;3;BubbleSort;46322;21919;621;231001
500;10;3;MergeSort;8976;2353;0;105291
500;10;3;CountingSort;1501;0;0;47290
500;10;3;QuickSort;17190;7305;2967;63120
500;10;3;InsertionSort;3306;1102;0;82350
500;10;3;BubbleSort;42606;20097;603;251061
500;10;3;MergeSort;8976;2364;0;94331
500;10;3;CountingSort;1501;0;0;64290
500;10;3;QuickSort;18209;7442;3252;86320
500;10;3;InsertionSort;3105;1035;0;115031
500;10;3;BubbleSort;44164;21010;536;297961
500;10;3;MergeSort;8976;2346;0;159111
500;10;3;CountingSort;1501;0;0;72730
500;10;3;QuickSort;16423;6787;2877;46860
500;10;3;InsertionSort;3165;1055;0;90111
500;10;3;BubbleSort;45154;21465;556;224970
500;10;3;MergeSort;8976;2364;0;117500
500;10;3;CountingSort;1501;0;0;57591
500;10;3;QuickSort;16842;6849;2998;53971
500;10;3;InsertionSort;3222;1074;0;88711
500;10;3;BubbleSort;45230;21465;575;229870
500;10;3;MergeSort;8976;2358;0;107970
500;10;3;CountingSort;1501;0;0;48551
500;10;3;QuickSort;18763;7498;3409;70620
500;10;3;InsertionSort;3318;1106;0;89190
500;10;3;BubbleSort;42622;20097;607;233940
500;10;3;MergeSort;8976;2351;0;105690
500;10;3;CountingSort;1501;0;0;56231
500;10;3;QuickSort;17101;7021;3033;324530
500;10;3;InsertionSort;3573;1191;0;103710
500;10;3;BubbleSort;44788;21010;692;293041
500;10;3;MergeSort;8976;2360;0;159090
500;10;3;CountingSort;1501;0;0;57661
500;10;3;QuickSort;18914;7811;3368;337781
500;10;3;InsertionSort;3486;1162;0;123430
500;10;3;BubbleSort;45582;21465;663;217570
500;10;3;MergeSort;8976;2350;0;80920
500;10;3;CountingSort;1501;0;0;49550
500;10;3;QuickSort;18133;7792;3109;397321
500;10;3;InsertionSort;3510;1170;0;112690
500;10;3;BubbleSort;43792;20554;671;222241
500;10;3;MergeSort;8976;2351;0;82210
500;10;3;CountingSort;1501;0;0;70670
500;10;3;QuickSort;16078;6748;2782;320871
500;10;3;InsertionSort;3066;1022;0;82050
500;10;3;BubbleSort;48642;23275;523;264371
500;10;3;MergeSort;8976;2351;0;122011
500;10;3;CountingSort;1501;0;0;54430
500;10;3;QuickSort;16160;6608;2852;332411
500;10;3;InsertionSort;3537;1179;0;132940
500;10;3;BubbleSort;48368;22824;680;42130
500;10;3;MergeSort;8976;2359;0;62980
500;10;3;CountingSort;1501;0;0;49420
500;10;3;QuickSort;18143;7508;3210;333381
500;10;3;InsertionSort;3276;1092;0;136120
500;10;3;BubbleSort;47116;22372;593;54350
500;10;3;MergeSort;8976;2353;0;82190
500;10;3;CountingSort;1501;0;0;55480
500;10;3;QuickSort;17784;7269;3175;403181
500;10;3;InsertionSort;3279;1093;0;101620
500;10;3;BubbleSort;48024;22824;594;24380
500;10;3;MergeSort;8976;2356;0;106780
500;10;3;CountingSort;1501;0;0;63310
500;10;3;QuickSort;16164;7065;2695;310521
500;10;3;InsertionSort;3147;1049;0;80670
500;10;3;BubbleSort;44220;21010;550;22810
500;10;3;MergeSort;8976;2356;0;114201
500;10;3;CountingSort;1501;0;0;47810
500;10;3;QuickSort;18045;7440;3201;309741
500;10;3;InsertionSort;3546;1182;0;117311
500;10;3;BubbleSort;45662;21465;683;41110
500;10;3;MergeSort;8976;2349;0;115080
500;10;3;CountingSort;1501;0;0;45900
500;10;3;QuickSort;19065;7878;3402;315741
500;10;3;InsertionSort;3471;1157;0;82391
500;10;3;BubbleSort;40072;18720;658;42940
500;10;3;MergeSort;8976;2356;0;60850
500;10;3;CountingSort;1501;0;0;55510
500;10;3;QuickSort;19688;7937;3587;394461
500;10;3;InsertionSort;3351;1117;0;136421
500;10;3;BubbleSort;38990;18259;618;12480
500;10;3;MergeSort;8976;2355;0;59560
500;10;3;CountingSort;1501;0;0;56161
500;10;3;QuickSort;16636;6745;2964;1504524
500;10;3;InsertionSort;3033;1011;0;1269263
500;10;3;BubbleSort;36716;17334;512;18120
500;10;3;MergeSort;8976;2348;0;1204294
500;10;3;CountingSort;1501;0;0;67090
500;10;3;QuickSort;16710;6900;2941;19900
500;10;3;InsertionSort;3279;1093;0;127541
500;10;3;BubbleSort;48024;22824;594;72911
500;10;3;MergeSort;8976;2350;0;47040
500;10;3;CountingSort;1501;0;0;55960
500;10;3;QuickSort;17126;7124;2999;26710
500;10;3;InsertionSort;3129;1043;0;125930
500;10;3;BubbleSort;43284;20554;544;20950
500;10;3;MergeSort;8976;2355;0;22110
500;10;3;CountingSort;1501;0;0;81091
500;10;3;QuickSort;16133;6782;2781;45471
500;10;3;InsertionSort;3198;1066;0;85141
500;10;3;BubbleSort;47012;22372;567;28450
500;10;3;MergeSort;8976;2354;0;29830
500;10;3;CountingSort;1501;0;0;73400
500;10;3;QuickSort;17416;7213;3076;36780
500;10;3;InsertionSort;3654;1218;0;101450
500;10;3;BubbleSort;45806;21465;719;74280
500;10;3;MergeSort;8976;2356;0;62860
500;10;3;CountingSort;1501;0;0;47050
500;10;3;QuickSort;17598;7446;3056;17260
500;10;3;InsertionSort;3168;1056;0;101520
500;10;3;BubbleSort;38746;18259;557;91290
500;10;3;MergeSort;8976;2352;0;57810
500;10;3;CountingSort;1501;0;0;49201
500;10;3;QuickSort;16528;6622;2976;13400
500;10;3;InsertionSort;3111;1037;0;74550
500;10;3;BubbleSort;47800;22824;538;24500
500;10;3;MergeSort;8976;2355;0;29901
500;10;3;CountingSort;1501;0;0;65511
500;10;3;QuickSort;15250;6550;2569;42491
500;10;3;InsertionSort;2694;898;0;72460
500;10;3;BubbleSort;31604;15004;399;16060
500;10;3;MergeSort;8976;2345;0;44160
500;10;3;CountingSort;1501;0;0;51750
500;10;3;QuickSort;15598;6490;2702;24900
500;10;3;InsertionSort;3264;1088;0;96270
500;10;3;BubbleSort;42550;20097;589;13910
500;10;3;MergeSort;8976;2347;0;29730
500;10;3;CountingSort;1501;0;0;49180
500;10;3;QuickSort;17226;7206;2999;17010
500;10;3;InsertionSort;3186;1062;0;128451
500;10;3;BubbleSort;38770;18259;563;82441
500;10;3;MergeSort;8976;2357;0;64061
500;10;3;CountingSort;1501;0;0;54461
500;10;3;QuickSort;19878;7932;3652;17690
500;10;3;InsertionSort;3396;1132;0;114250
500;10;3;BubbleSort;49982;23725;633;17430
500;10;3;MergeSort;8976;2363;0;30600
500;10;3;CountingSort;1501;0;0;52990
500;10;3;QuickSort;16622;6968;2887;36810
500;10;3;InsertionSort;3489;1163;0;88590
500;10;3;BubbleSort;45586;21465;664;25590
500;10;3;MergeSort;8976;2356;0;29050
500;10;3;CountingSort;1501;0;0;24380
500;10;3;QuickSort;16332;7053;2760;19020
500;10;3;InsertionSort;3138;1046;0;98940
500;10;3;BubbleSort;39628;18720;547;19140
500;10;3;MergeSort;8976;2342;0;21330
500;10;3;CountingSort;1501;0;0;9130
500;10;3;QuickSort;16187;6968;2744;17790
500;10;3;InsertionSort;3255;1085;0;115060
500;10;3;BubbleSort;36084;16870;586;82540
500;10;3;MergeSort;8976;2355;0;69410
500;10;3;CountingSort;1501;0;0;9350
500;10;3;QuickSort;19093;7837;3426;13750
500;10;3;InsertionSort;3474;1158;0;114650
500;10;3;BubbleSort;47380;22372;659;24040
500;10;3;MergeSort;8976;2351;0;30940
500;10;3;CountingSort;1501;0;0;10580
500;10;3;QuickSort;17612;7109;3174;13490
500;10;3;InsertionSort;3498;1166;0;91101
500;10;3;BubbleSort;46506;21919;667;13951
500;10;3;MergeSort;8976;2353;0;38980
500;10;3;CountingSort;1501;0;0;12750
500;10;3;QuickSort;17982;7290;3234;18520
500;10;3;InsertionSort;3636;1212;0;97120
500;10;3;BubbleSort;47596;22372;713;72880
500;10;3;MergeSort;8976;2362;0;60070
500;10;3;CountingSort;1501;0;0;14970
500;10;3;QuickSort;16747;6823;2969;16290
500;10;3;InsertionSort;3078;1026;0;108950
500;10;3;BubbleSort;45946;21919;527;12600
500;10;3;MergeSort;8976;2349;0;36681
500;10;3;CountingSort;1501;0;0;10440
500;10;3;QuickSort;15665;6614;2694;17110
500;10;3;InsertionSort;3549;1183;0;103100
500;10;3;BubbleSort;40176;18720;684;21730
500;10;3;MergeSort;8976;2353;0;30580
500;10;3;CountingSort;1501;0;0;11250
500;10;3;QuickSort;15698;6659;2677;13150
500;10;3;InsertionSort;3105;1035;0;82700
500;10;3;BubbleSort;45074;21465;536;22070
500;10;3;MergeSort;8976;2359;0;46970
500;10;3;CountingSort;1501;0;0;14180
500;10;3;QuickSort;16577;6923;2885;13210
500;10;3;InsertionSort;3459;1153;0;104200
500;10;3;BubbleSort;40976;19180;654;80290
500;10;3;MergeSort;8976;2362;0;66300
500;10;3;CountingSort;1501;0;0;9160
500;10;3;QuickSort;15992;6536;2820;16700
500;10;3;InsertionSort;3099;1033;0;95171
500;10;3;BubbleSort;41414;19639;534;21330
500;10;3;MergeSort;8976;2357;0;38810
500;10;3;CountingSort;1501;0;0;9230
500;10;3;QuickSort;17206;7324;2956;14840
500;10;3;InsertionSort;3093;1031;0;98800
500;10;3;BubbleSort;39568;18720;532;12320
500;10;3;MergeSort;8976;2358;0;54930
500;10;3;CountingSort;1501;0;0;10870
500;10;3;QuickSort;22490;9143;4112;21650
500;10;3;InsertionSort;3624;1208;0;108040
500;10;3;BubbleSort;43944;20554;709;64880
500;10;3;MergeSort;8976;2354;0;54390
500;10;3;CountingSort;1501;0;0;12180
500;10;3;QuickSort;17131;7189;2984;13230
500;10;3;InsertionSort;3402;1134;0;128070
500;10;3;BubbleSort;44560;21010;635;11990
500;10;3;MergeSort;8976;2355;0;39390
500;10;3;CountingSort;1501;0;0;11440
500;10;3;QuickSort;15902;6389;2832;12920
500;10;3;InsertionSort;3123;1041;0;97540
500;10;3;BubbleSort;44188;21010;542;13730
500;10;3;MergeSort;8976;2357;0;51580
500;10;3;CountingSort;1501;0;0;9170
500;10;3;QuickSort;17356;7114;3072;26600
500;10;3;InsertionSort;3123;1041;0;81650
500;10;3;BubbleSort;46912;22372;542;21990
500;10;3;MergeSort;8976;2356;0;33480
500;10;3;CountingSort;1501;0;0;15020
500;10;3;QuickSort;19237;7939;3431;16590
500;10;3;InsertionSort;3357;1119;0;94110
500;10;3;BubbleSort;42674;20097;620;62920
500;10;3;MergeSort;8976;2356;0;33520
500;10;3;CountingSort;1501;0;0;13910
500;10;3;QuickSort;18133;7522;3204;17970
500;10;3;InsertionSort;3483;1161;0;89900
500;10;3;BubbleSort;42842;20097;662;22370
500;10;3;MergeSort;8976;2350;0;32840
500;10;3;CountingSort;1501;0;0;20550
500;10;3;QuickSort;18673;7819;3289;31270
500;10;3;InsertionSort;2940;980;0;81081
500;10;3;BubbleSort;45762;21919;481;25170
500;10;3;MergeSort;8976;2357;0;56300
500;10;3;CountingSort;1501;0;0;14820
500;10;3;QuickSort;20086;7987;3698;21060
500;10;3;InsertionSort;3309;1103;0;95450
500;10;3;BubbleSort;42610;20097;604;41140
500;10;3;MergeSort;8976;2358;0;43220
500;10;3;CountingSort;1501;0;0;11640
500;10;3;QuickSort;17868;7386;3172;16630
500;10;3;InsertionSort;3429;1143;0;84291
500;10;3;BubbleSort;45506;21465;644;31030
500;10;3;MergeSort;8976;2358;0;61600
500;10;3;CountingSort;1501;0;0;26220
500;10;3;QuickSort;19934;8087;3618;26370
500;10;3;InsertionSort;3081;1027;0;115221
500;10;3;BubbleSort;34922;16405;528;13700
500;10;3;MergeSort;8976;2353;0;52140
500;10;3;CountingSort;1501;0;0;19700
500;10;3;QuickSort;18245;7532;3240;21250
500;10;3;InsertionSort;3138;1046;0;43060
500;10;3;BubbleSort;44208;21010;547;21070
500;10;3;MergeSort;8976;2349;0;50111
500;10;3;CountingSort;1501;0;0;11310
500;10;3;QuickSort;16435;6799;2876;19260
500;10;3;InsertionSort;3540;1180;0;20590
500;10;3;BubbleSort;48372;22824;681;16280
500;10;3;MergeSort;8976;2361;0;44370
500;10;3;CountingSort;1501;0;0;12300
500;10;3;QuickSort;22765;9529;4069;21640
500;10;3;InsertionSort;3381;1127;0;17670
500;10;3;BubbleSort;47256;22372;628;24390
500;10;3;MergeSort;8976;2355;0;40300
500;10;3;CountingSort;1501;0;0;19320
500;10;3;QuickSort;15286;6487;2604;19551
500;10;3;InsertionSort;3066;1022;0;13140
500;10;3;BubbleSort;40452;19180;523;16140
500;10;3;MergeSort;8976;2358;0;40560
500;10;3;CountingSort;1501;0;0;13880
500;10;3;QuickSort;17577;7470;3028;19370
500;10;3;InsertionSort;3171;1057;0;16960
500;10;3;BubbleSort;40592;19180;558;22310
500;10;3;MergeSort;8976;2355;0;51350
500;10;3;CountingSort;1501;0;0;9220
500;10;3;QuickSort;18483;7539;3309;27600
500;10;3;InsertionSort;3489;1163;0;18510
500;10;3;BubbleSort;48304;22824;664;26600
500;10;3;MergeSort;8976;2358;0;30090
500;10;3;CountingSort;1501;0;0;11350
500;10;3;QuickSort;18898;7741;3393;22080
500;10;3;InsertionSort;3012;1004;0;30230
500;10;3;BubbleSort;37614;17797;505;17450
500;10;3;MergeSort;8976;2356;0;35150
500;10;3;CountingSort;1501;0;0;16600
500;10;3;QuickSort;15225;6357;2624;19690
500;10;3;InsertionSort;3255;1085;0;10540
500;10;3;BubbleSort;46182;21919;586;20860
500;10;3;MergeSort;8976;2358;0;45520
500;10;3;CountingSort;1501;0;0;8940
500;10;3;QuickSort;17800;7234;3183;16540
500;10;3;InsertionSort;3336;1112;0;16960
500;10;3;BubbleSort;43560;20554;613;11590
500;10;3;MergeSort;8976;2357;0;36870
500;10;3;CountingSort;1501;0;0;16380
500;10;3;QuickSort;18491;7505;3328;28050
500;10;3;InsertionSort;3153;1051;0;15170
500;10;3;BubbleSort;46952;22372;552;41551
500;10;3;MergeSort;8976;2350;0;35010
500;10;3;CountingSort;1501;0;0;10840
500;10;3;QuickSort;17148;7056;3029;15430
500;10;3;InsertionSort;3096;1032;0;16551
500;10;3;BubbleSort;38650;18259;533;28910
500;10;3;MergeSort;8976;2351;0;45630
500;10;3;CountingSort;1501;0;0;16640
500;10;3;QuickSort;20653;8416;3746;15850
500;10;3;InsertionSort;3321;1107;0;10690
500;10;3;BubbleSort;42626;20097;608;12150
500;10;3;MergeSort;8976;2356;0;39810
500;10;3;CountingSort;1501;0;0;8740
500;10;3;QuickSort;17624;7385;3075;19700
500;10;3;InsertionSort;3534;1178;0;11210
500;10;3;BubbleSort;39234;18259;679;21230
500;10;3;MergeSort;8976;2357;0;39010
500;10;3;CountingSort;1501;0;0;8570
500;10;3;QuickSort;17332;7075;3091;15950
500;10;3;InsertionSort;3294;1098;0;13360
500;10;3;BubbleSort;39836;18720;599;20660
500;10;3;MergeSort;8976;2357;0;30400
500;10;3;CountingSort;1501;0;0;11870
500;10;3;QuickSort;16053;6492;2849;18020
500;10;3;InsertionSort;3654;1218;0;25080
500;10;3;BubbleSort;43984;20554;719;15390
500;10;3;MergeSort;8976;2356;0;39250
500;10;3;CountingSort;1501;0;0;15310
500;10;3;QuickSort;15929;6638;2764;18380
500;10;3;InsertionSort;3621;1207;0;15170
500;10;3;BubbleSort;44852;21010;708;16740
500;10;3;MergeSort;8976;2359;0;36470
500;10;3;CountingSort;1501;0;0;12610
500;10;3;QuickSort;17124;7086;3009;27991
500;10;3;InsertionSort;3282;1094;0;11291
500;10;3;BubbleSort;39820;18720;595;27100
500;10;3;MergeSort;8976;2359;0;43810
500;10;3;CountingSort;1501;0;0;11220
500;10;3;QuickSort;18916;7897;3341;16750
500;10;3;InsertionSort;3474;1158;0;14090
500;10;3;BubbleSort;45566;21465;659;24010
500;10;3;MergeSort;8976;2356;0;30390
500;10;3;CountingSort;1501;0;0;8870
500;10;3;QuickSort;17652;7449;3080;19470
500;10;3;InsertionSort;3480;1160;0;22730
500;10;3;BubbleSort;43752;20554;661;22460
500;10;3;MergeSort;8976;2350;0;45760
500;10;3;CountingSort;1501;0;0;36790
500;10;3;QuickSort;15949;6640;2767;15160
500;10;3;InsertionSort;3111;1037;0;15460
500;10;3;BubbleSort;37746;17797;538;27130
500;10;3;MergeSort;8976;2355;0;48011
500;10;3;CountingSort;1501;0;0;11220
500;10;3;QuickSort;15718;6877;2621;18521
500;10;3;InsertionSort;2988;996;0;17020
500;10;3;BubbleSort;34798;16405;497;24620
500;10;3;MergeSort;8976;2366;0;33620
500;10;3;CountingSort;1501;0;0;8770
500;10;3;QuickSort;16121;6800;2772;19150
500;10;3;InsertionSort;3153;1051;0;19240
500;10;3;BubbleSort;41486;19639;552;17520
500;10;3;MergeSort;8976;2352;0;34250
500;10;3;CountingSort;1501;0;0;11140
500;10;3;QuickSort;15488;6671;2611;15510
500;10;3;InsertionSort;3426;1142;0;19140
500;10;3;BubbleSort;43680;20554;643;22670
500;10;3;MergeSort;8976;2356;0;39070
500;10;3;CountingSort;1501;0;0;11640
500;10;3;QuickSort;15942;6465;2822;17690
500;10;3;InsertionSort;3363;1121;0;30360
500;10;3;BubbleSort;45418;21465;622;17950
500;10;3;MergeSort;8976;2350;0;48330
500;10;3;CountingSort;1501;0;0;15800
500;10;3;QuickSort;16601;6980;2878;15940
500;10;3;InsertionSort;3249;1083;0;17260
500;10;3;BubbleSort;43444;20554;584;11810
500;10;3;MergeSort;8976;2357;0;34750
500;10;3;CountingSort;1501;0;0;13030
500;10;3;QuickSort;15696;6426;2762;15920
500;10;3;InsertionSort;3564;1188;0;28010
500;10;3;BubbleSort;43864;20554;689;25400
500;10;3;MergeSort;8976;2358;0;43920
500;10;3;CountingSort;1501;0;0;11490
500;10;3;QuickSort;16408;6796;2862;15040
500;10;3;InsertionSort;3645;1215;0;11650
500;10;3;BubbleSort;46702;21919;716;31580
500;10;3;MergeSort;8976;2353;0;43171
500;10;3;CountingSort;1501;0;0;9340
500;10;3;QuickSort;18411;7788;3202;26641
500;10;3;InsertionSort;3066;1022;0;18430
500;10;3;BubbleSort;42286;20097;523;11550
500;10;3;MergeSort;8976;2356;0;42830
500;10;3;CountingSort;1501;0;0;11410
500;10;3;QuickSort;19110;8265;3281;16260
500;10;3;InsertionSort;3414;1138;0;12290
500;10;3;BubbleSort;45486;21465;639;13560
500;10;3;MergeSort;8976;2361;0;30530
500;10;3;CountingSort;1501;0;0;10300
500;10;3;QuickSort;17307;7176;3040;16230
500;10;3;InsertionSort;3444;1148;0;18990
500;10;3;BubbleSort;46434;21919;649;23950
500;10;3;MergeSort;8976;2356;0;32450
500;10;3;CountingSort;1501;0;0;15390
500;10;3;QuickSort;17013;6909;3035;16890
500;10;3;InsertionSort;3489;1163;0;17780
500;10;3;BubbleSort;42850;20097;664;22590
500;10;3;MergeSort;8976;2361;0;29730
500;10;3;CountingSort;1501;0;0;12030
500;10;3;QuickSort;15584;6449;2711;14820
500;10;3;InsertionSort;3513;1171;0;18710
500;10;3;BubbleSort;46526;21919;672;22610
500;10;3;MergeSort;8976;2359;0;33500
500;10;3;CountingSort;1501;0;0;50190
500;10;3;QuickSort;19875;8214;3551;16300
500;10;3;InsertionSort;3372;1124;0;17390
500;10;3;BubbleSort;45430;21465;625;25910
500;10;3;MergeSort;8976;2358;0;31000
500;10;3;CountingSort;1501;0;0;9630
500;10;3;QuickSort;18182;7526;3217;15780
500;10;3;InsertionSort;2835;945;0;15510
500;10;3;BubbleSort;39224;18720;446;14080
500;10;3;MergeSort;8976;2355;0;30910
500;10;3;CountingSort;1501;0;0;13270
500;10;3;QuickSort;17483;7133;3124;15770
500;10;3;InsertionSort;3267;1089;0;11251
500;10;3;BubbleSort;40720;19180;590;11450
500;10;3;MergeSort;8976;2355;0;34670
500;10;3;CountingSort;1501;0;0;28291
500;10;3;QuickSort;17656;7105;3188;14920
500;10;3;InsertionSort;3540;1180;0;12500
500;10;3;BubbleSort;46562;21919;681;27450
500;10;3;MergeSort;8976;2360;0;33730
500;10;3;CountingSort;1501;0;0;7640
500;10;3;QuickSort;17566;7114;3151;15960
500;10;3;InsertionSort;3336;1112;0;36090
500;10;3;BubbleSort;49002;23275;613;37650
500;10;3;MergeSort;8976;2355;0;50150
500;10;3;CountingSort;1501;0;0;6770
500;10;3;QuickSort;17387;7166;3071;14890
500;10;3;InsertionSort;3645;1215;0;20990
500;10;3;BubbleSort;43972;20554;716;15610
500;10;3;MergeSort;8976;2358;0;31450
500;10;3;CountingSort;1501;0;0;6500
500;10;3;QuickSort;16978;7054;2977;21040
500;10;3;InsertionSort;3309;1103;0;10760
500;10;3;BubbleSort;44436;21010;604;14730
500;10;3;MergeSort;8976;2359;0;32170
500;10;3;CountingSort;1501;0;0;4730
500;10;3;QuickSort;19133;7937;3391;22550
500;10;3;InsertionSort;3384;1128;0;12950
500;10;3;BubbleSort;45446;21465;629;12020
500;10;3;MergeSort;8976;2361;0;49990
500;10;3;CountingSort;1501;0;0;11150
500;10;3;QuickSort;15980;6692;2767;19870
500;10;3;InsertionSort;3288;1096;0;19380
500;10;3;BubbleSort;44408;21010;597;23610
500;10;3;MergeSort;8976;2355;0;33001
500;10;3;CountingSort;1501;0;0;6760
500;10;3;QuickSort;15692;6524;2723;15490
500;10;3;InsertionSort;3597;1199;0;19840
500;10;3;BubbleSort;46638;21919;700;12640
500;10;3;MergeSort;8976;2356;0;31561
500;10;3;CountingSort;1501;0;0;6310
500;10;3;QuickSort;15846;6735;2705;22550
500;10;3;InsertionSort;3198;1066;0;12490
500;10;3;BubbleSort;42462;20097;567;12430
500;10;3;MergeSort;8976;2353;0;33870
500;10;3;CountingSort;1501;0;0;7170
500;10;3;QuickSort;21887;8750;4046;16920
500;10;3;InsertionSort;3534;1178;0;92981
500;10;3;BubbleSort;50166;23725;679;46431
500;10;3;MergeSort;8976;2356;0;64661
500;10;4;CountingSort;1501;0;0;101150
500;10;4;QuickSort;15514;7015;2500;719412
500;10;4;InsertionSort;3705;1235;0;259801
500;10;4;BubbleSort;47688;22372;736;1740255
500;10;4;MergeSort;8976;2360;0;505471
500;10;4;CountingSort;1501;0;0;55590
500;10;4;QuickSort;19652;7907;3577;227471
500;10;4;InsertionSort;3486;1162;0;122450
500;10;4;BubbleSort;44672;21010;663;1171573
500;10;4;MergeSort;8976;2356;0;148580
500;10;4;CountingSort;1501;0;0;59061
500;10;4;QuickSort;15905;6647;2757;101190
500;10;4;InsertionSort;3021;1007;0;83780
500;10;4;BubbleSort;48582;23275;508;1259723
500;10;4;MergeSort;8976;2360;0;114150
500;10;4;CountingSort;1501;0;0;59200
500;10;4;QuickSort;16315;6868;2824;107200
500;10;4;InsertionSort;3234;1078;0;86080
500;10;4;BubbleSort;36984;17334;579;222521
500;10;4;MergeSort;8976;2362;0;128370
500;10;4;CountingSort;1501;0;0;58260
500;10;4;QuickSort;18246;7440;3273;131910
500;10;4;InsertionSort;3360;1120;0;108370
500;10;4;BubbleSort;42678;20097;621;359541
500;10;4;MergeSort;8976;2358;0;291971
500;10;4;CountingSort;1501;0;0;61480
500;10;4;QuickSort;17473;7366;3030;93150
500;10;4;InsertionSort;3297;1099;0;107130
500;10;4;BubbleSort;45330;21465;600;222221
500;10;4;MergeSort;8976;2368;0;112041
500;10;4;CountingSort;1501;0;0;73490
500;10;4;QuickSort;18302;7358;3316;114930
500;10;4;InsertionSort;3198;1066;0;108460
500;10;4;BubbleSort;41546;19639;567;207701
500;10;4;MergeSort;8976;2365;0;104691
500;10;4;CountingSort;1501;0;0;65310
500;10;4;QuickSort;16821;7203;2867;106190
500;10;4;InsertionSort;3228;1076;0;106320
500;10;4;BubbleSort;44328;21010;577;355371
500;10;4;MergeSort;8976;2353;0;181421
500;10;4;CountingSort;1501;0;0;93801
500;10;4;QuickSort;17610;7815;2930;122451
500;10;4;InsertionSort;3432;1144;0;136291
500;10;4;BubbleSort;48228;22824;645;444291
500;10;4;MergeSort;8976;2365;0;247041
500;10;4;CountingSort;1501;0;0;59270
500;10;4;QuickSort;15512;6896;2542;96140
500;10;4;InsertionSort;3132;1044;0;104130
500;10;4;BubbleSort;49630;23725;545;382511
500;10;4;MergeSort;8976;2362;0;90761
500;10;4;CountingSort;1501;0;0;57041
500;10;4;QuickSort;16904;6950;2983;100871
500;10;4;InsertionSort;3216;1072;0;85530
500;10;4;BubbleSort;38810;18259;573;257570
500;10;4;MergeSort;8976;2365;0;85390
500;10;4;CountingSort;1501;0;0;52530
500;10;4;QuickSort;19486;8047;3467;206770
500;10;4;InsertionSort;3333;1111;0;117510
500;10;4;BubbleSort;44468;21010;612;266561
500;10;4;MergeSort;8976;2359;0;113981
500;10;4;CountingSort;1501;0;0;57130
500;10;4;QuickSort;17266;7405;2957;407351
500;10;4;InsertionSort;3069;1023;0;92080
500;10;4;BubbleSort;49546;23725;524;336951
500;10;4;MergeSort;8976;2355;0;154951
500;10;4;CountingSort;1501;0;0;68690
500;10;4;QuickSort;17668;7168;3171;354151
500;10;4;InsertionSort;3270;1090;0;103421
500;10;4;BubbleSort;48914;23275;591;342482
500;10;4;MergeSort;8976;2357;0;78200
500;10;4;CountingSort;1501;0;0;67541
500;10;4;QuickSort;18108;7575;3173;355881
500;10;4;InsertionSort;3486;1162;0;110020
500;10;4;BubbleSort;43760;20554;663;220780
500;10;4;MergeSort;8976;2366;0;145401
500;10;4;CountingSort;1501;0;0;87311
500;10;4;QuickSort;18494;7673;3271;373541
500;10;4;InsertionSort;3633;1211;0;125030
500;10;4;BubbleSort;42126;19639;712;324401
500;10;4;MergeSort;8976;2371;0;170440
500;10;4;CountingSort;1501;0;0;83520
500;10;4;QuickSort;17523;7650;2963;352911
500;10;4;InsertionSort;3414;1138;0;132630
500;10;4;BubbleSort;43664;20554;639;370471
500;10;4;MergeSort;8976;2365;0;211721
500;10;4;CountingSort;1501;0;0;74850
500;10;4;QuickSort;17236;6904;3109;376051
500;10;4;InsertionSort;3573;1191;0;96531
500;10;4;BubbleSort;49318;23275;692;209821
500;10;4;MergeSort;8976;2351;0;116500
500;10;4;CountingSort;1501;0;0;64131
500;10;4;QuickSort;18525;7533;3329;22920
500;10;4;InsertionSort;3447;1149;0;111950
500;10;4;BubbleSort;40040;18720;650;228680
500;10;4;MergeSort;8976;2357;0;75750
500;10;4;CountingSort;1501;0;0;72591
500;10;4;QuickSort;17816;7292;3176;39540
500;10;4;InsertionSort;3216;1072;0;129820
500;10;4;BubbleSort;41570;19639;573;29040
500;10;4;MergeSort;8976;2364;0;39810
500;10;4;CountingSort;1501;0;0;58910
500;10;4;QuickSort;17085;6966;3040;13920
500;10;4;InsertionSort;3351;1117;0;113671
500;10;4;BubbleSort;42666;20097;618;31631
500;10;4;MergeSort;8976;2359;0;47160
500;10;4;CountingSort;1501;0;0;62340
500;10;4;QuickSort;17149;6952;3066;13850
500;10;4;InsertionSort;3150;1050;0;84040
500;10;4;BubbleSort;41482;19639;551;41620
500;10;4;MergeSort;8976;2356;0;48320
500;10;4;CountingSort;1501;0;0;79671
500;10;4;QuickSort;16817;6782;3007;12830
500;10;4;InsertionSort;3189;1063;0;106310
500;10;4;BubbleSort;43364;20554;564;18260
500;10;4;MergeSort;8976;2370;0;44440
500;10;4;CountingSort;1501;0;0;71900
500;10;4;QuickSort;16404;6516;2965;35310
500;10;4;InsertionSort;3405;1135;0;112450
500;10;4;BubbleSort;44564;21010;636;14640
500;10;4;MergeSort;8976;2359;0;1300204
500;10;4;CountingSort;1501;0;0;46570
500;10;4;QuickSort;15490;6448;2675;21650
500;10;4;InsertionSort;3255;1085;0;102441
500;10;4;BubbleSort;44364;21010;586;57280
500;10;4;MergeSort;8976;2362;0;49290
500;10;4;CountingSort;1501;0;0;48520
500;10;4;QuickSort;16100;6800;2774;16160
500;10;4;InsertionSort;3078;1026;0;95660
500;10;4;BubbleSort;42302;20097;527;24280
500;10;4;MergeSort;8976;2354;0;17410
500;10;4;CountingSort;1501;0;0;45951
500;10;4;QuickSort;17986;7540;3144;18620
500;10;4;InsertionSort;3843;1281;0;129350
500;10;4;BubbleSort;46966;21919;782;31930
500;10;4;MergeSort;8976;2364;0;17100
500;10;4;CountingSort;1501;0;0;61310
500;10;4;QuickSort;16456;6829;2886;30930
500;10;4;InsertionSort;3375;1125;0;89380
500;10;4;BubbleSort;43612;20554;626;23390
500;10;4;MergeSort;8976;2359;0;19430
500;10;4;CountingSort;1501;0;0;55060
500;10;4;QuickSort;17486;7316;3054;13890
500;10;4;InsertionSort;3159;1053;0;100231
500;10;4;BubbleSort;35956;16870;554;79811
500;10;4;MergeSort;8976;2370;0;48480
500;10;4;CountingSort;1501;0;0;49761
500;10;4;QuickSort;16159;6748;2811;16620
500;10;4;InsertionSort;3465;1155;0;105400
500;10;4;BubbleSort;48272;22824;656;24520
500;10;4;MergeSort;8976;2358;0;31050
500;10;4;CountingSort;1501;0;0;90870
500;10;4;QuickSort;16124;6695;2809;13690
500;10;4;InsertionSort;3381;1127;0;92400
500;10;4;BubbleSort;44532;21010;628;22380
500;10;4;MergeSort;8976;2359;0;28720
500;10;4;CountingSort;1501;0;0;27390
500;10;4;QuickSort;18296;7307;3326;13240
500;10;4;InsertionSort;3273;1091;0;74351
500;10;4;BubbleSort;41646;19639;592;13320
500;10;4;MergeSort;8976;2363;0;27020
500;10;4;CountingSort;1501;0;0;20690
500;10;4;QuickSort;15527;6356;2730;18030
500;10;4;InsertionSort;3150;1050;0;86561
500;10;4;BubbleSort;34082;15939;551;64171
500;10;4;MergeSort;8976;2354;0;62571
500;10;4;CountingSort;1501;0;0;16130
500;10;4;QuickSort;16541;6662;2962;16250
500;10;4;InsertionSort;3273;1091;0;86760
500;10;4;BubbleSort;41646;19639;592;35170
500;10;4;MergeSort;8976;2356;0;30820
500;10;4;CountingSort;1501;0;0;11100
500;10;4;QuickSort;17129;6950;3060;15040
500;10;4;InsertionSort;3156;1052;0;103710
500;10;4;BubbleSort;42406;20097;553;12730
500;10;4;MergeSort;8976;2363;0;21350
500;10;4;CountingSort;1501;0;0;10480
500;10;4;QuickSort;16952;7052;2970;13360
500;10;4;InsertionSort;3537;1179;0;81661
500;10;4;BubbleSort;40160;18720;680;21201
500;10;4;MergeSort;8976;2364;0;24970
500;10;4;CountingSort;1501;0;0;9370
500;10;4;QuickSort;18553;7486;3349;19301
500;10;4;InsertionSort;3450;1150;0;118790
500;10;4;BubbleSort;40964;19180;651;81470
500;10;4;MergeSort;8976;2369;0;63620
500;10;4;CountingSort;1501;0;0;9820
500;10;4;QuickSort;16885;6742;3050;14840
500;10;4;InsertionSort;3339;1113;0;90060
500;10;4;BubbleSort;41734;19639;614;21870
500;10;4;MergeSort;8976;2364;0;31480
500;10;4;CountingSort;1501;0;0;22850
500;10;4;QuickSort;17240;7250;3003;14080
500;10;4;InsertionSort;3282;1094;0;106940
500;10;4;BubbleSort;45310;21465;595;24910
500;10;4;MergeSort;8976;2361;0;34750
500;10;4;CountingSort;1501;0;0;12730
500;10;4;QuickSort;17921;7286;3213;18370
500;10;4;InsertionSort;3573;1191;0;119431
500;10;4;BubbleSort;43876;20554;692;97001
500;10;4;MergeSort;8976;2354;0;62971
500;10;4;CountingSort;1501;0;0;14410
500;10;4;QuickSort;16694;7019;2891;25880
500;10;4;InsertionSort;3219;1073;0;109260
500;10;4;BubbleSort;45226;21465;574;13800
500;10;4;MergeSort;8976;2366;0;36750
500;10;4;CountingSort;1501;0;0;10670
500;10;4;QuickSort;19522;7804;3578;27620
500;10;4;InsertionSort;3324;1108;0;111850
500;10;4;BubbleSort;46274;21919;609;23770
500;10;4;MergeSort;8976;2351;0;29950
500;10;4;CountingSort;1501;0;0;14900
500;10;4;QuickSort;16576;7171;2809;15270
500;10;4;InsertionSort;3234;1078;0;85330
500;10;4;BubbleSort;38834;18259;579;10450
500;10;4;MergeSort;8976;2362;0;31350
500;10;4;CountingSort;1501;0;0;10850
500;10;4;QuickSort;20852;8873;3660;16870
500;10;4;InsertionSort;3549;1183;0;84530
500;10;4;BubbleSort;45666;21465;684;58130
500;10;4;MergeSort;8976;2366;0;46040
500;10;4;CountingSort;1501;0;0;9030
500;10;4;QuickSort;15872;6461;2798;15161
500;10;4;InsertionSort;3327;1109;0;77720
500;10;4;BubbleSort;43548;20554;610;14740
500;10;4;MergeSort;8976;2367;0;41970
500;10;4;CountingSort;1501;0;0;8760
500;10;4;QuickSort;16350;6741;2871;14660
500;10;4;InsertionSort;3156;1052;0;78070
500;10;4;BubbleSort;39652;18720;553;13050
500;10;4;MergeSort;8976;2359;0;33070
500;10;4;CountingSort;1501;0;0;14140
500;10;4;QuickSort;15149;6539;2536;19190
500;10;4;InsertionSort;3297;1099;0;134511
500;10;4;BubbleSort;46238;21919;600;119691
500;10;4;MergeSort;8976;2365;0;85100
500;10;4;CountingSort;1501;0;0;13811
500;10;4;QuickSort;18347;7478;3291;16150
500;10;4;InsertionSort;3522;1174;0;101590
500;10;4;BubbleSort;45630;21465;675;14540
500;10;4;MergeSort;8976;2357;0;55190
500;10;4;CountingSort;1501;0;0;11080
500;10;4;QuickSort;17780;7199;3197;19500
500;10;4;InsertionSort;3405;1135;0;100270
500;10;4;BubbleSort;42738;20097;636;20210
500;10;4;MergeSort;8976;2353;0;37380
500;10;4;CountingSort;1501;0;0;9890
500;10;4;QuickSort;17512;7081;3146;18350
500;10;4;InsertionSort;3186;1062;0;83480
500;10;4;BubbleSort;43360;20554;563;21150
500;10;4;MergeSort;8976;2361;0;63111
500;10;4;CountingSort;1501;0;0;17070
500;10;4;QuickSort;18190;7252;3316;24280
500;10;4;InsertionSort;3300;1100;0;83381
500;10;4;BubbleSort;44424;21010;601;28780
500;10;4;MergeSort;8976;2361;0;55650
500;10;4;CountingSort;1501;0;0;11280
500;10;4;QuickSort;15955;6526;2818;18020
500;10;4;InsertionSort;3570;1190;0;116530
500;10;4;BubbleSort;45694;21465;691;42330
500;10;4;MergeSort;8976;2361;0;45041
500;10;4;CountingSort;1501;0;0;35880
500;10;4;QuickSort;19110;8487;3199;43720
500;10;4;InsertionSort;3507;1169;0;91540
500;10;4;BubbleSort;47424;22372;670;21790
500;10;4;MergeSort;8976;2363;0;48210
500;10;4;CountingSort;1501;0;0;13040
500;10;4;QuickSort;16460;6809;2887;15210
500;10;4;InsertionSort;3195;1065;0;110161
500;10;4;BubbleSort;49714;23725;566;45930
500;10;4;MergeSort;8976;2357;0;45040
500;10;4;CountingSort;1501;0;0;25760
500;10;4;QuickSort;16423;7072;2787;27090
500;10;4;InsertionSort;3246;1082;0;99230
500;10;4;BubbleSort;37000;17334;583;38480
500;10;4;MergeSort;8976;2363;0;41750
500;10;4;CountingSort;1501;0;0;365041
500;10;4;QuickSort;17825;7175;3217;29130
500;10;4;InsertionSort;3207;1069;0;86871
500;10;4;BubbleSort;39720;18720;570;20031
500;10;4;MergeSort;8976;2364;0;35770
500;10;4;CountingSort;1501;0;0;11360
500;10;4;QuickSort;15701;6620;2694;19630
500;10;4;InsertionSort;3321;1107;0;121881
500;10;4;BubbleSort;36172;16870;608;18350
500;10;4;MergeSort;8976;2361;0;47060
500;10;4;CountingSort;1501;0;0;13431
500;10;4;QuickSort;17774;7271;3168;19170
500;10;4;InsertionSort;3240;1080;0;92460
500;10;4;BubbleSort;40684;19180;581;51870
500;10;4;MergeSort;8976;2358;0;51600
500;10;4;CountingSort;1501;0;0;10110
500;10;4;QuickSort;16332;6924;2804;18280
500;10;4;InsertionSort;3345;1115;0;23430
500;10;4;BubbleSort;49014;23275;616;28470
500;10;4;MergeSort;8976;2364;0;32530
500;10;4;CountingSort;1501;0;0;17710
500;10;4;QuickSort;18965;7709;3415;17420
500;10;4;InsertionSort;2955;985;0;15310
500;10;4;BubbleSort;47592;22824;486;29330
500;10;4;MergeSort;8976;2362;0;33590
500;10;4;CountingSort;1501;0;0;14070
500;10;4;QuickSort;18782;7829;3311;16120
500;10;4;InsertionSort;2982;994;0;15250
500;10;4;BubbleSort;44910;21465;495;23250
500;10;4;MergeSort;8976;2359;0;40040
500;10;4;CountingSort;1501;0;0;9250
500;10;4;QuickSort;18690;7515;3396;29130
500;10;4;InsertionSort;3465;1155;0;16170
500;10;4;BubbleSort;45554;21465;656;25190
500;10;4;MergeSort;8976;2357;0;40990
500;10;4;CountingSort;1501;0;0;14670
500;10;4;QuickSort;18228;7788;3144;19480
500;10;4;InsertionSort;3288;1096;0;19900
500;10;4;BubbleSort;38906;18259;597;12520
500;10;4;MergeSort;8976;2360;0;38111
500;10;4;CountingSort;1501;0;0;10730
500;10;4;QuickSort;18348;7863;3171;19140
500;10;4;InsertionSort;3207;1069;0;19530
500;10;4;BubbleSort;46118;21919;570;23220
500;10;4;MergeSort;8976;2346;0;45570
500;10;4;CountingSort;1501;0;0;8770
500;10;4;QuickSort;16634;6785;2951;17620
500;10;4;InsertionSort;3315;1105;0;18610
500;10;4;BubbleSort;41702;19639;606;21580
500;10;4;MergeSort;8976;2358;0;33150
500;10;4;CountingSort;1501;0;0;13310
500;10;4;QuickSort;18345;7557;3262;15760
500;10;4;InsertionSort;3318;1106;0;17220
500;10;4;BubbleSort;48076;22824;607;29800
500;10;4;MergeSort;8976;2368;0;40710
500;10;4;CountingSort;1501;0;0;10760
500;10;4;QuickSort;16999;6835;3056;21420
500;10;4;InsertionSort;3567;1189;0;19200
500;10;4;BubbleSort;46598;21919;690;32520
500;10;4;MergeSort;8976;2362;0;40190
500;10;4;CountingSort;1501;0;0;12770
500;10;4;QuickSort;18119;7637;3160;22870
500;10;4;InsertionSort;2976;992;0;13850
500;10;4;BubbleSort;45810;21919;493;27620
500;10;4;MergeSort;8976;2365;0;48920
500;10;4;CountingSort;1501;0;0;11120
500;10;4;QuickSort;16245;6957;2764;15610
500;10;4;InsertionSort;3537;1179;0;18200
500;10;4;BubbleSort;44740;21010;680;96391
500;10;4;MergeSort;8976;2354;0;61751
500;10;4;CountingSort;1501;0;0;8860
500;10;4;QuickSort;15372;6501;2616;34800
500;10;4;InsertionSort;3357;1119;0;11031
500;10;4;BubbleSort;41758;19639;620;11030
500;10;4;MergeSort;8976;2358;0;49900
500;10;4;CountingSort;1501;0;0;9890
500;10;4;QuickSort;18183;7857;3113;15210
500;10;4;InsertionSort;3024;1008;0;35340
500;10;4;BubbleSort;38554;18259;509;11120
500;10;4;MergeSort;8976;2355;0;38930
500;10;4;CountingSort;1501;0;0;11960
500;10;4;QuickSort;17484;7359;3041;25490
500;10;4;InsertionSort;3492;1164;0;11680
500;10;4;BubbleSort;43768;20554;665;19210
500;10;4;MergeSort;8976;2358;0;57320
500;10;4;CountingSort;1501;0;0;10950
500;10;4;QuickSort;25334;10517;4602;22910
500;10;4;InsertionSort;3624;1208;0;19690
500;10;4;BubbleSort;42114;19639;709;22520
500;10;4;MergeSort;8976;2362;0;51740
500;10;4;CountingSort;1501;0;0;10730
500;10;4;QuickSort;19264;7633;3538;16570
500;10;4;InsertionSort;3549;1183;0;11120
500;10;4;BubbleSort;43844;20554;684;29850
500;10;4;MergeSort;8976;2360;0;40780
500;10;4;CountingSort;1501;0;0;17150
500;10;4;QuickSort;15925;6790;2706;15350
500;10;4;InsertionSort;3408;1136;0;10170
500;10;4;BubbleSort;45478;21465;637;30230
500;10;4;MergeSort;8976;2365;0;43110
500;10;4;CountingSort;1501;0;0;14400
500;10;4;QuickSort;18193;7240;3318;14760
500;10;4;InsertionSort;3531;1177;0;41320
500;10;4;BubbleSort;43820;20554;678;11570
500;10;4;MergeSort;8976;2360;0;38960
500;10;4;CountingSort;1501;0;0;13420
500;10;4;QuickSort;20561;8387;3723;22800
500;10;4;InsertionSort;3345;1115;0;23110
500;10;4;BubbleSort;49014;23275;616;30440
500;10;4;MergeSort;8976;2365;0;35700
500;10;4;CountingSort;1501;0;0;9240
500;10;4;QuickSort;16204;7006;2729;18340
500;10;4;InsertionSort;3450;1150;0;20370
500;10;4;BubbleSort;50054;23725;651;30671
500;10;4;MergeSort;8976;2356;0;33560
500;10;4;CountingSort;1501;0;0;9020
500;10;4;QuickSort;18057;7371;3225;15800
500;10;4;InsertionSort;3219;1073;0;13960
500;10;4;BubbleSort;37890;17797;574;13560
500;10;4;MergeSort;8976;2367;0;35200
500;10;4;CountingSort;1501;0;0;65721
500;10;4;QuickSort;15885;6546;2779;14760
500;10;4;InsertionSort;3510;1170;0;16371
500;10;4;BubbleSort;45614;21465;671;29210
500;10;4;MergeSort;8976;2361;0;31360
500;10;4;CountingSort;1501;0;0;11400
500;10;4;QuickSort;16192;7198;2667;14940
500;10;4;InsertionSort;3246;1082;0;16970
500;10;4;BubbleSort;45262;21465;583;40380
500;10;4;MergeSort;8976;2356;0;36010
500;10;4;CountingSort;1501;0;0;10590
500;10;4;QuickSort;16450;6802;2887;18860
500;10;4;InsertionSort;3492;1164;0;22740
500;10;4;BubbleSort;40100;18720;665;23320
500;10;4;MergeSort;8976;2361;0;43750
500;10;4;CountingSort;1501;0;0;9170
500;10;4;QuickSort;17585;7172;3133;15150
500;10;4;InsertionSort;3444;1148;0;18180
500;10;4;BubbleSort;42790;20097;649;20700
500;10;4;MergeSort;8976;2364;0;35200
500;10;4;CountingSort;1501;0;0;25890
500;10;4;QuickSort;16309;6799;2848;14870
500;10;4;InsertionSort;3546;1182;0;15780
500;10;4;BubbleSort;41092;19180;683;15170
500;10;4;MergeSort;8976;2364;0;31420
500;10;4;CountingSort;1501;0;0;9890
500;10;4;QuickSort;22378;8839;4175;16080
500;10;4;InsertionSort;3282;1094;0;18650
500;10;4;BubbleSort;47124;22372;595;24360
500;10;4;MergeSort;8976;2363;0;29350
500;10;4;CountingSort;1501;0;0;10310
500;10;4;QuickSort;17738;7313;3142;14580
500;10;4;InsertionSort;3150;1050;0;10730
500;10;4;BubbleSort;39644;18720;551;19410
500;10;4;MergeSort;8976;2365;0;32400
500;10;4;CountingSort;1501;0;0;14970
500;10;4;QuickSort;16318;6931;2800;14900
500;10;4;InsertionSort;3510;1170;0;11380
500;10;4;BubbleSort;43792;20554;671;23830
500;10;4;MergeSort;8976;2363;0;33670
500;10;4;CountingSort;1501;0;0;33210
500;10;4;QuickSort;17069;7007;3018;19940
500;10;4;InsertionSort;3471;1157;0;10780
500;10;4;BubbleSort;46470;21919;658;25050
500;10;4;MergeSort;8976;2361;0;39001
500;10;4;CountingSort;1501;0;0;13320
500;10;4;QuickSort;16872;6897;2998;14970
500;10;4;InsertionSort;3408;1136;0;10160
500;10;4;BubbleSort;48196;22824;637;30390
500;10;4;MergeSort;8976;2357;0;30840
500;10;4;CountingSort;1501;0;0;9170
500;10;4;QuickSort;18927;7932;3335;15980
500;10;4;InsertionSort;3378;1126;0;20510
500;10;4;BubbleSort;48156;22824;627;13190
500;10;4;MergeSort;8976;2361;0;44360
500;10;4;CountingSort;1501;0;0;11340
500;10;4;QuickSort;15939;6585;2785;18180
500;10;4;InsertionSort;3606;1202;0;11820
500;10;4;BubbleSort;46650;21919;703;27190
500;10;4;MergeSort;8976;2354;0;41810
500;10;4;CountingSort;1501;0;0;25020
500;10;4;QuickSort;15109;6394;2574;19030
500;10;4;InsertionSort;3315;1105;0;18570
500;10;4;BubbleSort;46262;21919;606;13950
500;10;4;MergeSort;8976;2363;0;43810
500;10;4;CountingSort;1501;0;0;11350
500;10;4;QuickSort;16724;6878;2949;16560
500;10;4;InsertionSort;3303;1101;0;24470
500;10;4;BubbleSort;38926;18259;602;14160
500;10;4;MergeSort;8976;2366;0;35631
500;10;4;CountingSort;1501;0;0;11780
500;10;4;QuickSort;18448;7675;3257;21450
500;10;4;InsertionSort;3219;1073;0;20371
500;10;4;BubbleSort;42490;20097;574;24050
500;10;4;MergeSort;8976;2362;0;44920
500;10;4;CountingSort;1501;0;0;9170
500;10;4;QuickSort;22289;8966;4109;16840
500;10;4;InsertionSort;3570;1190;0;13860
500;10;4;BubbleSort;46602;21919;691;23360
500;10;4;MergeSort;8976;2361;0;33530
500;10;4;CountingSort;1501;0;0;10770
500;10;4;QuickSort;16469;6935;2850;15370
500;10;4;InsertionSort;3402;1134;0;15820
500;10;4;BubbleSort;46378;21919;635;22530
500;10;4;MergeSort;8976;2365;0;54530
500;10;4;CountingSort;1501;0;0;47160
500;10;4;QuickSort;15350;6581;2585;15700
500;10;4;InsertionSort;3249;1083;0;17090
500;10;4;BubbleSort;37004;17334;584;14150
500;10;4;MergeSort;8976;2361;0;41611
500;10;4;CountingSort;1501;0;0;11480
500;10;4;QuickSort;18270;7389;3296;15650
500;10;4;InsertionSort;3429;1143;0;18610
500;10;4;BubbleSort;40016;18720;644;10720
500;10;4;MergeSort;8976;2367;0;32771
500;10;4;CountingSort;1501;0;0;6610
500;10;4;QuickSort;16642;6913;2910;14770
500;10;4;InsertionSort;3180;1060;0;10990
500;10;4;BubbleSort;37838;17797;561;18360
500;10;4;MergeSort;8976;2357;0;38051
500;10;4;CountingSort;1501;0;0;6120
500;10;4;QuickSort;16813;7021;2931;17900
500;10;4;InsertionSort;2979;993;0;17680
500;10;4;BubbleSort;41254;19639;494;21430
500;10;4;MergeSort;8976;2360;0;43730
500;20;1;CountingSort;1501;0;0;101950
500;20;1;QuickSort;16308;6744;2855;781522
500;20;1;InsertionSort;44460;14820;0;1483784
500;20;1;BubbleSort;294128;118422;14321;5656816
500;20;1;MergeSort;8976;3481;0;533992
500;20;1;CountingSort;1501;0;0;57451
500;20;1;QuickSort;15594;6576;2675;109150
500;20;1;InsertionSort;52305;17435;0;1121163
500;20;1;BubbleSort;316738;124497;16936;455651
500;20;1;MergeSort;8976;3670;0;205471
500;20;1;CountingSort;1501;0;0;58150
500;20;1;QuickSort;19141;7654;3496;93160
500;20;1;InsertionSort;51111;17035;0;1132783
500;20;1;BubbleSort;301850;117847;16539;1617685
500;20;1;MergeSort;8976;3264;0;95611
500;20;1;CountingSort;1501;0;0;58581
500;20;1;QuickSort;18011;7175;3280;75280
500;20;1;InsertionSort;51448;17148;0;1362864
500;20;1;BubbleSort;311814;122605;16651;1179883
500;20;1;MergeSort;8976;3553;0;89280
500;20;1;CountingSort;1501;0;0;59890
500;20;1;QuickSort;19556;8000;3515;94461
500;20;1;InsertionSort;50797;16931;0;229690
500;20;1;BubbleSort;314424;124344;16434;1274664
500;20;1;MergeSort;8976;3612;0;140830
500;20;1;CountingSort;1501;0;0;62060
500;20;1;QuickSort;17235;7077;3043;78290
500;20;1;InsertionSort;43647;14549;0;406362
500;20;1;BubbleSort;299694;121747;14050;407992
500;20;1;MergeSort;8976;3551;0;122820
500;20;1;CountingSort;1501;0;0;46090
500;20;1;QuickSort;17527;7189;3114;365531
500;20;1;InsertionSort;47328;15776;0;258761
500;20;1;BubbleSort;302598;120745;15277;112221
500;20;1;MergeSort;8976;3452;0;138250
500;20;1;CountingSort;1501;0;0;59670
500;20;1;QuickSort;18372;7725;3221;528701
500;20;1;InsertionSort;46557;15519;0;146920
500;20;1;BubbleSort;300460;120190;15020;316771
500;20;1;MergeSort;8976;3655;0;202131
500;20;1;CountingSort;1501;0;0;76670
500;20;1;QuickSort;18277;7717;3181;340261
500;20;1;InsertionSort;45579;15193;0;429561
500;20;1;BubbleSort;307856;124540;14694;471761
500;20;1;MergeSort;8976;3589;0;237411
500;20;1;CountingSort;1501;0;0;52810
500;20;1;QuickSort;17071;7102;2991;387941
500;20;1;InsertionSort;48963;16321;0;544602
500;20;1;BubbleSort;309482;123097;15822;533352
500;20;1;MergeSort;8976;3610;0;70431
500;20;1;CountingSort;1501;0;0;83811
500;20;1;QuickSort;17184;7461;2910;83370
500;20;1;InsertionSort;44352;14784;0;203840
500;20;1;BubbleSort;302734;122797;14285;208940
500;20;1;MergeSort;8976;3613;0;166471
500;20;1;CountingSort;1501;0;0;45630
500;20;1;QuickSort;17823;7548;3086;35410
500;20;1;InsertionSort;51003;17001;0;235641
500;20;1;BubbleSort;312316;123154;16502;115491
500;20;1;MergeSort;8976;3570;0;118241
500;20;1;CountingSort;1501;0;0;49630
500;20;1;QuickSort;15498;6645;2620;25460
500;20;1;InsertionSort;46440;15480;0;291281
500;20;1;BubbleSort;281032;110554;14981;225440
500;20;1;MergeSort;8976;3480;0;179800
500;20;1;CountingSort;1501;0;0;88041
500;20;1;QuickSort;17607;7434;3067;25171
500;20;1;InsertionSort;46029;15343;0;143290
500;20;1;BubbleSort;307316;123970;14844;114140
500;20;1;MergeSort;8976;3514;0;118820
500;20;1;CountingSort;1501;0;0;55940
500;20;1;QuickSort;16906;6943;2982;19950
500;20;1;InsertionSort;45735;15245;0;156441
500;20;1;BubbleSort;307362;124189;14746;114040
500;20;1;MergeSort;8976;3614;0;124590
500;20;1;CountingSort;1501;0;0;61300
500;20;1;QuickSort;16345;6790;2856;19600
500;20;1;InsertionSort;50091;16697;0;307821
500;20;1;BubbleSort;312130;123669;16198;321341
500;20;1;MergeSort;8976;3626;0;195091
500;20;1;CountingSort;1501;0;0;50570
500;20;1;QuickSort;18148;7543;3199;39220
500;20;1;InsertionSort;49110;16370;0;161031
500;20;1;BubbleSort;310632;123574;15871;319250
500;20;1;MergeSort;8976;3598;0;230090
500;20;1;CountingSort;1501;0;0;64851
500;20;1;QuickSort;18041;7175;3293;28290
500;20;1;InsertionSort;47070;15690;0;152890
500;20;1;BubbleSort;309394;124315;15191;291611
500;20;1;MergeSort;8976;3558;0;219081
500;20;1;CountingSort;1501;0;0;51460
500;20;1;QuickSort;17547;7203;3118;19710
500;20;1;InsertionSort;43446;14482;0;131740
500;20;1;BubbleSort;299426;121747;13983;109010
500;20;1;MergeSort;8976;3608;0;79780
500;20;1;CountingSort;1501;0;0;57940
500;20;1;QuickSort;16767;6867;2969;47080
500;20;1;InsertionSort;53448;17816;0;98951
500;20;1;BubbleSort;316512;123622;17317;178001
500;20;1;MergeSort;8976;3506;0;125661
500;20;1;CountingSort;1501;0;0;66050
500;20;1;QuickSort;18710;7709;3346;31540
500;20;1;InsertionSort;53328;17776;0;215651
500;20;1;BubbleSort;318602;124747;17277;220301
500;20;1;MergeSort;8976;3558;0;89231
500;20;1;CountingSort;1501;0;0;66840
500;20;1;QuickSort;20470;8227;3750;17560
500;20;1;InsertionSort;46089;15363;0;95530
500;20;1;BubbleSort;308254;124399;14864;165950
500;20;1;MergeSort;8976;3489;0;88230
500;20;1;CountingSort;1501;0;0;47550
500;20;1;QuickSort;16575;6744;2947;21050
500;20;1;InsertionSort;50053;16683;0;1218724
500;20;1;BubbleSort;313188;124222;16186;1387554
500;20;1;MergeSort;8976;3542;0;1211123
500;20;1;CountingSort;1501;0;0;50760
500;20;1;QuickSort;18323;7823;3158;20240
500;20;1;InsertionSort;43344;14448;0;179301
500;20;1;BubbleSort;304484;124344;13949;270161
500;20;1;MergeSort;8976;3570;0;190231
500;20;1;CountingSort;1501;0;0;52620
500;20;1;QuickSort;17080;7030;3025;23150
500;20;1;InsertionSort;49056;16352;0;122660
500;20;1;BubbleSort;310656;123622;15853;201991
500;20;1;MergeSort;8976;3589;0;136021
500;20;1;CountingSort;1501;0;0;52430
500;20;1;QuickSort;17072;7340;2913;21540
500;20;1;InsertionSort;45042;15014;0;104871
500;20;1;BubbleSort;301860;121900;14515;143651
500;20;1;MergeSort;8976;3532;0;85171
500;20;1;CountingSort;1501;0;0;68510
500;20;1;QuickSort;15791;6893;2638;23680
500;20;1;InsertionSort;50961;16987;0;98260
500;20;1;BubbleSort;314750;124399;16488;176001
500;20;1;MergeSort;8976;3568;0;57620
500;20;1;CountingSort;1501;0;0;59371
500;20;1;QuickSort;15637;6829;2602;25981
500;20;1;InsertionSort;50625;16875;0;104740
500;20;1;BubbleSort;312842;123669;16376;163700
500;20;1;MergeSort;8976;3617;0;53630
500;20;1;CountingSort;1501;0;0;58660
500;20;1;QuickSort;17549;7163;3132;34560
500;20;1;InsertionSort;50203;16733;0;96590
500;20;1;BubbleSort;313794;124425;16236;161521
500;20;1;MergeSort;8976;3556;0;75231
500;20;1;CountingSort;1501;0;0;83701
500;20;1;QuickSort;17945;7112;3272;21430
500;20;1;InsertionSort;53265;17755;0;178960
500;20;1;BubbleSort;318104;124540;17256;280071
500;20;1;MergeSort;8976;3475;0;68540
500;20;1;CountingSort;1501;0;0;89561
500;20;1;QuickSort;17354;7244;3030;37780
500;20;1;InsertionSort;48534;16178;0;98000
500;20;1;BubbleSort;311910;124597;15679;174620
500;20;1;MergeSort;8976;3466;0;123251
500;20;1;CountingSort;1501;0;0;52010
500;20;1;QuickSort;17182;7093;3037;26650
500;20;1;InsertionSort;47026;15674;0;14770
500;20;1;BubbleSort;309396;124344;15177;107010
500;20;1;MergeSort;8976;3541;0;63231
500;20;1;CountingSort;1501;0;0;32050
500;20;1;QuickSort;15416;6431;2673;22720
500;20;1;InsertionSort;47808;15936;0;13930
500;20;1;BubbleSort;308596;123424;15437;116810
500;20;1;MergeSort;8976;3593;0;54400
500;20;1;CountingSort;1501;0;0;46690
500;20;1;QuickSort;17218;7225;3008;23640
500;20;1;InsertionSort;43374;14458;0;8730
500;20;1;BubbleSort;303174;123669;13959;115880
500;20;1;MergeSort;8976;3540;0;43730
500;20;1;CountingSort;1501;0;0;9370
500;20;1;QuickSort;16893;6888;3004;31560
500;20;1;InsertionSort;50436;16812;0;14630
500;20;1;BubbleSort;312496;123622;16313;142571
500;20;1;MergeSort;8976;3567;0;54381
500;20;1;CountingSort;1501;0;0;12200
500;20;1;QuickSort;18830;7961;3287;21890
500;20;1;InsertionSort;43902;14634;0;8620
500;20;1;BubbleSort;298208;120834;14135;154870
500;20;1;MergeSort;8976;3626;0;68910
500;20;1;CountingSort;1501;0;0;11190
500;20;1;QuickSort;18245;7859;3124;26310
500;20;1;InsertionSort;46473;15491;0;8940
500;20;1;BubbleSort;304212;122122;14992;143110
500;20;1;MergeSort;8976;3577;0;78010
500;20;1;CountingSort;1501;0;0;12060
500;20;1;QuickSort;18896;7772;3373;17520
500;20;1;InsertionSort;47409;15803;0;12050
500;20;1;BubbleSort;308910;123847;15304;130561
500;20;1;MergeSort;8976;3648;0;52421
500;20;1;CountingSort;1501;0;0;11630
500;20;1;QuickSort;17157;7224;2978;22300
500;20;1;InsertionSort;48957;16319;0;14640
500;20;1;BubbleSort;305974;121347;15820;187830
500;20;1;MergeSort;8976;3475;0;49150
500;20;1;CountingSort;1501;0;0;15160
500;20;1;QuickSort;17218;7285;2980;18861
500;20;1;InsertionSort;43596;14532;0;13100
500;20;1;BubbleSort;302662;123265;14033;148570
500;20;1;MergeSort;8976;3618;0;78620
500;20;1;CountingSort;1501;0;0;18380
500;20;1;QuickSort;18097;7291;3274;25150
500;20;1;InsertionSort;49323;16441;0;15110
500;20;1;BubbleSort;310818;123525;15942;116121
500;20;1;MergeSort;8976;3570;0;45670
500;20;1;CountingSort;1501;0;0;11710
500;20;1;QuickSort;16226;6794;2803;23990
500;20;1;InsertionSort;50307;16769;0;10540
500;20;1;BubbleSort;312940;123930;16270;165721
500;20;1;MergeSort;8976;3526;0;48930
500;20;1;CountingSort;1501;0;0;11330
500;20;1;QuickSort;16578;7221;2781;23220
500;20;1;InsertionSort;45585;15195;0;13880
500;20;1;BubbleSort;307904;124560;14696;162580
500;20;1;MergeSort;8976;3541;0;54140
500;20;1;CountingSort;1501;0;0;11950
500;20;1;QuickSort;18164;7403;3256;18330
500;20;1;InsertionSort;46458;15486;0;12981
500;20;1;BubbleSort;302806;121429;14987;164240
500;20;1;MergeSort;8976;3460;0;37270
500;20;1;CountingSort;1501;0;0;10110
500;20;1;QuickSort;16413;6795;2883;22070
500;20;1;InsertionSort;44863;14953;0;15370
500;20;1;BubbleSort;293044;117610;14456;188691
500;20;1;MergeSort;8976;3545;0;69071
500;20;1;CountingSort;1501;0;0;13390
500;20;1;QuickSort;18927;7875;3350;29040
500;20;1;InsertionSort;47595;15865;0;9230
500;20;1;BubbleSort;301458;119997;15366;196511
500;20;1;MergeSort;8976;3574;0;64560
500;20;1;CountingSort;1501;0;0;16180
500;20;1;QuickSort;17959;7645;3099;27380
500;20;1;InsertionSort;49347;16449;0;18450
500;20;1;BubbleSort;311578;123889;15950;105670
500;20;1;MergeSort;8976;3489;0;51680
500;20;1;CountingSort;1501;0;0;12950
500;20;1;QuickSort;16604;6890;2900;16290
500;20;1;InsertionSort;48426;16142;0;14430
500;20;1;BubbleSort;310812;124120;15643;165401
500;20;1;MergeSort;8976;3677;0;44591
500;20;1;CountingSort;1501;0;0;18471
500;20;1;QuickSort;18488;7748;3253;23590
500;20;1;InsertionSort;53208;17736;0;15040
500;20;1;BubbleSort;317188;124120;17237;197320
500;20;1;MergeSort;8976;3511;0;64820
500;20;1;CountingSort;1501;0;0;15270
500;20;1;QuickSort;15187;6481;2566;24690
500;20;1;InsertionSort;47808;15936;0;14630
500;20;1;BubbleSort;306826;122539;15437;136371
500;20;1;MergeSort;8976;3557;0;73880
500;20;1;CountingSort;1501;0;0;12040
500;20;1;QuickSort;18256;7564;3227;46670
500;20;1;InsertionSort;50949;16983;0;21720
500;20;1;BubbleSort;311404;122734;16484;135500
500;20;1;MergeSort;8976;3511;0;50960
500;20;1;CountingSort;1501;0;0;15470
500;20;1;QuickSort;19810;8380;3477;25121
500;20;1;InsertionSort;49641;16547;0;10470
500;20;1;BubbleSort;312052;123930;16048;169090
500;20;1;MergeSort;8976;3532;0;49260
500;20;1;CountingSort;1501;0;0;23770
500;20;1;QuickSort;17351;7220;3052;18370
500;20;1;InsertionSort;53796;17932;0;14970
500;20;1;BubbleSort;317162;123715;17433;113941
500;20;1;MergeSort;8976;3445;0;39191
500;20;1;CountingSort;1501;0;0;9250
500;20;1;QuickSort;17027;7202;2941;17820
500;20;1;InsertionSort;47175;15725;0;9360
500;20;1;BubbleSort;308512;123804;15226;110800
500;20;1;MergeSort;8976;3559;0;42240
500;20;1;CountingSort;1501;0;0;19110
500;20;1;QuickSort;15948;6534;2799;21861
500;20;1;InsertionSort;51352;17116;0;14390
500;20;1;BubbleSort;313526;123525;16619;101930
500;20;1;MergeSort;8976;3517;0;62060
500;20;1;CountingSort;1501;0;0;11260
500;20;1;QuickSort;21185;8441;3911;24660
500;20;1;InsertionSort;44587;14861;0;12840
500;20;1;BubbleSort;303174;122859;14364;165071
500;20;1;MergeSort;8976;3633;0;60190
500;20;1;CountingSort;1501;0;0;17930
500;20;1;QuickSort;16641;7068;2849;24230
500;20;1;InsertionSort;43456;14484;0;13640
500;20;1;BubbleSort;299442;121747;13987;188061
500;20;1;MergeSort;8976;3584;0;66780
500;20;1;CountingSort;1501;0;0;15820
500;20;1;QuickSort;16907;6803;3033;24821
500;20;1;InsertionSort;49899;16633;0;12230
500;20;1;BubbleSort;313530;124497;16134;145010
500;20;1;MergeSort;8976;3555;0;38640
500;20;1;CountingSort;1501;0;0;11460
500;20;1;QuickSort;15984;6804;2715;17810
500;20;1;InsertionSort;46764;15588;0;13120
500;20;1;BubbleSort;303214;121429;15089;91551
500;20;1;MergeSort;8976;3603;0;38401
500;20;1;CountingSort;1501;0;0;12550
500;20;1;QuickSort;20893;8326;3848;19540
500;20;1;InsertionSort;53083;17693;0;13450
500;20;1;BubbleSort;313728;122472;17196;157110
500;20;1;MergeSort;8976;3570;0;68530
500;20;1;CountingSort;1501;0;0;12140
500;20;1;QuickSort;17400;7020;3121;17650
500;20;1;InsertionSort;46350;15450;0;14620
500;20;1;BubbleSort;304048;122122;14951;93121
500;20;1;MergeSort;8976;3578;0;37520
500;20;1;CountingSort;1501;0;0;10860
500;20;1;QuickSort;17589;7359;3067;18530
500;20;1;InsertionSort;42870;14290;0;12690
500;20;1;BubbleSort;301004;122920;13791;116241
500;20;1;MergeSort;8976;3467;0;54720
500;20;1;CountingSort;1501;0;0;11010
500;20;1;QuickSort;16705;6958;2916;17430
500;20;1;InsertionSort;52294;17430;0;12410
500;20;1;BubbleSort;313926;123097;16933;117461
500;20;1;MergeSort;8976;3565;0;78161
500;20;1;CountingSort;1501;0;0;9251
500;20;1;QuickSort;15900;6516;2795;20750
500;20;1;InsertionSort;51600;17200;0;11590
500;20;1;BubbleSort;310754;121975;16701;194321
500;20;1;MergeSort;8976;3591;0;58330
500;20;1;CountingSort;1501;0;0;18820
500;20;1;QuickSort;20238;7938;3763;19050
500;20;1;InsertionSort;54798;18266;0;16570
500;20;1;BubbleSort;315738;122335;17767;161250
500;20;1;MergeSort;8976;3594;0;51520
500;20;1;CountingSort;1501;0;0;12700
500;20;1;QuickSort;16492;6949;2853;23540
500;20;1;InsertionSort;48297;16099;0;17470
500;20;1;BubbleSort;307868;122734;15600;173370
500;20;1;MergeSort;8976;3561;0;54670
500;20;1;CountingSort;1501;0;0;12670
500;20;1;QuickSort;17955;7590;3121;19220
500;20;1;InsertionSort;44526;14842;0;8890
500;20;1;BubbleSort;304220;123424;14343;120391
500;20;1;MergeSort;8976;3477;0;38380
500;20;1;CountingSort;1501;0;0;14110
500;20;1;QuickSort;15987;6780;2738;17080
500;20;1;InsertionSort;42750;14250;0;8540
500;20;1;BubbleSort;304294;124645;13751;137991
500;20;1;MergeSort;8976;3507;0;58400
500;20;1;CountingSort;1501;0;0;24840
500;20;1;QuickSort;18726;7545;3401;17410
500;20;1;InsertionSort;47553;15851;0;11540
500;20;1;BubbleSort;304102;121347;15352;109420
500;20;1;MergeSort;8976;3567;0;41960
500;20;1;CountingSort;1501;0;0;10890
500;20;1;QuickSort;17715;7404;3109;23310
500;20;1;InsertionSort;53724;17908;0;18150
500;20;1;BubbleSort;315714;123039;17409;215761
500;20;1;MergeSort;8976;3499;0;52590
500;20;1;CountingSort;1501;0;0;13020
500;20;1;QuickSort;17396;7277;3039;18000
500;20;1;InsertionSort;47547;15849;0;17820
500;20;1;BubbleSort;308920;123760;15350;123850
500;20;1;MergeSort;8976;3482;0;52420
500;20;1;CountingSort;1501;0;0;13240
500;20;1;QuickSort;17615;7403;3074;22010
500;20;1;InsertionSort;51024;17008;0;16230
500;20;1;BubbleSort;314130;124047;16509;166541
500;20;1;MergeSort;8976;3554;0;83531
500;20;1;CountingSort;1501;0;0;60470
500;20;1;QuickSort;17320;6865;3156;20920
500;20;1;InsertionSort;47931;15977;0;16450
500;20;1;BubbleSort;305862;121975;15478;124480
500;20;1;MergeSort;8976;3522;0;37750
500;20;1;CountingSort;1501;0;0;12440
500;20;1;QuickSort;18990;7569;3475;18100
500;20;1;InsertionSort;50340;16780;0;9100
500;20;1;BubbleSort;314162;124519;16281;123541
500;20;1;MergeSort;8976;3519;0;37810
500;20;1;CountingSort;1501;0;0;10130
500;20;1;QuickSort;14668;6535;2391;17410
500;20;1;InsertionSort;47676;15892;0;9040
500;20;1;BubbleSort;309812;124120;15393;93120
500;20;1;MergeSort;8976;3575;0;47310
500;20;1;CountingSort;1501;0;0;12310
500;20;1;QuickSort;16240;6478;2918;18140
500;20;1;InsertionSort;46827;15609;0;80080
500;20;1;BubbleSort;299020;119290;15110;147901
500;20;1;MergeSort;8976;3541;0;61050
500;20;1;CountingSort;1501;0;0;14771
500;20;1;QuickSort;17308;7297;3006;17580
500;20;1;InsertionSort;43266;14420;0;15070
500;20;1;BubbleSort;302746;123525;13924;116900
500;20;1;MergeSort;8976;3556;0;38860
500;20;1;CountingSort;1501;0;0;13760
500;20;1;QuickSort;15781;6610;2724;30770
500;20;1;InsertionSort;42942;14314;0;16920
500;20;1;BubbleSort;292104;118422;13815;152410
500;20;1;MergeSort;8976;3515;0;79730
500;20;1;CountingSort;1501;0;0;13430
500;20;1;QuickSort;19596;8025;3522;19210
500;20;1;InsertionSort;55791;18597;0;17050
500;20;1;BubbleSort;320252;123930;18098;112251
500;20;1;MergeSort;8976;3543;0;46710
500;20;1;CountingSort;1501;0;0;11760
500;20;1;QuickSort;16153;6556;2865;22730
500;20;1;InsertionSort;48849;16283;0;13500
500;20;1;BubbleSort;311644;124254;15784;138530
500;20;1;MergeSort;8976;3521;0;70650
500;20;1;CountingSort;1501;0;0;15210
500;20;1;QuickSort;18777;7980;3271;23330
500;20;1;InsertionSort;53586;17862;0;14840
500;20;1;BubbleSort;317312;123930;17363;113901
500;20;1;MergeSort;8976;3560;0;37641
500;20;1;CountingSort;1501;0;0;11280
500;20;1;QuickSort;18464;7784;3228;20500
500;20;1;InsertionSort;47559;15853;0;13041
500;20;1;BubbleSort;306086;122335;15354;132400
500;20;1;MergeSort;8976;3495;0;69990
500;20;1;CountingSort;1501;0;0;11400
500;20;1;QuickSort;18871;7684;3397;18460
500;20;1;InsertionSort;60942;20314;0;19290
500;20;1;BubbleSort;328550;124645;19815;165360
500;20;1;MergeSort;8976;3598;0;62800
500;20;1;CountingSort;1501;0;0;8280
500;20;1;QuickSort;18479;7403;3367;17770
500;20;1;InsertionSort;47079;15693;0;14210
500;20;1;BubbleSort;289684;114454;15194;105650
500;20;1;MergeSort;8976;3586;0;41360
500;20;1;CountingSort;1501;0;0;4570
500;20;1;QuickSort;17219;7061;3057;17780
500;20;1;InsertionSort;51537;17179;0;9790
500;20;1;BubbleSort;309414;121347;16680;182811
500;20;1;MergeSort;8976;3542;0;73011
500;20;1;CountingSort;1501;0;0;6290
500;20;1;QuickSort;15975;6435;2843;16490
500;20;1;InsertionSort;47226;15742;0;8660
500;20;1;BubbleSort;307050;123039;15243;125720
500;20;1;MergeSort;8976;3584;0;76850
500;20;1;CountingSort;1501;0;0;12260
500;20;1;QuickSort;17445;7047;3136;18360
500;20;1;InsertionSort;42522;14174;0;11170
500;20;1;BubbleSort;304144;124722;13675;146630
500;20;1;MergeSort;8976;3493;0;53540
500;20;1;CountingSort;1501;0;0;7790
500;20;1;QuickSort;19678;8065;3546;23800
500;20;1;InsertionSort;53517;17839;0;14070
500;20;1;BubbleSort;315998;123319;17340;172281
500;20;1;MergeSort;8976;3574;0;77910
500;20;1;CountingSort;1501;0;0;6860
500;20;1;QuickSort;16015;6571;2816;21840
500;20;1;InsertionSort;45960;15320;0;13920
500;20;1;BubbleSort;306334;123525;14821;103150
500;20;1;MergeSort;8976;3547;0;44440
500;20;1;CountingSort;1501;0;0;10100
500;20;1;QuickSort;18117;7368;3240;21790
500;20;1;InsertionSort;45792;15264;0;80320
500;20;1;BubbleSort;305138;123039;14765;114650
500;20;1;MergeSort;8976;3561;0;54631
500;20;1;CountingSort;1501;0;0;14250
500;20;1;QuickSort;17300;7067;3077;18080
500;20;1;InsertionSort;42783;14261;0;10320
500;20;1;BubbleSort;299856;122404;13762;93160
500;20;1;MergeSort;8976;3549;0;46660
500;20;1;CountingSort;1501;0;0;7430
500;20;1;QuickSort;19218;8049;3386;18870
500;20;1;InsertionSort;46360;15452;0;11000
500;20;1;BubbleSort;303620;121900;14955;149490
500;20;1;MergeSort;8976;3497;0;74330
500;20;1;CountingSort;1501;0;0;7470
500;20;1;QuickSort;17609;7127;3161;17970
500;20;1;InsertionSort;42399;14133;0;11720
500;20;1;BubbleSort;287780;116622;13634;160400
500;20;1;MergeSort;8976;3610;0;79890
500;20;1;CountingSort;1501;0;0;7140
500;20;1;QuickSort;16166;6539;2877;22280
500;20;1;InsertionSort;44512;14836;0;13280
500;20;1;BubbleSort;299546;121095;14339;101261
500;20;1;MergeSort;8976;3460;0;45360
500;20;1;CountingSort;1501;0;0;6160
500;20;1;QuickSort;20096;8270;3596;24220
500;20;1;InsertionSort;56389;18795;0;15020
500;20;1;BubbleSort;322312;124560;18298;208210
500;20;1;MergeSort;8976;3612;0;71470
500;20;1;CountingSort;1501;0;0;15790
500;20;1;QuickSort;19527;7833;3565;23440
500;20;1;InsertionSort;48450;16150;0;9340
500;20;1;BubbleSort;308322;122859;15651;141661
500;20;1;MergeSort;8976;3547;0;63290
500;20;1;CountingSort;1501;0;0;6650
500;20;1;QuickSort;17531;7289;3088;24650
500;20;1;InsertionSort;51804;17268;0;15111
500;20;1;BubbleSort;306476;119700;16769;140120
500;20;1;MergeSort;8976;3490;0;79660
500;20;1;CountingSort;1501;0;0;6880
500;20;1;QuickSort;15538;6529;2663;69420
500;20;1;InsertionSort;53841;17947;0;22400
500;20;1;BubbleSort;319052;124630;17448;106261
500;20;1;MergeSort;8976;3544;0;45961
500;20;1;CountingSort;1501;0;0;12240
500;20;1;QuickSort;15489;6456;2682;16610
500;20;1;InsertionSort;39294;13098;0;13440
500;20;1;BubbleSort;290966;120285;12599;178740
500;20;1;MergeSort;8976;3504;0;68350
500;20;1;CountingSort;1501;0;0;7500
500;20;1;QuickSort;16500;6858;2889;16920
500;20;1;InsertionSort;45120;15040;0;11990
500;20;1;BubbleSort;301964;121900;14541;133830
500;20;1;MergeSort;8976;3571;0;47800
500;20;2;CountingSort;1501;0;0;103151
500;20;2;QuickSort;17293;7087;3072;772783
500;20;2;InsertionSort;8771;2921;0;480702
500;20;2;BubbleSort;97198;43747;2426;2665547
500;20;2;MergeSort;8976;2454;0;653862
500;20;2;CountingSort;1501;0;0;59850
500;20;2;QuickSort;18681;7512;3386;345401
500;20;2;InsertionSort;8045;2679;0;194881
500;20;2;BubbleSort;84764;38014;2184;1543224
500;20;2;MergeSort;8976;2461;0;169210
500;20;2;CountingSort;1501;0;0;70400
500;20;2;QuickSort;17727;7296;3146;121351
500;20;2;InsertionSort;8189;2725;0;221491
500;20;2;BubbleSort;92376;41722;2233;515191
500;20;2;MergeSort;8976;2451;0;195940
500;20;2;CountingSort;1501;0;0;64690
500;20;2;QuickSort;17990;7343;3213;141491
500;20;2;InsertionSort;10131;3375;0;343551
500;20;2;BubbleSort;94960;41722;2879;362421
500;20;2;MergeSort;8976;2468;0;102300
500;20;2;CountingSort;1501;0;0;63791
500;20;2;QuickSort;17165;7307;2955;95950
500;20;2;InsertionSort;9155;3049;0;300301
500;20;2;BubbleSort;92844;41314;2554;480501
500;20;2;MergeSort;8976;2460;0;76080
500;20;2;CountingSort;1501;0;0;67980
500;20;2;QuickSort;16123;6637;2833;110830
500;20;2;InsertionSort;9696;3228;0;295551
500;20;2;BubbleSort;96010;42535;2735;347791
500;20;2;MergeSort;8976;2467;0;131750
500;20;2;CountingSort;1501;0;0;72310
500;20;2;QuickSort;17504;7160;3119;123590
500;20;2;InsertionSort;8950;2982;0;275471
500;20;2;BubbleSort;83460;36760;2485;275491
500;20;2;MergeSort;8976;2462;0;112210
500;20;2;CountingSort;1501;0;0;62660
500;20;2;QuickSort;16214;6587;2874;121150
500;20;2;InsertionSort;8292;2762;0;234221
500;20;2;BubbleSort;90054;40495;2266;446632
500;20;2;MergeSort;8976;2462;0;120120
500;20;2;CountingSort;1501;0;0;47960
500;20;2;QuickSort;18140;7532;3207;118640
500;20;2;InsertionSort;9364;3116;0;284201
500;20;2;BubbleSort;88190;38845;2625;412971
500;20;2;MergeSort;8976;2466;0;124411
500;20;2;CountingSort;1501;0;0;60400
500;20;2;QuickSort;16390;6781;2867;98401
500;20;2;InsertionSort;9168;3054;0;238171
500;20;2;BubbleSort;90400;40084;2558;186770
500;20;2;MergeSort;8976;2455;0;76160
500;20;2;CountingSort;1501;0;0;77560
500;20;2;QuickSort;17769;7152;3207;106700
500;20;2;InsertionSort;9580;3190;0;285531
500;20;2;BubbleSort;91774;40495;2696;43910
500;20;2;MergeSort;8976;2466;0;79470
500;20;2;CountingSort;1501;0;0;92720
500;20;2;QuickSort;17386;7603;2926;122561
500;20;2;InsertionSort;9098;3030;0;273241
500;20;2;BubbleSort;86168;38014;2535;23600
500;20;2;MergeSort;8976;2464;0;119071
500;20;2;CountingSort;1501;0;0;74630
500;20;2;QuickSort;17422;7693;2907;72140
500;20;2;InsertionSort;9677;3225;0;265861
500;20;2;BubbleSort;95978;42535;2727;206261
500;20;2;MergeSort;8976;2455;0;182541
500;20;2;CountingSort;1501;0;0;90290
500;20;2;QuickSort;17344;7471;2961;121630
500;20;2;InsertionSort;7794;2596;0;233811
500;20;2;BubbleSort;83594;37597;2100;48530
500;20;2;MergeSort;8976;2452;0;90921
500;20;2;CountingSort;1501;0;0;65980
500;20;2;QuickSort;18181;7390;3261;130120
500;20;2;InsertionSort;8396;2796;0;257431
500;20;2;BubbleSort;85232;38014;2301;141931
500;20;2;MergeSort;8976;2467;0;93391
500;20;2;CountingSort;1501;0;0;70930
500;20;2;QuickSort;14900;6281;2539;142841
500;20;2;InsertionSort;9417;3135;0;302411
500;20;2;BubbleSort;98062;43747;2642;49091
500;20;2;MergeSort;8976;2457;0;109510
500;20;2;CountingSort;1501;0;0;47900
500;20;2;QuickSort;18118;7282;3278;282231
500;20;2;InsertionSort;8238;2744;0;192951
500;20;2;BubbleSort;91620;41314;2248;43290
500;20;2;MergeSort;8976;2466;0;64140
500;20;2;CountingSort;1501;0;0;47560
500;20;2;QuickSort;15870;6606;2761;303691
500;20;2;InsertionSort;9087;3027;0;227531
500;20;2;BubbleSort;90292;40084;2531;201731
500;20;2;MergeSort;8976;2466;0;179191
500;20;2;CountingSort;1501;0;0;48360
500;20;2;QuickSort;17166;7107;3025;298051
500;20;2;InsertionSort;8284;2760;0;194561
500;20;2;BubbleSort;91680;41314;2263;109790
500;20;2;MergeSort;8976;2461;0;101810
500;20;2;CountingSort;1501;0;0;51820
500;20;2;QuickSort;15760;6784;2667;306471
500;20;2;InsertionSort;8172;2722;0;187890
500;20;2;BubbleSort;95592;43344;2226;46100
500;20;2;MergeSort;8976;2472;0;69190
500;20;2;CountingSort;1501;0;0;64390
500;20;2;QuickSort;18205;7546;3226;328761
500;20;2;InsertionSort;8284;2758;0;217950
500;20;2;BubbleSort;90046;40495;2264;166550
500;20;2;MergeSort;8976;2464;0;173790
500;20;2;CountingSort;1501;0;0;59930
500;20;2;QuickSort;15940;6616;2777;53140
500;20;2;InsertionSort;9285;3093;0;216620
500;20;2;BubbleSort;99488;44550;2597;49320
500;20;2;MergeSort;8976;2459;0;63680
500;20;2;CountingSort;1501;0;0;89610
500;20;2;QuickSort;15697;6754;2646;14340
500;20;2;InsertionSort;9595;3197;0;137091
500;20;2;BubbleSort;99098;44149;2700;60231
500;20;2;MergeSort;8976;2465;0;40090
500;20;2;CountingSort;1501;0;0;48230
500;20;2;QuickSort;15574;6421;2725;28760
500;20;2;InsertionSort;8621;2869;0;49780
500;20;2;BubbleSort;88026;39259;2377;1650245
500;20;2;MergeSort;8976;2466;0;1672555
500;20;2;CountingSort;1501;0;0;45110
500;20;2;QuickSort;17528;7340;3071;19480
500;20;2;InsertionSort;9081;3025;0;50911
500;20;2;BubbleSort;95996;42940;2529;50430
500;20;2;MergeSort;8976;2464;0;50150
500;20;2;CountingSort;1501;0;0;46090
500;20;2;QuickSort;16055;6818;2740;13860
500;20;2;InsertionSort;9426;3140;0;35450
500;20;2;BubbleSort;92386;40905;2644;49590
500;20;2;MergeSort;8976;2462;0;20160
500;20;2;CountingSort;1501;0;0;45650
500;20;2;QuickSort;17933;7313;3198;19360
500;20;2;InsertionSort;9264;3086;0;85780
500;20;2;BubbleSort;92988;41314;2590;32910
500;20;2;MergeSort;8976;2454;0;18790
500;20;2;CountingSort;1501;0;0;86661
500;20;2;QuickSort;17193;6918;3095;14910
500;20;2;InsertionSort;8128;2708;0;23380
500;20;2;BubbleSort;93102;42129;2211;31380
500;20;2;MergeSort;8976;2456;0;44750
500;20;2;CountingSort;1501;0;0;93960
500;20;2;QuickSort;17668;7198;3167;25030
500;20;2;InsertionSort;8785;2925;0;46840
500;20;2;BubbleSort;80718;35497;2431;38091
500;20;2;MergeSort;8976;2461;0;39000
500;20;2;CountingSort;1501;0;0;65401
500;20;2;QuickSort;18218;7622;3203;23011
500;20;2;InsertionSort;8844;2944;0;36760
500;20;2;BubbleSort;88322;39259;2451;43540
500;20;2;MergeSort;8976;2464;0;47010
500;20;2;CountingSort;1501;0;0;66650
500;20;2;QuickSort;17478;7260;3077;15800
500;20;2;InsertionSort;9313;3101;0;50900
500;20;2;BubbleSort;88118;38845;2607;38660
500;20;2;MergeSort;8976;2473;0;52390
500;20;2;CountingSort;1501;0;0;71410
500;20;2;QuickSort;16210;6592;2871;33920
500;20;2;InsertionSort;9234;3076;0;51750
500;20;2;BubbleSort;96200;42940;2580;48500
500;20;2;MergeSort;8976;2459;0;30240
500;20;2;CountingSort;1501;0;0;30340
500;20;2;QuickSort;15402;6492;2631;14140
500;20;2;InsertionSort;8826;2936;0;32390
500;20;2;BubbleSort;89952;40084;2446;43160
500;20;2;MergeSort;8976;2462;0;30931
500;20;2;CountingSort;1501;0;0;21820
500;20;2;QuickSort;17032;7111;2973;18350
500;20;2;InsertionSort;8436;2808;0;26630
500;20;2;BubbleSort;98360;44550;2315;102400
500;20;2;MergeSort;8976;2461;0;73490
500;20;2;CountingSort;1501;0;0;9170
500;20;2;QuickSort;17178;7482;2898;13910
500;20;2;InsertionSort;9119;3033;0;27260
500;20;2;BubbleSort;91986;40905;2544;41550
500;20;2;MergeSort;8976;2466;0;27310
500;20;2;CountingSort;1501;0;0;10351
500;20;2;QuickSort;17526;7341;3056;45290
500;20;2;InsertionSort;8999;2997;0;25740
500;20;2;BubbleSort;96696;43344;2502;29840
500;20;2;MergeSort;8976;2466;0;36500
500;20;2;CountingSort;1501;0;0;17680
500;20;2;QuickSort;19444;7882;3512;19000
500;20;2;InsertionSort;7813;2601;0;46820
500;20;2;BubbleSort;92686;42129;2107;93211
500;20;2;MergeSort;8976;2456;0;62970
500;20;2;CountingSort;1501;0;0;10300
500;20;2;QuickSort;15639;7089;2525;16360
500;20;2;InsertionSort;8221;2737;0;34830
500;20;2;BubbleSort;88316;39672;2243;59080
500;20;2;MergeSort;8976;2461;0;55780
500;20;2;CountingSort;1501;0;0;18070
500;20;2;QuickSort;16875;6810;3022;17530
500;20;2;InsertionSort;8384;2794;0;49750
500;20;2;BubbleSort;83542;37179;2296;46690
500;20;2;MergeSort;8976;2460;0;57750
500;20;2;CountingSort;1501;0;0;12230
500;20;2;QuickSort;16519;7225;2765;22640
500;20;2;InsertionSort;8933;2975;0;31130
500;20;2;BubbleSort;90910;40495;2480;57131
500;20;2;MergeSort;8976;2457;0;57770
500;20;2;CountingSort;1501;0;0;16300
500;20;2;QuickSort;17518;7168;3119;18750
500;20;2;InsertionSort;8702;2898;0;32210
500;20;2;BubbleSort;87302;38845;2403;43550
500;20;2;MergeSort;8976;2460;0;48410
500;20;2;CountingSort;1501;0;0;13640
500;20;2;QuickSort;17599;7288;3104;18290
500;20;2;InsertionSort;8973;2989;0;29240
500;20;2;BubbleSort;96660;43344;2493;46260
500;20;2;MergeSort;8976;2454;0;35290
500;20;2;CountingSort;1501;0;0;15890
500;20;2;QuickSort;17528;7271;3086;15330
500;20;2;InsertionSort;8545;2845;0;54711
500;20;2;BubbleSort;90394;40495;2351;53241
500;20;2;MergeSort;8976;2462;0;43600
500;20;2;CountingSort;1501;0;0;12290
500;20;2;QuickSort;19525;7756;3590;14780
500;20;2;InsertionSort;8844;2944;0;61670
500;20;2;BubbleSort;96492;43344;2451;30360
500;20;2;MergeSort;8976;2463;0;34670
500;20;2;CountingSort;1501;0;0;10220
500;20;2;QuickSort;14935;6238;2567;13380
500;20;2;InsertionSort;8599;2863;0;76190
500;20;2;BubbleSort;91286;40905;2369;74420
500;20;2;MergeSort;8976;2462;0;32930
500;20;2;CountingSort;1501;0;0;10100
500;20;2;QuickSort;16303;7234;2685;15160
500;20;2;InsertionSort;9296;3096;0;52130
500;20;2;BubbleSort;93848;41722;2601;29920
500;20;2;MergeSort;8976;2466;0;33831
500;20;2;CountingSort;1501;0;0;10490
500;20;2;QuickSort;17271;7035;3071;36220
500;20;2;InsertionSort;10317;3433;0;64030
500;20;2;BubbleSort;98460;43344;2943;49470
500;20;2;MergeSort;8976;2473;0;51390
500;20;2;CountingSort;1501;0;0;12370
500;20;2;QuickSort;17866;7405;3157;21570
500;20;2;InsertionSort;9601;3197;0;52150
500;20;2;BubbleSort;92622;40905;2703;64550
500;20;2;MergeSort;8976;2467;0;65781
500;20;2;CountingSort;1501;0;0;15070
500;20;2;QuickSort;17864;7007;3281;20130
500;20;2;InsertionSort;9634;3208;0;54441
500;20;2;BubbleSort;91024;40084;2714;61910
500;20;2;MergeSort;8976;2461;0;47970
500;20;2;CountingSort;1501;0;0;12910
500;20;2;QuickSort;16243;7030;2733;18800
500;20;2;InsertionSort;9385;3125;0;52530
500;20;2;BubbleSort;98018;43747;2631;58750
500;20;2;MergeSort;8976;2465;0;38380
500;20;2;CountingSort;1501;0;0;13000
500;20;2;QuickSort;15187;6577;2544;19000
500;20;2;InsertionSort;8878;2956;0;50170
500;20;2;BubbleSort;90016;40084;2462;63500
500;20;2;MergeSort;8976;2467;0;51010
500;20;2;CountingSort;1501;0;0;11730
500;20;2;QuickSort;18606;7914;3237;21030
500;20;2;InsertionSort;8987;2991;0;141081
500;20;2;BubbleSort;93440;41722;2499;46221
500;20;2;MergeSort;8976;2465;0;35220
500;20;2;CountingSort;1501;0;0;15810
500;20;2;QuickSort;20528;8549;3659;31940
500;20;2;InsertionSort;9572;3188;0;57830
500;20;2;BubbleSort;95030;42129;2693;93110
500;20;2;MergeSort;8976;2461;0;72560
500;20;2;CountingSort;1501;0;0;10900
500;20;2;QuickSort;18588;7455;3373;21300
500;20;2;InsertionSort;9029;3007;0;51400
500;20;2;BubbleSort;86908;38430;2512;46020
500;20;2;MergeSort;8976;2465;0;46381
500;20;2;CountingSort;1501;0;0;17180
500;20;2;QuickSort;20880;8244;3882;22270
500;20;2;InsertionSort;8937;2977;0;167660
500;20;2;BubbleSort;88442;39259;2481;133350
500;20;2;MergeSort;8976;2456;0;31080
500;20;2;CountingSort;1501;0;0;16920
500;20;2;QuickSort;18537;7599;3311;21050
500;20;2;InsertionSort;9642;3212;0;56580
500;20;2;BubbleSort;88554;38845;2716;45480
500;20;2;MergeSort;8976;2452;0;54840
500;20;2;CountingSort;1501;0;0;10120
500;20;2;QuickSort;15861;6702;2725;19990
500;20;2;InsertionSort;8181;2723;0;120521
500;20;2;BubbleSort;96414;43747;2230;48451
500;20;2;MergeSort;8976;2460;0;32820
500;20;2;CountingSort;1501;0;0;9820
500;20;2;QuickSort;16929;6843;3028;19930
500;20;2;InsertionSort;8802;2930;0;124720
500;20;2;BubbleSort;85776;38014;2437;123200
500;20;2;MergeSort;8976;2450;0;81610
500;20;2;CountingSort;1501;0;0;10990
500;20;2;QuickSort;16182;6780;2802;15370
500;20;2;InsertionSort;9210;3068;0;88201
500;20;2;BubbleSort;92916;41314;2572;46030
500;20;2;MergeSort;8976;2454;0;35900
500;20;2;CountingSort;1501;0;0;17670
500;20;2;QuickSort;18073;7354;3244;16550
500;20;2;InsertionSort;8759;2917;0;108190
500;20;2;BubbleSort;91498;40905;2422;30330
500;20;2;MergeSort;8976;2452;0;52360
500;20;2;CountingSort;1501;0;0;13120
500;20;2;QuickSort;16682;6755;2972;16640
500;20;2;InsertionSort;8466;2820;0;85641
500;20;2;BubbleSort;91106;40905;2324;45250
500;20;2;MergeSort;8976;2464;0;44980
500;20;2;CountingSort;1501;0;0;11740
500;20;2;QuickSort;18073;7204;3288;16750
500;20;2;InsertionSort;9126;3040;0;107890
500;20;2;BubbleSort;87036;38430;2544;102870
500;20;2;MergeSort;8976;2464;0;82021
500;20;2;CountingSort;1501;0;0;11470
500;20;2;QuickSort;17069;7061;2997;20550
500;20;2;InsertionSort;8193;2731;0;99701
500;20;2;BubbleSort;81608;36340;2232;41720
500;20;2;MergeSort;8976;2463;0;48140
500;20;2;CountingSort;1501;0;0;29321
500;20;2;QuickSort;19556;8114;3480;21570
500;20;2;InsertionSort;9020;3004;0;103120
500;20;2;BubbleSort;92664;41314;2509;45190
500;20;2;MergeSort;8976;2464;0;46780
500;20;2;CountingSort;1501;0;0;9090
500;20;2;QuickSort;18099;7824;3098;16740
500;20;2;InsertionSort;8488;2828;0;110091
500;20;2;BubbleSort;89492;40084;2331;55121
500;20;2;MergeSort;8976;2463;0;40530
500;20;2;CountingSort;1501;0;0;17110
500;20;2;QuickSort;15933;6657;2760;17620
500;20;2;InsertionSort;9889;3289;0;28500
500;20;2;BubbleSort;91372;40084;2801;25500
500;20;2;MergeSort;8976;2477;0;33950
500;20;2;CountingSort;1501;0;0;11880
500;20;2;QuickSort;18040;7390;3228;17670
500;20;2;InsertionSort;8959;2981;0;3640
500;20;2;BubbleSort;89304;39672;2490;43790
500;20;2;MergeSort;8976;2457;0;34280
500;20;2;CountingSort;1501;0;0;12530
500;20;2;QuickSort;17781;7197;3196;15750
500;20;2;InsertionSort;8231;2743;0;3660
500;20;2;BubbleSort;93238;42129;2245;44750
500;20;2;MergeSort;8976;2459;0;46530
500;20;2;CountingSort;1501;0;0;9540
500;20;2;QuickSort;17680;7099;3191;15370
500;20;2;InsertionSort;8742;2912;0;3870
500;20;2;BubbleSort;91474;40905;2416;40001
500;20;2;MergeSort;8976;2458;0;41340
500;20;2;CountingSort;1501;0;0;8920
500;20;2;QuickSort;16577;6821;2910;20430
500;20;2;InsertionSort;8146;2714;0;2540
500;20;2;BubbleSort;87386;39259;2217;43630
500;20;2;MergeSort;8976;2460;0;44950
500;20;2;CountingSort;1501;0;0;12700
500;20;2;QuickSort;16788;7323;2835;16130
500;20;2;InsertionSort;9344;3112;0;5080
500;20;2;BubbleSort;94726;42129;2617;33810
500;20;2;MergeSort;8976;2463;0;47540
500;20;2;CountingSort;1501;0;0;15040
500;20;2;QuickSort;16070;6683;2795;15370
500;20;2;InsertionSort;9216;3068;0;4040
500;20;2;BubbleSort;92110;40905;2575;58450
500;20;2;MergeSort;8976;2459;0;38960
500;20;2;CountingSort;1501;0;0;11700
500;20;2;QuickSort;16172;6653;2835;15070
500;20;2;InsertionSort;9767;3253;0;3550
500;20;2;BubbleSort;95290;42129;2758;66480
500;20;2;MergeSort;8976;2468;0;35870
500;20;2;CountingSort;1501;0;0;11590
500;20;2;QuickSort;16927;7105;2949;15990
500;20;2;InsertionSort;8175;2723;0;5020
500;20;2;BubbleSort;79902;35497;2227;58551
500;20;2;MergeSort;8976;2462;0;51431
500;20;2;CountingSort;1501;0;0;9090
500;20;2;QuickSort;17030;7658;2787;21750
500;20;2;InsertionSort;8605;2863;0;3450
500;20;2;BubbleSort;92932;41722;2372;49360
500;20;2;MergeSort;8976;2461;0;50030
500;20;2;CountingSort;1501;0;0;12760
500;20;2;QuickSort;17158;7210;2976;19770
500;20;2;InsertionSort;8686;2892;0;3110
500;20;2;BubbleSort;82272;36340;2398;44050
500;20;2;MergeSort;8976;2473;0;37760
500;20;2;CountingSort;1501;0;0;12030
500;20;2;QuickSort;15621;6525;2701;19440
500;20;2;InsertionSort;8822;2936;0;2210
500;20;2;BubbleSort;89120;39672;2444;69290
500;20;2;MergeSort;8976;2454;0;39220
500;20;2;CountingSort;1501;0;0;14020
500;20;2;QuickSort;15718;6628;2696;20100
500;20;2;InsertionSort;8865;2951;0;2670
500;20;2;BubbleSort;88350;39259;2458;45140
500;20;2;MergeSort;8976;2466;0;48110
500;20;2;CountingSort;1501;0;0;8770
500;20;2;QuickSort;16165;6973;2733;15821
500;20;2;InsertionSort;8193;2729;0;3520
500;20;2;BubbleSort;86622;38845;2233;43080
500;20;2;MergeSort;8976;2472;0;35130
500;20;2;CountingSort;1501;0;0;11450
500;20;2;QuickSort;18389;7670;3245;21790
500;20;2;InsertionSort;8445;2813;0;2270
500;20;2;BubbleSort;97566;44149;2317;67900
500;20;2;MergeSort;8976;2466;0;54890
500;20;2;CountingSort;1501;0;0;11800
500;20;2;QuickSort;17700;7227;3157;17190
500;20;2;InsertionSort;7955;2649;0;2090
500;20;2;BubbleSort;96110;43747;2154;48670
500;20;2;MergeSort;8976;2462;0;32050
500;20;2;CountingSort;1501;0;0;7320
500;20;2;QuickSort;18143;7562;3197;16460
500;20;2;InsertionSort;8888;2958;0;4440
500;20;2;BubbleSort;98162;44149;2466;44360
500;20;2;MergeSort;8976;2462;0;59850
500;20;2;CountingSort;1501;0;0;4600
500;20;2;QuickSort;19899;7953;3646;15840
500;20;2;InsertionSort;9062;3016;0;3650
500;20;2;BubbleSort;93540;41722;2524;70320
500;20;2;MergeSort;8976;2457;0;70200
500;20;2;CountingSort;1501;0;0;3910
500;20;2;QuickSort;16397;6770;2878;16250
500;20;2;InsertionSort;7485;2493;0;2200
500;20;2;BubbleSort;79826;35919;1997;41520
500;20;2;MergeSort;8976;2460;0;47780
500;20;2;CountingSort;1501;0;0;5520
500;20;2;QuickSort;16474;6784;2893;24150
500;20;2;InsertionSort;9266;3086;0;4700
500;20;2;BubbleSort;88882;39259;2591;36650
500;20;2;MergeSort;8976;2456;0;35650
500;20;2;CountingSort;1501;0;0;7410
500;20;2;QuickSort;16513;7000;2841;19280
500;20;2;InsertionSort;8782;2926;0;2260
500;20;2;BubbleSort;80710;35497;2429;31280
500;20;2;MergeSort;8976;2463;0;36670
500;20;2;CountingSort;1501;0;0;7340
500;20;2;QuickSort;17181;7335;2948;19450
500;20;2;InsertionSort;8846;2944;0;4740
500;20;2;BubbleSort;79108;34650;2452;66870
500;20;2;MergeSort;8976;2465;0;59460
500;20;2;CountingSort;1501;0;0;6030
500;20;2;QuickSort;20564;8171;3796;20030
500;20;2;InsertionSort;9621;3203;0;3590
500;20;2;BubbleSort;93468;41314;2710;25270
500;20;2;MergeSort;8976;2448;0;34481
500;20;2;CountingSort;1501;0;0;6320
500;20;2;QuickSort;17149;7069;3039;16150
500;20;2;InsertionSort;9076;3022;0;3460
500;20;2;BubbleSort;91102;40495;2528;36630
500;20;2;MergeSort;8976;2460;0;31001
500;20;2;CountingSort;1501;0;0;8110
500;20;2;QuickSort;16008;6588;2813;27250
500;20;2;InsertionSort;9674;3222;0;3640
500;20;2;BubbleSort;93536;41314;2727;44970
500;20;2;MergeSort;8976;2461;0;38570
500;20;2;CountingSort;1501;0;0;4760
500;20;2;QuickSort;19195;7804;3459;17401
500;20;2;InsertionSort;8548;2846;0;2470
500;20;2;BubbleSort;92036;41314;2352;69040
500;20;2;MergeSort;8976;2453;0;64530
500;20;2;CountingSort;1501;0;0;5850
500;20;2;QuickSort;18345;7890;3148;16530
500;20;2;InsertionSort;9292;3094;0;3720
500;20;2;BubbleSort;92210;40905;2600;43160
500;20;2;MergeSort;8976;2459;0;32040
500;20;2;CountingSort;1501;0;0;6670
500;20;2;QuickSort;14788;6280;2507;15070
500;20;2;InsertionSort;8888;2960;0;2350
500;20;2;BubbleSort;90028;40084;2465;41280
500;20;2;MergeSort;8976;2460;0;31330
500;20;2;CountingSort;1501;0;0;5990
500;20;2;QuickSort;16661;7157;2835;15460
500;20;2;InsertionSort;9877;3291;0;3570
500;20;2;BubbleSort;97056;42940;2794;48610
500;20;2;MergeSort;8976;2457;0;41560
500;20;2;CountingSort;1501;0;0;4040
500;20;2;QuickSort;20489;8414;3696;16350
500;20;2;InsertionSort;9677;3221;0;5090
500;20;2;BubbleSort;92726;40905;2729;71940
500;20;2;MergeSort;8976;2463;0;43370
500;20;2;CountingSort;1501;0;0;4260
500;20;2;QuickSort;17377;6889;3157;14970
500;20;2;InsertionSort;7875;2623;0;2100
500;20;2;BubbleSort;86198;38845;2127;28280
500;20;2;MergeSort;8976;2464;0;37190
500;20;2;CountingSort;1501;0;0;5290
500;20;2;QuickSort;16356;6648;2894;14630
500;20;2;InsertionSort;8309;2767;0;2420
500;20;2;BubbleSort;80926;35919;2272;36430
500;20;2;MergeSort;8976;2465;0;41690
500;20;2;CountingSort;1501;0;0;10730
500;20;2;QuickSort;19572;7923;3555;50370
500;20;2;InsertionSort;9397;3129;0;4920
500;20;2;BubbleSort;90708;40084;2635;46560
500;20;2;MergeSort;8976;2466;0;56390
500;20;2;CountingSort;1501;0;0;6770
500;20;2;QuickSort;16786;7108;2898;15720
500;20;2;InsertionSort;8997;2995;0;3610
500;20;2;BubbleSort;83528;36760;2502;26071
500;20;2;MergeSort;8976;2463;0;32930
500;20;2;CountingSort;1501;0;0;4600
500;20;2;QuickSort;18152;7283;3288;32520
500;20;2;InsertionSort;9018;3004;0;2390
500;20;2;BubbleSort;99132;44550;2508;32570
500;20;2;MergeSort;8976;2466;0;38250
500;20;3;CountingSort;1501;0;0;151151
500;20;3;QuickSort;16817;7082;2915;866873
500;20;3;InsertionSort;8517;2839;0;402881
500;20;3;BubbleSort;92804;41722;2340;3237519
500;20;3;MergeSort;8976;2488;0;530882
500;20;3;CountingSort;1501;0;0;57980
500;20;3;QuickSort;16310;6695;2873;151240
500;20;3;InsertionSort;8592;2864;0;233261
500;20;3;BubbleSort;87978;39259;2365;1441474
500;20;3;MergeSort;8976;2479;0;109501
500;20;3;CountingSort;1501;0;0;46671
500;20;3;QuickSort;16530;7101;2818;120710
500;20;3;InsertionSort;9936;3312;0;231360
500;20;3;BubbleSort;88112;38430;2813;868632
500;20;3;MergeSort;8976;2478;0;148990
500;20;3;CountingSort;1501;0;0;70950
500;20;3;QuickSort;17225;6974;3079;125010
500;20;3;InsertionSort;9168;3056;0;267381
500;20;3;BubbleSort;89572;39672;2557;515571
500;20;3;MergeSort;8976;2483;0;141311
500;20;3;CountingSort;1501;0;0;57270
500;20;3;QuickSort;18982;8341;3213;126750
500;20;3;InsertionSort;9801;3267;0;316591
500;20;3;BubbleSort;93700;41314;2768;534241
500;20;3;MergeSort;8976;2478;0;164321
500;20;3;CountingSort;1501;0;0;71541
500;20;3;QuickSort;15367;6793;2525;120590
500;20;3;InsertionSort;9291;3097;0;221550
500;20;3;BubbleSort;92202;40905;2598;353331
500;20;3;MergeSort;8976;2477;0;135040
500;20;3;CountingSort;1501;0;0;58500
500;20;3;QuickSort;16701;6960;2917;120090
500;20;3;InsertionSort;9432;3144;0;367971
500;20;3;BubbleSort;92390;40905;2645;416561
500;20;3;MergeSort;8976;2477;0;164691
500;20;3;CountingSort;1501;0;0;63091
500;20;3;QuickSort;16506;6717;2920;129131
500;20;3;InsertionSort;8595;2865;0;305911
500;20;3;BubbleSort;90454;40495;2366;358011
500;20;3;MergeSort;8976;2480;0;144280
500;20;3;CountingSort;1501;0;0;70540
500;20;3;QuickSort;18384;7989;3133;125190
500;20;3;InsertionSort;8088;2696;0;234261
500;20;3;BubbleSort;93858;42535;2197;253091
500;20;3;MergeSort;8976;2487;0;138221
500;20;3;CountingSort;1501;0;0;69791
500;20;3;QuickSort;17901;7296;3212;127881
500;20;3;InsertionSort;9156;3052;0;288780
500;20;3;BubbleSort;97706;43747;2553;182930
500;20;3;MergeSort;8976;2486;0;158610
500;20;3;CountingSort;1501;0;0;75241
500;20;3;QuickSort;16653;6735;2966;120160
500;20;3;InsertionSort;9213;3071;0;260310
500;20;3;BubbleSort;92098;40905;2572;97330
500;20;3;MergeSort;8976;2488;0;136080
500;20;3;CountingSort;1501;0;0;60731
500;20;3;QuickSort;16038;6576;2819;76600
500;20;3;InsertionSort;8541;2847;0;246220
500;20;3;BubbleSort;90382;40495;2348;27160
500;20;3;MergeSort;8976;2476;0;137440
500;20;3;CountingSort;1501;0;0;53141
500;20;3;QuickSort;16719;7047;2893;121710
500;20;3;InsertionSort;9975;3325;0;263771
500;20;3;BubbleSort;97992;43344;2826;170300
500;20;3;MergeSort;8976;2477;0;143540
500;20;3;CountingSort;1501;0;0;90770
500;20;3;QuickSort;18226;7612;3208;185891
500;20;3;InsertionSort;8217;2739;0;202381
500;20;3;BubbleSort;92404;41722;2240;44220
500;20;3;MergeSort;8976;2473;0;111661
500;20;3;CountingSort;1501;0;0;62900
500;20;3;QuickSort;17107;7105;3007;398211
500;20;3;InsertionSort;8733;2911;0;232831
500;20;3;BubbleSort;77246;33799;2412;123141
500;20;3;MergeSort;8976;2489;0;111370
500;20;3;CountingSort;1501;0;0;49580
500;20;3;QuickSort;18069;7272;3259;285871
500;20;3;InsertionSort;8646;2882;0;255120
500;20;3;BubbleSort;88876;39672;2383;29610
500;20;3;MergeSort;8976;2483;0;82990
500;20;3;CountingSort;1501;0;0;69441
500;20;3;QuickSort;19937;8453;3506;452131
500;20;3;InsertionSort;9051;3017;0;207880
500;20;3;BubbleSort;99172;44550;2518;32170
500;20;3;MergeSort;8976;2485;0;90500
500;20;3;CountingSort;1501;0;0;57181
500;20;3;QuickSort;18021;7521;3165;419101
500;20;3;InsertionSort;8526;2842;0;327461
500;20;3;BubbleSort;89540;40084;2343;284891
500;20;3;MergeSort;8976;2488;0;226811
500;20;3;CountingSort;1501;0;0;60080
500;20;3;QuickSort;15276;6435;2625;378441
500;20;3;InsertionSort;8796;2932;0;274511
500;20;3;BubbleSort;89900;40084;2433;59850
500;20;3;MergeSort;8976;2491;0;133381
500;20;3;CountingSort;1501;0;0;58900
500;20;3;QuickSort;18525;7746;3258;463031
500;20;3;InsertionSort;8721;2907;0;195511
500;20;3;BubbleSort;94702;42535;2408;44920
500;20;3;MergeSort;8976;2480;0;127291
500;20;3;CountingSort;1501;0;0;49090
500;20;3;QuickSort;15884;6470;2814;361431
500;20;3;InsertionSort;8964;2988;0;238391
500;20;3;BubbleSort;95026;42535;2489;93330
500;20;3;MergeSort;8976;2488;0;67471
500;20;3;CountingSort;1501;0;0;76240
500;20;3;QuickSort;16796;7019;2929;302201
500;20;3;InsertionSort;9030;3010;0;105761
500;20;3;BubbleSort;87734;38845;2511;44201
500;20;3;MergeSort;8976;2488;0;63260
500;20;3;CountingSort;1501;0;0;45310
500;20;3;QuickSort;17231;6839;3132;305951
500;20;3;InsertionSort;9447;3149;0;97230
500;20;3;BubbleSort;90768;40084;2650;104290
500;20;3;MergeSort;8976;2481;0;56990
500;20;3;CountingSort;1501;0;0;48980
500;20;3;QuickSort;16847;7088;2909;2659458
500;20;3;InsertionSort;8661;2887;0;33460
500;20;3;BubbleSort;83910;37179;2388;28140
500;20;3;MergeSort;8976;2490;0;2374487
500;20;3;CountingSort;1501;0;0;64740
500;20;3;QuickSort;15264;6483;2594;306151
500;20;3;InsertionSort;7842;2614;0;48400
500;20;3;BubbleSort;96758;44149;2115;66760
500;20;3;MergeSort;8976;2473;0;47280
500;20;3;CountingSort;1501;0;0;55080
500;20;3;QuickSort;17935;7288;3218;421651
500;20;3;InsertionSort;8529;2843;0;83500
500;20;3;BubbleSort;94446;42535;2344;81940
500;20;3;MergeSort;8976;2484;0;33000
500;20;3;CountingSort;1501;0;0;53730
500;20;3;QuickSort;16785;6984;2933;362811
500;20;3;InsertionSort;9912;3304;0;38150
500;20;3;BubbleSort;93030;40905;2805;44990
500;20;3;MergeSort;8976;2494;0;45540
500;20;3;CountingSort;1501;0;0;55340
500;20;3;QuickSort;17442;7116;3105;372841
500;20;3;InsertionSort;8490;2830;0;46450
500;20;3;BubbleSort;92768;41722;2331;95471
500;20;3;MergeSort;8976;2474;0;23071
500;20;3;CountingSort;1501;0;0;58080
500;20;3;QuickSort;16130;6620;2841;308191
500;20;3;InsertionSort;8937;2979;0;74250
500;20;3;BubbleSort;90910;40495;2480;98141
500;20;3;MergeSort;8976;2487;0;68161
500;20;3;CountingSort;1501;0;0;55710
500;20;3;QuickSort;16363;6592;2923;336661
500;20;3;InsertionSort;8295;2765;0;49670
500;20;3;BubbleSort;89232;40084;2266;44460
500;20;3;MergeSort;8976;2484;0;42030
500;20;3;CountingSort;1501;0;0;61810
500;20;3;QuickSort;17477;6935;3180;400211
500;20;3;InsertionSort;9279;3093;0;51840
500;20;3;BubbleSort;96256;42940;2594;57900
500;20;3;MergeSort;8976;2484;0;54510
500;20;3;CountingSort;1501;0;0;54370
500;20;3;QuickSort;15785;6599;2734;301061
500;20;3;InsertionSort;8853;2951;0;28340
500;20;3;BubbleSort;91618;40905;2452;54040
500;20;3;MergeSort;8976;2491;0;30410
500;20;3;CountingSort;1501;0;0;21960
500;20;3;QuickSort;16573;6865;2908;246561
500;20;3;InsertionSort;9267;3089;0;26300
500;20;3;BubbleSort;88878;39259;2590;37590
500;20;3;MergeSort;8976;2477;0;44090
500;20;3;CountingSort;1501;0;0;10280
500;20;3;QuickSort;17721;7377;3116;375481
500;20;3;InsertionSort;8586;2862;0;40200
500;20;3;BubbleSort;89620;40084;2363;58000
500;20;3;MergeSort;8976;2487;0;53280
500;20;3;CountingSort;1501;0;0;11750
500;20;3;QuickSort;17715;7464;3082;294950
500;20;3;InsertionSort;9069;3023;0;87640
500;20;3;BubbleSort;85290;37597;2524;63780
500;20;3;MergeSort;8976;2472;0;30270
500;20;3;CountingSort;1501;0;0;9310
500;20;3;QuickSort;16086;7065;2679;270491
500;20;3;InsertionSort;9495;3165;0;36950
500;20;3;BubbleSort;94108;41722;2666;51790
500;20;3;MergeSort;8976;2477;0;31020
500;20;3;CountingSort;1501;0;0;20720
500;20;3;QuickSort;15668;6515;2721;286761
500;20;3;InsertionSort;9345;3115;0;60860
500;20;3;BubbleSort;93908;41722;2616;113770
500;20;3;MergeSort;8976;2478;0;55340
500;20;3;CountingSort;1501;0;0;12780
500;20;3;QuickSort;15950;6584;2786;268711
500;20;3;InsertionSort;8859;2953;0;35160
500;20;3;BubbleSort;93260;41722;2454;51300
500;20;3;MergeSort;8976;2486;0;44290
500;20;3;CountingSort;1501;0;0;13070
500;20;3;QuickSort;15288;6774;2510;271300
500;20;3;InsertionSort;8118;2706;0;37340
500;20;3;BubbleSort;79822;35497;2207;22390
500;20;3;MergeSort;8976;2482;0;31200
500;20;3;CountingSort;1501;0;0;10050
500;20;3;QuickSort;18361;7378;3333;216001
500;20;3;InsertionSort;8970;2990;0;66230
500;20;3;BubbleSort;81802;35919;2491;39121
500;20;3;MergeSort;8976;2488;0;70350
500;20;3;CountingSort;1501;0;0;10050
500;20;3;QuickSort;16230;6882;2788;16520
500;20;3;InsertionSort;9381;3127;0;50240
500;20;3;BubbleSort;90680;40084;2628;52660
500;20;3;MergeSort;8976;2488;0;34370
500;20;3;CountingSort;1501;0;0;11170
500;20;3;QuickSort;16006;6877;2724;19940
500;20;3;InsertionSort;8736;2912;0;38670
500;20;3;BubbleSort;89820;40084;2413;49670
500;20;3;MergeSort;8976;2482;0;45710
500;20;3;CountingSort;1501;0;0;13080
500;20;3;QuickSort;17533;7285;3079;16700
500;20;3;InsertionSort;9048;3016;0;45171
500;20;3;BubbleSort;93512;41722;2517;47311
500;20;3;MergeSort;8976;2497;0;52950
500;20;3;CountingSort;1501;0;0;11040
500;20;3;QuickSort;14755;6619;2377;15560
500;20;3;InsertionSort;9102;3034;0;90400
500;20;3;BubbleSort;91130;40495;2535;116340
500;20;3;MergeSort;8976;2494;0;79860
500;20;3;CountingSort;1501;0;0;9450
500;20;3;QuickSort;15484;6553;2641;15190
500;20;3;InsertionSort;8910;2970;0;43060
500;20;3;BubbleSort;94142;42129;2471;65660
500;20;3;MergeSort;8976;2491;0;49820
500;20;3;CountingSort;1501;0;0;9130
500;20;3;QuickSort;15393;6693;2566;24240
500;20;3;InsertionSort;9087;3029;0;48710
500;20;3;BubbleSort;85314;37597;2530;41610
500;20;3;MergeSort;8976;2480;0;42390
500;20;3;CountingSort;1501;0;0;14130
500;20;3;QuickSort;17255;7196;3028;21661
500;20;3;InsertionSort;8775;2925;0;34030
500;20;3;BubbleSort;91514;40905;2426;53590
500;20;3;MergeSort;8976;2483;0;60300
500;20;3;CountingSort;1501;0;0;15300
500;20;3;QuickSort;16615;6853;2926;27630
500;20;3;InsertionSort;8124;2708;0;35730
500;20;3;BubbleSort;80674;35919;2209;33370
500;20;3;MergeSort;8976;2472;0;51110
500;20;3;CountingSort;1501;0;0;9260
500;20;3;QuickSort;15785;6647;2715;15800
500;20;3;InsertionSort;8973;2991;0;32460
500;20;3;BubbleSort;92596;41314;2492;36530
500;20;3;MergeSort;8976;2482;0;34890
500;20;3;CountingSort;1501;0;0;9550
500;20;3;QuickSort;16623;6951;2901;15140
500;20;3;InsertionSort;9243;3081;0;43780
500;20;3;BubbleSort;86356;38014;2582;50010
500;20;3;MergeSort;8976;2483;0;38100
500;20;3;CountingSort;1501;0;0;10680
500;20;3;QuickSort;16483;6865;2874;20500
500;20;3;InsertionSort;9150;3050;0;32960
500;20;3;BubbleSort;93648;41722;2551;71401
500;20;3;MergeSort;8976;2490;0;53490
500;20;3;CountingSort;1501;0;0;10360
500;20;3;QuickSort;17291;7097;3071;15290
500;20;3;InsertionSort;8955;2985;0;34410
500;20;3;BubbleSort;81782;35919;2486;36350
500;20;3;MergeSort;8976;2473;0;37890
500;20;3;CountingSort;1501;0;0;14420
500;20;3;QuickSort;22209;9024;4063;29920
500;20;3;InsertionSort;8499;2833;0;46030
500;20;3;BubbleSort;94406;42535;2334;42450
500;20;3;MergeSort;8976;2485;0;58930
500;20;3;CountingSort;1501;0;0;21040
500;20;3;QuickSort;17830;7207;3207;20750
500;20;3;InsertionSort;9561;3187;0;201511
500;20;3;BubbleSort;86780;38014;2688;73201
500;20;3;MergeSort;8976;2487;0;61761
500;20;3;CountingSort;1501;0;0;9070
500;20;3;QuickSort;17061;6873;3053;25480
500;20;3;InsertionSort;8949;2983;0;41970
500;20;3;BubbleSort;90104;40084;2484;47710
500;20;3;MergeSort;8976;2486;0;51400
500;20;3;CountingSort;1501;0;0;18440
500;20;3;QuickSort;17247;7059;3066;18360
500;20;3;InsertionSort;8523;2841;0;27260
500;20;3;BubbleSort;87058;38845;2342;47420
500;20;3;MergeSort;8976;2492;0;40870
500;20;3;CountingSort;1501;0;0;12220
500;20;3;QuickSort;16295;6698;2861;19340
500;20;3;InsertionSort;9033;3011;0;106010
500;20;3;BubbleSort;92676;41314;2512;90630
500;20;3;MergeSort;8976;2491;0;72360
500;20;3;CountingSort;1501;0;0;12280
500;20;3;QuickSort;16629;6942;2901;20650
500;20;3;InsertionSort;8475;2825;0;181221
500;20;3;BubbleSort;90294;40495;2326;50360
500;20;3;MergeSort;8976;2491;0;40480
500;20;3;CountingSort;1501;0;0;12920
500;20;3;QuickSort;15510;6366;2709;19771
500;20;3;InsertionSort;9642;3214;0;104860
500;20;3;BubbleSort;94304;41722;2715;110760
500;20;3;MergeSort;8976;2484;0;67890
500;20;3;CountingSort;1501;0;0;11410
500;20;3;QuickSort;21361;8539;3939;21980
500;20;3;InsertionSort;8832;2944;0;84700
500;20;3;BubbleSort;94850;42535;2445;61940
500;20;3;MergeSort;8976;2497;0;40320
500;20;3;CountingSort;1501;0;0;11720
500;20;3;QuickSort;19870;8074;3599;16880
500;20;3;InsertionSort;8868;2956;0;109631
500;20;3;BubbleSort;85022;37597;2457;62021
500;20;3;MergeSort;8976;2500;0;57331
500;20;3;CountingSort;1501;0;0;9120
500;20;3;QuickSort;16506;6924;2862;19750
500;20;3;InsertionSort;8694;2898;0;92701
500;20;3;BubbleSort;88940;39672;2399;43740
500;20;3;MergeSort;8976;2479;0;46860
500;20;3;CountingSort;1501;0;0;15740
500;20;3;QuickSort;17847;7329;3174;22830
500;20;3;InsertionSort;8658;2886;0;94640
500;20;3;BubbleSort;95428;42940;2387;42800
500;20;3;MergeSort;8976;2488;0;48450
500;20;3;CountingSort;1501;0;0;12690
500;20;3;QuickSort;16026;7062;2655;20670
500;20;3;InsertionSort;9003;3001;0;123491
500;20;3;BubbleSort;96696;43344;2502;114991
500;20;3;MergeSort;8976;2491;0;87361
500;20;3;CountingSort;1501;0;0;17381
500;20;3;QuickSort;15102;6348;2587;21450
500;20;3;InsertionSort;8730;2910;0;100850
500;20;3;BubbleSort;93088;41722;2411;45240
500;20;3;MergeSort;8976;2480;0;51900
500;20;3;CountingSort;1501;0;0;15510
500;20;3;QuickSort;17101;7078;3008;22740
500;20;3;InsertionSort;8568;2856;0;131241
500;20;3;BubbleSort;82108;36340;2357;110451
500;20;3;MergeSort;8976;2480;0;38860
500;20;3;CountingSort;1501;0;0;9370
500;20;3;QuickSort;16986;6831;3048;20140
500;20;3;InsertionSort;8445;2815;0;100701
500;20;3;BubbleSort;91892;41314;2316;47120
500;20;3;MergeSort;8976;2485;0;45190
500;20;3;CountingSort;1501;0;0;14710
500;20;3;QuickSort;16334;6899;2814;27450
500;20;3;InsertionSort;8400;2800;0;5990
500;20;3;BubbleSort;84398;37597;2301;25590
500;20;3;MergeSort;8976;2484;0;59790
500;20;3;CountingSort;1501;0;0;14840
500;20;3;QuickSort;15783;6513;2762;19510
500;20;3;InsertionSort;8754;2918;0;4940
500;20;3;BubbleSort;93120;41722;2419;51760
500;20;3;MergeSort;8976;2490;0;48480
500;20;3;CountingSort;1501;0;0;17270
500;20;3;QuickSort;15566;6377;2733;15120
500;20;3;InsertionSort;9069;3023;0;5170
500;20;3;BubbleSort;90264;40084;2524;39540
500;20;3;MergeSort;8976;2491;0;44470
500;20;3;CountingSort;1501;0;0;20610
500;20;3;QuickSort;16801;6901;2967;15300
500;20;3;InsertionSort;8310;2770;0;4110
500;20;3;BubbleSort;90894;40905;2271;42710
500;20;3;MergeSort;8976;2488;0;46000
500;20;3;CountingSort;1501;0;0;11700
500;20;3;QuickSort;16252;6760;2834;17920
500;20;3;InsertionSort;8352;2784;0;5470
500;20;3;BubbleSort;86000;38430;2285;23960
500;20;3;MergeSort;8976;2493;0;39600
500;20;3;CountingSort;1501;0;0;10510
500;20;3;QuickSort;17425;7171;3098;15730
500;20;3;InsertionSort;8247;2749;0;2710
500;20;3;BubbleSort;89168;40084;2250;25090
500;20;3;MergeSort;8976;2476;0;40551
500;20;3;CountingSort;1501;0;0;11150
500;20;3;QuickSort;16768;6847;2972;16550
500;20;3;InsertionSort;7659;2553;0;3670
500;20;3;BubbleSort;89206;40495;2054;40091
500;20;3;MergeSort;8976;2475;0;35200
500;20;3;CountingSort;1501;0;0;9990
500;20;3;QuickSort;16896;6723;3057;15490
500;20;3;InsertionSort;9054;3018;0;4320
500;20;3;BubbleSort;91066;40495;2519;39620
500;20;3;MergeSort;8976;2492;0;33730
500;20;3;CountingSort;1501;0;0;23540
500;20;3;QuickSort;15940;6712;2742;16621
500;20;3;InsertionSort;8703;2901;0;3850
500;20;3;BubbleSort;95488;42940;2402;31140
500;20;3;MergeSort;8976;2487;0;39110
500;20;3;CountingSort;1501;0;0;11180
500;20;3;QuickSort;17486;7181;3103;15420
500;20;3;InsertionSort;9705;3235;0;2950
500;20;3;BubbleSort;97632;43344;2736;39550
500;20;3;MergeSort;8976;2488;0;37270
500;20;3;CountingSort;1501;0;0;8870
500;20;3;QuickSort;15951;6618;2786;15080
500;20;3;InsertionSort;9051;3017;0;2920
500;20;3;BubbleSort;91062;40495;2518;57180
500;20;3;MergeSort;8976;2488;0;38091
500;20;3;CountingSort;1501;0;0;8880
500;20;3;QuickSort;17884;7270;3205;16400
500;20;3;InsertionSort;9603;3201;0;3960
500;20;3;BubbleSort;90152;39672;2702;42720
500;20;3;MergeSort;8976;2485;0;40380
500;20;3;CountingSort;1501;0;0;32400
500;20;3;QuickSort;18994;7486;3501;21791
500;20;3;InsertionSort;8685;2895;0;4060
500;20;3;BubbleSort;94654;42535;2396;59830
500;20;3;MergeSort;8976;2479;0;37670
500;20;3;CountingSort;1501;0;0;11050
500;20;3;QuickSort;17782;7552;3075;21410
500;20;3;InsertionSort;8772;2924;0;4300
500;20;3;BubbleSort;92328;41314;2425;46750
500;20;3;MergeSort;8976;2478;0;34580
500;20;3;CountingSort;1501;0;0;10760
500;20;3;QuickSort;16633;7102;2848;19950
500;20;3;InsertionSort;8514;2838;0;4250
500;20;3;BubbleSort;89524;40084;2339;96180
500;20;3;MergeSort;8976;2486;0;82100
500;20;3;CountingSort;1501;0;0;15100
500;20;3;QuickSort;17311;7036;3095;20381
500;20;3;InsertionSort;8622;2874;0;2770
500;20;3;BubbleSort;96188;43344;2375;46110
500;20;3;MergeSort;8976;2484;0;40610
500;20;3;CountingSort;1501;0;0;10620
500;20;3;QuickSort;15630;6480;2717;15900
500;20;3;InsertionSort;8295;2765;0;4020
500;20;3;BubbleSort;90874;40905;2266;43400
500;20;3;MergeSort;8976;2480;0;54740
500;20;3;CountingSort;1501;0;0;8780
500;20;3;QuickSort;15814;6562;2752;14660
500;20;3;InsertionSort;8862;2954;0;4290
500;20;3;BubbleSort;85848;38014;2455;33420
500;20;3;MergeSort;8976;2478;0;47430
500;20;3;CountingSort;1501;0;0;11540
500;20;3;QuickSort;16661;6935;2909;21420
500;20;3;InsertionSort;8949;2983;0;4100
500;20;3;BubbleSort;88454;39259;2484;33700
500;20;3;MergeSort;8976;2490;0;50100
500;20;3;CountingSort;1501;0;0;16350
500;20;3;QuickSort;16919;6950;2996;16000
500;20;3;InsertionSort;7863;2621;0;2730
500;20;3;BubbleSort;91116;41314;2122;24790
500;20;3;MergeSort;8976;2486;0;48070
500;20;3;CountingSort;1501;0;0;11250
500;20;3;QuickSort;16531;6865;2895;15420
500;20;3;InsertionSort;9306;3102;0;3980
500;20;3;BubbleSort;97100;43344;2603;50581
500;20;3;MergeSort;8976;2486;0;44880
500;20;3;CountingSort;1501;0;0;55650
500;20;3;QuickSort;18601;7534;3356;16160
500;20;3;InsertionSort;8832;2944;0;3961
500;20;3;BubbleSort;98078;44149;2445;63100
500;20;3;MergeSort;8976;2489;0;51440
500;20;3;CountingSort;1501;0;0;9240
500;20;3;QuickSort;17300;7730;2861;16030
500;20;3;InsertionSort;9336;3112;0;4500
500;20;3;BubbleSort;91442;40495;2613;52100
500;20;3;MergeSort;8976;2492;0;41830
500;20;3;CountingSort;1501;0;0;8780
500;20;3;QuickSort;16429;6970;2826;15100
500;20;3;InsertionSort;9168;3056;0;4390
500;20;3;BubbleSort;91218;40495;2557;30810
500;20;3;MergeSort;8976;2486;0;31800
500;20;3;CountingSort;1501;0;0;10110
500;20;3;QuickSort;19929;8145;3600;17180
500;20;3;InsertionSort;8199;2733;0;3780
500;20;3;BubbleSort;79084;35074;2234;38130
500;20;3;MergeSort;8976;2490;0;87220
500;20;3;CountingSort;1501;0;0;61860
500;20;3;QuickSort;16530;6744;2930;26900
500;20;3;InsertionSort;8727;2909;0;3590
500;20;3;BubbleSort;81478;35919;2410;60710
500;20;3;MergeSort;8976;2490;0;50370
500;20;3;CountingSort;1501;0;0;13430
500;20;3;QuickSort;18974;8129;3285;16960
500;20;3;InsertionSort;9726;3242;0;4220
500;20;3;BubbleSort;92782;40905;2743;43660
500;20;3;MergeSort;8976;2494;0;55121
500;20;3;CountingSort;1501;0;0;12350
500;20;3;QuickSort;16329;6816;2836;15350
500;20;3;InsertionSort;9006;3002;0;4140
500;20;3;BubbleSort;82692;36340;2503;49201
500;20;3;MergeSort;8976;2490;0;40731
500;20;3;CountingSort;1501;0;0;5590
500;20;3;QuickSort;22027;8938;4032;17330
500;20;3;InsertionSort;9063;3021;0;3240
500;20;3;BubbleSort;91898;40905;2522;33801
500;20;3;MergeSort;8976;2478;0;32800
500;20;3;CountingSort;1501;0;0;4640
500;20;3;QuickSort;18444;7695;3251;15760
500;20;3;InsertionSort;8964;2988;0;2750
500;20;3;BubbleSort;89300;39672;2489;28000
500;20;3;MergeSort;8976;2489;0;31420
500;20;3;CountingSort;1501;0;0;6880
500;20;3;QuickSort;15584;6587;2662;15780
500;20;3;InsertionSort;9564;3188;0;3280
500;20;3;BubbleSort;91746;40495;2689;50321
500;20;3;MergeSort;8976;2488;0;47241
500;20;3;CountingSort;1501;0;0;5320
500;20;3;QuickSort;16445;6809;2885;15050
500;20;3;InsertionSort;9051;3017;0;2990
500;20;3;BubbleSort;92700;41314;2518;33731
500;20;3;MergeSort;8976;2483;0;31341
500;20;3;CountingSort;1501;0;0;8480
500;20;3;QuickSort;16918;7231;2896;20410
500;20;3;InsertionSort;9294;3098;0;4130
500;20;3;BubbleSort;96276;42940;2599;48930
500;20;3;MergeSort;8976;2487;0;32870
500;20;4;CountingSort;1501;0;0;100720
500;20;4;QuickSort;16396;6793;2869;796332
500;20;4;InsertionSort;9408;3136;0;385431
500;20;4;BubbleSort;93176;41314;2637;3287260
500;20;4;MergeSort;8976;2506;0;651542
500;20;4;CountingSort;1501;0;0;71070
500;20;4;QuickSort;15710;6653;2689;143230
500;20;4;InsertionSort;8841;2947;0;233811
500;20;4;BubbleSort;83312;36760;2448;1464484
500;20;4;MergeSort;8976;2505;0;128431
500;20;4;CountingSort;1501;0;0;64760
500;20;4;QuickSort;17933;7214;3246;109531
500;20;4;InsertionSort;9342;3114;0;232351
500;20;4;BubbleSort;82298;35919;2615;421992
500;20;4;MergeSort;8976;2496;0;104570
500;20;4;CountingSort;1501;0;0;60030
500;20;4;QuickSort;16619;6728;2964;143260
500;20;4;InsertionSort;8334;2778;0;346331
500;20;4;BubbleSort;90926;40905;2279;632302
500;20;4;MergeSort;8976;2502;0;212021
500;20;4;CountingSort;1501;0;0;88880
500;20;4;QuickSort;15871;6508;2792;163360
500;20;4;InsertionSort;8550;2850;0;300051
500;20;4;BubbleSort;92848;41722;2351;444561
500;20;4;MergeSort;8976;2497;0;149031
500;20;4;CountingSort;1501;0;0;45800
500;20;4;QuickSort;17518;7240;3091;115510
500;20;4;InsertionSort;8781;2927;0;260221
500;20;4;BubbleSort;96400;43344;2428;555092
500;20;4;MergeSort;8976;2509;0;124771
500;20;4;CountingSort;1501;0;0;73850
500;20;4;QuickSort;16569;6819;2914;112240
500;20;4;InsertionSort;9597;3199;0;278331
500;20;4;BubbleSort;99098;44149;2700;796393
500;20;4;MergeSort;8976;2496;0;115270
500;20;4;CountingSort;1501;0;0;46040
500;20;4;QuickSort;17702;7271;3145;121290
500;20;4;InsertionSort;9027;3009;0;247211
500;20;4;BubbleSort;91850;40905;2510;442971
500;20;4;MergeSort;8976;2503;0;111841
500;20;4;CountingSort;1501;0;0;65101
500;20;4;QuickSort;17886;7491;3128;135490
500;20;4;InsertionSort;8463;2821;0;257010
500;20;4;BubbleSort;91916;41314;2322;378791
500;20;4;MergeSort;8976;2495;0;178170
500;20;4;CountingSort;1501;0;0;65810
500;20;4;QuickSort;16596;6969;2875;279531
500;20;4;InsertionSort;8919;2973;0;202601
500;20;4;BubbleSort;80044;35074;2474;313341
500;20;4;MergeSort;8976;2491;0;182011
500;20;4;CountingSort;1501;0;0;68370
500;20;4;QuickSort;17153;7199;2990;193901
500;20;4;InsertionSort;8997;2999;0;242901
500;20;4;BubbleSort;86860;38430;2500;338771
500;20;4;MergeSort;8976;2501;0;131810
500;20;4;CountingSort;1501;0;0;66301
500;20;4;QuickSort;14825;6335;2502;144980
500;20;4;InsertionSort;8790;2930;0;208050
500;20;4;BubbleSort;92352;41314;2431;280421
500;20;4;MergeSort;8976;2501;0;86430
500;20;4;CountingSort;1501;0;0;50050
500;20;4;QuickSort;15837;6609;2744;99690
500;20;4;InsertionSort;9123;3041;0;255281
500;20;4;BubbleSort;91978;40905;2542;420262
500;20;4;MergeSort;8976;2508;0;169261
500;20;4;CountingSort;1501;0;0;59350
500;20;4;QuickSort;17780;7523;3083;366751
500;20;4;InsertionSort;8736;2912;0;251871
500;20;4;BubbleSort;88996;39672;2413;350511
500;20;4;MergeSort;8976;2490;0;127581
500;20;4;CountingSort;1501;0;0;73911
500;20;4;QuickSort;18757;7663;3371;425802
500;20;4;InsertionSort;9633;3211;0;328130
500;20;4;BubbleSort;95106;42129;2712;394221
500;20;4;MergeSort;8976;2497;0;126920
500;20;4;CountingSort;1501;0;0;68130
500;20;4;QuickSort;17122;6892;3079;389981
500;20;4;InsertionSort;8880;2960;0;290061
500;20;4;BubbleSort;91654;40905;2461;407451
500;20;4;MergeSort;8976;2508;0;180390
500;20;4;CountingSort;1501;0;0;67491
500;20;4;QuickSort;15611;6458;2713;389161
500;20;4;InsertionSort;8538;2846;0;266350
500;20;4;BubbleSort;92832;41722;2347;56370
500;20;4;MergeSort;8976;2500;0;61000
500;20;4;CountingSort;1501;0;0;47000
500;20;4;QuickSort;15753;6762;2658;389771
500;20;4;InsertionSort;8298;2766;0;256551
500;20;4;BubbleSort;94138;42535;2267;285941
500;20;4;MergeSort;8976;2502;0;44830
500;20;4;CountingSort;1501;0;0;52780
500;20;4;QuickSort;15635;6485;2716;300241
500;20;4;InsertionSort;9615;3205;0;282121
500;20;4;BubbleSort;91814;40495;2706;45301
500;20;4;MergeSort;8976;2510;0;41150
500;20;4;CountingSort;1501;0;0;62451
500;20;4;QuickSort;17191;7198;2993;16291
500;20;4;InsertionSort;9198;3066;0;201540
500;20;4;BubbleSort;89612;39672;2567;35000
500;20;4;MergeSort;8976;2508;0;34300
500;20;4;CountingSort;1501;0;0;49260
500;20;4;QuickSort;17923;7663;3078;20620
500;20;4;InsertionSort;8160;2720;0;246581
500;20;4;BubbleSort;83242;37179;2221;55690
500;20;4;MergeSort;8976;2506;0;36110
500;20;4;CountingSort;1501;0;0;55031
500;20;4;QuickSort;21005;8312;3898;42611
500;20;4;InsertionSort;9327;3109;0;229691
500;20;4;BubbleSort;87300;38430;2610;38320
500;20;4;MergeSort;8976;2503;0;38430
500;20;4;CountingSort;1501;0;0;49040
500;20;4;QuickSort;17410;7231;3060;17740
500;20;4;InsertionSort;8184;2728;0;119260
500;20;4;BubbleSort;84944;38014;2229;83170
500;20;4;MergeSort;8976;2489;0;29780
500;20;4;CountingSort;1501;0;0;50260
500;20;4;QuickSort;16573;6889;2891;35090
500;20;4;InsertionSort;8517;2839;0;1177394
500;20;4;BubbleSort;95240;42940;2340;1177024
500;20;4;MergeSort;8976;2513;0;1159394
500;20;4;CountingSort;1501;0;0;45600
500;20;4;QuickSort;17493;7425;3028;14560
500;20;4;InsertionSort;8772;2924;0;59340
500;20;4;BubbleSort;99600;44950;2425;61880
500;20;4;MergeSort;8976;2500;0;39800
500;20;4;CountingSort;1501;0;0;46860
500;20;4;QuickSort;14672;6473;2409;17180
500;20;4;InsertionSort;8400;2800;0;34170
500;20;4;BubbleSort;87722;39259;2301;45250
500;20;4;MergeSort;8976;2507;0;15750
500;20;4;CountingSort;1501;0;0;60180
500;20;4;QuickSort;15488;6278;2740;52910
500;20;4;InsertionSort;9567;3189;0;49361
500;20;4;BubbleSort;92570;40905;2690;33820
500;20;4;MergeSort;8976;2486;0;15860
500;20;4;CountingSort;1501;0;0;56241
500;20;4;QuickSort;18132;7566;3183;13980
500;20;4;InsertionSort;9543;3181;0;43610
500;20;4;BubbleSort;94172;41722;2682;48240
500;20;4;MergeSort;8976;2509;0;20970
500;20;4;CountingSort;1501;0;0;55920
500;20;4;QuickSort;15813;6726;2697;34040
500;20;4;InsertionSort;8493;2831;0;34200
500;20;4;BubbleSort;89496;40084;2332;36490
500;20;4;MergeSort;8976;2503;0;57300
500;20;4;CountingSort;1501;0;0;66290
500;20;4;QuickSort;16699;7138;2861;21440
500;20;4;InsertionSort;8973;2991;0;53950
500;20;4;BubbleSort;96656;43344;2492;38480
500;20;4;MergeSort;8976;2508;0;35830
500;20;4;CountingSort;1501;0;0;53810
500;20;4;QuickSort;16449;6735;2910;13860
500;20;4;InsertionSort;8151;2717;0;23540
500;20;4;BubbleSort;83230;37179;2218;42760
500;20;4;MergeSort;8976;2509;0;27840
500;20;4;CountingSort;1501;0;0;44960
500;20;4;QuickSort;16783;6844;2986;24560
500;20;4;InsertionSort;9180;3060;0;27270
500;20;4;BubbleSort;89588;39672;2561;40580
500;20;4;MergeSort;8976;2511;0;41350
500;20;4;CountingSort;1501;0;0;19550
500;20;4;QuickSort;18357;7854;3164;16100
500;20;4;InsertionSort;8754;2918;0;33071
500;20;4;BubbleSort;82356;36340;2419;39930
500;20;4;MergeSort;8976;2513;0;45990
500;20;4;CountingSort;1501;0;0;9320
500;20;4;QuickSort;16846;7165;2879;65890
500;20;4;InsertionSort;8817;2939;0;27430
500;20;4;BubbleSort;94018;42129;2440;40490
500;20;4;MergeSort;8976;2503;0;32620
500;20;4;CountingSort;1501;0;0;10680
500;20;4;QuickSort;19348;7801;3513;16680
500;20;4;InsertionSort;9015;3005;0;38580
500;20;4;BubbleSort;99924;44950;2506;49170
500;20;4;MergeSort;8976;2485;0;22650
500;20;4;CountingSort;1501;0;0;9440
500;20;4;QuickSort;18642;7707;3310;16370
500;20;4;InsertionSort;8442;2814;0;41380
500;20;4;BubbleSort;90250;40495;2315;28241
500;20;4;MergeSort;8976;2503;0;24350
500;20;4;CountingSort;1501;0;0;10011
500;20;4;QuickSort;16601;7097;2832;15910
500;20;4;InsertionSort;8892;2964;0;26480
500;20;4;BubbleSort;90028;40084;2465;26520
500;20;4;MergeSort;8976;2508;0;26540
500;20;4;CountingSort;1501;0;0;9750
500;20;4;QuickSort;16668;6906;2919;20670
500;20;4;InsertionSort;8535;2845;0;27060
500;20;4;BubbleSort;86244;38430;2346;23670
500;20;4;MergeSort;8976;2511;0;31000
500;20;4;CountingSort;1501;0;0;14450
500;20;4;QuickSort;16905;7185;2906;20530
500;20;4;InsertionSort;9228;3076;0;98580
500;20;4;BubbleSort;92936;41314;2577;99400
500;20;4;MergeSort;8976;2503;0;77000
500;20;4;CountingSort;1501;0;0;11300
500;20;4;QuickSort;17416;7042;3123;15830
500;20;4;InsertionSort;9216;3072;0;41800
500;20;4;BubbleSort;86320;38014;2573;69551
500;20;4;MergeSort;8976;2503;0;54671
500;20;4;CountingSort;1501;0;0;10840
500;20;4;QuickSort;15916;6667;2751;19411
500;20;4;InsertionSort;8532;2844;0;60960
500;20;4;BubbleSort;96068;43344;2345;43980
500;20;4;MergeSort;8976;2501;0;46100
500;20;4;CountingSort;1501;0;0;12140
500;20;4;QuickSort;15679;6601;2697;15570
500;20;4;InsertionSort;9369;3123;0;44690
500;20;4;BubbleSort;94754;42129;2624;137181
500;20;4;MergeSort;8976;2517;0;69971
500;20;4;CountingSort;1501;0;0;11210
500;20;4;QuickSort;16844;7400;2817;16460
500;20;4;InsertionSort;9381;3127;0;38321
500;20;4;BubbleSort;92322;40905;2628;34280
500;20;4;MergeSort;8976;2503;0;28530
500;20;4;CountingSort;1501;0;0;16490
500;20;4;QuickSort;16952;6860;3034;19240
500;20;4;InsertionSort;8895;2965;0;37050
500;20;4;BubbleSort;94122;42129;2466;46780
500;20;4;MergeSort;8976;2506;0;63430
500;20;4;CountingSort;1501;0;0;9410
500;20;4;QuickSort;18281;8009;3097;17270
500;20;4;InsertionSort;9000;3000;0;38280
500;20;4;BubbleSort;98302;44149;2501;62820
500;20;4;MergeSort;8976;2504;0;56710
500;20;4;CountingSort;1501;0;0;8980
500;20;4;QuickSort;17877;7389;3163;17230
500;20;4;InsertionSort;8352;2784;0;31340
500;20;4;BubbleSort;92584;41722;2285;32550
500;20;4;MergeSort;8976;2513;0;35501
500;20;4;CountingSort;1501;0;0;9960
500;20;4;QuickSort;16278;6957;2775;20100
500;20;4;InsertionSort;8256;2752;0;232491
500;20;4;BubbleSort;84206;37597;2253;40690
500;20;4;MergeSort;8976;2503;0;37450
500;20;4;CountingSort;1501;0;0;11970
500;20;4;QuickSort;17971;7243;3244;15850
500;20;4;InsertionSort;8658;2886;0;49371
500;20;4;BubbleSort;97042;43747;2387;55560
500;20;4;MergeSort;8976;2512;0;44850
500;20;4;CountingSort;1501;0;0;9010
500;20;4;QuickSort;17681;7037;3217;15810
500;20;4;InsertionSort;9351;3117;0;90680
500;20;4;BubbleSort;97160;43344;2618;43570
500;20;4;MergeSort;8976;2511;0;40880
500;20;4;CountingSort;1501;0;0;11820
500;20;4;QuickSort;17183;6989;3068;16470
500;20;4;InsertionSort;8571;2857;0;32711
500;20;4;BubbleSort;88776;39672;2358;43910
500;20;4;MergeSort;8976;2491;0;39270
500;20;4;CountingSort;1501;0;0;10691
500;20;4;QuickSort;17940;7458;3163;31600
500;20;4;InsertionSort;8718;2906;0;64590
500;20;4;BubbleSort;93886;42129;2407;74300
500;20;4;MergeSort;8976;2502;0;62310
500;20;4;CountingSort;1501;0;0;69210
500;20;4;QuickSort;16360;6478;2955;19730
500;20;4;InsertionSort;9942;3314;0;49351
500;20;4;BubbleSort;97140;42940;2815;30001
500;20;4;MergeSort;8976;2500;0;56500
500;20;4;CountingSort;1501;0;0;15900
500;20;4;QuickSort;18002;7517;3163;48880
500;20;4;InsertionSort;9648;3216;0;121350
500;20;4;BubbleSort;95938;42535;2717;56870
500;20;4;MergeSort;8976;2509;0;41751
500;20;4;CountingSort;1501;0;0;14590
500;20;4;QuickSort;16048;6829;2740;21190
500;20;4;InsertionSort;8475;2825;0;119920
500;20;4;BubbleSort;94374;42535;2326;109610
500;20;4;MergeSort;8976;2512;0;86060
500;20;4;CountingSort;1501;0;0;11620
500;20;4;QuickSort;16844;7034;2942;21320
500;20;4;InsertionSort;8925;2975;0;102100
500;20;4;BubbleSort;85098;37597;2476;41310
500;20;4;MergeSort;8976;2490;0;28600
500;20;4;CountingSort;1501;0;0;15310
500;20;4;QuickSort;16125;6663;2822;19340
500;20;4;InsertionSort;8997;2999;0;112171
500;20;4;BubbleSort;81838;35919;2500;85620
500;20;4;MergeSort;8976;2507;0;27840
500;20;4;CountingSort;1501;0;0;10530
500;20;4;QuickSort;17731;7456;3093;20570
500;20;4;InsertionSort;9606;3202;0;93170
500;20;4;BubbleSort;89330;39259;2703;44980
500;20;4;MergeSort;8976;2501;0;44870
500;20;4;CountingSort;1501;0;0;9380
500;20;4;QuickSort;17725;7297;3138;22130
500;20;4;InsertionSort;10020;3340;0;95840
500;20;4;BubbleSort;90708;39672;2841;42460
500;20;4;MergeSort;8976;2511;0;44491
500;20;4;CountingSort;1501;0;0;14710
500;20;4;QuickSort;17532;7206;3105;20430
500;20;4;InsertionSort;9459;3153;0;104061
500;20;4;BubbleSort;91606;40495;2654;86330
500;20;4;MergeSort;8976;2506;0;31730
500;20;4;CountingSort;1501;0;0;16310
500;20;4;QuickSort;18137;7574;3187;20670
500;20;4;InsertionSort;9225;3075;0;90550
500;20;4;BubbleSort;90472;40084;2576;60300
500;20;4;MergeSort;8976;2514;0;56690
500;20;4;CountingSort;1501;0;0;9210
500;20;4;QuickSort;18271;7414;3284;16920
500;20;4;InsertionSort;10047;3349;0;4110
500;20;4;BubbleSort;97280;42940;2850;44900
500;20;4;MergeSort;8976;2495;0;41320
500;20;4;CountingSort;1501;0;0;9680
500;20;4;QuickSort;17251;7045;3069;15650
500;20;4;InsertionSort;8595;2865;0;3960
500;20;4;BubbleSort;87982;39259;2366;69720
500;20;4;MergeSort;8976;2504;0;57330
500;20;4;CountingSort;1501;0;0;10880
500;20;4;QuickSort;17429;7907;2843;17160
500;20;4;InsertionSort;9243;3081;0;4230
500;20;4;BubbleSort;93772;41722;2582;45960
500;20;4;MergeSort;8976;2503;0;38760
500;20;4;CountingSort;1501;0;0;11990
500;20;4;QuickSort;16898;6926;2975;15560
500;20;4;InsertionSort;8589;2863;0;2970
500;20;4;BubbleSort;92084;41314;2364;28690
500;20;4;MergeSort;8976;2488;0;42810
500;20;4;CountingSort;1501;0;0;11890
500;20;4;QuickSort;16464;6975;2822;15870
500;20;4;InsertionSort;7707;2569;0;2380
500;20;4;BubbleSort;95774;43747;2070;35670
500;20;4;MergeSort;8976;2511;0;41890
500;20;4;CountingSort;1501;0;0;10000
500;20;4;QuickSort;17004;7026;2988;15730
500;20;4;InsertionSort;9228;3076;0;2790
500;20;4;BubbleSort;96188;42940;2577;26360
500;20;4;MergeSort;8976;2509;0;28030
500;20;4;CountingSort;1501;0;0;10860
500;20;4;QuickSort;17150;6899;3083;27410
500;20;4;InsertionSort;8883;2961;0;3080
500;20;4;BubbleSort;97342;43747;2462;26330
500;20;4;MergeSort;8976;2505;0;26910
500;20;4;CountingSort;1501;0;0;12060
500;20;4;QuickSort;17925;7350;3203;15810
500;20;4;InsertionSort;8637;2879;0;3060
500;20;4;BubbleSort;87210;38845;2380;33330
500;20;4;MergeSort;8976;2507;0;33630
500;20;4;CountingSort;1501;0;0;8760
500;20;4;QuickSort;20337;8295;3685;16650
500;20;4;InsertionSort;9726;3242;0;3520
500;20;4;BubbleSort;97660;43344;2743;30150
500;20;4;MergeSort;8976;2507;0;42041
500;20;4;CountingSort;1501;0;0;9060
500;20;4;QuickSort;18595;7765;3277;21950
500;20;4;InsertionSort;9306;3102;0;5940
500;20;4;BubbleSort;97100;43344;2603;28770
500;20;4;MergeSort;8976;2503;0;34081
500;20;4;CountingSort;1501;0;0;13570
500;20;4;QuickSort;16168;6535;2879;15720
500;20;4;InsertionSort;8418;2806;0;2820
500;20;4;BubbleSort;89396;40084;2307;30500
500;20;4;MergeSort;8976;2500;0;32990
500;20;4;CountingSort;1501;0;0;29100
500;20;4;QuickSort;17215;7234;2996;19410
500;20;4;InsertionSort;8853;2951;0;3650
500;20;4;BubbleSort;97302;43747;2452;28310
500;20;4;MergeSort;8976;2508;0;31270
500;20;4;CountingSort;1501;0;0;12650
500;20;4;QuickSort;17463;7191;3094;16360
500;20;4;InsertionSort;9312;3104;0;3300
500;20;4;BubbleSort;81414;35497;2605;23470
500;20;4;MergeSort;8976;2504;0;32270
500;20;4;CountingSort;1501;0;0;13150
500;20;4;QuickSort;20732;8795;3639;22400
500;20;4;InsertionSort;8673;2891;0;3610
500;20;4;BubbleSort;83926;37179;2392;46670
500;20;4;MergeSort;8976;2499;0;55140
500;20;4;CountingSort;1501;0;0;10940
500;20;4;QuickSort;20929;8767;3723;17410
500;20;4;InsertionSort;9432;3144;0;4340
500;20;4;BubbleSort;90748;40084;2645;57570
500;20;4;MergeSort;8976;2514;0;33110
500;20;4;CountingSort;1501;0;0;13160
500;20;4;QuickSort;16299;6642;2882;14930
500;20;4;InsertionSort;8340;2780;0;3800
500;20;4;BubbleSort;82644;36760;2281;36080
500;20;4;MergeSort;8976;2501;0;34310
500;20;4;CountingSort;1501;0;0;10980
500;20;4;QuickSort;16318;6715;2876;20450
500;20;4;InsertionSort;9126;3042;0;3660
500;20;4;BubbleSort;90340;40084;2543;43890
500;20;4;MergeSort;8976;2494;0;41630
500;20;4;CountingSort;1501;0;0;8670
500;20;4;QuickSort;16544;6983;2850;18930
500;20;4;InsertionSort;8274;2758;0;3930
500;20;4;BubbleSort;87554;39259;2259;64920
500;20;4;MergeSort;8976;2503;0;67360
500;20;4;CountingSort;1501;0;0;9160
500;20;4;QuickSort;16901;6989;2975;15800
500;20;4;InsertionSort;8661;2887;0;3580
500;20;4;BubbleSort;85580;38014;2388;34650
500;20;4;MergeSort;8976;2497;0;30931
500;20;4;CountingSort;1501;0;0;31800
500;20;4;QuickSort;18773;7745;3344;19760
500;20;4;InsertionSort;8382;2794;0;2710
500;20;4;BubbleSort;84374;37597;2295;37610
500;20;4;MergeSort;8976;2491;0;27740
500;20;4;CountingSort;1501;0;0;10710
500;20;4;QuickSort;16288;6766;2839;15280
500;20;4;InsertionSort;8940;2980;0;17860
500;20;4;BubbleSort;89268;39672;2481;48430
500;20;4;MergeSort;8976;2512;0;31201
500;20;4;CountingSort;1501;0;0;13770
500;20;4;QuickSort;18595;7411;3391;16150
500;20;4;InsertionSort;9564;3188;0;3170
500;20;4;BubbleSort;93384;41314;2689;77860
500;20;4;MergeSort;8976;2517;0;71470
500;20;4;CountingSort;1501;0;0;8820
500;20;4;QuickSort;18982;7618;3455;21780
500;20;4;InsertionSort;8976;2992;0;3840
500;20;4;BubbleSort;93416;41722;2493;61860
500;20;4;MergeSort;8976;2497;0;29430
500;20;4;CountingSort;1501;0;0;20010
500;20;4;QuickSort;16533;6807;2899;21090
500;20;4;InsertionSort;9159;3053;0;4610
500;20;4;BubbleSort;87076;38430;2554;35080
500;20;4;MergeSort;8976;2505;0;35960
500;20;4;CountingSort;1501;0;0;67000
500;20;4;QuickSort;18114;7335;3265;24710
500;20;4;InsertionSort;9009;3003;0;12960
500;20;4;BubbleSort;91826;40905;2504;32160
500;20;4;MergeSort;8976;2507;0;42850
500;20;4;CountingSort;1501;0;0;10470
500;20;4;QuickSort;18163;7282;3302;23670
500;20;4;InsertionSort;9627;3209;0;2760
500;20;4;BubbleSort;94284;41722;2710;35410
500;20;4;MergeSort;8976;2507;0;53640
500;20;4;CountingSort;1501;0;0;12360
500;20;4;QuickSort;20764;8740;3678;21610
500;20;4;InsertionSort;9126;3042;0;4170
500;20;4;BubbleSort;90340;40084;2543;50890
500;20;4;MergeSort;8976;2514;0;37580
500;20;4;CountingSort;1501;0;0;14280
500;20;4;QuickSort;17323;7333;2996;19430
500;20;4;InsertionSort;9360;3120;0;3190
500;20;4;BubbleSort;97172;43344;2621;44880
500;20;4;MergeSort;8976;2495;0;35030
500;20;4;CountingSort;1501;0;0;62040
500;20;4;QuickSort;16461;6798;2885;18920
500;20;4;InsertionSort;9519;3173;0;4080
500;20;4;BubbleSort;90864;40084;2674;35180
500;20;4;MergeSort;8976;2508;0;43860
500;20;4;CountingSort;1501;0;0;10930
500;20;4;QuickSort;18771;7656;3371;19460
500;20;4;InsertionSort;9429;3143;0;4110
500;20;4;BubbleSort;86604;38014;2644;51580
500;20;4;MergeSort;8976;2502;0;63570
500;20;4;CountingSort;1501;0;0;11750
500;20;4;QuickSort;17375;7292;3030;16520
500;20;4;InsertionSort;9309;3103;0;4220
500;20;4;BubbleSort;92226;40905;2604;56070
500;20;4;MergeSort;8976;2515;0;31320
500;20;4;CountingSort;1501;0;0;23161
500;20;4;QuickSort;16178;7157;2672;16300
500;20;4;InsertionSort;9483;3161;0;5100
500;20;4;BubbleSort;93276;41314;2662;25020
500;20;4;MergeSort;8976;2515;0;50820
500;20;4;CountingSort;1501;0;0;33280
500;20;4;QuickSort;17428;7015;3134;15280
500;20;4;InsertionSort;9093;3031;0;2990
500;20;4;BubbleSort;94386;42129;2532;28640
500;20;4;MergeSort;8976;2503;0;31360
500;20;4;CountingSort;1501;0;0;11010
500;20;4;QuickSort;20391;8694;3567;17200
500;20;4;InsertionSort;8790;2930;0;4060
500;20;4;BubbleSort;82404;36340;2431;36470
500;20;4;MergeSort;8976;2499;0;38220
500;20;4;CountingSort;1501;0;0;5440
500;20;4;QuickSort;15770;6431;2786;16060
500;20;4;InsertionSort;7830;2610;0;2710
500;20;4;BubbleSort;93514;42535;2111;43050
500;20;4;MergeSort;8976;2507;0;31890
500;20;4;CountingSort;1501;0;0;4270
500;20;4;QuickSort;16177;6862;2769;15250
500;20;4;InsertionSort;8916;2972;0;2880
500;20;4;BubbleSort;87582;38845;2473;25450
500;20;4;MergeSort;8976;2492;0;33551
500;20;4;CountingSort;1501;0;0;4230
500;20;4;QuickSort;16458;6819;2878;15230
500;20;4;InsertionSort;8160;2720;0;2480
500;20;4;BubbleSort;81564;36340;2221;27050
500;20;4;MergeSort;8976;2510;0;28700
500;20;4;CountingSort;1501;0;0;5410
500;20;4;QuickSort;15907;6994;2639;15110
500;20;4;InsertionSort;8808;2936;0;3990
500;20;4;BubbleSort;80742;35497;2437;24620
500;20;4;MergeSort;8976;2500;0;45730
500;20;4;CountingSort;1501;0;0;6030
500;20;4;QuickSort;17437;7099;3109;18890
500;20;4;InsertionSort;8868;2956;0;3450
500;20;4;BubbleSort;92456;41314;2457;26890
500;20;4;MergeSort;8976;2505;0;38601
500;20;4;CountingSort;1501;0;0;6280
500;20;4;QuickSort;19992;8208;3589;22810
500;20;4;InsertionSort;8538;2846;0;4130
500;20;4;BubbleSort;92832;41722;2347;45880
500;20;4;MergeSort;8976;2505;0;40810
500;30;1;CountingSort;1501;0;0;96540
500;30;1;QuickSort;19439;7844;3530;952333
500;30;1;InsertionSort;66267;22089;0;2021556
500;30;1;BubbleSort;335518;124579;21590;4521943
500;30;1;MergeSort;8976;3686;0;683032
500;30;1;CountingSort;1501;0;0;82951
500;30;1;QuickSort;17324;7304;3003;128870
500;30;1;InsertionSort;69522;23174;0;1741325
500;30;1;BubbleSort;336660;122980;22675;1820195
500;30;1;MergeSort;8976;3669;0;164921
500;30;1;CountingSort;1501;0;0;56120
500;30;1;QuickSort;17596;7405;3075;57980
500;30;1;InsertionSort;72537;24179;0;2007886
500;30;1;BubbleSort;343570;124425;23680;2475748
500;30;1;MergeSort;8976;3660;0;190941
500;30;1;CountingSort;1501;0;0;58800
500;30;1;QuickSort;15181;6469;2573;75561
500;30;1;InsertionSort;70713;23571;0;335931
500;30;1;BubbleSort;341606;124659;23072;258360
500;30;1;MergeSort;8976;3738;0;179550
500;30;1;CountingSort;1501;0;0;61550
500;30;1;QuickSort;17155;7018;3042;86470
500;30;1;InsertionSort;67081;22359;0;250031
500;30;1;BubbleSort;333408;122980;21862;187491
500;30;1;MergeSort;8976;3628;0;206981
500;30;1;CountingSort;1501;0;0;67690
500;30;1;QuickSort;17788;7150;3214;80590
500;30;1;InsertionSort;84690;28230;0;954943
500;30;1;BubbleSort;360082;124579;27731;988973
500;30;1;MergeSort;8976;3635;0;202170
500;30;1;CountingSort;1501;0;0;67080
500;30;1;QuickSort;16259;6728;2854;95970
500;30;1;InsertionSort;70125;23375;0;331401
500;30;1;BubbleSort;338034;123265;22876;169081
500;30;1;MergeSort;8976;3673;0;99611
500;30;1;CountingSort;1501;0;0;48560
500;30;1;QuickSort;17678;7040;3207;63191
500;30;1;InsertionSort;73518;24506;0;846252
500;30;1;BubbleSort;342106;123039;24007;878412
500;30;1;MergeSort;8976;3664;0;225220
500;30;1;CountingSort;1501;0;0;81120
500;30;1;QuickSort;16602;6909;2904;93880
500;30;1;InsertionSort;68784;22926;0;398261
500;30;1;BubbleSort;338290;124285;22430;393051
500;30;1;MergeSort;8976;3669;0;152751
500;30;1;CountingSort;1501;0;0;65711
500;30;1;QuickSort;17795;7367;3140;79560
500;30;1;InsertionSort;67005;22335;0;146650
500;30;1;BubbleSort;336572;124614;21836;243611
500;30;1;MergeSort;8976;3766;0;152411
500;30;1;CountingSort;1501;0;0;91921
500;30;1;QuickSort;16555;7078;2825;88831
500;30;1;InsertionSort;71913;23971;0;179711
500;30;1;BubbleSort;341666;123889;23472;155070
500;30;1;MergeSort;8976;3712;0;124820
500;30;1;CountingSort;1501;0;0;56210
500;30;1;QuickSort;15754;6562;2735;109581
500;30;1;InsertionSort;67050;22350;0;177561
500;30;1;BubbleSort;334552;123574;21851;162780
500;30;1;MergeSort;8976;3657;0;96390
500;30;1;CountingSort;1501;0;0;79320
500;30;1;QuickSort;17921;7490;3143;112761
500;30;1;InsertionSort;64419;21473;0;212441
500;30;1;BubbleSort;327696;121900;20974;147520
500;30;1;MergeSort;8976;3642;0;120480
500;30;1;CountingSort;1501;0;0;72570
500;30;1;QuickSort;19258;7906;3458;88400
500;30;1;InsertionSort;71247;23749;0;414501
500;30;1;BubbleSort;341630;124315;23250;423891
500;30;1;MergeSort;8976;3685;0;178620
500;30;1;CountingSort;1501;0;0;46780
500;30;1;QuickSort;16164;6795;2799;55360
500;30;1;InsertionSort;65505;21835;0;413931
500;30;1;BubbleSort;333438;124047;21336;385681
500;30;1;MergeSort;8976;3575;0;168161
500;30;1;CountingSort;1501;0;0;45840
500;30;1;QuickSort;15998;6401;2864;104070
500;30;1;InsertionSort;71886;23962;0;174391
500;30;1;BubbleSort;340700;123424;23463;375201
500;30;1;MergeSort;8976;3618;0;220150
500;30;1;CountingSort;1501;0;0;49940
500;30;1;QuickSort;16245;7005;2751;110050
500;30;1;InsertionSort;63969;21323;0;130270
500;30;1;BubbleSort;328890;122797;20824;283701
500;30;1;MergeSort;8976;3679;0;215701
500;30;1;CountingSort;1501;0;0;86251
500;30;1;QuickSort;16405;6931;2836;75460
500;30;1;InsertionSort;74904;24968;0;137480
500;30;1;BubbleSort;345970;124047;24469;325241
500;30;1;MergeSort;8976;3647;0;224541
500;30;1;CountingSort;1501;0;0;55770
500;30;1;QuickSort;16744;6781;2984;88071
500;30;1;InsertionSort;71427;23809;0;204971
500;30;1;BubbleSort;337770;122265;23310;319971
500;30;1;MergeSort;8976;3637;0;219000
500;30;1;CountingSort;1501;0;0;50790
500;30;1;QuickSort;17431;7240;3057;398071
500;30;1;InsertionSort;72684;24228;0;123590
500;30;1;BubbleSort;344074;124579;23729;250541
500;30;1;MergeSort;8976;3669;0;171781
500;30;1;CountingSort;1501;0;0;61990
500;30;1;QuickSort;16230;6714;2838;410141
500;30;1;InsertionSort;69099;23033;0;14080
500;30;1;BubbleSort;337566;123715;22534;174471
500;30;1;MergeSort;8976;3680;0;73800
500;30;1;CountingSort;1501;0;0;47980
500;30;1;QuickSort;18597;7428;3391;402461
500;30;1;InsertionSort;62244;20748;0;18290
500;30;1;BubbleSort;325094;122049;20249;204521
500;30;1;MergeSort;8976;3679;0;78720
500;30;1;CountingSort;1501;0;0;92461
500;30;1;QuickSort;16875;6855;3010;1749105
500;30;1;InsertionSort;69969;23323;0;1459924
500;30;1;BubbleSort;335096;121900;22824;1594624
500;30;1;MergeSort;8976;3681;0;1462724
500;30;1;CountingSort;1501;0;0;48220
500;30;1;QuickSort;15439;6628;2606;287341
500;30;1;InsertionSort;79036;26344;0;23370
500;30;1;BubbleSort;352076;124344;25847;171221
500;30;1;MergeSort;8976;3623;0;57200
500;30;1;CountingSort;1501;0;0;57460
500;30;1;QuickSort;16580;6731;2949;279421
500;30;1;InsertionSort;73977;24659;0;23490
500;30;1;BubbleSort;345384;124372;24160;190611
500;30;1;MergeSort;8976;3686;0;48180
500;30;1;CountingSort;1501;0;0;60360
500;30;1;QuickSort;19530;7950;3536;308821
500;30;1;InsertionSort;65181;21727;0;18490
500;30;1;BubbleSort;325670;120379;21228;196950
500;30;1;MergeSort;8976;3713;0;84480
500;30;1;CountingSort;1501;0;0;71820
500;30;1;QuickSort;17100;7038;3025;321401
500;30;1;InsertionSort;64757;21583;0;19710
500;30;1;BubbleSort;331096;123372;21088;157301
500;30;1;MergeSort;8976;3658;0;76470
500;30;1;CountingSort;1501;0;0;44960
500;30;1;QuickSort;17361;7230;3056;65000
500;30;1;InsertionSort;67650;22550;0;29510
500;30;1;BubbleSort;328392;120094;22051;164981
500;30;1;MergeSort;8976;3634;0;44600
500;30;1;CountingSort;1501;0;0;60640
500;30;1;QuickSort;17538;7200;3109;18300
500;30;1;InsertionSort;70803;23601;0;19720
500;30;1;BubbleSort;335102;121347;23102;215051
500;30;1;MergeSort;8976;3617;0;78510
500;30;1;CountingSort;1501;0;0;63280
500;30;1;QuickSort;18570;7920;3221;17350
500;30;1;InsertionSort;66661;22219;0;13870
500;30;1;BubbleSort;327076;120094;21722;171860
500;30;1;MergeSort;8976;3677;0;40680
500;30;1;CountingSort;1501;0;0;77600
500;30;1;QuickSort;19672;7921;3576;31090
500;30;1;InsertionSort;69315;23105;0;21480
500;30;1;BubbleSort;336618;123097;22606;279831
500;30;1;MergeSort;8976;3698;0;67780
500;30;1;CountingSort;1501;0;0;90240
500;30;1;QuickSort;17787;7491;3106;33290
500;30;1;InsertionSort;70665;23555;0;26760
500;30;1;BubbleSort;334584;121180;23056;143191
500;30;1;MergeSort;8976;3693;0;62640
500;30;1;CountingSort;1501;0;0;73460
500;30;1;QuickSort;15710;6782;2654;29190
500;30;1;InsertionSort;65430;21810;0;17540
500;30;1;BubbleSort;332582;123669;21311;120500
500;30;1;MergeSort;8976;3709;0;61710
500;30;1;CountingSort;1501;0;0;34830
500;30;1;QuickSort;16345;7237;2707;19120
500;30;1;InsertionSort;66811;22269;0;15670
500;30;1;BubbleSort;332928;122920;21772;169340
500;30;1;MergeSort;8976;3696;0;66690
500;30;1;CountingSort;1501;0;0;15140
500;30;1;QuickSort;16431;6813;2872;16680
500;30;1;InsertionSort;64077;21359;0;19660
500;30;1;BubbleSort;324384;120472;20860;168031
500;30;1;MergeSort;8976;3642;0;41021
500;30;1;CountingSort;1501;0;0;14530
500;30;1;QuickSort;19118;7727;3458;30820
500;30;1;InsertionSort;72330;24110;0;12870
500;30;1;BubbleSort;341292;123424;23611;110400
500;30;1;MergeSort;8976;3647;0;40430
500;30;1;CountingSort;1501;0;0;11130
500;30;1;QuickSort;16333;6844;2829;18051
500;30;1;InsertionSort;71337;23779;0;18290
500;30;1;BubbleSort;341498;124189;23280;123650
500;30;1;MergeSort;8976;3673;0;41850
500;30;1;CountingSort;1501;0;0;11180
500;30;1;QuickSort;17332;7063;3095;22620
500;30;1;InsertionSort;76353;25451;0;31220
500;30;1;BubbleSort;340378;120285;24952;129411
500;30;1;MergeSort;8976;3552;0;50980
500;30;1;CountingSort;1501;0;0;15950
500;30;1;QuickSort;18812;7778;3349;22960
500;30;1;InsertionSort;77316;25772;0;20110
500;30;1;BubbleSort;349110;124009;25273;207420
500;30;1;MergeSort;8976;3710;0;62300
500;30;1;CountingSort;1501;0;0;11180
500;30;1;QuickSort;19625;8084;3517;30430
500;30;1;InsertionSort;68059;22685;0;16800
500;30;1;BubbleSort;336090;123669;22188;146500
500;30;1;MergeSort;8976;3591;0;46820
500;30;1;CountingSort;1501;0;0;15310
500;30;1;QuickSort;16447;6883;2850;23700
500;30;1;InsertionSort;78118;26038;0;25390
500;30;1;BubbleSort;349594;123715;25541;182921
500;30;1;MergeSort;8976;3698;0;72350
500;30;1;CountingSort;1501;0;0;19150
500;30;1;QuickSort;17695;7456;3079;24740
500;30;1;InsertionSort;63519;21173;0;17770
500;30;1;BubbleSort;327504;122404;20674;208111
500;30;1;MergeSort;8976;3596;0;73571
500;30;1;CountingSort;1501;0;0;12970
500;30;1;QuickSort;16046;6689;2783;18600
500;30;1;InsertionSort;70774;23590;0;20870
500;30;1;BubbleSort;341452;124540;23093;151411
500;30;1;MergeSort;8976;3750;0;69661
500;30;1;CountingSort;1501;0;0;11640
500;30;1;QuickSort;17882;7400;3160;18830
500;30;1;InsertionSort;73143;24379;0;12560
500;30;1;BubbleSort;342680;123574;23883;115070
500;30;1;MergeSort;8976;3639;0;42471
500;30;1;CountingSort;1501;0;0;11170
500;30;1;QuickSort;18704;8201;3175;26301
500;30;1;InsertionSort;74334;24778;0;19930
500;30;1;BubbleSort;345624;124254;24279;194490
500;30;1;MergeSort;8976;3678;0;74120
500;30;1;CountingSort;1501;0;0;10600
500;30;1;QuickSort;16675;7105;2850;23380
500;30;1;InsertionSort;72272;24088;0;31920
500;30;1;BubbleSort;341710;123669;23593;165841
500;30;1;MergeSort;8976;3696;0;53480
500;30;1;CountingSort;1501;0;0;15290
500;30;1;QuickSort;18485;7628;3283;23940
500;30;1;InsertionSort;73659;24553;0;18410
500;30;1;BubbleSort;341556;122670;24054;142740
500;30;1;MergeSort;8976;3636;0;49720
500;30;1;CountingSort;1501;0;0;13950
500;30;1;QuickSort;18246;7611;3210;19280
500;30;1;InsertionSort;63429;21143;0;14810
500;30;1;BubbleSort;324936;121180;20644;101580
500;30;1;MergeSort;8976;3713;0;70250
500;30;1;CountingSort;1501;0;0;11340
500;30;1;QuickSort;19422;8013;3470;19430
500;30;1;InsertionSort;70386;23462;0;22640
500;30;1;BubbleSort;340422;124285;22963;110601
500;30;1;MergeSort;8976;3719;0;40700
500;30;1;CountingSort;1501;0;0;14100
500;30;1;QuickSort;15311;6518;2595;18590
500;30;1;InsertionSort;69354;23118;0;17780
500;30;1;BubbleSort;336436;122980;22619;116090
500;30;1;MergeSort;8976;3669;0;37920
500;30;1;CountingSort;1501;0;0;19160
500;30;1;QuickSort;17035;6901;3048;18490
500;30;1;InsertionSort;73066;24354;0;118091
500;30;1;BubbleSort;343668;124120;23857;222421
500;30;1;MergeSort;8976;3651;0;56240
500;30;1;CountingSort;1501;0;0;11250
500;30;1;QuickSort;19500;7863;3548;27030
500;30;1;InsertionSort;72291;24097;0;22361
500;30;1;BubbleSort;342770;124189;23598;236690
500;30;1;MergeSort;8976;3641;0;43830
500;30;1;CountingSort;1501;0;0;17240
500;30;1;QuickSort;18030;7380;3216;29160
500;30;1;InsertionSort;68955;22985;0;12300
500;30;1;BubbleSort;338632;124344;22486;105431
500;30;1;MergeSort;8976;3708;0;47270
500;30;1;CountingSort;1501;0;0;24350
500;30;1;QuickSort;16781;7274;2838;19100
500;30;1;InsertionSort;64662;21554;0;19370
500;30;1;BubbleSort;331650;123715;21055;159911
500;30;1;MergeSort;8976;3665;0;53231
500;30;1;CountingSort;1501;0;0;37810
500;30;1;QuickSort;17924;7325;3192;22430
500;30;1;InsertionSort;65004;21668;0;11700
500;30;1;BubbleSort;333474;124399;21169;150300
500;30;1;MergeSort;8976;3687;0;47190
500;30;1;CountingSort;1501;0;0;12340
500;30;1;QuickSort;16261;6808;2828;22960
500;30;1;InsertionSort;77692;25896;0;19020
500;30;1;BubbleSort;349906;124155;25399;156990
500;30;1;MergeSort;8976;3628;0;65060
500;30;1;CountingSort;1501;0;0;31450
500;30;1;QuickSort;18216;7440;3259;32330
500;30;1;InsertionSort;77370;25790;0;18350
500;30;1;BubbleSort;349608;124222;25291;143800
500;30;1;MergeSort;8976;3671;0;60380
500;30;1;CountingSort;1501;0;0;10870
500;30;1;QuickSort;17032;7021;3002;19720
500;30;1;InsertionSort;61420;20472;0;11690
500;30;1;BubbleSort;322920;121510;19975;150801
500;30;1;MergeSort;8976;3720;0;57850
500;30;1;CountingSort;1501;0;0;8970
500;30;1;QuickSort;17850;7362;3165;18700
500;30;1;InsertionSort;79529;26507;0;21410
500;30;1;BubbleSort;352996;124474;26012;176840
500;30;1;MergeSort;8976;3678;0;70530
500;30;1;CountingSort;1501;0;0;12370
500;30;1;QuickSort;17428;7075;3115;26490
500;30;1;InsertionSort;70538;23510;0;21110
500;30;1;BubbleSort;337004;122472;23015;112961
500;30;1;MergeSort;8976;3687;0;50281
500;30;1;CountingSort;1501;0;0;13600
500;30;1;QuickSort;16452;6600;2949;18831
500;30;1;InsertionSort;64683;21561;0;11040
500;30;1;BubbleSort;332936;124344;21062;139700
500;30;1;MergeSort;8976;3661;0;46380
500;30;1;CountingSort;1501;0;0;11310
500;30;1;QuickSort;16888;6952;2981;18910
500;30;1;InsertionSort;73248;24414;0;58641
500;30;1;BubbleSort;342916;123622;23918;144180
500;30;1;MergeSort;8976;3641;0;41810
500;30;1;CountingSort;1501;0;0;14680
500;30;1;QuickSort;18114;7401;3233;19020
500;30;1;InsertionSort;64680;21560;0;18380
500;30;1;BubbleSort;333282;124519;21061;169960
500;30;1;MergeSort;8976;3687;0;57360
500;30;1;CountingSort;1501;0;0;12891
500;30;1;QuickSort;19081;7966;3375;30460
500;30;1;InsertionSort;67536;22512;0;19890
500;30;1;BubbleSort;331700;121824;22013;113750
500;30;1;MergeSort;8976;3704;0;40720
500;30;1;CountingSort;1501;0;0;11230
500;30;1;QuickSort;16269;6978;2773;19110
500;30;1;InsertionSort;69294;23098;0;19090
500;30;1;BubbleSort;339194;124399;22599;182671
500;30;1;MergeSort;8976;3724;0;69690
500;30;1;CountingSort;1501;0;0;7920
500;30;1;QuickSort;16365;6723;2885;18550
500;30;1;InsertionSort;67860;22620;0;12140
500;30;1;BubbleSort;335728;123622;22121;149401
500;30;1;MergeSort;8976;3654;0;68020
500;30;1;CountingSort;1501;0;0;6330
500;30;1;QuickSort;16546;6751;2934;18120
500;30;1;InsertionSort;74613;24871;0;12400
500;30;1;BubbleSort;344826;123669;24372;115680
500;30;1;MergeSort;8976;3618;0;40170
500;30;1;CountingSort;1501;0;0;5360
500;30;1;QuickSort;17197;6976;3071;19170
500;30;1;InsertionSort;74160;24720;0;22450
500;30;1;BubbleSort;345572;124344;24221;117471
500;30;1;MergeSort;8976;3603;0;44300
500;30;1;CountingSort;1501;0;0;6040
500;30;1;QuickSort;20585;8492;3701;20740
500;30;1;InsertionSort;72546;24182;0;16530
500;30;1;BubbleSort;342162;123715;23683;113290
500;30;1;MergeSort;8976;3658;0;44230
500;30;1;CountingSort;1501;0;0;7300
500;30;1;QuickSort;16639;7048;2865;18370
500;30;1;InsertionSort;63253;21083;0;18530
500;30;1;BubbleSort;328304;122980;20586;150361
500;30;1;MergeSort;8976;3592;0;57021
500;30;1;CountingSort;1501;0;0;8090
500;30;1;QuickSort;15820;6526;2759;22440
500;30;1;InsertionSort;69723;23241;0;20380
500;30;1;BubbleSort;337388;123210;22742;135960
500;30;1;MergeSort;8976;3698;0;49560
500;30;1;CountingSort;1501;0;0;7790
500;30;1;QuickSort;15677;6443;2740;24040
500;30;1;InsertionSort;68272;22756;0;15130
500;30;1;BubbleSort;338030;124497;22259;189751
500;30;1;MergeSort;8976;3689;0;70820
500;30;1;CountingSort;1501;0;0;7760
500;30;1;QuickSort;16691;6794;2969;22300
500;30;1;InsertionSort;68306;22766;0;19890
500;30;1;BubbleSort;338428;124672;22271;134590
500;30;1;MergeSort;8976;3665;0;59260
500;30;1;CountingSort;1501;0;0;4940
500;30;1;QuickSort;17352;7089;3091;23080
500;30;1;InsertionSort;73641;24547;0;18620
500;30;1;BubbleSort;344762;124285;24048;259630
500;30;1;MergeSort;8976;3619;0;71820
500;30;1;CountingSort;1501;0;0;6040
500;30;1;QuickSort;17072;6917;3056;22310
500;30;1;InsertionSort;77488;25828;0;22360
500;30;1;BubbleSort;350812;124744;25331;241121
500;30;1;MergeSort;8976;3653;0;61040
500;30;1;CountingSort;1501;0;0;7300
500;30;1;QuickSort;17120;7040;3028;23430
500;30;1;InsertionSort;70299;23433;0;19890
500;30;1;BubbleSort;335980;122122;22934;164761
500;30;1;MergeSort;8976;3622;0;48830
500;30;1;CountingSort;1501;0;0;4470
500;30;1;QuickSort;17820;7638;3056;32830
500;30;1;InsertionSort;72468;24156;0;16860
500;30;1;BubbleSort;342236;123804;23657;146210
500;30;1;MergeSort;8976;3640;0;48810
500;30;1;CountingSort;1501;0;0;8950
500;30;1;QuickSort;16295;6701;2860;23100
500;30;1;InsertionSort;74011;24669;0;134941
500;30;1;BubbleSort;345132;124222;24172;237701
500;30;1;MergeSort;8976;3597;0;49620
500;30;1;CountingSort;1501;0;0;51550
500;30;1;QuickSort;18296;7346;3323;19290
500;30;1;InsertionSort;67033;22343;0;19540
500;30;1;BubbleSort;336234;124425;21846;151520
500;30;1;MergeSort;8976;3654;0;53570
500;30;1;CountingSort;1501;0;0;8380
500;30;1;QuickSort;17082;7191;2973;23240
500;30;1;InsertionSort;68724;22908;0;22980
500;30;1;BubbleSort;338206;124285;22409;211181
500;30;1;MergeSort;8976;3579;0;74611
500;30;1;CountingSort;1501;0;0;8280
500;30;1;QuickSort;16613;6932;2893;18470
500;30;1;InsertionSort;68013;22671;0;22160
500;30;1;BubbleSort;336118;123715;22172;168871
500;30;1;MergeSort;8976;3732;0;85760
500;30;1;CountingSort;1501;0;0;8090
500;30;1;QuickSort;16563;6768;2922;23380
500;30;1;InsertionSort;72159;24053;0;13540
500;30;1;BubbleSort;343296;124540;23554;112130
500;30;1;MergeSort;8976;3638;0;44760
500;30;1;CountingSort;1501;0;0;7030
500;30;1;QuickSort;16266;6879;2796;19170
500;30;1;InsertionSort;65778;21926;0;17360
500;30;1;BubbleSort;331902;123097;21427;175701
500;30;1;MergeSort;8976;3674;0;56900
500;30;1;CountingSort;1501;0;0;6600
500;30;1;QuickSort;16544;7088;2816;22620
500;30;1;InsertionSort;68313;22771;0;21320
500;30;1;BubbleSort;338082;124497;22272;156470
500;30;1;MergeSort;8976;3610;0;54960
500;30;1;CountingSort;1501;0;0;6920
500;30;1;QuickSort;18698;7640;3349;19110
500;30;1;InsertionSort;67386;22462;0;11670
500;30;1;BubbleSort;332240;122194;21963;113911
500;30;1;MergeSort;8976;3652;0;39411
500;30;1;CountingSort;1501;0;0;7580
500;30;1;QuickSort;17060;6803;3088;18790
500;30;1;InsertionSort;65514;21838;0;11661
500;30;1;BubbleSort;328694;121669;21339;132900
500;30;1;MergeSort;8976;3744;0;69200
500;30;1;CountingSort;1501;0;0;13580
500;30;1;QuickSort;15958;6628;2772;22860
500;30;1;InsertionSort;70660;23552;0;12530
500;30;1;BubbleSort;336318;122049;23055;151140
500;30;1;MergeSort;8976;3667;0;78090
500;30;1;CountingSort;1501;0;0;7530
500;30;1;QuickSort;16441;6775;2894;23030
500;30;1;InsertionSort;66156;22052;0;15350
500;30;1;BubbleSort;329550;121669;21553;157531
500;30;1;MergeSort;8976;3575;0;51390
500;30;1;CountingSort;1501;0;0;6560
500;30;1;QuickSort;17567;7256;3105;22840
500;30;1;InsertionSort;71395;23797;0;20540
500;30;1;BubbleSort;342590;124695;23300;110090
500;30;1;MergeSort;8976;3567;0;48620
500;30;1;CountingSort;1501;0;0;6170
500;30;1;QuickSort;16670;6977;2906;22500
500;30;1;InsertionSort;68991;22997;0;19870
500;30;1;BubbleSort;339186;124597;22498;174981
500;30;1;MergeSort;8976;3687;0;64961
500;30;1;CountingSort;1501;0;0;7730
500;30;1;QuickSort;15593;6647;2647;23460
500;30;1;InsertionSort;64591;21529;0;15130
500;30;1;BubbleSort;325972;120922;21032;184981
500;30;1;MergeSort;8976;3637;0;85200
500;30;1;CountingSort;1501;0;0;8210
500;30;1;QuickSort;17217;6951;3088;26660
500;30;1;InsertionSort;67170;22390;0;24830
500;30;1;BubbleSort;331808;122122;21891;180230
500;30;1;MergeSort;8976;3666;0;68160
500;30;1;CountingSort;1501;0;0;6770
500;30;1;QuickSort;16389;6960;2816;23900
500;30;1;InsertionSort;65322;21774;0;16350
500;30;1;BubbleSort;331738;123319;21275;154121
500;30;1;MergeSort;8976;3707;0;66661
500;30;1;CountingSort;1501;0;0;13150
500;30;1;QuickSort;16784;6914;2954;23470
500;30;1;InsertionSort;64228;21408;0;19700
500;30;1;BubbleSort;332088;124222;20911;156150
500;30;1;MergeSort;8976;3704;0;71300
500;30;1;CountingSort;1501;0;0;7780
500;30;1;QuickSort;18464;7526;3319;18840
500;30;1;InsertionSort;77214;25738;0;15950
500;30;1;BubbleSort;347376;123210;25239;130840
500;30;1;MergeSort;8976;3644;0;39160
500;30;1;CountingSort;1501;0;0;6640
500;30;1;QuickSort;20204;8072;3711;24660
500;30;1;InsertionSort;62976;20992;0;17510
500;30;1;BubbleSort;329402;123715;20493;151940
500;30;1;MergeSort;8976;3657;0;76130
500;30;1;CountingSort;1501;0;0;8140
500;30;1;QuickSort;17116;7264;2951;18650
500;30;1;InsertionSort;74667;24889;0;14530
500;30;1;BubbleSort;345338;123889;24390;160370
500;30;1;MergeSort;8976;3599;0;70460
500;30;1;CountingSort;1501;0;0;6990
500;30;1;QuickSort;16058;6545;2852;29660
500;30;1;InsertionSort;67473;22491;0;23671
500;30;1;BubbleSort;336712;124372;21992;165440
500;30;1;MergeSort;8976;3658;0;49820
500;30;1;CountingSort;1501;0;0;6790
500;30;1;QuickSort;18988;7690;3431;23950
500;30;1;InsertionSort;71205;23735;0;23740
500;30;1;BubbleSort;337614;122335;23236;193421
500;30;1;MergeSort;8976;3735;0;74970
500;30;1;CountingSort;1501;0;0;6170
500;30;1;QuickSort;16690;6934;2912;23250
500;30;1;InsertionSort;67539;22513;0;23590
500;30;1;BubbleSort;335486;123715;22014;199180
500;30;1;MergeSort;8976;3735;0;80100
500;30;2;CountingSort;1501;0;0;108220
500;30;2;QuickSort;16885;6988;2966;867583
500;30;2;InsertionSort;15868;5286;0;559821
500;30;2;BubbleSort;125406;53119;4792;3894802
500;30;2;MergeSort;8976;2607;0;556101
500;30;2;CountingSort;1501;0;0;64500
500;30;2;QuickSort;17936;7541;3122;110610
500;30;2;InsertionSort;19402;6462;0;516072
500;30;2;BubbleSort;135372;55744;5971;1595805
500;30;2;MergeSort;8976;2597;0;183881
500;30;2;CountingSort;1501;0;0;65900
500;30;2;QuickSort;17305;7243;3027;58200
500;30;2;InsertionSort;19552;6514;0;524481
500;30;2;BubbleSort;146488;61204;6020;795702
500;30;2;MergeSort;8976;2594;0;92990
500;30;2;CountingSort;1501;0;0;61341
500;30;2;QuickSort;20956;8812;3713;80591
500;30;2;InsertionSort;18915;6303;0;436101
500;30;2;BubbleSort;142046;59409;5807;682902
500;30;2;MergeSort;8976;2600;0;222741
500;30;2;CountingSort;1501;0;0;61130
500;30;2;QuickSort;18653;7595;3355;94981
500;30;2;InsertionSort;17338;5778;0;503542
500;30;2;BubbleSort;124318;51597;5281;508562
500;30;2;MergeSort;8976;2597;0;111280
500;30;2;CountingSort;1501;0;0;59080
500;30;2;QuickSort;15983;6671;2771;80200
500;30;2;InsertionSort;16693;5559;0;460232
500;30;2;BubbleSort;130270;54999;5068;294261
500;30;2;MergeSort;8976;2593;0;150151
500;30;2;CountingSort;1501;0;0;64080
500;30;2;QuickSort;15899;6704;2732;91360
500;30;2;InsertionSort;20153;6713;0;761822
500;30;2;BubbleSort;150832;62974;6221;579972
500;30;2;MergeSort;8976;2601;0;109960
500;30;2;CountingSort;1501;0;0;52131
500;30;2;QuickSort;16581;7023;2856;87410
500;30;2;InsertionSort;18644;6210;0;516531
500;30;2;BubbleSort;149522;63325;5718;411011
500;30;2;MergeSort;8976;2598;0;147800
500;30;2;CountingSort;1501;0;0;64891
500;30;2;QuickSort;16663;6661;2998;87720
500;30;2;InsertionSort;17554;5848;0;555441
500;30;2;BubbleSort;128410;53497;5354;572511
500;30;2;MergeSort;8976;2597;0;146060
500;30;2;CountingSort;1501;0;0;67241
500;30;2;QuickSort;17103;7056;3014;89960
500;30;2;InsertionSort;19029;6337;0;443881
500;30;2;BubbleSort;138566;57589;5847;328051
500;30;2;MergeSort;8976;2593;0;147880
500;30;2;CountingSort;1501;0;0;70090
500;30;2;QuickSort;16809;7050;2923;68890
500;30;2;InsertionSort;17604;5866;0;185371
500;30;2;BubbleSort;135188;56854;5370;95971
500;30;2;MergeSort;8976;2598;0;98891
500;30;2;CountingSort;1501;0;0;64020
500;30;2;QuickSort;16899;7269;2872;118831
500;30;2;InsertionSort;17934;5974;0;70201
500;30;2;BubbleSort;146462;62269;5481;184591
500;30;2;MergeSort;8976;2606;0;157100
500;30;2;CountingSort;1501;0;0;61561
500;30;2;QuickSort;16334;6866;2825;96641
500;30;2;InsertionSort;18878;6290;0;218180
500;30;2;BubbleSort;144158;60489;5795;213460
500;30;2;MergeSort;8976;2607;0;116690
500;30;2;CountingSort;1501;0;0;62821
500;30;2;QuickSort;17354;7025;3110;88710
500;30;2;InsertionSort;19651;6547;0;121180
500;30;2;BubbleSort;140122;57955;6053;120610
500;30;2;MergeSort;8976;2604;0;121750
500;30;2;CountingSort;1501;0;0;61410
500;30;2;QuickSort;17136;7713;2815;50860
500;30;2;InsertionSort;18424;6138;0;183190
500;30;2;BubbleSort;148524;62974;5644;170930
500;30;2;MergeSort;8976;2591;0;111850
500;30;2;CountingSort;1501;0;0;55790
500;30;2;QuickSort;17517;7821;2904;399161
500;30;2;InsertionSort;17348;5780;0;118970
500;30;2;BubbleSort;138508;58684;5285;92340
500;30;2;MergeSort;8976;2593;0;150731
500;30;2;CountingSort;1501;0;0;59610
500;30;2;QuickSort;16391;7058;2783;338721
500;30;2;InsertionSort;17416;5802;0;73821
500;30;2;BubbleSort;128980;53874;5308;80650
500;30;2;MergeSort;8976;2595;0;81370
500;30;2;CountingSort;1501;0;0;49650
500;30;2;QuickSort;17982;7449;3183;400392
500;30;2;InsertionSort;18660;6214;0;165380
500;30;2;BubbleSort;149546;63325;5724;222170
500;30;2;MergeSort;8976;2589;0;192470
500;30;2;CountingSort;1501;0;0;78710
500;30;2;QuickSort;17471;7220;3089;368941
500;30;2;InsertionSort;19051;6347;0;72170
500;30;2;BubbleSort;140052;58320;5853;76110
500;30;2;MergeSort;8976;2581;0;109421
500;30;2;CountingSort;1501;0;0;62680
500;30;2;QuickSort;16651;6952;2901;288021
500;30;2;InsertionSort;17534;5842;0;129011
500;30;2;BubbleSort;130638;54625;5347;203871
500;30;2;MergeSort;8976;2599;0;187371
500;30;2;CountingSort;1501;0;0;68830
500;30;2;QuickSort;17205;7176;3003;331731
500;30;2;InsertionSort;18250;6080;0;93850
500;30;2;BubbleSort;135314;56485;5586;81120
500;30;2;MergeSort;8976;2583;0;121541
500;30;2;CountingSort;1501;0;0;70990
500;30;2;QuickSort;17385;7155;3077;371421
500;30;2;InsertionSort;19711;6569;0;80210
500;30;2;BubbleSort;141656;58684;6072;88020
500;30;2;MergeSort;8976;2592;0;107810
500;30;2;CountingSort;1501;0;0;48960
500;30;2;QuickSort;17405;7256;3052;377181
500;30;2;InsertionSort;18655;6213;0;103420
500;30;2;BubbleSort;138798;57955;5722;110291
500;30;2;MergeSort;8976;2611;0;131371
500;30;2;CountingSort;1501;0;0;47530
500;30;2;QuickSort;16177;6712;2824;1493925
500;30;2;InsertionSort;16465;5487;0;93871
500;30;2;BubbleSort;133668;56854;4990;72590
500;30;2;MergeSort;8976;2587;0;1201703
500;30;2;CountingSort;1501;0;0;66180
500;30;2;QuickSort;18623;7964;3227;369271
500;30;2;InsertionSort;19108;6366;0;102360
500;30;2;BubbleSort;132738;54625;5872;72111
500;30;2;MergeSort;8976;2603;0;37661
500;30;2;CountingSort;1501;0;0;83861
500;30;2;QuickSort;16614;6726;2974;276480
500;30;2;InsertionSort;17706;5898;0;132640
500;30;2;BubbleSort;146158;62269;5405;151060
500;30;2;MergeSort;8976;2590;0;56020
500;30;2;CountingSort;1501;0;0;46271
500;30;2;QuickSort;16268;6806;2826;401831
500;30;2;InsertionSort;19092;6358;0;170830
500;30;2;BubbleSort;133470;54999;5868;75940
500;30;2;MergeSort;8976;2591;0;35460
500;30;2;CountingSort;1501;0;0;59550
500;30;2;QuickSort;16878;7263;2878;428271
500;30;2;InsertionSort;18458;6150;0;182971
500;30;2;BubbleSort;144314;60847;5655;201441
500;30;2;MergeSort;8976;2599;0;34500
500;30;2;CountingSort;1501;0;0;69590
500;30;2;QuickSort;15342;6489;2618;292791
500;30;2;InsertionSort;18150;6048;0;115491
500;30;2;BubbleSort;141748;59770;5552;95700
500;30;2;MergeSort;8976;2599;0;58640
500;30;2;CountingSort;1501;0;0;55070
500;30;2;QuickSort;15615;6288;2773;73870
500;30;2;InsertionSort;18441;6145;0;95041
500;30;2;BubbleSort;140690;59047;5649;78851
500;30;2;MergeSort;8976;2596;0;48370
500;30;2;CountingSort;1501;0;0;51180
500;30;2;QuickSort;18299;7250;3345;16830
500;30;2;InsertionSort;17379;5789;0;162180
500;30;2;BubbleSort;127422;53119;5296;126780
500;30;2;MergeSort;8976;2596;0;55320
500;30;2;CountingSort;1501;0;0;34950
500;30;2;QuickSort;17441;7058;3129;16701
500;30;2;InsertionSort;20669;6883;0;75310
500;30;2;BubbleSort;136320;55372;6394;79000
500;30;2;MergeSort;8976;2603;0;33510
500;30;2;CountingSort;1501;0;0;31310
500;30;2;QuickSort;17587;7108;3158;20050
500;30;2;InsertionSort;18366;6118;0;193651
500;30;2;BubbleSort;145620;61560;5625;199111
500;30;2;MergeSort;8976;2602;0;65650
500;30;2;CountingSort;1501;0;0;30840
500;30;2;QuickSort;17007;7017;2990;14950
500;30;2;InsertionSort;17204;5730;0;125491
500;30;2;BubbleSort;141930;60489;5238;60350
500;30;2;MergeSort;8976;2579;0;31690
500;30;2;CountingSort;1501;0;0;10720
500;30;2;QuickSort;16457;6842;2875;19211
500;30;2;InsertionSort;18432;6140;0;182220
500;30;2;BubbleSort;134818;56115;5647;180470
500;30;2;MergeSort;8976;2596;0;40490
500;30;2;CountingSort;1501;0;0;9830
500;30;2;QuickSort;15814;6610;2728;14430
500;30;2;InsertionSort;17541;5843;0;109340
500;30;2;BubbleSort;127638;53119;5350;67550
500;30;2;MergeSort;8976;2586;0;35050
500;30;2;CountingSort;1501;0;0;16660
500;30;2;QuickSort;17928;7650;3090;20450
500;30;2;InsertionSort;17923;5973;0;98940
500;30;2;BubbleSort;142882;60489;5476;82040
500;30;2;MergeSort;8976;2594;0;41970
500;30;2;CountingSort;1501;0;0;10570
500;30;2;QuickSort;17856;7695;3046;21500
500;30;2;InsertionSort;17859;5949;0;169070
500;30;2;BubbleSort;132568;55372;5456;161431
500;30;2;MergeSort;8976;2587;0;49960
500;30;2;CountingSort;1501;0;0;12720
500;30;2;QuickSort;16378;6868;2840;18600
500;30;2;InsertionSort;18958;6316;0;113660
500;30;2;BubbleSort;140656;58684;5822;39980
500;30;2;MergeSort;8976;2587;0;38030
500;30;2;CountingSort;1501;0;0;9370
500;30;2;QuickSort;16382;6653;2912;19900
500;30;2;InsertionSort;17982;5992;0;236091
500;30;2;BubbleSort;135692;56854;5496;202690
500;30;2;MergeSort;8976;2600;0;60800
500;30;2;CountingSort;1501;0;0;9240
500;30;2;QuickSort;21477;8499;3991;22780
500;30;2;InsertionSort;15315;5103;0;106050
500;30;2;BubbleSort;133606;57589;4607;76970
500;30;2;MergeSort;8976;2605;0;52361
500;30;2;CountingSort;1501;0;0;16360
500;30;2;QuickSort;15817;6457;2790;19221
500;30;2;InsertionSort;18321;6101;0;7270
500;30;2;BubbleSort;143422;60489;5611;42500
500;30;2;MergeSort;8976;2597;0;58680
500;30;2;CountingSort;1501;0;0;12590
500;30;2;QuickSort;18009;7152;3286;20680
500;30;2;InsertionSort;18365;6119;0;7080
500;30;2;BubbleSort;144904;61204;5624;58530
500;30;2;MergeSort;8976;2595;0;49030
500;30;2;CountingSort;1501;0;0;11010
500;30;2;QuickSort;20669;8345;3775;48490
500;30;2;InsertionSort;20335;6773;0;6810
500;30;2;BubbleSort;141768;58320;6282;68351
500;30;2;MergeSort;8976;2589;0;72560
500;30;2;CountingSort;1501;0;0;9090
500;30;2;QuickSort;18459;7632;3284;17340
500;30;2;InsertionSort;18415;6135;0;5970
500;30;2;BubbleSort;147102;62269;5641;65560
500;30;2;MergeSort;8976;2593;0;42600
500;30;2;CountingSort;1501;0;0;8740
500;30;2;QuickSort;16674;6882;2928;15940
500;30;2;InsertionSort;17760;5918;0;5770
500;30;2;BubbleSort;144096;61204;5422;81521
500;30;2;MergeSort;8976;2606;0;39770
500;30;2;CountingSort;1501;0;0;10610
500;30;2;QuickSort;17094;6930;3056;20770
500;30;2;InsertionSort;19265;6419;0;4230
500;30;2;BubbleSort;140336;58320;5924;113140
500;30;2;MergeSort;8976;2603;0;62760
500;30;2;CountingSort;1501;0;0;17230
500;30;2;QuickSort;16026;6543;2827;19730
500;30;2;InsertionSort;17455;5813;0;3770
500;30;2;BubbleSort;138656;58684;5322;81800
500;30;2;MergeSort;8976;2603;0;44510
500;30;2;CountingSort;1501;0;0;11510
500;30;2;QuickSort;16202;6800;2804;22421
500;30;2;InsertionSort;19314;6436;0;6510
500;30;2;BubbleSort;135990;56115;5940;82630
500;30;2;MergeSort;8976;2593;0;48220
500;30;2;CountingSort;1501;0;0;14110
500;30;2;QuickSort;17787;7611;3062;23330
500;30;2;InsertionSort;19320;6438;0;6660
500;30;2;BubbleSort;148306;62269;5942;54360
500;30;2;MergeSort;8976;2587;0;50180
500;30;2;CountingSort;1501;0;0;18070
500;30;2;QuickSort;16114;6715;2801;22880
500;30;2;InsertionSort;18411;6135;0;6420
500;30;2;BubbleSort;140650;59047;5639;52550
500;30;2;MergeSort;8976;2601;0;42990
500;30;2;CountingSort;1501;0;0;20220
500;30;2;QuickSort;18288;7248;3341;23880
500;30;2;InsertionSort;17039;5679;0;6330
500;30;2;BubbleSort;129974;54625;5181;116961
500;30;2;MergeSort;8976;2601;0;82131
500;30;2;CountingSort;1501;0;0;19390
500;30;2;QuickSort;16582;6871;2912;59750
500;30;2;InsertionSort;16113;5367;0;5770
500;30;2;BubbleSort;126490;53497;4874;43731
500;30;2;MergeSort;8976;2596;0;39541
500;30;2;CountingSort;1501;0;0;15910
500;30;2;QuickSort;16856;6914;2977;22401
500;30;2;InsertionSort;18760;6252;0;6090
500;30;2;BubbleSort;145428;61204;5755;77690
500;30;2;MergeSort;8976;2590;0;56940
500;30;2;CountingSort;1501;0;0;9540
500;30;2;QuickSort;16928;6989;2981;16740
500;30;2;InsertionSort;17344;5778;0;4090
500;30;2;BubbleSort;147786;63325;5284;63201
500;30;2;MergeSort;8976;2596;0;37571
500;30;2;CountingSort;1501;0;0;11100
500;30;2;QuickSort;17288;7172;3043;16430
500;30;2;InsertionSort;17497;5829;0;3800
500;30;2;BubbleSort;124534;51597;5335;63530
500;30;2;MergeSort;8976;2597;0;43420
500;30;2;CountingSort;1501;0;0;13510
500;30;2;QuickSort;15895;6499;2791;19180
500;30;2;InsertionSort;17930;5974;0;4980
500;30;2;BubbleSort;144324;61204;5479;117941
500;30;2;MergeSort;8976;2585;0;76771
500;30;2;CountingSort;1501;0;0;12880
500;30;2;QuickSort;21666;8622;4012;24650
500;30;2;InsertionSort;18772;6254;0;5201
500;30;2;BubbleSort;138218;57589;5760;90370
500;30;2;MergeSort;8976;2606;0;38980
500;30;2;CountingSort;1501;0;0;10870
500;30;2;QuickSort;17779;7087;3224;20751
500;30;2;InsertionSort;18352;6114;0;6550
500;30;2;BubbleSort;144174;60847;5620;110320
500;30;2;MergeSort;8976;2595;0;73460
500;30;2;CountingSort;1501;0;0;10740
500;30;2;QuickSort;17581;7129;3151;25400
500;30;2;InsertionSort;17010;5668;0;4500
500;30;2;BubbleSort;138056;58684;5172;77720
500;30;2;MergeSort;8976;2605;0;37840
500;30;2;CountingSort;1501;0;0;10050
500;30;2;QuickSort;18153;7266;3303;16290
500;30;2;InsertionSort;17464;5820;0;6260
500;30;2;BubbleSort;141552;60130;5323;65790
500;30;2;MergeSort;8976;2596;0;38740
500;30;2;CountingSort;1501;0;0;10440
500;30;2;QuickSort;17151;7179;2986;16360
500;30;2;InsertionSort;17893;5961;0;5600
500;30;2;BubbleSort;147112;62622;5467;87670
500;30;2;MergeSort;8976;2595;0;36850
500;30;2;CountingSort;1501;0;0;11510
500;30;2;QuickSort;18616;7612;3327;16700
500;30;2;InsertionSort;18755;6251;0;6010
500;30;2;BubbleSort;143990;60489;5753;94711
500;30;2;MergeSort;8976;2586;0;55130
500;30;2;CountingSort;1501;0;0;14080
500;30;2;QuickSort;16929;6873;3022;15610
500;30;2;InsertionSort;18939;6309;0;5840
500;30;2;BubbleSort;142804;59770;5816;47620
500;30;2;MergeSort;8976;2598;0;33860
500;30;2;CountingSort;1501;0;0;11160
500;30;2;QuickSort;18596;7718;3290;21260
500;30;2;InsertionSort;18975;6323;0;5960
500;30;2;BubbleSort;143568;60130;5827;79930
500;30;2;MergeSort;8976;2589;0;44700
500;30;2;CountingSort;1501;0;0;9510
500;30;2;QuickSort;17504;7145;3118;19840
500;30;2;InsertionSort;18582;6192;0;4100
500;30;2;BubbleSort;133528;55372;5696;107930
500;30;2;MergeSort;8976;2597;0;61800
500;30;2;CountingSort;1501;0;0;9440
500;30;2;QuickSort;16794;7116;2892;16270
500;30;2;InsertionSort;18452;6146;0;5690
500;30;2;BubbleSort;145024;61204;5654;94051
500;30;2;MergeSort;8976;2607;0;54330
500;30;2;CountingSort;1501;0;0;12430
500;30;2;QuickSort;19824;7869;3646;17130
500;30;2;InsertionSort;18222;6072;0;6170
500;30;2;BubbleSort;143282;60489;5576;54250
500;30;2;MergeSort;8976;2604;0;44330
500;30;2;CountingSort;1501;0;0;11550
500;30;2;QuickSort;16222;6850;2794;17030
500;30;2;InsertionSort;17729;5909;0;5950
500;30;2;BubbleSort;135352;56854;5411;93451
500;30;2;MergeSort;8976;2599;0;87951
500;30;2;CountingSort;1501;0;0;10870
500;30;2;QuickSort;17758;7219;3184;17500
500;30;2;InsertionSort;17867;5951;0;6070
500;30;2;BubbleSort;132580;55372;5459;63660
500;30;2;MergeSort;8976;2588;0;34840
500;30;2;CountingSort;1501;0;0;9810
500;30;2;QuickSort;18486;7449;3343;16220
500;30;2;InsertionSort;19634;6544;0;6320
500;30;2;BubbleSort;150132;62974;6046;70570
500;30;2;MergeSort;8976;2601;0;49830
500;30;2;CountingSort;1501;0;0;15720
500;30;2;QuickSort;16105;6904;2737;19900
500;30;2;InsertionSort;19054;6348;0;7490
500;30;2;BubbleSort;134160;55372;5854;43610
500;30;2;MergeSort;8976;2593;0;49100
500;30;2;CountingSort;1501;0;0;12950
500;30;2;QuickSort;16267;6838;2815;16100
500;30;2;InsertionSort;17980;5992;0;5100
500;30;2;BubbleSort;138620;58320;5495;43410
500;30;2;MergeSort;8976;2600;0;42341
500;30;2;CountingSort;1501;0;0;13141
500;30;2;QuickSort;18087;7551;3184;16480
500;30;2;InsertionSort;18414;6134;0;4180
500;30;2;BubbleSort;142824;60130;5641;45210
500;30;2;MergeSort;8976;2586;0;42700
500;30;2;CountingSort;1501;0;0;9140
500;30;2;QuickSort;17974;8128;2944;21870
500;30;2;InsertionSort;15925;5307;0;5880
500;30;2;BubbleSort;133684;57222;4810;60321
500;30;2;MergeSort;8976;2597;0;66400
500;30;2;CountingSort;1501;0;0;17650
500;30;2;QuickSort;18766;7753;3340;21550
500;30;2;InsertionSort;19739;6577;0;7900
500;30;2;BubbleSort;149572;62622;6082;120710
500;30;2;MergeSort;8976;2592;0;69540
500;30;2;CountingSort;1501;0;0;13520
500;30;2;QuickSort;18241;7573;3229;28161
500;30;2;InsertionSort;18949;6315;0;4890
500;30;2;BubbleSort;142090;59409;5818;78440
500;30;2;MergeSort;8976;2599;0;46820
500;30;2;CountingSort;1501;0;0;11830
500;30;2;QuickSort;19479;8184;3433;17290
500;30;2;InsertionSort;17247;5747;0;7630
500;30;2;BubbleSort;144834;61915;5251;81460
500;30;2;MergeSort;8976;2593;0;58720
500;30;2;CountingSort;1501;0;0;18710
500;30;2;QuickSort;16722;7086;2886;20700
500;30;2;InsertionSort;18680;6224;0;5000
500;30;2;BubbleSort;142456;59770;5729;79400
500;30;2;MergeSort;8976;2606;0;63950
500;30;2;CountingSort;1501;0;0;49030
500;30;2;QuickSort;17199;7050;3053;22790
500;30;2;InsertionSort;19827;6605;0;30820
500;30;2;BubbleSort;149692;62622;6112;99191
500;30;2;MergeSort;8976;2578;0;58361
500;30;2;CountingSort;1501;0;0;13940
500;30;2;QuickSort;15776;6452;2768;20410
500;30;2;InsertionSort;18566;6186;0;7400
500;30;2;BubbleSort;140858;59047;5691;120960
500;30;2;MergeSort;8976;2601;0;82670
500;30;2;CountingSort;1501;0;0;10760
500;30;2;QuickSort;18642;7836;3263;30500
500;30;2;InsertionSort;20131;6707;0;8930
500;30;2;BubbleSort;147260;61204;6213;81541
500;30;2;MergeSort;8976;2584;0;51420
500;30;2;CountingSort;1501;0;0;14310
500;30;2;QuickSort;19347;8223;3375;21590
500;30;2;InsertionSort;17018;5670;0;9090
500;30;2;BubbleSort;137340;58320;5175;76640
500;30;2;MergeSort;8976;2594;0;37270
500;30;2;CountingSort;1501;0;0;13460
500;30;2;QuickSort;16387;6781;2870;24800
500;30;2;InsertionSort;19710;6568;0;5270
500;30;2;BubbleSort;140198;57955;6072;130141
500;30;2;MergeSort;8976;2594;0;86171
500;30;2;CountingSort;1501;0;0;14240
500;30;2;QuickSort;18567;7482;3370;26890
500;30;2;InsertionSort;17848;5944;0;5650
500;30;2;BubbleSort;141352;59770;5453;90480
500;30;2;MergeSort;8976;2598;0;57090
500;30;2;CountingSort;1501;0;0;20570
500;30;2;QuickSort;16896;6867;3010;19810
500;30;2;InsertionSort;16681;5557;0;6970
500;30;2;BubbleSort;130996;55372;5063;86171
500;30;2;MergeSort;8976;2595;0;53660
500;30;2;CountingSort;1501;0;0;15490
500;30;2;QuickSort;16322;6839;2833;24660
500;30;2;InsertionSort;18222;6072;0;7451
500;30;2;BubbleSort;135274;56485;5576;66240
500;30;2;MergeSort;8976;2595;0;40450
500;30;2;CountingSort;1501;0;0;14691
500;30;2;QuickSort;18647;7652;3334;21660
500;30;2;InsertionSort;17167;5721;0;5310
500;30;2;BubbleSort;144726;61915;5224;103180
500;30;2;MergeSort;8976;2595;0;65720
500;30;2;CountingSort;1501;0;0;79510
500;30;2;QuickSort;17850;7335;3167;39240
500;30;2;InsertionSort;16751;5581;0;8620
500;30;2;BubbleSort;129594;54625;5086;74670
500;30;2;MergeSort;8976;2595;0;54891
500;30;2;CountingSort;1501;0;0;9920
500;30;2;QuickSort;18304;7903;3131;21160
500;30;2;InsertionSort;18929;6305;0;5970
500;30;2;BubbleSort;130246;53497;5813;73411
500;30;2;MergeSort;8976;2598;0;52430
500;30;2;CountingSort;1501;0;0;8930
500;30;2;QuickSort;16303;6664;2875;19630
500;30;2;InsertionSort;18514;6170;0;5830
500;30;2;BubbleSort;147230;62269;5673;65760
500;30;2;MergeSort;8976;2601;0;50330
500;30;2;CountingSort;1501;0;0;10501
500;30;2;QuickSort;16694;6911;2917;20300
500;30;2;InsertionSort;17043;5679;0;5770
500;30;2;BubbleSort;141710;60489;5183;86250
500;30;2;MergeSort;8976;2595;0;56280
500;30;2;CountingSort;1501;0;0;59360
500;30;2;QuickSort;16031;6617;2811;18780
500;30;2;InsertionSort;19614;6534;0;4320
500;30;2;BubbleSort;149408;62622;6041;79480
500;30;2;MergeSort;8976;2604;0;35390
500;30;2;CountingSort;1501;0;0;7530
500;30;2;QuickSort;16090;6859;2740;17460
500;30;2;InsertionSort;18308;6100;0;6070
500;30;2;BubbleSort;138330;57955;5605;107511
500;30;2;MergeSort;8976;2599;0;55491
500;30;2;CountingSort;1501;0;0;4780
500;30;2;QuickSort;15720;6519;2739;16210
500;30;2;InsertionSort;18293;6095;0;4200
500;30;2;BubbleSort;126358;51979;5600;47210
500;30;2;MergeSort;8976;2596;0;40470
500;30;2;CountingSort;1501;0;0;4570
500;30;2;QuickSort;17597;7070;3173;16840
500;30;2;InsertionSort;18163;6051;0;3710
500;30;2;BubbleSort;140322;59047;5557;39960
500;30;2;MergeSort;8976;2590;0;36070
500;30;2;CountingSort;1501;0;0;5820
500;30;2;QuickSort;19747;7861;3630;23600
500;30;2;InsertionSort;17939;5977;0;3640
500;30;2;BubbleSort;134898;56485;5482;39280
500;30;2;MergeSort;8976;2601;0;38851
500;30;2;CountingSort;1501;0;0;7410
500;30;2;QuickSort;18762;7539;3407;22620
500;30;2;InsertionSort;17225;5737;0;3720
500;30;2;BubbleSort;132468;55744;5245;48010
500;30;2;MergeSort;8976;2592;0;53940
500;30;2;CountingSort;1501;0;0;7050
500;30;2;QuickSort;18512;7655;3289;17180
500;30;2;InsertionSort;18115;6037;0;4770
500;30;2;BubbleSort;147404;62622;5540;88900
500;30;2;MergeSort;8976;2588;0;57150
500;30;2;CountingSort;1501;0;0;5030
500;30;2;QuickSort;16396;7204;2732;16210
500;30;2;InsertionSort;17972;5988;0;5720
500;30;2;BubbleSort;125930;51979;5493;68500
500;30;2;MergeSort;8976;2601;0;54610
500;30;3;CountingSort;1501;0;0;153381
500;30;3;QuickSort;17322;7353;2995;822123
500;30;3;InsertionSort;17478;5826;0;709522
500;30;3;BubbleSort;137218;57955;5327;3655710
500;30;3;MergeSort;8976;2641;0;657902
500;30;3;CountingSort;1501;0;0;56490
500;30;3;QuickSort;18359;7382;3323;108731
500;30;3;InsertionSort;17784;5928;0;466362
500;30;3;BubbleSort;139084;58684;5429;1551014
500;30;3;MergeSort;8976;2656;0;146630
500;30;3;CountingSort;1501;0;0;58920
500;30;3;QuickSort;17589;7188;3130;51050
500;30;3;InsertionSort;18792;6264;0;551242
500;30;3;BubbleSort;143320;60130;5765;908253
500;30;3;MergeSort;8976;2646;0;135750
500;30;3;CountingSort;1501;0;0;57360
500;30;3;QuickSort;19298;8165;3374;68961
500;30;3;InsertionSort;17646;5882;0;440951
500;30;3;BubbleSort;134502;56485;5383;575391
500;30;3;MergeSort;8976;2648;0;105570
500;30;3;CountingSort;1501;0;0;82800
500;30;3;QuickSort;18105;7284;3271;72210
500;30;3;InsertionSort;18261;6087;0;524112
500;30;3;BubbleSort;146182;61915;5588;772612
500;30;3;MergeSort;8976;2644;0;129021
500;30;3;CountingSort;1501;0;0;69161
500;30;3;QuickSort;18701;7568;3376;94340
500;30;3;InsertionSort;17250;5750;0;379581
500;30;3;BubbleSort;136914;57955;5251;222800
500;30;3;MergeSort;8976;2643;0;108720
500;30;3;CountingSort;1501;0;0;62350
500;30;3;QuickSort;16834;7057;2925;74520
500;30;3;InsertionSort;19275;6425;0;574061
500;30;3;BubbleSort;135934;56115;5926;556351
500;30;3;MergeSort;8976;2637;0;97921
500;30;3;CountingSort;1501;0;0;48980
500;30;3;QuickSort;16764;6837;2988;52660
500;30;3;InsertionSort;18045;6015;0;443532
500;30;3;BubbleSort;143758;60847;5516;359451
500;30;3;MergeSort;8976;2639;0;112231
500;30;3;CountingSort;1501;0;0;67720
500;30;3;QuickSort;16821;6834;2998;92450
500;30;3;InsertionSort;17889;5963;0;631732
500;30;3;BubbleSort;139950;59047;5464;598312
500;30;3;MergeSort;8976;2641;0;123801
500;30;3;CountingSort;1501;0;0;74850
500;30;3;QuickSort;17251;7126;3045;99450
500;30;3;InsertionSort;19293;6431;0;578102
500;30;3;BubbleSort;136698;56485;5932;39360
500;30;3;MergeSort;8976;2652;0;134530
500;30;3;CountingSort;1501;0;0;48980
500;30;3;QuickSort;15130;6421;2571;59010
500;30;3;InsertionSort;17607;5869;0;380191
500;30;3;BubbleSort;144600;61560;5370;265891
500;30;3;MergeSort;8976;2658;0;200161
500;30;3;CountingSort;1501;0;0;51990
500;30;3;QuickSort;16907;7358;2853;83391
500;30;3;InsertionSort;17799;5933;0;118471
500;30;3;BubbleSort;138376;58320;5434;100010
500;30;3;MergeSort;8976;2645;0;122250
500;30;3;CountingSort;1501;0;0;57270
500;30;3;QuickSort;15087;6561;2509;55120
500;30;3;InsertionSort;18840;6280;0;146531
500;30;3;BubbleSort;131624;54250;5781;236511
500;30;3;MergeSort;8976;2648;0;187571
500;30;3;CountingSort;1501;0;0;68400
500;30;3;QuickSort;19176;7812;3456;90780
500;30;3;InsertionSort;18612;6204;0;116161
500;30;3;BubbleSort;146650;61915;5705;114831
500;30;3;MergeSort;8976;2645;0;109331
500;30;3;CountingSort;1501;0;0;60090
500;30;3;QuickSort;16184;6713;2819;55640
500;30;3;InsertionSort;18240;6080;0;150650
500;30;3;BubbleSort;141864;59770;5581;229231
500;30;3;MergeSort;8976;2643;0;206371
500;30;3;CountingSort;1501;0;0;66270
500;30;3;QuickSort;18957;7773;3390;448371
500;30;3;InsertionSort;19074;6358;0;71960
500;30;3;BubbleSort;131184;53874;5859;43920
500;30;3;MergeSort;8976;2637;0;87680
500;30;3;CountingSort;1501;0;0;50840
500;30;3;QuickSort;18080;7367;3239;386461
500;30;3;InsertionSort;16470;5490;0;93690
500;30;3;BubbleSort;130708;55372;4991;137651
500;30;3;MergeSort;8976;2645;0;171960
500;30;3;CountingSort;1501;0;0;69340
500;30;3;QuickSort;14780;6158;2543;291701
500;30;3;InsertionSort;17238;5746;0;95491
500;30;3;BubbleSort;139082;59047;5247;123021
500;30;3;MergeSort;8976;2647;0;109130
500;30;3;CountingSort;1501;0;0;58850
500;30;3;QuickSort;16953;7182;2932;298701
500;30;3;InsertionSort;18360;6120;0;129931
500;30;3;BubbleSort;143462;60489;5621;147991
500;30;3;MergeSort;8976;2628;0;110061
500;30;3;CountingSort;1501;0;0;65460
500;30;3;QuickSort;18604;7870;3246;440711
500;30;3;InsertionSort;18852;6284;0;106640
500;30;3;BubbleSort;138318;57589;5785;99140
500;30;3;MergeSort;8976;2649;0;118431
500;30;3;CountingSort;1501;0;0;57910
500;30;3;QuickSort;16575;6960;2865;317781
500;30;3;InsertionSort;16524;5508;0;84230
500;30;3;BubbleSort;134480;57222;5009;72560
500;30;3;MergeSort;8976;2647;0;101461
500;30;3;CountingSort;1501;0;0;51060
500;30;3;QuickSort;17158;7063;3031;317001
500;30;3;InsertionSort;19380;6460;0;184931
500;30;3;BubbleSort;146964;61560;5961;193861
500;30;3;MergeSort;8976;2640;0;148770
500;30;3;CountingSort;1501;0;0;81570
500;30;3;QuickSort;18397;7516;3298;332711
500;30;3;InsertionSort;16719;5573;0;99071
500;30;3;BubbleSort;139836;59770;5074;81721
500;30;3;MergeSort;8976;2645;0;112261
500;30;3;CountingSort;1501;0;0;3381860
500;30;3;QuickSort;16011;6636;2794;3629131
500;30;3;InsertionSort;19527;6509;0;3360550
500;30;3;BubbleSort;147160;61560;6010;130430
500;30;3;MergeSort;8976;2635;0;124040
500;30;3;CountingSort;1501;0;0;78090
500;30;3;QuickSort;15697;6841;2630;401341
500;30;3;InsertionSort;18942;6314;0;144921
500;30;3;BubbleSort;133258;54999;5815;91351
500;30;3;MergeSort;8976;2647;0;72340
500;30;3;CountingSort;1501;0;0;81141
500;30;3;QuickSort;21068;8519;3849;517531
500;30;3;InsertionSort;19575;6525;0;263870
500;30;3;BubbleSort;145798;60847;6026;181990
500;30;3;MergeSort;8976;2648;0;96890
500;30;3;CountingSort;1501;0;0;69390
500;30;3;QuickSort;16262;6785;2829;453542
500;30;3;InsertionSort;18513;6171;0;54420
500;30;3;BubbleSort;145808;61560;5672;40020
500;30;3;MergeSort;8976;2628;0;43461
500;30;3;CountingSort;1501;0;0;91530
500;30;3;QuickSort;18821;7766;3356;309181
500;30;3;InsertionSort;18144;6048;0;284751
500;30;3;BubbleSort;141014;59409;5549;264371
500;30;3;MergeSort;8976;2653;0;60530
500;30;3;CountingSort;1501;0;0;64111
500;30;3;QuickSort;16148;6896;2749;404731
500;30;3;InsertionSort;19533;6511;0;137890
500;30;3;BubbleSort;147168;61560;6012;85430
500;30;3;MergeSort;8976;2650;0;51130
500;30;3;CountingSort;1501;0;0;89400
500;30;3;QuickSort;18639;7548;3362;390601
500;30;3;InsertionSort;19236;6412;0;193340
500;30;3;BubbleSort;138830;57589;5913;180570
500;30;3;MergeSort;8976;2634;0;52620
500;30;3;CountingSort;1501;0;0;68791
500;30;3;QuickSort;17378;7043;3110;376580
500;30;3;InsertionSort;18036;6012;0;54510
500;30;3;BubbleSort;144460;61204;5513;124690
500;30;3;MergeSort;8976;2645;0;48980
500;30;3;CountingSort;1501;0;0;51290
500;30;3;QuickSort;18860;7946;3304;20970
500;30;3;InsertionSort;19251;6417;0;169661
500;30;3;BubbleSort;150322;63325;5918;175190
500;30;3;MergeSort;8976;2654;0;31760
500;30;3;CountingSort;1501;0;0;54950
500;30;3;QuickSort;16052;6542;2847;22490
500;30;3;InsertionSort;17130;5710;0;90680
500;30;3;BubbleSort;140384;59770;5211;96040
500;30;3;MergeSort;8976;2638;0;73791
500;30;3;CountingSort;1501;0;0;24280
500;30;3;QuickSort;19173;7920;3418;22680
500;30;3;InsertionSort;18480;6160;0;137880
500;30;3;BubbleSort;138554;57955;5661;74930
500;30;3;MergeSort;8976;2653;0;23090
500;30;3;CountingSort;1501;0;0;32280
500;30;3;QuickSort;15736;6520;2743;17330
500;30;3;InsertionSort;16257;5419;0;149750
500;30;3;BubbleSort;143510;61915;4920;142981
500;30;3;MergeSort;8976;2651;0;84441
500;30;3;CountingSort;1501;0;0;22270
500;30;3;QuickSort;20656;8164;3837;20151
500;30;3;InsertionSort;16851;5617;0;104320
500;30;3;BubbleSort;119040;49284;5118;86160
500;30;3;MergeSort;8976;2629;0;43200
500;30;3;CountingSort;1501;0;0;15620
500;30;3;QuickSort;18339;7920;3142;23100
500;30;3;InsertionSort;18165;6055;0;145751
500;30;3;BubbleSort;132968;55372;5556;151460
500;30;3;MergeSort;8976;2637;0;36260
500;30;3;CountingSort;1501;0;0;12520
500;30;3;QuickSort;15170;6536;2542;27660
500;30;3;InsertionSort;17223;5741;0;109870
500;30;3;BubbleSort;137608;58320;5242;106731
500;30;3;MergeSort;8976;2656;0;61491
500;30;3;CountingSort;1501;0;0;10280
500;30;3;QuickSort;16434;7011;2813;19791
500;30;3;InsertionSort;17886;5962;0;154730
500;30;3;BubbleSort;145682;61915;5463;151490
500;30;3;MergeSort;8976;2647;0;38970
500;30;3;CountingSort;1501;0;0;15430
500;30;3;QuickSort;15435;6663;2596;28920
500;30;3;InsertionSort;17745;5915;0;113030
500;30;3;BubbleSort;141924;60130;5416;95041
500;30;3;MergeSort;8976;2631;0;51931
500;30;3;CountingSort;1501;0;0;18731
500;30;3;QuickSort;16066;6670;2800;26070
500;30;3;InsertionSort;17460;5820;0;100760
500;30;3;BubbleSort;138652;58684;5321;85370
500;30;3;MergeSort;8976;2613;0;72620
500;30;3;CountingSort;1501;0;0;11610
500;30;3;QuickSort;19867;8149;3573;20880
500;30;3;InsertionSort;19371;6457;0;7760
500;30;3;BubbleSort;150482;63325;5958;97181
500;30;3;MergeSort;8976;2644;0;69650
500;30;3;CountingSort;1501;0;0;10500
500;30;3;QuickSort;15964;6667;2762;23500
500;30;3;InsertionSort;17928;5976;0;4510
500;30;3;BubbleSort;142168;60130;5477;51350
500;30;3;MergeSort;8976;2635;0;54310
500;30;3;CountingSort;1501;0;0;10160
500;30;3;QuickSort;19396;7960;3483;39431
500;30;3;InsertionSort;18021;6007;0;24481
500;30;3;BubbleSort;137942;57955;5508;77080
500;30;3;MergeSort;8976;2637;0;42820
500;30;3;CountingSort;1501;0;0;11690
500;30;3;QuickSort;17246;7277;2991;21160
500;30;3;InsertionSort;17220;5740;0;7480
500;30;3;BubbleSort;138332;58684;5241;38770
500;30;3;MergeSort;8976;2646;0;60650
500;30;3;CountingSort;1501;0;0;10780
500;30;3;QuickSort;17382;7296;3032;22130
500;30;3;InsertionSort;16053;5351;0;7010
500;30;3;BubbleSort;139668;60130;4852;80580
500;30;3;MergeSort;8976;2634;0;35620
500;30;3;CountingSort;1501;0;0;17480
500;30;3;QuickSort;16782;6939;2953;17120
500;30;3;InsertionSort;17325;5775;0;17480
500;30;3;BubbleSort;133334;56115;5276;49091
500;30;3;MergeSort;8976;2646;0;55440
500;30;3;CountingSort;1501;0;0;11690
500;30;3;QuickSort;15492;6474;2672;18920
500;30;3;InsertionSort;18948;6316;0;4420
500;30;3;BubbleSort;141362;59047;5817;77610
500;30;3;MergeSort;8976;2651;0;39900
500;30;3;CountingSort;1501;0;0;14350
500;30;3;QuickSort;17341;6844;3162;22260
500;30;3;InsertionSort;18438;6146;0;10030
500;30;3;BubbleSort;134076;55744;5647;64920
500;30;3;MergeSort;8976;2653;0;62221
500;30;3;CountingSort;1501;0;0;9150
500;30;3;QuickSort;16690;6871;2943;17750
500;30;3;InsertionSort;18846;6282;0;6990
500;30;3;BubbleSort;144826;60847;5783;105110
500;30;3;MergeSort;8976;2648;0;51530
500;30;3;CountingSort;1501;0;0;10470
500;30;3;QuickSort;15179;6341;2614;16650
500;30;3;InsertionSort;18489;6163;0;13250
500;30;3;BubbleSort;139296;58320;5664;42700
500;30;3;MergeSort;8976;2646;0;80120
500;30;3;CountingSort;1501;0;0;11680
500;30;3;QuickSort;17706;7272;3148;23420
500;30;3;InsertionSort;18897;6299;0;6350
500;30;3;BubbleSort;143460;60130;5800;78370
500;30;3;MergeSort;8976;2654;0;56000
500;30;3;CountingSort;1501;0;0;21080
500;30;3;QuickSort;15269;6344;2639;28780
500;30;3;InsertionSort;17238;5746;0;6650
500;30;3;BubbleSort;130238;54625;5247;36801
500;30;3;MergeSort;8976;2640;0;62060
500;30;3;CountingSort;1501;0;0;9020
500;30;3;QuickSort;18664;7453;3412;23290
500;30;3;InsertionSort;16884;5628;0;7630
500;30;3;BubbleSort;132004;55744;5129;80890
500;30;3;MergeSort;8976;2645;0;58090
500;30;3;CountingSort;1501;0;0;12280
500;30;3;QuickSort;16102;6832;2763;16460
500;30;3;InsertionSort;17556;5852;0;6060
500;30;3;BubbleSort;144532;61560;5353;68441
500;30;3;MergeSort;8976;2651;0;49640
500;30;3;CountingSort;1501;0;0;10651
500;30;3;QuickSort;17701;7192;3169;16970
500;30;3;InsertionSort;19905;6635;0;6970
500;30;3;BubbleSort;142638;59047;6136;80510
500;30;3;MergeSort;8976;2652;0;41730
500;30;3;CountingSort;1501;0;0;10680
500;30;3;QuickSort;16427;6605;2939;19160
500;30;3;InsertionSort;18162;6054;0;18950
500;30;3;BubbleSort;145340;61560;5555;96331
500;30;3;MergeSort;8976;2637;0;52900
500;30;3;CountingSort;1501;0;0;10060
500;30;3;QuickSort;16510;6676;2941;16590
500;30;3;InsertionSort;17625;5875;0;8260
500;30;3;BubbleSort;143912;61204;5376;42770
500;30;3;MergeSort;8976;2661;0;39060
500;30;3;CountingSort;1501;0;0;10820
500;30;3;QuickSort;19265;7808;3488;21010
500;30;3;InsertionSort;18576;6192;0;6400
500;30;3;BubbleSort;135002;56115;5693;72550
500;30;3;MergeSort;8976;2653;0;36270
500;30;3;CountingSort;1501;0;0;10710
500;30;3;QuickSort;19078;7849;3404;20940
500;30;3;InsertionSort;18540;6180;0;6170
500;30;3;BubbleSort;139364;58320;5681;112681
500;30;3;MergeSort;8976;2651;0;73771
500;30;3;CountingSort;1501;0;0;15830
500;30;3;QuickSort;16730;6737;2998;20721
500;30;3;InsertionSort;18624;6208;0;6300
500;30;3;BubbleSort;141654;59409;5709;66820
500;30;3;MergeSort;8976;2651;0;48780
500;30;3;CountingSort;1501;0;0;8930
500;30;3;QuickSort;15885;6690;2733;21010
500;30;3;InsertionSort;17469;5823;0;7820
500;30;3;BubbleSort;137936;58320;5324;110900
500;30;3;MergeSort;8976;2659;0;55090
500;30;3;CountingSort;1501;0;0;13780
500;30;3;QuickSort;19563;7827;3574;25310
500;30;3;InsertionSort;19380;6460;0;7060
500;30;3;BubbleSort;137552;56854;5961;58160
500;30;3;MergeSort;8976;2651;0;56271
500;30;3;CountingSort;1501;0;0;8630
500;30;3;QuickSort;18464;7754;3231;17370
500;30;3;InsertionSort;18141;6047;0;4340
500;30;3;BubbleSort;141732;59770;5548;80390
500;30;3;MergeSort;8976;2644;0;62450
500;30;3;CountingSort;1501;0;0;21340
500;30;3;QuickSort;18665;7571;3367;17690
500;30;3;InsertionSort;18534;6178;0;4320
500;30;3;BubbleSort;146546;61915;5679;80810
500;30;3;MergeSort;8976;2646;0;57630
500;30;3;CountingSort;1501;0;0;10910
500;30;3;QuickSort;16727;6692;3015;15710
500;30;3;InsertionSort;17901;5967;0;7840
500;30;3;BubbleSort;143566;60847;5468;60700
500;30;3;MergeSort;8976;2649;0;36910
500;30;3;CountingSort;1501;0;0;10720
500;30;3;QuickSort;15496;6598;2628;15970
500;30;3;InsertionSort;16326;5442;0;5720
500;30;3;BubbleSort;137140;58684;4943;45310
500;30;3;MergeSort;8976;2637;0;51600
500;30;3;CountingSort;1501;0;0;9580
500;30;3;QuickSort;18940;7654;3428;16720
500;30;3;InsertionSort;17745;5915;0;6330
500;30;3;BubbleSort;128658;53497;5416;67881
500;30;3;MergeSort;8976;2655;0;55540
500;30;3;CountingSort;1501;0;0;39000
500;30;3;QuickSort;17332;7336;3000;17220
500;30;3;InsertionSort;18627;6209;0;26510
500;30;3;BubbleSort;142380;59770;5710;59450
500;30;3;MergeSort;8976;2640;0;55760
500;30;3;CountingSort;1501;0;0;10250
500;30;3;QuickSort;18272;7391;3304;21090
500;30;3;InsertionSort;18054;6018;0;6570
500;30;3;BubbleSort;145196;61560;5519;106470
500;30;3;MergeSort;8976;2654;0;62060
500;30;3;CountingSort;1501;0;0;10610
500;30;3;QuickSort;21238;8644;3862;22850
500;30;3;InsertionSort;18534;6178;0;5150
500;30;3;BubbleSort;146546;61915;5679;87040
500;30;3;MergeSort;8976;2635;0;60421
500;30;3;CountingSort;1501;0;0;11270
500;30;3;QuickSort;18680;7427;3416;21790
500;30;3;InsertionSort;19140;6380;0;7180
500;30;3;BubbleSort;144502;60489;5881;55650
500;30;3;MergeSort;8976;2652;0;39100
500;30;3;CountingSort;1501;0;0;10150
500;30;3;QuickSort;15166;6613;2530;19380
500;30;3;InsertionSort;19035;6345;0;7880
500;30;3;BubbleSort;142202;59409;5846;77850
500;30;3;MergeSort;8976;2655;0;65600
500;30;3;CountingSort;1501;0;0;9310
500;30;3;QuickSort;17112;7251;2950;18400
500;30;3;InsertionSort;16938;5646;0;5360
500;30;3;BubbleSort;135032;57222;5147;37790
500;30;3;MergeSort;8976;2644;0;39540
500;30;3;CountingSort;1501;0;0;8830
500;30;3;QuickSort;15191;6317;2622;26200
500;30;3;InsertionSort;18069;6023;0;8910
500;30;3;BubbleSort;143074;60489;5524;55070
500;30;3;MergeSort;8976;2644;0;51570
500;30;3;CountingSort;1501;0;0;17160
500;30;3;QuickSort;17150;7163;2999;26540
500;30;3;InsertionSort;18891;6297;0;7640
500;30;3;BubbleSort;136900;56854;5798;74440
500;30;3;MergeSort;8976;2650;0;72351
500;30;3;CountingSort;1501;0;0;19140
500;30;3;QuickSort;16053;6537;2842;25040
500;30;3;InsertionSort;18108;6036;0;6160
500;30;3;BubbleSort;124576;51214;5537;57050
500;30;3;MergeSort;8976;2647;0;52240
500;30;3;CountingSort;1501;0;0;31880
500;30;3;QuickSort;17379;7359;3008;25630
500;30;3;InsertionSort;17691;5897;0;5920
500;30;3;BubbleSort;140410;59409;5398;78170
500;30;3;MergeSort;8976;2637;0;37750
500;30;3;CountingSort;1501;0;0;14000
500;30;3;QuickSort;18329;7562;3256;19980
500;30;3;InsertionSort;18048;6016;0;5410
500;30;3;BubbleSort;136512;57222;5517;72631
500;30;3;MergeSort;8976;2636;0;61770
500;30;3;CountingSort;1501;0;0;9490
500;30;3;QuickSort;17454;7134;3115;20730
500;30;3;InsertionSort;18471;6157;0;10590
500;30;3;BubbleSort;138542;57955;5658;58850
500;30;3;MergeSort;8976;2650;0;72680
500;30;3;CountingSort;1501;0;0;5680
500;30;3;QuickSort;17480;7097;3133;17090
500;30;3;InsertionSort;18198;6066;0;6240
500;30;3;BubbleSort;140362;59047;5567;78690
500;30;3;MergeSort;8976;2647;0;40470
500;30;3;CountingSort;1501;0;0;5780
500;30;3;QuickSort;15936;6678;2760;16240
500;30;3;InsertionSort;18267;6089;0;6850
500;30;3;BubbleSort;138270;57955;5590;53070
500;30;3;MergeSort;8976;2638;0;47071
500;30;3;CountingSort;1501;0;0;6820
500;30;3;QuickSort;16963;6748;3070;16750
500;30;3;InsertionSort;18720;6240;0;4080
500;30;3;BubbleSort;148208;62622;5741;79690
500;30;3;MergeSort;8976;2643;0;52550
500;30;3;CountingSort;1501;0;0;8800
500;30;3;QuickSort;17815;7147;3226;20660
500;30;3;InsertionSort;18840;6280;0;6920
500;30;3;BubbleSort;142664;59770;5781;54150
500;30;3;MergeSort;8976;2636;0;53851
500;30;3;CountingSort;1501;0;0;4790
500;30;3;QuickSort;18051;7533;3177;16990
500;30;3;InsertionSort;18714;6238;0;6980
500;30;3;BubbleSort;148200;62622;5739;48870
500;30;3;MergeSort;8976;2652;0;40280
500;30;3;CountingSort;1501;0;0;6270
500;30;3;QuickSort;15371;6314;2686;16601
500;30;3;InsertionSort;19848;6616;0;7700
500;30;3;BubbleSort;141836;58684;6117;42570
500;30;3;MergeSort;8976;2661;0;39090
500;30;3;CountingSort;1501;0;0;5021
500;30;3;QuickSort;15779;6680;2704;15980
500;30;3;InsertionSort;18192;6064;0;6450
500;30;3;BubbleSort;137438;57589;5565;60150
500;30;3;MergeSort;8976;2656;0;40330
500;30;3;CountingSort;1501;0;0;4820
500;30;3;QuickSort;16636;6970;2891;16460
500;30;3;InsertionSort;20388;6796;0;7450
500;30;3;BubbleSort;142556;58684;6297;53120
500;30;3;MergeSort;8976;2654;0;43700
500;30;3;CountingSort;1501;0;0;5670
500;30;3;QuickSort;16742;7019;2897;17190
500;30;3;InsertionSort;18438;6146;0;6200
500;30;3;BubbleSort;137766;57589;5647;232930
500;30;3;MergeSort;8976;2657;0;51280
500;30;3;CountingSort;1501;0;0;6440
500;30;3;QuickSort;16658;6740;2970;15650
500;30;3;InsertionSort;18600;6200;0;6580
500;30;3;BubbleSort;129798;53497;5701;71770
500;30;3;MergeSort;8976;2662;0;59191
500;30;3;CountingSort;1501;0;0;6040
500;30;3;QuickSort;18934;7624;3434;18690
500;30;3;InsertionSort;17583;5861;0;5000
500;30;3;BubbleSort;142426;60489;5362;79841
500;30;3;MergeSort;8976;2645;0;42031
500;30;3;CountingSort;1501;0;0;4250
500;30;3;QuickSort;15969;6696;2753;15900
500;30;3;InsertionSort;18576;6192;0;6230
500;30;3;BubbleSort;132770;54999;5693;100300
500;30;3;MergeSort;8976;2636;0;86660
500;30;3;CountingSort;1501;0;0;5130
500;30;3;QuickSort;15567;6393;2732;15980
500;30;3;InsertionSort;16671;5557;0;5970
500;30;3;BubbleSort;130976;55372;5058;96690
500;30;3;MergeSort;8976;2646;0;64370
500;30;3;CountingSort;1501;0;0;6700
500;30;3;QuickSort;15272;6512;2591;18910
500;30;3;InsertionSort;17202;5734;0;4230
500;30;3;BubbleSort;135384;57222;5235;77950
500;30;3;MergeSort;8976;2648;0;44490
500;30;3;CountingSort;1501;0;0;4660
500;30;3;QuickSort;18815;7619;3396;24280
500;30;3;InsertionSort;18888;6296;0;5230
500;30;3;BubbleSort;144882;60847;5797;96440
500;30;3;MergeSort;8976;2637;0;63000
500;30;3;CountingSort;1501;0;0;6980
500;30;3;QuickSort;15208;6358;2613;16350
500;30;3;InsertionSort;18153;6051;0;6410
500;30;3;BubbleSort;135178;56485;5552;91680
500;30;3;MergeSort;8976;2646;0;46870
500;30;3;CountingSort;1501;0;0;7470
500;30;3;QuickSort;17901;7359;3177;27540
500;30;3;InsertionSort;18528;6176;0;3990
500;30;3;BubbleSort;147246;62269;5677;45780
500;30;3;MergeSort;8976;2645;0;42590
500;30;3;CountingSort;1501;0;0;7280
500;30;3;QuickSort;17613;7122;3158;16710
500;30;3;InsertionSort;17937;5979;0;6100
500;30;3;BubbleSort;138560;58320;5480;40950
500;30;3;MergeSort;8976;2636;0;46771
500;30;3;CountingSort;1501;0;0;5010
500;30;3;QuickSort;17792;7367;3141;22420
500;30;3;InsertionSort;18822;6274;0;4320
500;30;3;BubbleSort;138278;57589;5775;102960
500;30;3;MergeSort;8976;2655;0;83290
500;30;3;CountingSort;1501;0;0;5180
500;30;3;QuickSort;18854;7925;3292;21290
500;30;3;InsertionSort;18045;6015;0;7980
500;30;3;BubbleSort;132808;55372;5516;64670
500;30;3;MergeSort;8976;2646;0;47420
500;30;4;CountingSort;1501;0;0;102550
500;30;4;QuickSort;17196;7008;3056;892662
500;30;4;InsertionSort;19614;6538;0;664112
500;30;4;BubbleSort;148694;62269;6039;4193032
500;30;4;MergeSort;8976;2697;0;554961
500;30;4;CountingSort;1501;0;0;58110
500;30;4;QuickSort;18194;7274;3312;155151
500;30;4;InsertionSort;18900;6300;0;605451
500;30;4;BubbleSort;136174;56485;5801;843602
500;30;4;MergeSort;8976;2695;0;188130
500;30;4;CountingSort;1501;0;0;60071
500;30;4;QuickSort;16865;7064;2937;69861
500;30;4;InsertionSort;17619;5873;0;467261
500;30;4;BubbleSort;143190;60847;5374;601911
500;30;4;MergeSort;8976;2700;0;69200
500;30;4;CountingSort;1501;0;0;58940
500;30;4;QuickSort;16236;6636;2870;104120
500;30;4;InsertionSort;19641;6547;0;607272
500;30;4;BubbleSort;145170;60489;6048;799592
500;30;4;MergeSort;8976;2697;0;200941
500;30;4;CountingSort;1501;0;0;59930
500;30;4;QuickSort;17909;7472;3154;87620
500;30;4;InsertionSort;17235;5745;0;378751
500;30;4;BubbleSort;143392;61204;5246;421971
500;30;4;MergeSort;8976;2687;0;116881
500;30;4;CountingSort;1501;0;0;60331
500;30;4;QuickSort;18623;7541;3356;87051
500;30;4;InsertionSort;17913;5971;0;503261
500;30;4;BubbleSort;145718;61915;5472;568361
500;30;4;MergeSort;8976;2689;0;171630
500;30;4;CountingSort;1501;0;0;59861
500;30;4;QuickSort;16026;6747;2760;65800
500;30;4;InsertionSort;18042;6014;0;403521
500;30;4;BubbleSort;134290;56115;5515;294681
500;30;4;MergeSort;8976;2703;0;148760
500;30;4;CountingSort;1501;0;0;57590
500;30;4;QuickSort;17068;7072;3000;84380
500;30;4;InsertionSort;19947;6649;0;506302
500;30;4;BubbleSort;136830;56115;6150;559322
500;30;4;MergeSort;8976;2710;0;205301
500;30;4;CountingSort;1501;0;0;70620
500;30;4;QuickSort;16258;6664;2873;64550
500;30;4;InsertionSort;17766;5922;0;398461
500;30;4;BubbleSort;127172;52740;5423;292291
500;30;4;MergeSort;8976;2703;0;93401
500;30;4;CountingSort;1501;0;0;65741
500;30;4;QuickSort;17364;7527;2944;90180
500;30;4;InsertionSort;17196;5732;0;565771
500;30;4;BubbleSort;134640;56854;5233;487401
500;30;4;MergeSort;8976;2712;0;158330
500;30;4;CountingSort;1501;0;0;58861
500;30;4;QuickSort;16933;7123;2941;318301
500;30;4;InsertionSort;17286;5762;0;308130
500;30;4;BubbleSort;131050;54999;5263;407441
500;30;4;MergeSort;8976;2685;0;131510
500;30;4;CountingSort;1501;0;0;48880
500;30;4;QuickSort;17003;6839;3059;377601
500;30;4;InsertionSort;18552;6184;0;69740
500;30;4;BubbleSort;145860;61560;5685;202130
500;30;4;MergeSort;8976;2694;0;110240
500;30;4;CountingSort;1501;0;0;46550
500;30;4;QuickSort;16216;6709;2839;318441
500;30;4;InsertionSort;18789;6263;0;147971
500;30;4;BubbleSort;149004;62974;5764;432151
500;30;4;MergeSort;8976;2705;0;177440
500;30;4;CountingSort;1501;0;0;78991
500;30;4;QuickSort;16229;6581;2875;305241
500;30;4;InsertionSort;17508;5836;0;64780
500;30;4;BubbleSort;137988;58320;5337;288871
500;30;4;MergeSort;8976;2700;0;151920
500;30;4;CountingSort;1501;0;0;47520
500;30;4;QuickSort;16777;6853;2980;442201
500;30;4;InsertionSort;18771;6257;0;119850
500;30;4;BubbleSort;142572;59770;5758;237801
500;30;4;MergeSort;8976;2704;0;191671
500;30;4;CountingSort;1501;0;0;65880
500;30;4;QuickSort;20856;9138;3577;526542
500;30;4;InsertionSort;19086;6362;0;83941
500;30;4;BubbleSort;145860;61204;5863;93761
500;30;4;MergeSort;8976;2712;0;113160
500;30;4;CountingSort;1501;0;0;55180
500;30;4;QuickSort;16597;6988;2865;478921
500;30;4;InsertionSort;18792;6264;0;128750
500;30;4;BubbleSort;135290;56115;5765;183291
500;30;4;MergeSort;8976;2695;0;215751
500;30;4;CountingSort;1501;0;0;64970
500;30;4;QuickSort;18474;7365;3371;109061
500;30;4;InsertionSort;18492;6164;0;110691
500;30;4;BubbleSort;140028;58684;5665;125181
500;30;4;MergeSort;8976;2699;0;113240
500;30;4;CountingSort;1501;0;0;72410
500;30;4;QuickSort;15343;6685;2553;14850
500;30;4;InsertionSort;18510;6170;0;90230
500;30;4;BubbleSort;138594;57955;5671;92700
500;30;4;MergeSort;8976;2698;0;112871
500;30;4;CountingSort;1501;0;0;47691
500;30;4;QuickSort;16737;7272;2831;35020
500;30;4;InsertionSort;19587;6529;0;85010
500;30;4;BubbleSort;143660;59770;6030;148430
500;30;4;MergeSort;8976;2709;0;176020
500;30;4;CountingSort;1501;0;0;46140
500;30;4;QuickSort;18943;7993;3319;20380
500;30;4;InsertionSort;18411;6137;0;73190
500;30;4;BubbleSort;142092;59770;5638;93950
500;30;4;MergeSort;8976;2702;0;93770
500;30;4;CountingSort;1501;0;0;63890
500;30;4;QuickSort;17661;7236;3139;18260
500;30;4;InsertionSort;18507;6169;0;122040
500;30;4;BubbleSort;137858;57589;5670;65680
500;30;4;MergeSort;8976;2694;0;65670
500;30;4;CountingSort;1501;0;0;63601
500;30;4;QuickSort;18682;7516;3385;36511
500;30;4;InsertionSort;18957;6319;0;84570
500;30;4;BubbleSort;137724;57222;5820;75350
500;30;4;MergeSort;8976;2685;0;104930
500;30;4;CountingSort;1501;0;0;1305614
500;30;4;QuickSort;16998;7371;2877;18680
500;30;4;InsertionSort;17121;5707;0;1200084
500;30;4;BubbleSort;143240;61204;5208;159640
500;30;4;MergeSort;8976;2677;0;140050
500;30;4;CountingSort;1501;0;0;58270
500;30;4;QuickSort;17377;7438;2987;22400
500;30;4;InsertionSort;16731;5577;0;72210
500;30;4;BubbleSort;139852;59770;5078;100500
500;30;4;MergeSort;8976;2680;0;47880
500;30;4;CountingSort;1501;0;0;44571
500;30;4;QuickSort;17145;7338;2935;16160
500;30;4;InsertionSort;17940;5980;0;76100
500;30;4;BubbleSort;135632;56854;5481;68860
500;30;4;MergeSort;8976;2696;0;45580
500;30;4;CountingSort;1501;0;0;64240
500;30;4;QuickSort;15088;6250;2619;28360
500;30;4;InsertionSort;18216;6072;0;105211
500;30;4;BubbleSort;142552;60130;5573;87461
500;30;4;MergeSort;8976;2702;0;37100
500;30;4;CountingSort;1501;0;0;52351
500;30;4;QuickSort;16474;6718;2926;17590
500;30;4;InsertionSort;19092;6364;0;192080
500;30;4;BubbleSort;127418;51979;5865;184410
500;30;4;MergeSort;8976;2695;0;47040
500;30;4;CountingSort;1501;0;0;62750
500;30;4;QuickSort;17148;7290;2947;31900
500;30;4;InsertionSort;18120;6040;0;155431
500;30;4;BubbleSort;143142;60489;5541;80721
500;30;4;MergeSort;8976;2698;0;60060
500;30;4;CountingSort;1501;0;0;67040
500;30;4;QuickSort;16329;6738;2862;20650
500;30;4;InsertionSort;19299;6433;0;177641
500;30;4;BubbleSort;143996;60130;5934;176211
500;30;4;MergeSort;8976;2699;0;40150
500;30;4;CountingSort;1501;0;0;60441
500;30;4;QuickSort;16068;6636;2810;28290
500;30;4;InsertionSort;18282;6094;0;148790
500;30;4;BubbleSort;143358;60489;5595;101580
500;30;4;MergeSort;8976;2701;0;48940
500;30;4;CountingSort;1501;0;0;73600
500;30;4;QuickSort;18469;7492;3325;18980
500;30;4;InsertionSort;17442;5814;0;131181
500;30;4;BubbleSort;139354;59047;5315;141111
500;30;4;MergeSort;8976;2694;0;55881
500;30;4;CountingSort;1501;0;0;56431
500;30;4;QuickSort;17633;7220;3137;35190
500;30;4;InsertionSort;17796;5932;0;116610
500;30;4;BubbleSort;141992;60130;5433;84050
500;30;4;MergeSort;8976;2701;0;54730
500;30;4;CountingSort;1501;0;0;29460
500;30;4;QuickSort;15078;6627;2486;17630
500;30;4;InsertionSort;18108;6036;0;166871
500;30;4;BubbleSort;138058;57955;5537;78950
500;30;4;MergeSort;8976;2690;0;31160
500;30;4;CountingSort;1501;0;0;8830
500;30;4;QuickSort;17377;7165;3068;18140
500;30;4;InsertionSort;18444;6148;0;142541
500;30;4;BubbleSort;148544;62974;5649;124751
500;30;4;MergeSort;8976;2693;0;48761
500;30;4;CountingSort;1501;0;0;12780
500;30;4;QuickSort;16643;6917;2909;18241
500;30;4;InsertionSort;19437;6479;0;91810
500;30;4;BubbleSort;145614;60847;5980;132670
500;30;4;MergeSort;8976;2706;0;46870
500;30;4;CountingSort;1501;0;0;11740
500;30;4;QuickSort;17191;7171;3007;20800
500;30;4;InsertionSort;17769;5923;0;111261
500;30;4;BubbleSort;136140;57222;5424;53250
500;30;4;MergeSort;8976;2697;0;38040
500;30;4;CountingSort;1501;0;0;9430
500;30;4;QuickSort;16293;6660;2878;14850
500;30;4;InsertionSort;19572;6524;0;152580
500;30;4;BubbleSort;143640;59770;6025;141190
500;30;4;MergeSort;8976;2693;0;87110
500;30;4;CountingSort;1501;0;0;18220
500;30;4;QuickSort;17245;7087;3062;19091
500;30;4;InsertionSort;18903;6301;0;120290
500;30;4;BubbleSort;137652;57222;5802;73710
500;30;4;MergeSort;8976;2705;0;50450
500;30;4;CountingSort;1501;0;0;11210
500;30;4;QuickSort;16602;7122;2828;19130
500;30;4;InsertionSort;17052;5684;0;112940
500;30;4;BubbleSort;130738;54999;5185;112401
500;30;4;MergeSort;8976;2678;0;39220
500;30;4;CountingSort;1501;0;0;17190
500;30;4;QuickSort;19797;8370;3476;25700
500;30;4;InsertionSort;18693;6231;0;107310
500;30;4;BubbleSort;149578;63325;5732;83150
500;30;4;MergeSort;8976;2716;0;63920
500;30;4;CountingSort;1501;0;0;15040
500;30;4;QuickSort;16214;6872;2786;20000
500;30;4;InsertionSort;17772;5924;0;111071
500;30;4;BubbleSort;138340;58320;5425;76151
500;30;4;MergeSort;8976;2702;0;38040
500;30;4;CountingSort;1501;0;0;14651
500;30;4;QuickSort;16987;6817;3062;24900
500;30;4;InsertionSort;17058;5686;0;124940
500;30;4;BubbleSort;133718;56485;5187;118580
500;30;4;MergeSort;8976;2683;0;80490
500;30;4;CountingSort;1501;0;0;11800
500;30;4;QuickSort;16417;6853;2851;21780
500;30;4;InsertionSort;17694;5898;0;120060
500;30;4;BubbleSort;137506;57955;5399;133610
500;30;4;MergeSort;8976;2694;0;67460
500;30;4;CountingSort;1501;0;0;13520
500;30;4;QuickSort;18236;7427;3269;19240
500;30;4;InsertionSort;19224;6408;0;7570
500;30;4;BubbleSort;142454;59409;5909;80691
500;30;4;MergeSort;8976;2702;0;57470
500;30;4;CountingSort;1501;0;0;15360
500;30;4;QuickSort;16669;7264;2803;20220
500;30;4;InsertionSort;17451;5817;0;5450
500;30;4;BubbleSort;142966;60847;5318;75080
500;30;4;MergeSort;8976;2688;0;48970
500;30;4;CountingSort;1501;0;0;22880
500;30;4;QuickSort;20091;8232;3629;17760
500;30;4;InsertionSort;17976;5992;0;7870
500;30;4;BubbleSort;147216;62622;5493;49680
500;30;4;MergeSort;8976;2685;0;87320
500;30;4;CountingSort;1501;0;0;18600
500;30;4;QuickSort;16150;6679;2826;35810
500;30;4;InsertionSort;19206;6402;0;7210
500;30;4;BubbleSort;144590;60489;5903;82990
500;30;4;MergeSort;8976;2696;0;42690
500;30;4;CountingSort;1501;0;0;14880
500;30;4;QuickSort;20596;8428;3718;22400
500;30;4;InsertionSort;18750;6250;0;6650
500;30;4;BubbleSort;143982;60489;5751;93440
500;30;4;MergeSort;8976;2678;0;71580
500;30;4;CountingSort;1501;0;0;11430
500;30;4;QuickSort;17227;7063;3058;22580
500;30;4;InsertionSort;17901;5967;0;6560
500;30;4;BubbleSort;137050;57589;5468;70051
500;30;4;MergeSort;8976;2702;0;53871
500;30;4;CountingSort;1501;0;0;17401
500;30;4;QuickSort;19018;7714;3431;22420
500;30;4;InsertionSort;18903;6301;0;7290
500;30;4;BubbleSort;138386;57589;5802;52700
500;30;4;MergeSort;8976;2703;0;52920
500;30;4;CountingSort;1501;0;0;18180
500;30;4;QuickSort;17118;6909;3068;24070
500;30;4;InsertionSort;16824;5608;0;6380
500;30;4;BubbleSort;136346;57955;5109;86631
500;30;4;MergeSort;8976;2694;0;60690
500;30;4;CountingSort;1501;0;0;21990
500;30;4;QuickSort;17606;7604;3003;35630
500;30;4;InsertionSort;18075;6025;0;8900
500;30;4;BubbleSort;140198;59047;5526;64370
500;30;4;MergeSort;8976;2686;0;72840
500;30;4;CountingSort;1501;0;0;14910
500;30;4;QuickSort;21143;8609;3849;24520
500;30;4;InsertionSort;16968;5656;0;6200
500;30;4;BubbleSort;134336;56854;5157;87230
500;30;4;MergeSort;8976;2711;0;63980
500;30;4;CountingSort;1501;0;0;15350
500;30;4;QuickSort;17277;7377;2966;23650
500;30;4;InsertionSort;17679;5893;0;6990
500;30;4;BubbleSort;132320;55372;5394;94490
500;30;4;MergeSort;8976;2691;0;53140
500;30;4;CountingSort;1501;0;0;15530
500;30;4;QuickSort;23152;9406;4250;19690
500;30;4;InsertionSort;19353;6451;0;4340
500;30;4;BubbleSort;141902;59047;5952;56950
500;30;4;MergeSort;8976;2704;0;73110
500;30;4;CountingSort;1501;0;0;9380
500;30;4;QuickSort;16526;6731;2924;16670
500;30;4;InsertionSort;19398;6466;0;6620
500;30;4;BubbleSort;144846;60489;5967;50130
500;30;4;MergeSort;8976;2702;0;44971
500;30;4;CountingSort;1501;0;0;11040
500;30;4;QuickSort;17613;6972;3217;17360
500;30;4;InsertionSort;16668;5556;0;6340
500;30;4;BubbleSort;138322;59047;5057;96021
500;30;4;MergeSort;8976;2704;0;58810
500;30;4;CountingSort;1501;0;0;11310
500;30;4;QuickSort;18410;7652;3253;17401
500;30;4;InsertionSort;18228;6076;0;6540
500;30;4;BubbleSort;139676;58684;5577;78520
500;30;4;MergeSort;8976;2707;0;37890
500;30;4;CountingSort;1501;0;0;11980
500;30;4;QuickSort;18478;7684;3261;17380
500;30;4;InsertionSort;18630;6210;0;6930
500;30;4;BubbleSort;148792;62974;5711;111850
500;30;4;MergeSort;8976;2692;0;67240
500;30;4;CountingSort;1501;0;0;25800
500;30;4;QuickSort;16857;7176;2899;16290
500;30;4;InsertionSort;17568;5856;0;6260
500;30;4;BubbleSort;124622;51597;5357;37090
500;30;4;MergeSort;8976;2696;0;38120
500;30;4;CountingSort;1501;0;0;8940
500;30;4;QuickSort;18819;7521;3430;17400
500;30;4;InsertionSort;15375;5125;0;8240
500;30;4;BubbleSort;136598;59047;4626;42710
500;30;4;MergeSort;8976;2704;0;38890
500;30;4;CountingSort;1501;0;0;20000
500;30;4;QuickSort;16843;7207;2877;16951
500;30;4;InsertionSort;17457;5819;0;6600
500;30;4;BubbleSort;134988;56854;5320;103880
500;30;4;MergeSort;8976;2699;0;63560
500;30;4;CountingSort;1501;0;0;12340
500;30;4;QuickSort;15456;6333;2710;19270
500;30;4;InsertionSort;18726;6242;0;6320
500;30;4;BubbleSort;131472;54250;5743;72340
500;30;4;MergeSort;8976;2703;0;54070
500;30;4;CountingSort;1501;0;0;12470
500;30;4;QuickSort;14947;6322;2537;29670
500;30;4;InsertionSort;18741;6247;0;6590
500;30;4;BubbleSort;133736;55372;5748;108541
500;30;4;MergeSort;8976;2696;0;62191
500;30;4;CountingSort;1501;0;0;13500
500;30;4;QuickSort;16486;6940;2858;16421
500;30;4;InsertionSort;18846;6282;0;8860
500;30;4;BubbleSort;139772;58320;5783;61830
500;30;4;MergeSort;8976;2699;0;51800
500;30;4;CountingSort;1501;0;0;13390
500;30;4;QuickSort;17270;7313;2982;16930
500;30;4;InsertionSort;17913;5971;0;8440
500;30;4;BubbleSort;128126;53119;5472;63120
500;30;4;MergeSort;8976;2697;0;69510
500;30;4;CountingSort;1501;0;0;22230
500;30;4;QuickSort;17659;7480;3065;19390
500;30;4;InsertionSort;18816;6272;0;6900
500;30;4;BubbleSort;135322;56115;5773;66921
500;30;4;MergeSort;8976;2696;0;55540
500;30;4;CountingSort;1501;0;0;9100
500;30;4;QuickSort;18432;7839;3201;22130
500;30;4;InsertionSort;18702;6234;0;6670
500;30;4;BubbleSort;139580;58320;5735;74040
500;30;4;MergeSort;8976;2706;0;39630
500;30;4;CountingSort;1501;0;0;20170
500;30;4;QuickSort;18125;7586;3175;21040
500;30;4;InsertionSort;18072;6024;0;4080
500;30;4;BubbleSort;127580;52740;5525;59050
500;30;4;MergeSort;8976;2707;0;44160
500;30;4;CountingSort;1501;0;0;10790
500;30;4;QuickSort;16289;6797;2823;17610
500;30;4;InsertionSort;18588;6196;0;6370
500;30;4;BubbleSort;135018;56115;5697;70110
500;30;4;MergeSort;8976;2684;0;56830
500;30;4;CountingSort;1501;0;0;13490
500;30;4;QuickSort;17150;6977;3056;21410
500;30;4;InsertionSort;16950;5650;0;6070
500;30;4;BubbleSort;135048;57222;5151;68451
500;30;4;MergeSort;8976;2686;0;43140
500;30;4;CountingSort;1501;0;0;9150
500;30;4;QuickSort;16991;6968;3009;16840
500;30;4;InsertionSort;18993;6331;0;6800
500;30;4;BubbleSort;138506;57589;5832;98840
500;30;4;MergeSort;8976;2698;0;57990
500;30;4;CountingSort;1501;0;0;8730
500;30;4;QuickSort;19967;7946;3676;23000
500;30;4;InsertionSort;18966;6322;0;26340
500;30;4;BubbleSort;146412;61560;5823;72580
500;30;4;MergeSort;8976;2688;0;54510
500;30;4;CountingSort;1501;0;0;11840
500;30;4;QuickSort;16072;6589;2827;24530
500;30;4;InsertionSort;18984;6328;0;6800
500;30;4;BubbleSort;137760;57222;5829;79800
500;30;4;MergeSort;8976;2706;0;46760
500;30;4;CountingSort;1501;0;0;61501
500;30;4;QuickSort;21844;8803;4013;27560
500;30;4;InsertionSort;18138;6046;0;6180
500;30;4;BubbleSort;132932;55372;5547;75590
500;30;4;MergeSort;8976;2699;0;52930
500;30;4;CountingSort;1501;0;0;10490
500;30;4;QuickSort;16653;6993;2885;16730
500;30;4;InsertionSort;18555;6185;0;6610
500;30;4;BubbleSort;145864;61560;5686;40510
500;30;4;MergeSort;8976;2703;0;36500
500;30;4;CountingSort;1501;0;0;11450
500;30;4;QuickSort;16210;6751;2822;16590
500;30;4;InsertionSort;18672;6224;0;4320
500;30;4;BubbleSort;134388;55744;5725;62530
500;30;4;MergeSort;8976;2708;0;53490
500;30;4;CountingSort;1501;0;0;12140
500;30;4;QuickSort;16518;7005;2836;21250
500;30;4;InsertionSort;18018;6006;0;5880
500;30;4;BubbleSort;136472;57222;5507;109720
500;30;4;MergeSort;8976;2697;0;59880
500;30;4;CountingSort;1501;0;0;12960
500;30;4;QuickSort;15957;6975;2656;21270
500;30;4;InsertionSort;17802;5934;0;6080
500;30;4;BubbleSort;137650;57955;5435;73261
500;30;4;MergeSort;8976;2706;0;40211
500;30;4;CountingSort;1501;0;0;9990
500;30;4;QuickSort;18414;7323;3367;21050
500;30;4;InsertionSort;19695;6565;0;6760
500;30;4;BubbleSort;143804;59770;6066;80010
500;30;4;MergeSort;8976;2693;0;61950
500;30;4;CountingSort;1501;0;0;11120
500;30;4;QuickSort;17018;6860;3054;20630
500;30;4;InsertionSort;17997;5999;0;5670
500;30;4;BubbleSort;136444;57222;5500;107250
500;30;4;MergeSort;8976;2683;0;54410
500;30;4;CountingSort;1501;0;0;10890
500;30;4;QuickSort;18129;7644;3163;21480
500;30;4;InsertionSort;19074;6358;0;6350
500;30;4;BubbleSort;138614;57589;5859;66560
500;30;4;MergeSort;8976;2702;0;52330
500;30;4;CountingSort;1501;0;0;11980
500;30;4;QuickSort;16185;7212;2659;21130
500;30;4;InsertionSort;19476;6492;0;5990
500;30;4;BubbleSort;141340;58684;5993;108580
500;30;4;MergeSort;8976;2690;0;59100
500;30;4;CountingSort;1501;0;0;11140
500;30;4;QuickSort;17405;7034;3120;21150
500;30;4;InsertionSort;18693;6231;0;5910
500;30;4;BubbleSort;126122;51597;5732;74130
500;30;4;MergeSort;8976;2699;0;56060
500;30;4;CountingSort;1501;0;0;11510
500;30;4;QuickSort;16392;6780;2869;21180
500;30;4;InsertionSort;19083;6361;0;7560
500;30;4;BubbleSort;141542;59047;5862;55991
500;30;4;MergeSort;8976;2710;0;56420
500;30;4;CountingSort;1501;0;0;9070
500;30;4;QuickSort;19045;7639;3465;17901
500;30;4;InsertionSort;18570;6190;0;5580
500;30;4;BubbleSort;135734;56485;5691;71070
500;30;4;MergeSort;8976;2707;0;293971
500;30;4;CountingSort;1501;0;0;9550
500;30;4;QuickSort;16791;7089;2900;19660
500;30;4;InsertionSort;17868;5956;0;5950
500;30;4;BubbleSort;140646;59409;5457;103150
500;30;4;MergeSort;8976;2690;0;76600
500;30;4;CountingSort;1501;0;0;14580
500;30;4;QuickSort;20469;8178;3755;23870
500;30;4;InsertionSort;17658;5886;0;7810
500;30;4;BubbleSort;131546;54999;5387;78710
500;30;4;MergeSort;8976;2692;0;58101
500;30;4;CountingSort;1501;0;0;16390
500;30;4;QuickSort;15470;6344;2701;22190
500;30;4;InsertionSort;17256;5752;0;6780
500;30;4;BubbleSort;128006;53497;5253;73100
500;30;4;MergeSort;8976;2692;0;46750
500;30;4;CountingSort;1501;0;0;12221
500;30;4;QuickSort;16917;6999;2967;21320
500;30;4;InsertionSort;17928;5976;0;4140
500;30;4;BubbleSort;138548;58320;5477;97200
500;30;4;MergeSort;8976;2698;0;50540
500;30;4;CountingSort;1501;0;0;5660
500;30;4;QuickSort;18298;7447;3279;17130
500;30;4;InsertionSort;17814;5938;0;6220
500;30;4;BubbleSort;144876;61560;5439;57441
500;30;4;MergeSort;8976;2707;0;48820
500;30;4;CountingSort;1501;0;0;5980
500;30;4;QuickSort;16031;7202;2612;61410
500;30;4;InsertionSort;18201;6067;0;6520
500;30;4;BubbleSort;143250;60489;5568;75670
500;30;4;MergeSort;8976;2690;0;38150
500;30;4;CountingSort;1501;0;0;6500
500;30;4;QuickSort;15158;6341;2612;16380
500;30;4;InsertionSort;17838;5946;0;4330
500;30;4;BubbleSort;142766;60489;5447;102801
500;30;4;MergeSort;8976;2702;0;66791
500;30;4;CountingSort;1501;0;0;9030
500;30;4;QuickSort;16913;7172;2913;17191
500;30;4;InsertionSort;18744;6248;0;4660
500;30;4;BubbleSort;143256;60130;5749;63750
500;30;4;MergeSort;8976;2689;0;46430
500;30;4;CountingSort;1501;0;0;5820
500;30;4;QuickSort;20681;8369;3763;18070
500;30;4;InsertionSort;19107;6369;0;5700
500;30;4;BubbleSort;147310;61915;5870;81060
500;30;4;MergeSort;8976;2707;0;42170
500;30;4;CountingSort;1501;0;0;6580
500;30;4;QuickSort;15436;6358;2699;15690
500;30;4;InsertionSort;16950;5650;0;4270
500;30;4;BubbleSort;135782;57589;5151;111580
500;30;4;MergeSort;8976;2697;0;62020
500;30;4;CountingSort;1501;0;0;6350
500;30;4;QuickSort;16144;6808;2776;16250
500;30;4;InsertionSort;16926;5642;0;4040
500;30;4;BubbleSort;145816;62622;5143;77420
500;30;4;MergeSort;8976;2687;0;36880
500;30;4;CountingSort;1501;0;0;5800
500;30;4;QuickSort;17709;7164;3176;16040
500;30;4;InsertionSort;19254;6418;0;5260
500;30;4;BubbleSort;143216;59770;5919;73710
500;30;4;MergeSort;8976;2690;0;40250
500;30;4;CountingSort;1501;0;0;4230
500;30;4;QuickSort;20344;8197;3710;22350
500;30;4;InsertionSort;16998;5666;0;6550
500;30;4;BubbleSort;148018;63675;5167;122471
500;30;4;MergeSort;8976;2688;0;82851
500;40;1;CountingSort;1501;0;0;104140
500;40;1;QuickSort;16546;6829;2909;731492
500;40;1;InsertionSort;97281;32427;0;2507098
500;40;1;BubbleSort;375320;123804;31928;5400965
500;40;1;MergeSort;8976;3746;0;723652
500;40;1;CountingSort;1501;0;0;59610
500;40;1;QuickSort;16122;6789;2783;122270
500;40;1;InsertionSort;93096;31032;0;2000856
500;40;1;BubbleSort;368092;122980;30533;538342
500;40;1;MergeSort;8976;3747;0;172031
500;40;1;CountingSort;1501;0;0;63761
500;40;1;QuickSort;18348;7653;3236;67401
500;40;1;InsertionSort;95016;31670;0;1974515
500;40;1;BubbleSort;369366;122335;31174;2435886
500;40;1;MergeSort;8976;3710;0;219081
500;40;1;CountingSort;1501;0;0;56640
500;40;1;QuickSort;16006;6691;2773;73160
500;40;1;InsertionSort;91287;30429;0;1167674
500;40;1;BubbleSort;368228;124254;29930;1823816
500;40;1;MergeSort;8976;3789;0;131791
500;40;1;CountingSort;1501;0;0;58830
500;40;1;QuickSort;18165;7758;3139;53120
500;40;1;InsertionSort;86221;28739;0;848582
500;40;1;BubbleSort;355988;121510;28242;694552
500;40;1;MergeSort;8976;3732;0;96590
500;40;1;CountingSort;1501;0;0;62670
500;40;1;QuickSort;15847;6940;2636;121150
500;40;1;InsertionSort;89781;29927;0;190681
500;40;1;BubbleSort;363430;122859;29428;250581
500;40;1;MergeSort;8976;3737;0;151241
500;40;1;CountingSort;1501;0;0;60460
500;40;1;QuickSort;16656;6819;2940;108280
500;40;1;InsertionSort;84448;28148;0;410201
500;40;1;BubbleSort;359504;124450;27651;417411
500;40;1;MergeSort;8976;3728;0;93580
500;40;1;CountingSort;1501;0;0;59060
500;40;1;QuickSort;18788;7607;3390;95400
500;40;1;InsertionSort;93177;31059;0;184760
500;40;1;BubbleSort;369484;123622;30560;184571
500;40;1;MergeSort;8976;3725;0;101500
500;40;1;CountingSort;1501;0;0;70580
500;40;1;QuickSort;18721;8140;3191;73500
500;40;1;InsertionSort;91587;30529;0;363231
500;40;1;BubbleSort;369200;124540;30030;371681
500;40;1;MergeSort;8976;3774;0;119910
500;40;1;CountingSort;1501;0;0;58530
500;40;1;QuickSort;15958;6694;2754;99571
500;40;1;InsertionSort;87141;29047;0;146790
500;40;1;BubbleSort;360612;123210;28548;160970
500;40;1;MergeSort;8976;3668;0;124580
500;40;1;CountingSort;1501;0;0;61561
500;40;1;QuickSort;18450;7659;3269;57571
500;40;1;InsertionSort;87166;29054;0;221810
500;40;1;BubbleSort;362606;124189;28557;364541
500;40;1;MergeSort;8976;3768;0;199440
500;40;1;CountingSort;1501;0;0;60820
500;40;1;QuickSort;18460;7594;3287;97470
500;40;1;InsertionSort;87925;29307;0;162561
500;40;1;BubbleSort;360184;122472;28810;206361
500;40;1;MergeSort;8976;3783;0;138710
500;40;1;CountingSort;1501;0;0;56361
500;40;1;QuickSort;15701;6740;2656;84241
500;40;1;InsertionSort;95074;31690;0;117630
500;40;1;BubbleSort;371516;123372;31193;178960
500;40;1;MergeSort;8976;3724;0;83890
500;40;1;CountingSort;1501;0;0;69681
500;40;1;QuickSort;17498;7205;3102;73770
500;40;1;InsertionSort;88222;29406;0;292641
500;40;1;BubbleSort;365046;124705;28909;418301
500;40;1;MergeSort;8976;3757;0;217661
500;40;1;CountingSort;1501;0;0;53890
500;40;1;QuickSort;16420;6781;2884;59491
500;40;1;InsertionSort;78687;26229;0;145601
500;40;1;BubbleSort;346870;121975;25730;287520
500;40;1;MergeSort;8976;3755;0;183330
500;40;1;CountingSort;1501;0;0;59870
500;40;1;QuickSort;18139;7309;3282;345631
500;40;1;InsertionSort;96093;32031;0;27410
500;40;1;BubbleSort;370658;122265;31532;177131
500;40;1;MergeSort;8976;3687;0;93841
500;40;1;CountingSort;1501;0;0;87601
500;40;1;QuickSort;17837;7496;3117;398192
500;40;1;InsertionSort;91431;30477;0;36150
500;40;1;BubbleSort;366332;123210;29978;189970
500;40;1;MergeSort;8976;3688;0;132470
500;40;1;CountingSort;1501;0;0;67620
500;40;1;QuickSort;17949;7419;3190;507692
500;40;1;InsertionSort;97083;32359;0;17590
500;40;1;BubbleSort;376532;124540;31863;179211
500;40;1;MergeSort;8976;3684;0;252800
500;40;1;CountingSort;1501;0;0;63520
500;40;1;QuickSort;18691;7891;3274;467482
500;40;1;InsertionSort;91417;30471;0;26230
500;40;1;BubbleSort;365490;122797;29974;311321
500;40;1;MergeSort;8976;3759;0;182770
500;40;1;CountingSort;1501;0;0;60910
500;40;1;QuickSort;17879;7361;3169;78860
500;40;1;InsertionSort;93261;31087;0;30030
500;40;1;BubbleSort;371822;124735;30588;185171
500;40;1;MergeSort;8976;3718;0;109331
500;40;1;CountingSort;1501;0;0;66040
500;40;1;QuickSort;17494;7096;3132;36120
500;40;1;InsertionSort;86461;28819;0;30220
500;40;1;BubbleSort;357958;122335;28322;280481
500;40;1;MergeSort;8976;3760;0;190321
500;40;1;CountingSort;1501;0;0;51300
500;40;1;QuickSort;15955;6727;2746;34510
500;40;1;InsertionSort;79777;26591;0;27180
500;40;1;BubbleSort;346904;121264;26094;155150
500;40;1;MergeSort;8976;3716;0;83460
500;40;1;CountingSort;1501;0;0;73031
500;40;1;QuickSort;20105;8318;3589;44010
500;40;1;InsertionSort;98691;32897;0;26440
500;40;1;BubbleSort;377686;124047;32398;1180543
500;40;1;MergeSort;8976;3767;0;1094573
500;40;1;CountingSort;1501;0;0;68781
500;40;1;QuickSort;17962;7222;3236;20651
500;40;1;InsertionSort;90807;30269;0;24210
500;40;1;BubbleSort;368550;124735;29770;200670
500;40;1;MergeSort;8976;3680;0;60710
500;40;1;CountingSort;1501;0;0;68111
500;40;1;QuickSort;15584;6554;2676;23260
500;40;1;InsertionSort;91688;30560;0;24720
500;40;1;BubbleSort;369058;124399;30065;241310
500;40;1;MergeSort;8976;3733;0;42120
500;40;1;CountingSort;1501;0;0;49071
500;40;1;QuickSort;17982;7299;3225;23820
500;40;1;InsertionSort;99427;33141;0;26510
500;40;1;BubbleSort;379524;124474;32644;231840
500;40;1;MergeSort;8976;3763;0;67320
500;40;1;CountingSort;1501;0;0;49421
500;40;1;QuickSort;19751;8036;3575;24190
500;40;1;InsertionSort;92773;30923;0;25230
500;40;1;BubbleSort;369564;123930;30426;135580
500;40;1;MergeSort;8976;3756;0;68040
500;40;1;CountingSort;1501;0;0;52700
500;40;1;QuickSort;16679;6746;2970;32650
500;40;1;InsertionSort;88212;29402;0;26810
500;40;1;BubbleSort;359574;121975;28906;159201
500;40;1;MergeSort;8976;3743;0;50300
500;40;1;CountingSort;1501;0;0;50820
500;40;1;QuickSort;16878;7095;2929;29160
500;40;1;InsertionSort;89421;29807;0;24050
500;40;1;BubbleSort;365610;124189;29308;165411
500;40;1;MergeSort;8976;3727;0;77420
500;40;1;CountingSort;1501;0;0;47121
500;40;1;QuickSort;15992;6581;2798;22030
500;40;1;InsertionSort;96549;32183;0;27880
500;40;1;BubbleSort;375996;124630;31684;172710
500;40;1;MergeSort;8976;3736;0;75720
500;40;1;CountingSort;1501;0;0;74451
500;40;1;QuickSort;16253;6473;2922;28181
500;40;1;InsertionSort;90798;30266;0;23600
500;40;1;BubbleSort;360378;120655;29767;159990
500;40;1;MergeSort;8976;3770;0;53660
500;40;1;CountingSort;1501;0;0;62040
500;40;1;QuickSort;15755;7403;2455;31170
500;40;1;InsertionSort;86610;28868;0;25000
500;40;1;BubbleSort;354616;120564;28372;171951
500;40;1;MergeSort;8976;3699;0;49090
500;40;1;CountingSort;1501;0;0;54490
500;40;1;QuickSort;19040;8069;3324;23360
500;40;1;InsertionSort;91662;30554;0;15550
500;40;1;BubbleSort;366414;123097;30055;174631
500;40;1;MergeSort;8976;3743;0;84070
500;40;1;CountingSort;1501;0;0;23420
500;40;1;QuickSort;18893;7685;3400;23700
500;40;1;InsertionSort;92812;30936;0;23670
500;40;1;BubbleSort;364936;121590;30439;146410
500;40;1;MergeSort;8976;3742;0;71380
500;40;1;CountingSort;1501;0;0;25440
500;40;1;QuickSort;18978;8115;3298;28120
500;40;1;InsertionSort;96895;32297;0;24890
500;40;1;BubbleSort;373730;123265;31800;173240
500;40;1;MergeSort;8976;3735;0;48900
500;40;1;CountingSort;1501;0;0;34860
500;40;1;QuickSort;18113;7337;3252;18300
500;40;1;InsertionSort;88746;29582;0;25950
500;40;1;BubbleSort;365076;124372;29083;168700
500;40;1;MergeSort;8976;3735;0;65110
500;40;1;CountingSort;1501;0;0;10941
500;40;1;QuickSort;14773;6223;2511;16890
500;40;1;InsertionSort;85083;28361;0;24940
500;40;1;BubbleSort;358596;123574;27862;148850
500;40;1;MergeSort;8976;3725;0;62700
500;40;1;CountingSort;1501;0;0;10650
500;40;1;QuickSort;16402;6661;2911;17100
500;40;1;InsertionSort;99231;33077;0;39741
500;40;1;BubbleSort;375390;122539;32578;199780
500;40;1;MergeSort;8976;3674;0;71100
500;40;1;CountingSort;1501;0;0;14610
500;40;1;QuickSort;15993;6888;2697;30910
500;40;1;InsertionSort;90138;30046;0;26300
500;40;1;BubbleSort;367268;124540;29547;144081
500;40;1;MergeSort;8976;3702;0;58920
500;40;1;CountingSort;1501;0;0;16780
500;40;1;QuickSort;17089;7234;2956;23070
500;40;1;InsertionSort;95376;31792;0;23180
500;40;1;BubbleSort;373970;124399;31293;289601
500;40;1;MergeSort;8976;3701;0;96731
500;40;1;CountingSort;1501;0;0;16740
500;40;1;QuickSort;17822;7394;3140;19770
500;40;1;InsertionSort;90576;30192;0;21190
500;40;1;BubbleSort;365410;123319;29693;153961
500;40;1;MergeSort;8976;3729;0;54721
500;40;1;CountingSort;1501;0;0;11070
500;40;1;QuickSort;16986;6906;3027;23920
500;40;1;InsertionSort;90361;30119;0;26540
500;40;1;BubbleSort;366348;123930;29622;203881
500;40;1;MergeSort;8976;3752;0;59021
500;40;1;CountingSort;1501;0;0;11920
500;40;1;QuickSort;17676;7419;3089;23510
500;40;1;InsertionSort;85858;28618;0;24650
500;40;1;BubbleSort;355012;121264;28121;186631
500;40;1;MergeSort;8976;3736;0;61270
500;40;1;CountingSort;1501;0;0;13740
500;40;1;QuickSort;16549;6913;2873;18950
500;40;1;InsertionSort;96912;32304;0;19970
500;40;1;BubbleSort;375530;124155;31805;157440
500;40;1;MergeSort;8976;3719;0;56360
500;40;1;CountingSort;1501;0;0;14820
500;40;1;QuickSort;15831;6624;2735;20130
500;40;1;InsertionSort;89646;29882;0;14760
500;40;1;BubbleSort;365052;123760;29383;157491
500;40;1;MergeSort;8976;3679;0;72920
500;40;1;CountingSort;1501;0;0;9220
500;40;1;QuickSort;16943;7217;2914;24030
500;40;1;InsertionSort;106093;35363;0;37130
500;40;1;BubbleSort;388208;124372;34866;166061
500;40;1;MergeSort;8976;3732;0;50120
500;40;1;CountingSort;1501;0;0;14430
500;40;1;QuickSort;16901;7064;2934;52380
500;40;1;InsertionSort;96765;32255;0;21790
500;40;1;BubbleSort;375264;124120;31756;127960
500;40;1;MergeSort;8976;3731;0;76190
500;40;1;CountingSort;1501;0;0;10820
500;40;1;QuickSort;16978;7180;2933;26660
500;40;1;InsertionSort;95037;31679;0;18490
500;40;1;BubbleSort;374010;124645;31180;149500
500;40;1;MergeSort;8976;3734;0;43110
500;40;1;CountingSort;1501;0;0;13650
500;40;1;QuickSort;17000;6854;3049;19340
500;40;1;InsertionSort;89538;29846;0;25720
500;40;1;BubbleSort;366132;124372;29347;175911
500;40;1;MergeSort;8976;3715;0;41880
500;40;1;CountingSort;1501;0;0;11150
500;40;1;QuickSort;15631;6751;2620;18910
500;40;1;InsertionSort;84567;28189;0;21700
500;40;1;BubbleSort;353618;121429;27690;119770
500;40;1;MergeSort;8976;3738;0;59380
500;40;1;CountingSort;1501;0;0;21070
500;40;1;QuickSort;17766;7386;3131;20210
500;40;1;InsertionSort;92607;30869;0;22920
500;40;1;BubbleSort;369000;123760;30370;135250
500;40;1;MergeSort;8976;3736;0;41570
500;40;1;CountingSort;1501;0;0;10860
500;40;1;QuickSort;17791;7234;3189;23730
500;40;1;InsertionSort;86892;28964;0;28930
500;40;1;BubbleSort;362238;124189;28465;162001
500;40;1;MergeSort;8976;3683;0;63371
500;40;1;CountingSort;1501;0;0;16990
500;40;1;QuickSort;16563;6759;2938;32090
500;40;1;InsertionSort;96003;32001;0;28840
500;40;1;BubbleSort;375298;124645;31502;200221
500;40;1;MergeSort;8976;3765;0;52470
500;40;1;CountingSort;1501;0;0;9971
500;40;1;QuickSort;15659;6545;2709;19550
500;40;1;InsertionSort;91533;30511;0;24190
500;40;1;BubbleSort;368846;124399;30012;161630
500;40;1;MergeSort;8976;3736;0;79450
500;40;1;CountingSort;1501;0;0;14490
500;40;1;QuickSort;15950;6989;2648;20110
500;40;1;InsertionSort;90276;30092;0;15090
500;40;1;BubbleSort;367492;124560;29593;136670
500;40;1;MergeSort;8976;3745;0;60230
500;40;1;CountingSort;1501;0;0;42860
500;40;1;QuickSort;15606;6855;2588;23650
500;40;1;InsertionSort;84132;28044;0;23930
500;40;1;BubbleSort;356924;123372;27545;165871
500;40;1;MergeSort;8976;3677;0;60331
500;40;1;CountingSort;1501;0;0;21800
500;40;1;QuickSort;17239;7120;3043;23940
500;40;1;InsertionSort;93306;31102;0;22980
500;40;1;BubbleSort;367082;122335;30603;203631
500;40;1;MergeSort;8976;3750;0;69490
500;40;1;CountingSort;1501;0;0;12811
500;40;1;QuickSort;20476;8425;3684;20180
500;40;1;InsertionSort;86497;28831;0;21740
500;40;1;BubbleSort;361114;123889;28334;163160
500;40;1;MergeSort;8976;3774;0;71960
500;40;1;CountingSort;1501;0;0;10930
500;40;1;QuickSort;17274;7404;2966;26740
500;40;1;InsertionSort;97587;32529;0;25030
500;40;1;BubbleSort;375980;123930;32030;231471
500;40;1;MergeSort;8976;3769;0;56871
500;40;1;CountingSort;1501;0;0;12810
500;40;1;QuickSort;17295;7326;2985;20130
500;40;1;InsertionSort;88035;29345;0;21780
500;40;1;BubbleSort;360462;122539;28846;202391
500;40;1;MergeSort;8976;3699;0;59960
500;40;1;CountingSort;1501;0;0;10100
500;40;1;QuickSort;16983;7080;2973;19600
500;40;1;InsertionSort;95154;31716;0;23910
500;40;1;BubbleSort;374378;124749;31220;135090
500;40;1;MergeSort;8976;3739;0;40710
500;40;1;CountingSort;1501;0;0;11250
500;40;1;QuickSort;17009;6791;3071;19140
500;40;1;InsertionSort;85462;28484;0;23730
500;40;1;BubbleSort;359738;123889;27990;170311
500;40;1;MergeSort;8976;3729;0;71100
500;40;1;CountingSort;1501;0;0;11750
500;40;1;QuickSort;18295;7453;3282;20430
500;40;1;InsertionSort;97179;32393;0;24490
500;40;1;BubbleSort;376734;124579;31894;132510
500;40;1;MergeSort;8976;3747;0;43400
500;40;1;CountingSort;1501;0;0;10860
500;40;1;QuickSort;16986;7137;2948;19840
500;40;1;InsertionSort;86098;28698;0;21980
500;40;1;BubbleSort;360412;123804;28201;170111
500;40;1;MergeSort;8976;3704;0;58281
500;40;1;CountingSort;1501;0;0;10420
500;40;1;QuickSort;17603;7217;3131;23860
500;40;1;InsertionSort;89338;29778;0;23350
500;40;1;BubbleSort;365064;123970;29281;122281
500;40;1;MergeSort;8976;3727;0;45271
500;40;1;CountingSort;1501;0;0;14000
500;40;1;QuickSort;18071;7544;3169;20180
500;40;1;InsertionSort;83664;27888;0;20970
500;40;1;BubbleSort;357496;123970;27389;135130
500;40;1;MergeSort;8976;3770;0;66270
500;40;1;CountingSort;1501;0;0;12080
500;40;1;QuickSort;17156;7211;2975;32480
500;40;1;InsertionSort;83899;27965;0;18420
500;40;1;BubbleSort;359066;124597;27468;227260
500;40;1;MergeSort;8976;3694;0;84290
500;40;1;CountingSort;1501;0;0;22760
500;40;1;QuickSort;15415;6649;2597;23690
500;40;1;InsertionSort;79770;26590;0;22891
500;40;1;BubbleSort;350558;123097;26091;150610
500;40;1;MergeSort;8976;3733;0;58470
500;40;1;CountingSort;1501;0;0;11230
500;40;1;QuickSort;16699;7216;2834;24570
500;40;1;InsertionSort;88731;29577;0;32950
500;40;1;BubbleSort;364480;124084;29078;140681
500;40;1;MergeSort;8976;3743;0;48761
500;40;1;CountingSort;1501;0;0;11430
500;40;1;QuickSort;17208;7677;2839;24840
500;40;1;InsertionSort;90774;30258;0;23920
500;40;1;BubbleSort;367780;124372;29759;216451
500;40;1;MergeSort;8976;3744;0;78780
500;40;1;CountingSort;1501;0;0;16420
500;40;1;QuickSort;18067;7888;3064;23350
500;40;1;InsertionSort;88035;29343;0;31130
500;40;1;BubbleSort;363166;123889;28847;139840
500;40;1;MergeSort;8976;3758;0;65020
500;40;1;CountingSort;1501;0;0;14840
500;40;1;QuickSort;16000;6625;2791;35000
500;40;1;InsertionSort;95019;31673;0;34680
500;40;1;BubbleSort;371646;123475;31174;159191
500;40;1;MergeSort;8976;3759;0;60311
500;40;1;CountingSort;1501;0;0;15060
500;40;1;QuickSort;16533;7305;2748;20250
500;40;1;InsertionSort;90085;30027;0;31530
500;40;1;BubbleSort;366214;124047;29530;114340
500;40;1;MergeSort;8976;3708;0;60210
500;40;1;CountingSort;1501;0;0;11090
500;40;1;QuickSort;16852;6712;3044;25970
500;40;1;InsertionSort;95763;31921;0;23940
500;40;1;BubbleSort;375078;124695;31422;208061
500;40;1;MergeSort;8976;3720;0;74510
500;40;1;CountingSort;1501;0;0;13320
500;40;1;QuickSort;20110;8170;3649;25570
500;40;1;InsertionSort;98539;32845;0;36290
500;40;1;BubbleSort;378892;124750;32348;188540
500;40;1;MergeSort;8976;3765;0;61560
500;40;1;CountingSort;1501;0;0;19350
500;40;1;QuickSort;16179;6630;2850;23550
500;40;1;InsertionSort;89856;29952;0;27600
500;40;1;BubbleSort;366892;124540;29453;118300
500;40;1;MergeSort;8976;3758;0;59840
500;40;1;CountingSort;1501;0;0;13160
500;40;1;QuickSort;17537;7334;3069;29470
500;40;1;InsertionSort;93142;31046;0;24360
500;40;1;BubbleSort;365376;121590;30549;112690
500;40;1;MergeSort;8976;3748;0;42520
500;40;1;CountingSort;1501;0;0;17190
500;40;1;QuickSort;18954;7872;3364;19940
500;40;1;InsertionSort;91638;30546;0;16940
500;40;1;BubbleSort;368282;124047;30047;157070
500;40;1;MergeSort;8976;3730;0;57190
500;40;1;CountingSort;1501;0;0;13720
500;40;1;QuickSort;16520;7187;2778;21780
500;40;1;InsertionSort;92841;30947;0;34170
500;40;1;BubbleSort;369130;123669;30448;113271
500;40;1;MergeSort;8976;3693;0;51930
500;40;1;CountingSort;1501;0;0;19230
500;40;1;QuickSort;17769;7278;3172;24480
500;40;1;InsertionSort;97374;32458;0;21980
500;40;1;BubbleSort;376146;124155;31959;168011
500;40;1;MergeSort;8976;3680;0;51110
500;40;1;CountingSort;1501;0;0;10700
500;40;1;QuickSort;16392;6861;2846;19210
500;40;1;InsertionSort;99773;33255;0;27611
500;40;1;BubbleSort;379058;124009;32760;242690
500;40;1;MergeSort;8976;3720;0;54050
500;40;1;CountingSort;1501;0;0;11450
500;40;1;QuickSort;17116;7000;3041;18920
500;40;1;InsertionSort;87759;29253;0;25360
500;40;1;BubbleSort;364136;124560;28754;153751
500;40;1;MergeSort;8976;3760;0;62461
500;40;1;CountingSort;1501;0;0;10670
500;40;1;QuickSort;15578;6581;2667;24370
500;40;1;InsertionSort;90654;30218;0;23470
500;40;1;BubbleSort;365826;123475;29719;156611
500;40;1;MergeSort;8976;3783;0;59581
500;40;1;CountingSort;1501;0;0;63720
500;40;1;QuickSort;16692;7020;2898;24570
500;40;1;InsertionSort;92484;30828;0;15360
500;40;1;BubbleSort;368464;123574;30329;162090
500;40;1;MergeSort;8976;3775;0;45340
500;40;1;CountingSort;1501;0;0;11300
500;40;1;QuickSort;15883;6922;2656;20690
500;40;1;InsertionSort;84900;28300;0;25700
500;40;1;BubbleSort;356282;122539;27801;171130
500;40;1;MergeSort;8976;3700;0;63600
500;40;1;CountingSort;1501;0;0;10870
500;40;1;QuickSort;15896;6677;2746;19210
500;40;1;InsertionSort;89460;29820;0;23510
500;40;1;BubbleSort;360142;121429;29321;159251
500;40;1;MergeSort;8976;3700;0;60371
500;40;1;CountingSort;1501;0;0;10980
500;40;1;QuickSort;19107;8091;3338;20771
500;40;1;InsertionSort;94599;31533;0;16990
500;40;1;BubbleSort;371656;123760;31034;119580
500;40;1;MergeSort;8976;3764;0;51500
500;40;1;CountingSort;1501;0;0;32970
500;40;1;QuickSort;16919;6836;3032;19170
500;40;1;InsertionSort;90348;30116;0;18650
500;40;1;BubbleSort;366162;123847;29617;118031
500;40;1;MergeSort;8976;3750;0;58100
500;40;1;CountingSort;1501;0;0;11550
500;40;1;QuickSort;17442;7002;3149;19300
500;40;1;InsertionSort;87822;29272;0;27360
500;40;1;BubbleSort;364142;124519;28776;120320
500;40;1;MergeSort;8976;3744;0;47890
500;40;1;CountingSort;1501;0;0;11280
500;40;1;QuickSort;14860;6265;2538;25890
500;40;1;InsertionSort;94801;31599;0;130531
500;40;1;BubbleSort;373206;124399;31102;226601
500;40;1;MergeSort;8976;3774;0;45451
500;40;1;CountingSort;1501;0;0;10680
500;40;1;QuickSort;17138;7133;3011;19860
500;40;1;InsertionSort;98427;32809;0;23790
500;40;1;BubbleSort;378584;124672;32310;155430
500;40;1;MergeSort;8976;3683;0;45730
500;40;1;CountingSort;1501;0;0;41240
500;40;1;QuickSort;16753;7336;2807;19120
500;40;1;InsertionSort;83574;27858;0;23330
500;40;1;BubbleSort;352774;121669;27359;167651
500;40;1;MergeSort;8976;3662;0;41381
500;40;1;CountingSort;1501;0;0;10100
500;40;1;QuickSort;15462;6336;2712;18370
500;40;1;InsertionSort;89542;29846;0;26750
500;40;1;BubbleSort;366246;124425;29349;198531
500;40;1;MergeSort;8976;3692;0;60931
500;40;1;CountingSort;1501;0;0;10680
500;40;1;QuickSort;20216;8480;3584;20210
500;40;1;InsertionSort;87384;29128;0;20760
500;40;1;BubbleSort;359046;122265;28629;127330
500;40;1;MergeSort;8976;3792;0;42440
500;40;1;CountingSort;1501;0;0;11180
500;40;1;QuickSort;18675;7647;3347;20180
500;40;1;InsertionSort;84721;28239;0;20070
500;40;1;BubbleSort;359208;124120;27742;151701
500;40;1;MergeSort;8976;3743;0;68481
500;40;1;CountingSort;1501;0;0;11200
500;40;1;QuickSort;16853;7283;2852;19420
500;40;1;InsertionSort;85164;28388;0;21611
500;40;1;BubbleSort;360924;124684;27889;166490
500;40;1;MergeSort;8976;3743;0;63530
500;40;1;CountingSort;1501;0;0;12760
500;40;1;QuickSort;18150;7770;3133;20430
500;40;1;InsertionSort;96484;32160;0;24990
500;40;1;BubbleSort;375846;124597;31663;153841
500;40;1;MergeSort;8976;3776;0;51030
500;40;1;CountingSort;1501;0;0;6220
500;40;1;QuickSort;16285;6838;2820;19060
500;40;1;InsertionSort;85581;28527;0;44741
500;40;1;BubbleSort;359972;123930;28028;141120
500;40;1;MergeSort;8976;3754;0;44140
500;40;1;CountingSort;1501;0;0;7090
500;40;1;QuickSort;18050;7496;3183;20600
500;40;1;InsertionSort;87096;29032;0;21970
500;40;1;BubbleSort;360210;123039;28533;207271
500;40;1;MergeSort;8976;3762;0;61611
500;40;1;CountingSort;1501;0;0;8030
500;40;1;QuickSort;16733;6980;2924;23850
500;40;1;InsertionSort;99645;33215;0;30060
500;40;1;BubbleSort;378294;123715;32716;146610
500;40;1;MergeSort;8976;3786;0;52670
500;40;2;CountingSort;1501;0;0;96650
500;40;2;QuickSort;15445;6538;2637;758992
500;40;2;InsertionSort;31177;10389;0;1431925
500;40;2;BubbleSort;183130;71775;9895;4105452
500;40;2;MergeSort;8976;2734;0;663712
500;40;2;CountingSort;1501;0;0;60320
500;40;2;QuickSort;18394;7315;3355;131860
500;40;2;InsertionSort;33547;11179;0;950222
500;40;2;BubbleSort;190798;74029;10685;1179523
500;40;2;MergeSort;8976;2760;0;194801
500;40;2;CountingSort;1501;0;0;64420
500;40;2;QuickSort;16337;6860;2825;90220
500;40;2;InsertionSort;31978;10656;0;841383
500;40;2;BubbleSort;186142;72747;10162;1053243
500;40;2;MergeSort;8976;2740;0;180881
500;40;2;CountingSort;1501;0;0;66671
500;40;2;QuickSort;19149;7953;3400;112800
500;40;2;InsertionSort;32597;10863;0;708332
500;40;2;BubbleSort;192690;75609;10368;1312964
500;40;2;MergeSort;8976;2758;0;83390
500;40;2;CountingSort;1501;0;0;73180
500;40;2;QuickSort;18725;7742;3329;118160
500;40;2;InsertionSort;31766;10584;0;1109023
500;40;2;BubbleSort;186506;73069;10092;1066583
500;40;2;MergeSort;8976;2747;0;140611
500;40;2;CountingSort;1501;0;0;58640
500;40;2;QuickSort;16000;6523;2823;75051
500;40;2;InsertionSort;34078;11356;0;747433
500;40;2;BubbleSort;193408;74980;10862;321201
500;40;2;MergeSort;8976;2745;0;89100
500;40;2;CountingSort;1501;0;0;58550
500;40;2;QuickSort;19251;7821;3477;97400
500;40;2;InsertionSort;30732;10240;0;338561
500;40;2;BubbleSort;183188;72100;9747;426881
500;40;2;MergeSort;8976;2746;0;216651
500;40;2;CountingSort;1501;0;0;78850
500;40;2;QuickSort;17076;7536;2842;92121
500;40;2;InsertionSort;31476;10486;0;158901
500;40;2;BubbleSort;191202;75609;9996;297260
500;40;2;MergeSort;8976;2760;0;101890
500;40;2;CountingSort;1501;0;0;49731
500;40;2;QuickSort;17989;7489;3161;526981
500;40;2;InsertionSort;30763;10253;0;281511
500;40;2;BubbleSort;185162;73069;9756;494491
500;40;2;MergeSort;8976;2741;0;118570
500;40;2;CountingSort;1501;0;0;60800
500;40;2;QuickSort;20942;8711;3743;440401
500;40;2;InsertionSort;29771;9921;0;171520
500;40;2;BubbleSort;188922;75609;9426;260460
500;40;2;MergeSort;8976;2758;0;114430
500;40;2;CountingSort;1501;0;0;62650
500;40;2;QuickSort;18105;7275;3268;370241
500;40;2;InsertionSort;27209;9065;0;333901
500;40;2;BubbleSort;170560;68134;8573;390151
500;40;2;MergeSort;8976;2744;0;113170
500;40;2;CountingSort;1501;0;0;61200
500;40;2;QuickSort;16939;6898;3021;302801
500;40;2;InsertionSort;31466;10486;0;175021
500;40;2;BubbleSort;190554;75295;9991;167740
500;40;2;MergeSort;8976;2732;0;159880
500;40;2;CountingSort;1501;0;0;99611
500;40;2;QuickSort;19411;8224;3390;487682
500;40;2;InsertionSort;33936;11308;0;242881
500;40;2;BubbleSort;196970;76855;10815;245010
500;40;2;MergeSort;8976;2747;0;116820
500;40;2;CountingSort;1501;0;0;63010
500;40;2;QuickSort;18750;7779;3320;356311
500;40;2;InsertionSort;31096;10362;0;92380
500;40;2;BubbleSort;180402;70465;9868;176451
500;40;2;MergeSort;8976;2736;0;163501
500;40;2;CountingSort;1501;0;0;50390
500;40;2;QuickSort;17579;7346;3074;367361
500;40;2;InsertionSort;33391;11127;0;439751
500;40;2;BubbleSort;201130;79299;10633;415161
500;40;2;MergeSort;8976;2740;0;81821
500;40;2;CountingSort;1501;0;0;71780
500;40;2;QuickSort;15236;6254;2665;66550
500;40;2;InsertionSort;32699;10897;0;143830
500;40;2;BubbleSort;195318;76855;10402;174401
500;40;2;MergeSort;8976;2749;0;124310
500;40;2;CountingSort;1501;0;0;68430
500;40;2;QuickSort;19337;7769;3525;20860
500;40;2;InsertionSort;30802;10266;0;330171
500;40;2;BubbleSort;189036;74980;9769;291411
500;40;2;MergeSort;8976;2735;0;80991
500;40;2;CountingSort;1501;0;0;103200
500;40;2;QuickSort;16703;6920;2926;187661
500;40;2;InsertionSort;29058;9684;0;153631
500;40;2;BubbleSort;186080;74664;9188;150810
500;40;2;MergeSort;8976;2751;0;152920
500;40;2;CountingSort;1501;0;0;72871
500;40;2;QuickSort;19877;8099;3590;16570
500;40;2;InsertionSort;33838;11278;0;373531
500;40;2;BubbleSort;189904;73390;10781;237441
500;40;2;MergeSort;8976;2759;0;82460
500;40;2;CountingSort;1501;0;0;61590
500;40;2;QuickSort;16830;6897;2978;47980
500;40;2;InsertionSort;31073;10353;0;204241
500;40;2;BubbleSort;195614;78085;9861;177281
500;40;2;MergeSort;8976;2754;0;154351
500;40;2;CountingSort;1501;0;0;86601
500;40;2;QuickSort;17007;6831;3053;21580
500;40;2;InsertionSort;30701;10231;0;370161
500;40;2;BubbleSort;184438;72747;9736;336761
500;40;2;MergeSort;8976;2752;0;124610
500;40;2;CountingSort;1501;0;0;61560
500;40;2;QuickSort;18981;7758;3400;58280
500;40;2;InsertionSort;32532;10840;0;197671
500;40;2;BubbleSort;189446;74029;10347;186851
500;40;2;MergeSort;8976;2749;0;160581
500;40;2;CountingSort;1501;0;0;61590
500;40;2;QuickSort;18266;7406;3285;17740
500;40;2;InsertionSort;32225;10739;0;401301
500;40;2;BubbleSort;188396;73710;10244;278621
500;40;2;MergeSort;8976;2740;0;47830
500;40;2;CountingSort;1501;0;0;88430
500;40;2;QuickSort;16567;6706;2953;46130
500;40;2;InsertionSort;29682;9888;0;207521
500;40;2;BubbleSort;187552;74980;9398;99941
500;40;2;MergeSort;8976;2754;0;61910
500;40;2;CountingSort;1501;0;0;2035226
500;40;2;QuickSort;22185;8928;4086;23450
500;40;2;InsertionSort;31899;10631;0;271920
500;40;2;BubbleSort;193630;76545;10135;54601
500;40;2;MergeSort;8976;2737;0;51040
500;40;2;CountingSort;1501;0;0;86140
500;40;2;QuickSort;16504;6916;2874;20540
500;40;2;InsertionSort;33152;11046;0;348781
500;40;2;BubbleSort;187710;72747;10554;281531
500;40;2;MergeSort;8976;2742;0;55510
500;40;2;CountingSort;1501;0;0;88901
500;40;2;QuickSort;15314;6566;2588;34170
500;40;2;InsertionSort;31465;10487;0;109300
500;40;2;BubbleSort;189288;74664;9990;117490
500;40;2;MergeSort;8976;2751;0;60110
500;40;2;CountingSort;1501;0;0;50060
500;40;2;QuickSort;15773;6704;2684;20580
500;40;2;InsertionSort;32102;10696;0;290531
500;40;2;BubbleSort;190776;74980;10204;258341
500;40;2;MergeSort;8976;2745;0;35201
500;40;2;CountingSort;1501;0;0;50200
500;40;2;QuickSort;16441;6652;2933;29080
500;40;2;InsertionSort;31382;10458;0;114471
500;40;2;BubbleSort;197846;78997;9963;104971
500;40;2;MergeSort;8976;2730;0;48961
500;40;2;CountingSort;1501;0;0;46321
500;40;2;QuickSort;19182;8025;3387;22030
500;40;2;InsertionSort;31547;10513;0;302331
500;40;2;BubbleSort;193162;76545;10018;268621
500;40;2;MergeSort;8976;2735;0;36050
500;40;2;CountingSort;1501;0;0;44671
500;40;2;QuickSort;16771;7069;2900;20400
500;40;2;InsertionSort;31603;10529;0;10160
500;40;2;BubbleSort;195710;77779;10038;157670
500;40;2;MergeSort;8976;2751;0;47720
500;40;2;CountingSort;1501;0;0;89661
500;40;2;QuickSort;17230;7108;3047;16111
500;40;2;InsertionSort;32406;10800;0;12800
500;40;2;BubbleSort;192434;75609;10304;99360
500;40;2;MergeSort;8976;2752;0;72510
500;40;2;CountingSort;1501;0;0;67530
500;40;2;QuickSort;15464;6395;2697;30910
500;40;2;InsertionSort;30300;10098;0;10040
500;40;2;BubbleSort;189626;75609;9602;177880
500;40;2;MergeSort;8976;2747;0;36140
500;40;2;CountingSort;1501;0;0;54720
500;40;2;QuickSort;17497;7042;3154;15610
500;40;2;InsertionSort;31337;10445;0;7880
500;40;2;BubbleSort;188482;74347;9947;108151
500;40;2;MergeSort;8976;2758;0;37680
500;40;2;CountingSort;1501;0;0;26290
500;40;2;QuickSort;16214;6566;2879;15320
500;40;2;InsertionSort;29863;9953;0;7620
500;40;2;BubbleSort;187152;74664;9456;101980
500;40;2;MergeSort;8976;2738;0;55390
500;40;2;CountingSort;1501;0;0;11240
500;40;2;QuickSort;15965;6452;2840;21890
500;40;2;InsertionSort;31109;10367;0;9870
500;40;2;BubbleSort;195046;77779;9872;103671
500;40;2;MergeSort;8976;2737;0;35850
500;40;2;CountingSort;1501;0;0;15630
500;40;2;QuickSort;16904;7175;2917;23080
500;40;2;InsertionSort;30083;10023;0;18990
500;40;2;BubbleSort;184904;73390;9531;104000
500;40;2;MergeSort;8976;2736;0;25470
500;40;2;CountingSort;1501;0;0;7820
500;40;2;QuickSort;17789;7292;3168;21910
500;40;2;InsertionSort;34135;11373;0;12370
500;40;2;BubbleSort;192856;74664;10882;128920
500;40;2;MergeSort;8976;2746;0;37660
500;40;2;CountingSort;1501;0;0;9170
500;40;2;QuickSort;17028;7188;2951;22080
500;40;2;InsertionSort;27925;9305;0;8900
500;40;2;BubbleSort;181382;73069;8811;91060
500;40;2;MergeSort;8976;2747;0;43830
500;40;2;CountingSort;1501;0;0;25510
500;40;2;QuickSort;20343;8562;3596;27110
500;40;2;InsertionSort;32174;10720;0;9690
500;40;2;BubbleSort;194002;76545;10228;88930
500;40;2;MergeSort;8976;2735;0;53540
500;40;2;CountingSort;1501;0;0;27910
500;40;2;QuickSort;19205;7790;3473;33420
500;40;2;InsertionSort;29943;9975;0;8660
500;40;2;BubbleSort;196538;79299;9485;81990
500;40;2;MergeSort;8976;2742;0;42570
500;40;2;CountingSort;1501;0;0;11680
500;40;2;QuickSort;17263;7159;3037;29060
500;40;2;InsertionSort;27569;9187;0;9040
500;40;2;BubbleSort;184728;74980;8692;77661
500;40;2;MergeSort;8976;2748;0;45371
500;40;2;CountingSort;1501;0;0;9590
500;40;2;QuickSort;21251;8582;3891;25960
500;40;2;InsertionSort;29756;9916;0;6060
500;40;2;BubbleSort;188274;75295;9421;62950
500;40;2;MergeSort;8976;2751;0;39910
500;40;2;CountingSort;1501;0;0;10270
500;40;2;QuickSort;18346;7360;3330;17010
500;40;2;InsertionSort;31823;10605;0;9270
500;40;2;BubbleSort;189768;74664;10110;76660
500;40;2;MergeSort;8976;2757;0;39080
500;40;2;CountingSort;1501;0;0;9870
500;40;2;QuickSort;17323;7042;3097;18390
500;40;2;InsertionSort;33675;11221;0;9320
500;40;2;BubbleSort;195380;76234;10728;86621
500;40;2;MergeSort;8976;2744;0;43660
500;40;2;CountingSort;1501;0;0;10370
500;40;2;QuickSort;19497;7932;3526;18230
500;40;2;InsertionSort;29396;9796;0;8880
500;40;2;BubbleSort;183984;73390;9301;107340
500;40;2;MergeSort;8976;2742;0;60640
500;40;2;CountingSort;1501;0;0;9930
500;40;2;QuickSort;21944;8921;4007;18920
500;40;2;InsertionSort;35823;11939;0;8670
500;40;2;BubbleSort;195100;74664;11443;77121
500;40;2;MergeSort;8976;2752;0;37080
500;40;2;CountingSort;1501;0;0;16110
500;40;2;QuickSort;18311;7526;3253;17850
500;40;2;InsertionSort;31781;10587;0;7930
500;40;2;BubbleSort;181322;70465;10098;57910
500;40;2;MergeSort;8976;2743;0;44770
500;40;2;CountingSort;1501;0;0;13390
500;40;2;QuickSort;16682;6920;2920;17030
500;40;2;InsertionSort;33217;11069;0;9890
500;40;2;BubbleSort;194144;75922;10575;99821
500;40;2;MergeSort;8976;2741;0;48051
500;40;2;CountingSort;1501;0;0;10741
500;40;2;QuickSort;17515;7144;3117;20980
500;40;2;InsertionSort;30402;10130;0;12620
500;40;2;BubbleSort;194106;77779;9637;94590
500;40;2;MergeSort;8976;2746;0;51410
500;40;2;CountingSort;1501;0;0;10750
500;40;2;QuickSort;16936;7021;2974;20740
500;40;2;InsertionSort;32507;10835;0;11650
500;40;2;BubbleSort;188128;73390;10337;141011
500;40;2;MergeSort;8976;2753;0;78660
500;40;2;CountingSort;1501;0;0;21150
500;40;2;QuickSort;18496;7639;3293;21580
500;40;2;InsertionSort;30008;10000;0;7210
500;40;2;BubbleSort;192348;77164;9505;88040
500;40;2;MergeSort;8976;2758;0;46360
500;40;2;CountingSort;1501;0;0;29460
500;40;2;QuickSort;15703;6583;2709;31101
500;40;2;InsertionSort;28196;9396;0;17730
500;40;2;BubbleSort;174548;69472;8901;122690
500;40;2;MergeSort;8976;2748;0;77220
500;40;2;CountingSort;1501;0;0;14610
500;40;2;QuickSort;16047;6978;2701;21130
500;40;2;InsertionSort;33221;11069;0;11790
500;40;2;BubbleSort;191002;74347;10577;97150
500;40;2;MergeSort;8976;2737;0;47710
500;40;2;CountingSort;1501;0;0;11850
500;40;2;QuickSort;16637;6992;2878;34190
500;40;2;InsertionSort;32225;10739;0;7490
500;40;2;BubbleSort;187114;73069;10244;52470
500;40;2;MergeSort;8976;2747;0;61910
500;40;2;CountingSort;1501;0;0;12550
500;40;2;QuickSort;17789;7439;3119;17880
500;40;2;InsertionSort;32036;10676;0;5830
500;40;2;BubbleSort;193814;76545;10181;82160
500;40;2;MergeSort;8976;2747;0;41100
500;40;2;CountingSort;1501;0;0;34850
500;40;2;QuickSort;17349;7197;3047;34600
500;40;2;InsertionSort;30666;10218;0;9400
500;40;2;BubbleSort;177178;69139;9725;129641
500;40;2;MergeSort;8976;2735;0;45970
500;40;2;CountingSort;1501;0;0;35060
500;40;2;QuickSort;16723;6907;2944;26100
500;40;2;InsertionSort;31559;10513;0;7580
500;40;2;BubbleSort;182340;71122;10024;107980
500;40;2;MergeSort;8976;2763;0;52780
500;40;2;CountingSort;1501;0;0;12820
500;40;2;QuickSort;16260;6696;2854;20450
500;40;2;InsertionSort;34180;11390;0;9690
500;40;2;BubbleSort;202182;79299;10896;121750
500;40;2;MergeSort;8976;2754;0;62610
500;40;2;CountingSort;1501;0;0;13630
500;40;2;QuickSort;15830;6746;2697;21640
500;40;2;InsertionSort;31680;10556;0;10360
500;40;2;BubbleSort;195196;77472;10063;110150
500;40;2;MergeSort;8976;2737;0;51710
500;40;2;CountingSort;1501;0;0;12500
500;40;2;QuickSort;16393;6619;2932;23580
500;40;2;InsertionSort;31753;10581;0;9710
500;40;2;BubbleSort;189676;74664;10087;137381
500;40;2;MergeSort;8976;2754;0;73500
500;40;2;CountingSort;1501;0;0;11541
500;40;2;QuickSort;16367;6827;2846;17240
500;40;2;InsertionSort;28954;9648;0;9260
500;40;2;BubbleSort;191560;77472;9154;82300
500;40;2;MergeSort;8976;2748;0;62000
500;40;2;CountingSort;1501;0;0;24350
500;40;2;QuickSort;16836;7347;2838;29980
500;40;2;InsertionSort;32023;10671;0;6020
500;40;2;BubbleSort;196266;77779;10177;115511
500;40;2;MergeSort;8976;2758;0;58351
500;40;2;CountingSort;1501;0;0;15040
500;40;2;QuickSort;20765;8198;3846;18360
500;40;2;InsertionSort;28588;9526;0;5540
500;40;2;BubbleSort;179678;71775;9032;94860
500;40;2;MergeSort;8976;2754;0;37130
500;40;2;CountingSort;1501;0;0;12470
500;40;2;QuickSort;14756;6185;2528;16790
500;40;2;InsertionSort;30797;10263;0;43530
500;40;2;BubbleSort;191540;76234;9768;143291
500;40;2;MergeSort;8976;2737;0;86061
500;40;2;CountingSort;1501;0;0;18150
500;40;2;QuickSort;17016;6951;3018;17410
500;40;2;InsertionSort;32713;10901;0;7720
500;40;2;BubbleSort;195338;76855;10407;65880
500;40;2;MergeSort;8976;2746;0;54780
500;40;2;CountingSort;1501;0;0;10900
500;40;2;QuickSort;18621;7608;3332;16880
500;40;2;InsertionSort;31995;10661;0;6180
500;40;2;BubbleSort;191890;75609;10168;128310
500;40;2;MergeSort;8976;2742;0;65500
500;40;2;CountingSort;1501;0;0;16940
500;40;2;QuickSort;17451;7152;3098;28170
500;40;2;InsertionSort;31315;10435;0;11370
500;40;2;BubbleSort;185258;72747;9941;121261
500;40;2;MergeSort;8976;2761;0;65971
500;40;2;CountingSort;1501;0;0;17100
500;40;2;QuickSort;18436;7561;3289;21370
500;40;2;InsertionSort;30825;10271;0;11320
500;40;2;BubbleSort;182662;71775;9778;88030
500;40;2;MergeSort;8976;2747;0;49060
500;40;2;CountingSort;1501;0;0;10890
500;40;2;QuickSort;17658;7134;3171;18130
500;40;2;InsertionSort;31937;10641;0;7080
500;40;2;BubbleSort;188016;73710;10149;113641
500;40;2;MergeSort;8976;2756;0;68641
500;40;2;CountingSort;1501;0;0;9620
500;40;2;QuickSort;17153;7085;3021;18720
500;40;2;InsertionSort;30803;10263;0;7250
500;40;2;BubbleSort;186504;73710;9771;73770
500;40;2;MergeSort;8976;2745;0;45120
500;40;2;CountingSort;1501;0;0;9650
500;40;2;QuickSort;16671;6837;2946;17040
500;40;2;InsertionSort;31370;10454;0;5960
500;40;2;BubbleSort;186616;73390;9959;95371
500;40;2;MergeSort;8976;2749;0;61411
500;40;2;CountingSort;1501;0;0;20710
500;40;2;QuickSort;17584;7156;3148;23181
500;40;2;InsertionSort;30373;10123;0;9110
500;40;2;BubbleSort;189094;75295;9626;118150
500;40;2;MergeSort;8976;2741;0;74440
500;40;2;CountingSort;1501;0;0;11580
500;40;2;QuickSort;17863;7573;3104;17420
500;40;2;InsertionSort;32029;10669;0;9180
500;40;2;BubbleSort;189418;74347;10181;85200
500;40;2;MergeSort;8976;2752;0;43090
500;40;2;CountingSort;1501;0;0;11660
500;40;2;QuickSort;15069;6486;2526;22290
500;40;2;InsertionSort;31081;10357;0;7631
500;40;2;BubbleSort;196232;78390;9863;122290
500;40;2;MergeSort;8976;2747;0;77210
500;40;2;CountingSort;1501;0;0;11020
500;40;2;QuickSort;18510;7497;3330;35000
500;40;2;InsertionSort;31847;10613;0;5820
500;40;2;BubbleSort;196030;77779;10118;111390
500;40;2;MergeSort;8976;2749;0;77360
500;40;2;CountingSort;1501;0;0;12450
500;40;2;QuickSort;16807;6907;2968;22740
500;40;2;InsertionSort;32230;10740;0;9700
500;40;2;BubbleSort;179928;69472;10246;67751
500;40;2;MergeSort;8976;2743;0;43911
500;40;2;CountingSort;1501;0;0;9530
500;40;2;QuickSort;14935;6178;2588;16780
500;40;2;InsertionSort;31102;10364;0;6340
500;40;2;BubbleSort;198680;79600;9870;113150
500;40;2;MergeSort;8976;2746;0;70260
500;40;2;CountingSort;1501;0;0;9570
500;40;2;QuickSort;18575;7613;3326;17590
500;40;2;InsertionSort;30824;10274;0;5790
500;40;2;BubbleSort;188432;74664;9776;65480
500;40;2;MergeSort;8976;2734;0;40070
500;40;2;CountingSort;1501;0;0;10800
500;40;2;QuickSort;15753;6453;2765;17170
500;40;2;InsertionSort;30765;10249;0;8670
500;40;2;BubbleSort;188364;74664;9759;103141
500;40;2;MergeSort;8976;2755;0;36321
500;40;2;CountingSort;1501;0;0;14330
500;40;2;QuickSort;17151;6876;3091;22391
500;40;2;InsertionSort;35963;11983;0;16070
500;40;2;BubbleSort;192102;73069;11491;86350
500;40;2;MergeSort;8976;2734;0;48990
500;40;2;CountingSort;1501;0;0;14040
500;40;2;QuickSort;17009;7355;2887;21760
500;40;2;InsertionSort;30518;10170;0;9540
500;40;2;BubbleSort;189290;75295;9675;133040
500;40;2;MergeSort;8976;2756;0;70660
500;40;2;CountingSort;1501;0;0;11430
500;40;2;QuickSort;18242;7277;3319;21520
500;40;2;InsertionSort;31132;10374;0;9620
500;40;2;BubbleSort;188214;74347;9880;97670
500;40;2;MergeSort;8976;2752;0;72760
500;40;2;CountingSort;1501;0;0;8960
500;40;2;QuickSort;16790;6722;3017;25300
500;40;2;InsertionSort;31845;10609;0;5930
500;40;2;BubbleSort;200276;79900;10119;84970
500;40;2;MergeSort;8976;2751;0;53090
500;40;2;CountingSort;1501;0;0;15951
500;40;2;QuickSort;20477;8462;3666;20530
500;40;2;InsertionSort;33470;11154;0;7640
500;40;2;BubbleSort;194480;75922;10659;107380
500;40;2;MergeSort;8976;2744;0;56880
500;40;2;CountingSort;1501;0;0;11540
500;40;2;QuickSort;16882;6811;3017;17360
500;40;2;InsertionSort;28710;9566;0;6500
500;40;2;BubbleSort;177222;70465;9073;57640
500;40;2;MergeSort;8976;2757;0;47510
500;40;2;CountingSort;1501;0;0;10860
500;40;2;QuickSort;17379;7266;3035;21440
500;40;2;InsertionSort;29111;9699;0;6910
500;40;2;BubbleSort;189918;76545;9207;79440
500;40;2;MergeSort;8976;2751;0;61510
500;40;2;CountingSort;1501;0;0;9320
500;40;2;QuickSort;19249;7666;3526;21120
500;40;2;InsertionSort;32082;10690;0;16230
500;40;2;BubbleSort;196346;77779;10197;79560
500;40;2;MergeSort;8976;2755;0;50250
500;40;2;CountingSort;1501;0;0;15980
500;40;2;QuickSort;18538;8245;3108;18440
500;40;2;InsertionSort;32237;10739;0;9190
500;40;2;BubbleSort;199598;79299;10250;77450
500;40;2;MergeSort;8976;2746;0;48670
500;40;2;CountingSort;1501;0;0;12050
500;40;2;QuickSort;19755;7902;3616;17590
500;40;2;InsertionSort;32278;10758;0;9310
500;40;2;BubbleSort;191004;74980;10261;192121
500;40;2;MergeSort;8976;2739;0;83250
500;40;2;CountingSort;1501;0;0;21600
500;40;2;QuickSort;15151;6445;2569;17390
500;40;2;InsertionSort;32134;10708;0;7130
500;40;2;BubbleSort;185056;72100;10214;100460
500;40;2;MergeSort;8976;2749;0;80120
500;40;2;CountingSort;1501;0;0;10950
500;40;2;QuickSort;17588;7322;3093;20030
500;40;2;InsertionSort;29769;9921;0;9440
500;40;2;BubbleSort;183838;73069;9425;121251
500;40;2;MergeSort;8976;2755;0;62970
500;40;2;CountingSort;1501;0;0;44571
500;40;2;QuickSort;16750;7072;2896;24870
500;40;2;InsertionSort;30862;10286;0;7720
500;40;2;BubbleSort;195326;78085;9789;80470
500;40;2;MergeSort;8976;2732;0;39270
500;40;2;CountingSort;1501;0;0;11060
500;40;2;QuickSort;17224;7135;3025;18290
500;40;2;InsertionSort;29895;9963;0;5610
500;40;2;BubbleSort;192196;77164;9467;103110
500;40;2;MergeSort;8976;2735;0;60950
500;40;2;CountingSort;1501;0;0;8930
500;40;2;QuickSort;16783;6742;3001;16850
500;40;2;InsertionSort;31767;10587;0;9110
500;40;2;BubbleSort;190324;74980;10091;101750
500;40;2;MergeSort;8976;2745;0;48110
500;40;2;CountingSort;1501;0;0;15280
500;40;2;QuickSort;16164;6708;2821;24150
500;40;2;InsertionSort;33533;11175;0;9440
500;40;2;BubbleSort;197664;77472;10680;74761
500;40;2;MergeSort;8976;2748;0;71051
500;40;2;CountingSort;1501;0;0;10540
500;40;2;QuickSort;18274;7597;3223;17251
500;40;2;InsertionSort;30224;10072;0;7840
500;40;2;BubbleSort;177916;69804;9577;88470
500;40;2;MergeSort;8976;2754;0;73500
500;40;2;CountingSort;1501;0;0;67600
500;40;2;QuickSort;17388;7935;2817;19650
500;40;2;InsertionSort;29608;9868;0;7070
500;40;2;BubbleSort;196082;79299;9371;75210
500;40;2;MergeSort;8976;2746;0;61890
500;40;2;CountingSort;1501;0;0;10320
500;40;2;QuickSort;16948;6928;3001;22400
500;40;2;InsertionSort;32274;10754;0;6010
500;40;2;BubbleSort;190372;74664;10261;108230
500;40;2;MergeSort;8976;2745;0;42160
500;40;2;CountingSort;1501;0;0;11140
500;40;2;QuickSort;17049;7221;2936;22670
500;40;2;InsertionSort;31854;10616;0;5930
500;40;2;BubbleSort;195424;77472;10120;140161
500;40;2;MergeSort;8976;2756;0;64041
500;40;3;CountingSort;1501;0;0;127260
500;40;3;QuickSort;18886;8128;3262;927713
500;40;3;InsertionSort;31758;10586;0;1221444
500;40;3;BubbleSort;185196;72424;10087;4238603
500;40;3;MergeSort;8976;2797;0;666642
500;40;3;CountingSort;1501;0;0;55610
500;40;3;QuickSort;16330;6988;2777;103300
500;40;3;InsertionSort;29793;9931;0;681102
500;40;3;BubbleSort;184508;73390;9432;669232
500;40;3;MergeSort;8976;2808;0;143080
500;40;3;CountingSort;1501;0;0;62150
500;40;3;QuickSort;20094;8727;3464;107460
500;40;3;InsertionSort;32067;10689;0;940883
500;40;3;BubbleSort;193228;76234;10190;1035053
500;40;3;MergeSort;8976;2795;0;149501
500;40;3;CountingSort;1501;0;0;44630
500;40;3;QuickSort;18526;7750;3264;73001
500;40;3;InsertionSort;32613;10871;0;707442
500;40;3;BubbleSort;190816;74664;10372;1037763
500;40;3;MergeSort;8976;2777;0;83540
500;40;3;CountingSort;1501;0;0;63041
500;40;3;QuickSort;17103;6921;3060;85601
500;40;3;InsertionSort;31158;10386;0;961402
500;40;3;BubbleSort;191392;75922;9887;866402
500;40;3;MergeSort;8976;2782;0;188250
500;40;3;CountingSort;1501;0;0;50091
500;40;3;QuickSort;19501;7738;3588;83060
500;40;3;InsertionSort;31728;10576;0;903742
500;40;3;BubbleSort;190268;74980;10077;413841
500;40;3;MergeSort;8976;2799;0;78290
500;40;3;CountingSort;1501;0;0;64140
500;40;3;QuickSort;17769;7488;3100;102420
500;40;3;InsertionSort;31365;10455;0;416452
500;40;3;BubbleSort;195994;78085;9956;440851
500;40;3;MergeSort;8976;2778;0;191370
500;40;3;CountingSort;1501;0;0;56860
500;40;3;QuickSort;16915;7075;2942;46250
500;40;3;InsertionSort;32952;10984;0;223401
500;40;3;BubbleSort;188078;73069;10485;234150
500;40;3;MergeSort;8976;2794;0;118490
500;40;3;CountingSort;1501;0;0;61191
500;40;3;QuickSort;18977;7829;3385;87431
500;40;3;InsertionSort;31419;10473;0;188040
500;40;3;BubbleSort;174136;67120;9974;126710
500;40;3;MergeSort;8976;2799;0;194940
500;40;3;CountingSort;1501;0;0;65880
500;40;3;QuickSort;17673;7332;3116;85100
500;40;3;InsertionSort;30579;10193;0;90670
500;40;3;BubbleSort;191244;76234;9694;207541
500;40;3;MergeSort;8976;2795;0;186121
500;40;3;CountingSort;1501;0;0;62800
500;40;3;QuickSort;17376;6879;3169;61900
500;40;3;InsertionSort;33519;11173;0;210130
500;40;3;BubbleSort;192024;74664;10674;98250
500;40;3;MergeSort;8976;2791;0;67250
500;40;3;CountingSort;1501;0;0;45581
500;40;3;QuickSort;16513;6871;2883;70970
500;40;3;InsertionSort;28788;9596;0;156200
500;40;3;BubbleSort;194986;79299;9097;183630
500;40;3;MergeSort;8976;2809;0;152290
500;40;3;CountingSort;1501;0;0;52760
500;40;3;QuickSort;16747;7201;2853;91831
500;40;3;InsertionSort;31329;10443;0;115931
500;40;3;BubbleSort;192244;76234;9944;72601
500;40;3;MergeSort;8976;2794;0;99950
500;40;3;CountingSort;1501;0;0;56180
500;40;3;QuickSort;16001;6773;2742;74170
500;40;3;InsertionSort;33093;11031;0;261881
500;40;3;BubbleSort;195838;76855;10532;239231
500;40;3;MergeSort;8976;2791;0;180831
500;40;3;CountingSort;1501;0;0;72160
500;40;3;QuickSort;16810;6817;2988;265800
500;40;3;InsertionSort;30603;10201;0;102320
500;40;3;BubbleSort;180396;70794;9702;83240
500;40;3;MergeSort;8976;2780;0;114820
500;40;3;CountingSort;1501;0;0;52631
500;40;3;QuickSort;17735;7163;3183;315091
500;40;3;InsertionSort;34083;11361;0;338931
500;40;3;BubbleSort;199618;78085;10862;335341
500;40;3;MergeSort;8976;2787;0;191481
500;40;3;CountingSort;1501;0;0;50670
500;40;3;QuickSort;18919;8020;3301;346741
500;40;3;InsertionSort;29814;9938;0;165981
500;40;3;BubbleSort;188346;75295;9439;135251
500;40;3;MergeSort;8976;2802;0;101101
500;40;3;CountingSort;1501;0;0;45580
500;40;3;QuickSort;16933;7099;2947;334621
500;40;3;InsertionSort;30054;10018;0;357911
500;40;3;BubbleSort;186770;74347;9519;357692
500;40;3;MergeSort;8976;2785;0;205730
500;40;3;CountingSort;1501;0;0;48220
500;40;3;QuickSort;19190;7772;3468;388921
500;40;3;InsertionSort;30987;10329;0;159630
500;40;3;BubbleSort;190538;75609;9830;142780
500;40;3;MergeSort;8976;2786;0;142201
500;40;3;CountingSort;1501;0;0;48090
500;40;3;QuickSort;16745;6764;2993;440412
500;40;3;InsertionSort;29634;9878;0;301590
500;40;3;BubbleSort;193686;78085;9379;314401
500;40;3;MergeSort;8976;2797;0;198460
500;40;3;CountingSort;1501;0;0;64040
500;40;3;QuickSort;15659;6512;2717;318681
500;40;3;InsertionSort;29847;9949;0;227671
500;40;3;BubbleSort;184580;73390;9450;178781
500;40;3;MergeSort;8976;2777;0;163581
500;40;3;CountingSort;1501;0;0;46740
500;40;3;QuickSort;17342;7025;3111;371811
500;40;3;InsertionSort;33561;11187;0;331151
500;40;3;BubbleSort;195220;76234;10688;337771
500;40;3;MergeSort;8976;2790;0;158031
500;40;3;CountingSort;1501;0;0;49080
500;40;3;QuickSort;16419;6684;2912;332431
500;40;3;InsertionSort;31599;10533;0;143130
500;40;3;BubbleSort;196306;78085;10034;67700
500;40;3;MergeSort;8976;2793;0;76260
500;40;3;CountingSort;1501;0;0;46120
500;40;3;QuickSort;16177;7081;2701;1534614
500;40;3;InsertionSort;31323;10441;0;1307534
500;40;3;BubbleSort;189096;74664;9942;1347004
500;40;3;MergeSort;8976;2795;0;1271824
500;40;3;CountingSort;1501;0;0;62360
500;40;3;QuickSort;16150;6898;2747;118671
500;40;3;InsertionSort;31422;10474;0;194871
500;40;3;BubbleSort;182798;71449;9975;172040
500;40;3;MergeSort;8976;2784;0;60710
500;40;3;CountingSort;1501;0;0;45120
500;40;3;QuickSort;15990;6690;2767;25030
500;40;3;InsertionSort;31596;10532;0;112401
500;40;3;BubbleSort;191976;75922;10033;68530
500;40;3;MergeSort;8976;2794;0;27220
500;40;3;CountingSort;1501;0;0;65490
500;40;3;QuickSort;16146;6819;2775;22250
500;40;3;InsertionSort;31332;10444;0;196721
500;40;3;BubbleSort;183980;72100;9945;165791
500;40;3;MergeSort;8976;2795;0;29151
500;40;3;CountingSort;1501;0;0;49970
500;40;3;QuickSort;16430;6716;2899;23320
500;40;3;InsertionSort;31029;10343;0;116130
500;40;3;BubbleSort;190594;75609;9844;122101
500;40;3;MergeSort;8976;2798;0;49950
500;40;3;CountingSort;1501;0;0;46040
500;40;3;QuickSort;16691;6866;2939;20271
500;40;3;InsertionSort;32325;10775;0;207230
500;40;3;BubbleSort;197884;78390;10276;209030
500;40;3;MergeSort;8976;2804;0;39540
500;40;3;CountingSort;1501;0;0;50780
500;40;3;QuickSort;17087;6890;3069;35410
500;40;3;InsertionSort;31857;10619;0;98841
500;40;3;BubbleSort;187260;73390;10120;105121
500;40;3;MergeSort;8976;2799;0;60721
500;40;3;CountingSort;1501;0;0;51050
500;40;3;QuickSort;16121;6833;2765;19650
500;40;3;InsertionSort;30282;10094;0;12250
500;40;3;BubbleSort;189598;75609;9595;76630
500;40;3;MergeSort;8976;2788;0;41360
500;40;3;CountingSort;1501;0;0;33540
500;40;3;QuickSort;17987;7688;3113;25150
500;40;3;InsertionSort;30405;10135;0;9250
500;40;3;BubbleSort;191634;76545;9636;118331
500;40;3;MergeSort;8976;2792;0;73901
500;40;3;CountingSort;1501;0;0;20180
500;40;3;QuickSort;18036;7308;3243;15810
500;40;3;InsertionSort;30792;10264;0;9890
500;40;3;BubbleSort;184554;72747;9765;60630
500;40;3;MergeSort;8976;2779;0;43400
500;40;3;CountingSort;1501;0;0;8950
500;40;3;QuickSort;19149;7671;3492;23220
500;40;3;InsertionSort;31821;10607;0;10280
500;40;3;BubbleSort;194760;77164;10108;100651
500;40;3;MergeSort;8976;2798;0;52051
500;40;3;CountingSort;1501;0;0;12900
500;40;3;QuickSort;20641;8362;3762;23130
500;40;3;InsertionSort;30495;10165;0;6190
500;40;3;BubbleSort;192374;76855;9666;64970
500;40;3;MergeSort;8976;2789;0;40840
500;40;3;CountingSort;1501;0;0;9480
500;40;3;QuickSort;19572;7737;3609;22900
500;40;3;InsertionSort;31455;10485;0;11540
500;40;3;BubbleSort;193654;76855;9986;105811
500;40;3;MergeSort;8976;2790;0;54290
500;40;3;CountingSort;1501;0;0;9050
500;40;3;QuickSort;18481;7621;3293;23970
500;40;3;InsertionSort;33777;11259;0;11730
500;40;3;BubbleSort;199820;78390;10760;115851
500;40;3;MergeSort;8976;2809;0;57521
500;40;3;CountingSort;1501;0;0;9420
500;40;3;QuickSort;17243;7265;2987;17750
500;40;3;InsertionSort;29826;9942;0;9690
500;40;3;BubbleSort;181972;72100;9443;60600
500;40;3;MergeSort;8976;2781;0;50260
500;40;3;CountingSort;1501;0;0;13660
500;40;3;QuickSort;17528;7136;3121;16140
500;40;3;InsertionSort;32943;10981;0;9640
500;40;3;BubbleSort;198098;78085;10482;66340
500;40;3;MergeSort;8976;2772;0;41010
500;40;3;CountingSort;1501;0;0;18620
500;40;3;QuickSort;17416;7036;3135;30500
500;40;3;InsertionSort;31917;10639;0;11480
500;40;3;BubbleSort;196730;78085;10140;133561
500;40;3;MergeSort;8976;2787;0;70921
500;40;3;CountingSort;1501;0;0;14670
500;40;3;QuickSort;17480;7586;2965;22440
500;40;3;InsertionSort;30165;10055;0;10870
500;40;3;BubbleSort;179812;70794;9556;61780
500;40;3;MergeSort;8976;2792;0;56000
500;40;3;CountingSort;1501;0;0;14380
500;40;3;QuickSort;16778;6938;2951;21810
500;40;3;InsertionSort;33174;11058;0;10670
500;40;3;BubbleSort;190930;74347;10559;133151
500;40;3;MergeSort;8976;2781;0;61781
500;40;3;CountingSort;1501;0;0;12460
500;40;3;QuickSort;17473;7027;3154;21560
500;40;3;InsertionSort;31215;10405;0;18880
500;40;3;BubbleSort;188318;74347;9906;63320
500;40;3;MergeSort;8976;2798;0;68421
500;40;3;CountingSort;1501;0;0;11350
500;40;3;QuickSort;17058;6981;3024;22930
500;40;3;InsertionSort;31491;10497;0;9950
500;40;3;BubbleSort;194320;77164;9998;57160
500;40;3;MergeSort;8976;2776;0;42280
500;40;3;CountingSort;1501;0;0;16420
500;40;3;QuickSort;16601;6992;2867;22110
500;40;3;InsertionSort;30594;10198;0;10190
500;40;3;BubbleSort;189386;75295;9699;112901
500;40;3;MergeSort;8976;2798;0;75471
500;40;3;CountingSort;1501;0;0;11100
500;40;3;QuickSort;18598;7453;3396;21760
500;40;3;InsertionSort;30273;10091;0;9800
500;40;3;BubbleSort;182568;72100;9592;81950
500;40;3;MergeSort;8976;2799;0;39170
500;40;3;CountingSort;1501;0;0;10560
500;40;3;QuickSort;17948;7439;3174;29430
500;40;3;InsertionSort;29757;9919;0;9740
500;40;3;BubbleSort;185738;74029;9420;137751
500;40;3;MergeSort;8976;2778;0;62500
500;40;3;CountingSort;1501;0;0;8870
500;40;3;QuickSort;15902;6479;2799;17810
500;40;3;InsertionSort;29952;9984;0;9290
500;40;3;BubbleSort;192268;77164;9485;106620
500;40;3;MergeSort;8976;2813;0;40950
500;40;3;CountingSort;1501;0;0;9740
500;40;3;QuickSort;15432;6369;2684;22731
500;40;3;InsertionSort;31821;10607;0;10580
500;40;3;BubbleSort;194760;77164;10108;140550
500;40;3;MergeSort;8976;2796;0;93000
500;40;3;CountingSort;1501;0;0;15380
500;40;3;QuickSort;18610;7654;3323;24320
500;40;3;InsertionSort;33060;11020;0;12030
500;40;3;BubbleSort;190142;74029;10521;139331
500;40;3;MergeSort;8976;2793;0;72491
500;40;3;CountingSort;1501;0;0;14000
500;40;3;QuickSort;16446;6723;2908;21680
500;40;3;InsertionSort;33618;11206;0;11080
500;40;3;BubbleSort;188322;72747;10707;83630
500;40;3;MergeSort;8976;2778;0;62580
500;40;3;CountingSort;1501;0;0;21920
500;40;3;QuickSort;15943;6619;2781;21580
500;40;3;InsertionSort;32667;10889;0;10790
500;40;3;BubbleSort;181830;70135;10390;112971
500;40;3;MergeSort;8976;2793;0;49360
500;40;3;CountingSort;1501;0;0;8720
500;40;3;QuickSort;18051;7323;3240;22880
500;40;3;InsertionSort;30264;10088;0;11230
500;40;3;BubbleSort;191446;76545;9589;101800
500;40;3;MergeSort;8976;2799;0;48060
500;40;3;CountingSort;1501;0;0;10830
500;40;3;QuickSort;17574;7170;3132;17780
500;40;3;InsertionSort;32502;10834;0;6650
500;40;3;BubbleSort;190034;74347;10335;91181
500;40;3;MergeSort;8976;2802;0;45040
500;40;3;CountingSort;1501;0;0;10370
500;40;3;QuickSort;18036;7341;3240;17400
500;40;3;InsertionSort;33267;11089;0;10510
500;40;3;BubbleSort;192320;74980;10590;76460
500;40;3;MergeSort;8976;2783;0;39760
500;40;3;CountingSort;1501;0;0;10810
500;40;3;QuickSort;17510;7079;3148;17020
500;40;3;InsertionSort;31701;10567;0;9750
500;40;3;BubbleSort;192116;75922;10068;129311
500;40;3;MergeSort;8976;2800;0;56680
500;40;3;CountingSort;1501;0;0;10620
500;40;3;QuickSort;15656;6563;2706;16440
500;40;3;InsertionSort;32868;10956;0;6840
500;40;3;BubbleSort;193672;75922;10457;73160
500;40;3;MergeSort;8976;2805;0;36660
500;40;3;CountingSort;1501;0;0;18330
500;40;3;QuickSort;18280;7312;3321;21000
500;40;3;InsertionSort;30276;10092;0;7710
500;40;3;BubbleSort;177980;69804;9593;142551
500;40;3;MergeSort;8976;2787;0;82400
500;40;3;CountingSort;1501;0;0;10430
500;40;3;QuickSort;16784;6977;2933;20300
500;40;3;InsertionSort;31686;10562;0;7630
500;40;3;BubbleSort;187032;73390;10063;98650
500;40;3;MergeSort;8976;2799;0;54970
500;40;3;CountingSort;1501;0;0;16440
500;40;3;QuickSort;19578;7962;3543;28030
500;40;3;InsertionSort;31539;10513;0;13090
500;40;3;BubbleSort;198050;78997;10014;165121
500;40;3;MergeSort;8976;2798;0;59810
500;40;3;CountingSort;1501;0;0;28491
500;40;3;QuickSort;17849;7427;3134;34750
500;40;3;InsertionSort;32367;10789;0;9760
500;40;3;BubbleSort;192378;75609;10290;78190
500;40;3;MergeSort;8976;2794;0;43440
500;40;3;CountingSort;1501;0;0;10690
500;40;3;QuickSort;18700;7579;3372;24390
500;40;3;InsertionSort;31284;10428;0;6460
500;40;3;BubbleSort;186496;73390;9929;148051
500;40;3;MergeSort;8976;2781;0;62360
500;40;3;CountingSort;1501;0;0;11420
500;40;3;QuickSort;17283;6996;3097;17640
500;40;3;InsertionSort;34209;11403;0;9170
500;40;3;BubbleSort;189110;72747;10904;118640
500;40;3;MergeSort;8976;2788;0;42090
500;40;3;CountingSort;1501;0;0;10020
500;40;3;QuickSort;14632;6091;2519;17020
500;40;3;InsertionSort;32832;10944;0;9820
500;40;3;BubbleSort;194248;76234;10445;58010
500;40;3;MergeSort;8976;2788;0;37800
500;40;3;CountingSort;1501;0;0;13710
500;40;3;QuickSort;16861;7072;2927;17010
500;40;3;InsertionSort;29679;9893;0;6160
500;40;3;BubbleSort;184356;73390;9394;66430
500;40;3;MergeSort;8976;2793;0;41060
500;40;3;CountingSort;1501;0;0;8820
500;40;3;QuickSort;19493;8090;3462;22500
500;40;3;InsertionSort;33306;11102;0;10891
500;40;3;BubbleSort;196740;77164;10603;129480
500;40;3;MergeSort;8976;2797;0;62390
500;40;3;CountingSort;1501;0;0;9190
500;40;3;QuickSort;15330;6573;2591;26350
500;40;3;InsertionSort;31248;10416;0;13150
500;40;3;BubbleSort;190886;75609;9917;59280
500;40;3;MergeSort;8976;2798;0;40170
500;40;3;CountingSort;1501;0;0;30860
500;40;3;QuickSort;20700;8268;3819;21870
500;40;3;InsertionSort;30924;10308;0;6230
500;40;3;BubbleSort;183436;72100;9809;175220
500;40;3;MergeSort;8976;2786;0;72630
500;40;3;CountingSort;1501;0;0;12860
500;40;3;QuickSort;16848;6954;2961;22950
500;40;3;InsertionSort;31455;10485;0;9690
500;40;3;BubbleSort;199144;79600;9986;76110
500;40;3;MergeSort;8976;2800;0;45910
500;40;3;CountingSort;1501;0;0;10860
500;40;3;QuickSort;18554;7619;3303;23480
500;40;3;InsertionSort;32334;10778;0;10930
500;40;3;BubbleSort;194826;76855;10279;103920
500;40;3;MergeSort;8976;2776;0;37010
500;40;3;CountingSort;1501;0;0;10870
500;40;3;QuickSort;16320;6675;2884;22160
500;40;3;InsertionSort;32973;10991;0;10910
500;40;3;BubbleSort;191928;74980;10492;76810
500;40;3;MergeSort;8976;2794;0;41541
500;40;3;CountingSort;1501;0;0;17210
500;40;3;QuickSort;16784;7013;2915;22340
500;40;3;InsertionSort;29970;9990;0;10580
500;40;3;BubbleSort;185384;73710;9491;70861
500;40;3;MergeSort;8976;2798;0;39320
500;40;3;CountingSort;1501;0;0;14140
500;40;3;QuickSort;17643;7434;3077;22780
500;40;3;InsertionSort;28914;9638;0;9380
500;40;3;BubbleSort;172150;67797;9139;127630
500;40;3;MergeSort;8976;2794;0;67500
500;40;3;CountingSort;1501;0;0;9030
500;40;3;QuickSort;16102;6439;2884;21120
500;40;3;InsertionSort;32427;10809;0;10020
500;40;3;BubbleSort;190568;74664;10310;79530
500;40;3;MergeSort;8976;2796;0;55560
500;40;3;CountingSort;1501;0;0;9810
500;40;3;QuickSort;16835;6893;2985;22420
500;40;3;InsertionSort;30426;10142;0;10630
500;40;3;BubbleSort;185992;73710;9643;108451
500;40;3;MergeSort;8976;2801;0;124160
500;40;3;CountingSort;1501;0;0;10530
500;40;3;QuickSort;14731;6298;2477;22920
500;40;3;InsertionSort;33999;11333;0;12710
500;40;3;BubbleSort;201330;78997;10834;71510
500;40;3;MergeSort;8976;2791;0;39340
500;40;3;CountingSort;1501;0;0;16160
500;40;3;QuickSort;16565;7007;2847;18490
500;40;3;InsertionSort;32289;10763;0;11200
500;40;3;BubbleSort;184606;71775;10264;74780
500;40;3;MergeSort;8976;2791;0;61080
500;40;3;CountingSort;1501;0;0;18140
500;40;3;QuickSort;19775;7961;3609;36480
500;40;3;InsertionSort;32394;10798;0;13890
500;40;3;BubbleSort;190524;74664;10299;68260
500;40;3;MergeSort;8976;2800;0;53090
500;40;3;CountingSort;1501;0;0;18630
500;40;3;QuickSort;16313;6962;2786;17880
500;40;3;InsertionSort;33015;11005;0;10840
500;40;3;BubbleSort;180302;69139;10506;76190
500;40;3;MergeSort;8976;2797;0;43131
500;40;3;CountingSort;1501;0;0;16780
500;40;3;QuickSort;19559;8558;3324;21110
500;40;3;InsertionSort;29547;9849;0;7620
500;40;3;BubbleSort;185458;74029;9350;58840
500;40;3;MergeSort;8976;2803;0;54690
500;40;3;CountingSort;1501;0;0;9110
500;40;3;QuickSort;17085;7023;3026;18250
500;40;3;InsertionSort;31104;10368;0;9610
500;40;3;BubbleSort;191944;76234;9869;141630
500;40;3;MergeSort;8976;2781;0;67220
500;40;3;CountingSort;1501;0;0;10150
500;40;3;QuickSort;16456;6829;2869;18750
500;40;3;InsertionSort;33135;11045;0;7300
500;40;3;BubbleSort;183772;70794;10546;55560
500;40;3;MergeSort;8976;2780;0;55900
500;40;3;CountingSort;1501;0;0;11820
500;40;3;QuickSort;15415;6568;2617;16650
500;40;3;InsertionSort;31323;10441;0;9350
500;40;3;BubbleSort;197156;78694;9942;62720
500;40;3;MergeSort;8976;2779;0;53821
500;40;3;CountingSort;1501;0;0;43000
500;40;3;QuickSort;19468;8164;3436;22160
500;40;3;InsertionSort;30657;10219;0;6310
500;40;3;BubbleSort;193824;77472;9720;55931
500;40;3;MergeSort;8976;2800;0;54960
500;40;3;CountingSort;1501;0;0;11030
500;40;3;QuickSort;16463;7127;2777;24980
500;40;3;InsertionSort;31302;10434;0;11451
500;40;3;BubbleSort;195910;78085;9935;130980
500;40;3;MergeSort;8976;2797;0;67130
500;40;3;CountingSort;1501;0;0;12790
500;40;3;QuickSort;18358;8038;3113;22510
500;40;3;InsertionSort;33339;11113;0;10830
500;40;3;BubbleSort;197400;77472;10614;138460
500;40;3;MergeSort;8976;2799;0;58540
500;40;3;CountingSort;1501;0;0;12110
500;40;3;QuickSort;18255;7377;3301;17510
500;40;3;InsertionSort;31416;10472;0;8240
500;40;3;BubbleSort;193602;76855;9973;76510
500;40;3;MergeSort;8976;2807;0;50280
500;40;3;CountingSort;1501;0;0;12270
500;40;3;QuickSort;19234;7873;3452;17630
500;40;3;InsertionSort;32160;10720;0;6550
500;40;3;BubbleSort;190844;74980;10221;130661
500;40;3;MergeSort;8976;2796;0;66540
500;40;3;CountingSort;1501;0;0;9920
500;40;3;QuickSort;19606;8074;3508;18290
500;40;3;InsertionSort;30837;10279;0;6350
500;40;3;BubbleSort;194064;77472;9780;65670
500;40;3;MergeSort;8976;2790;0;37880
500;40;3;CountingSort;1501;0;0;10440
500;40;3;QuickSort;14804;6395;2475;16500
500;40;3;InsertionSort;31434;10478;0;6170
500;40;3;BubbleSort;194244;77164;9979;102450
500;40;3;MergeSort;8976;2800;0;62770
500;40;3;CountingSort;1501;0;0;11430
500;40;3;QuickSort;16836;6933;2967;17740
500;40;3;InsertionSort;30132;10044;0;6370
500;40;3;BubbleSort;184318;73069;9545;80681
500;40;3;MergeSort;8976;2798;0;63240
500;40;3;CountingSort;1501;0;0;9550
500;40;3;QuickSort;16772;7001;2922;21580
500;40;3;InsertionSort;30999;10333;0;13070
500;40;3;BubbleSort;184184;72424;9834;79650
500;40;3;MergeSort;8976;2807;0;43560
500;40;3;CountingSort;1501;0;0;64540
500;40;3;QuickSort;17302;7414;2965;21410
500;40;3;InsertionSort;30849;10283;0;11360
500;40;3;BubbleSort;189726;75295;9784;85470
500;40;3;MergeSort;8976;2780;0;58050
500;40;3;CountingSort;1501;0;0;12170
500;40;3;QuickSort;19043;8066;3326;23290
500;40;3;InsertionSort;32769;10923;0;8430
500;40;3;BubbleSort;195406;76855;10424;98231
500;40;3;MergeSort;8976;2776;0;49801
500;40;3;CountingSort;1501;0;0;13420
500;40;3;QuickSort;17288;7163;3045;23530
500;40;3;InsertionSort;29040;9680;0;7650
500;40;3;BubbleSort;192894;78085;9181;109190
500;40;3;MergeSort;8976;2799;0;41270
500;40;3;CountingSort;1501;0;0;10410
500;40;3;QuickSort;19961;7829;3706;22080
500;40;3;InsertionSort;32124;10708;0;12630
500;40;3;BubbleSort;181766;70465;10209;79300
500;40;3;MergeSort;8976;2773;0;44710
500;40;3;CountingSort;1501;0;0;53561
500;40;3;QuickSort;16262;6494;2919;21030
500;40;3;InsertionSort;30708;10236;0;9580
500;40;3;BubbleSort;196942;78997;9737;76460
500;40;3;MergeSort;8976;2791;0;49920
500;40;3;CountingSort;1501;0;0;10961
500;40;3;QuickSort;16418;7484;2645;28780
500;40;3;InsertionSort;31377;10459;0;8160
500;40;3;BubbleSort;195398;77779;9960;71900
500;40;3;MergeSort;8976;2797;0;58880
500;40;3;CountingSort;1501;0;0;6000
500;40;3;QuickSort;15627;6936;2567;17870
500;40;3;InsertionSort;30828;10276;0;8970
500;40;3;BubbleSort;185246;73069;9777;76241
500;40;3;MergeSort;8976;2799;0;53260
500;40;3;CountingSort;1501;0;0;4380
500;40;3;QuickSort;16858;6970;2962;21030
500;40;3;InsertionSort;29796;9932;0;12790
500;40;3;BubbleSort;195120;78694;9433;63190
500;40;3;MergeSort;8976;2800;0;51070
500;40;4;CountingSort;1501;0;0;98600
500;40;4;QuickSort;16545;6900;2878;997873
500;40;4;InsertionSort;31824;10608;0;1112284
500;40;4;BubbleSort;189130;74347;10109;4144522
500;40;4;MergeSort;8976;2837;0;718672
500;40;4;CountingSort;1501;0;0;61800
500;40;4;QuickSort;19850;8039;3604;109920
500;40;4;InsertionSort;31596;10532;0;679412
500;40;4;BubbleSort;193842;76855;10033;1055853
500;40;4;MergeSort;8976;2836;0;174421
500;40;4;CountingSort;1501;0;0;64750
500;40;4;QuickSort;16001;6779;2737;78310
500;40;4;InsertionSort;32460;10820;0;1207204
500;40;4;BubbleSort;176878;67797;10321;1060133
500;40;4;MergeSort;8976;2851;0;140671
500;40;4;CountingSort;1501;0;0;69800
500;40;4;QuickSort;17024;6830;3058;70640
500;40;4;InsertionSort;31854;10618;0;1091933
500;40;4;BubbleSort;189804;74664;10119;1156923
500;40;4;MergeSort;8976;2845;0;96110
500;40;4;CountingSort;1501;0;0;73820
500;40;4;QuickSort;15997;6622;2791;92970
500;40;4;InsertionSort;32394;10798;0;702422
500;40;4;BubbleSort;193664;76234;10299;1030553
500;40;4;MergeSort;8976;2849;0;108500
500;40;4;CountingSort;1501;0;0;64531
500;40;4;QuickSort;16472;6701;2923;61640
500;40;4;InsertionSort;29985;9995;0;777432
500;40;4;BubbleSort;191074;76545;9496;780452
500;40;4;MergeSort;8976;2841;0;156230
500;40;4;CountingSort;1501;0;0;64911
500;40;4;QuickSort;16937;6878;3013;100200
500;40;4;InsertionSort;33435;11145;0;235660
500;40;4;BubbleSort;193802;75609;10646;382531
500;40;4;MergeSort;8976;2847;0;154790
500;40;4;CountingSort;1501;0;0;60300
500;40;4;QuickSort;17410;7294;3037;94571
500;40;4;InsertionSort;32010;10670;0;323871
500;40;4;BubbleSort;195012;77164;10171;401031
500;40;4;MergeSort;8976;2834;0;147130
500;40;4;CountingSort;1501;0;0;46830
500;40;4;QuickSort;15190;6385;2608;90970
500;40;4;InsertionSort;30732;10244;0;166251
500;40;4;BubbleSort;192070;76545;9745;115141
500;40;4;MergeSort;8976;2821;0;110610
500;40;4;CountingSort;1501;0;0;74760
500;40;4;QuickSort;17971;7732;3069;101620
500;40;4;InsertionSort;33135;11045;0;275911
500;40;4;BubbleSort;198964;78390;10546;278971
500;40;4;MergeSort;8976;2835;0;143880
500;40;4;CountingSort;1501;0;0;60490
500;40;4;QuickSort;17569;7390;3060;90570
500;40;4;InsertionSort;33081;11027;0;128930
500;40;4;BubbleSort;193956;75922;10528;178560
500;40;4;MergeSort;8976;2850;0;135690
500;40;4;CountingSort;1501;0;0;54280
500;40;4;QuickSort;18309;7404;3306;64700
500;40;4;InsertionSort;31884;10628;0;277931
500;40;4;BubbleSort;189844;74664;10129;230291
500;40;4;MergeSort;8976;2839;0;78290
500;40;4;CountingSort;1501;0;0;53260
500;40;4;QuickSort;20334;8376;3653;57200
500;40;4;InsertionSort;29670;9890;0;117221
500;40;4;BubbleSort;179808;71122;9391;72201
500;40;4;MergeSort;8976;2839;0;96670
500;40;4;CountingSort;1501;0;0;48170
500;40;4;QuickSort;16282;6667;2875;76760
500;40;4;InsertionSort;29889;9963;0;167460
500;40;4;BubbleSort;192184;77164;9464;64740
500;40;4;MergeSort;8976;2849;0;113141
500;40;4;CountingSort;1501;0;0;76111
500;40;4;QuickSort;17797;7372;3145;60160
500;40;4;InsertionSort;32502;10834;0;269290
500;40;4;BubbleSort;192558;75609;10335;283801
500;40;4;MergeSort;8976;2856;0;177400
500;40;4;CountingSort;1501;0;0;49900
500;40;4;QuickSort;17363;7154;3072;410121
500;40;4;InsertionSort;29469;9823;0;163690
500;40;4;BubbleSort;185354;74029;9324;69200
500;40;4;MergeSort;8976;2845;0;66200
500;40;4;CountingSort;1501;0;0;58540
500;40;4;QuickSort;16298;6665;2879;378741
500;40;4;InsertionSort;33498;11166;0;323861
500;40;4;BubbleSort;198226;77779;10667;323551
500;40;4;MergeSort;8976;2847;0;114120
500;40;4;CountingSort;1501;0;0;47860
500;40;4;QuickSort;16568;7295;2762;485341
500;40;4;InsertionSort;31605;10535;0;173310
500;40;4;BubbleSort;195702;77779;10036;154601
500;40;4;MergeSort;8976;2837;0;211801
500;40;4;CountingSort;1501;0;0;52931
500;40;4;QuickSort;15410;6386;2680;338411
500;40;4;InsertionSort;33033;11011;0;192220
500;40;4;BubbleSort;186896;72424;10512;228290
500;40;4;MergeSort;8976;2831;0;189500
500;40;4;CountingSort;1501;0;0;97890
500;40;4;QuickSort;17620;7090;3174;415971
500;40;4;InsertionSort;32265;10755;0;206290
500;40;4;BubbleSort;191614;75295;10256;157840
500;40;4;MergeSort;8976;2836;0;151990
500;40;4;CountingSort;1501;0;0;45510
500;40;4;QuickSort;18794;7994;3269;436311
500;40;4;InsertionSort;30717;10239;0;271461
500;40;4;BubbleSort;190804;75922;9740;286291
500;40;4;MergeSort;8976;2842;0;234700
500;40;4;CountingSort;1501;0;0;50800
500;40;4;QuickSort;15051;6432;2536;278131
500;40;4;InsertionSort;31917;10639;0;250151
500;40;4;BubbleSort;195504;77472;10140;88250
500;40;4;MergeSort;8976;2837;0;154731
500;40;4;CountingSort;1501;0;0;51041
500;40;4;QuickSort;15763;6334;2807;296260
500;40;4;InsertionSort;31740;10580;0;253570
500;40;4;BubbleSort;189652;74664;10081;278110
500;40;4;MergeSort;8976;2849;0;197300
500;40;4;CountingSort;1501;0;0;1463794
500;40;4;QuickSort;16390;6754;2882;309871
500;40;4;InsertionSort;32424;10808;0;117421
500;40;4;BubbleSort;195564;77164;10309;83430
500;40;4;MergeSort;8976;2846;0;139360
500;40;4;CountingSort;1501;0;0;64000
500;40;4;QuickSort;18037;7174;3287;226421
500;40;4;InsertionSort;30069;10023;0;123081
500;40;4;BubbleSort;189314;75609;9524;118810
500;40;4;MergeSort;8976;2839;0;91520
500;40;4;CountingSort;1501;0;0;51830
500;40;4;QuickSort;22498;9067;4142;25240
500;40;4;InsertionSort;31971;10657;0;110180
500;40;4;BubbleSort;186770;73069;10158;71550
500;40;4;MergeSort;8976;2840;0;59440
500;40;4;CountingSort;1501;0;0;67751
500;40;4;QuickSort;17774;7226;3187;21930
500;40;4;InsertionSort;26778;8926;0;156860
500;40;4;BubbleSort;169976;68134;8427;150350
500;40;4;MergeSort;8976;2808;0;40720
500;40;4;CountingSort;1501;0;0;50720
500;40;4;QuickSort;16352;6734;2877;44490
500;40;4;InsertionSort;28368;9456;0;89360
500;40;4;BubbleSort;184522;74347;8957;106141
500;40;4;MergeSort;8976;2845;0;46040
500;40;4;CountingSort;1501;0;0;55020
500;40;4;QuickSort;17368;7273;3029;16280
500;40;4;InsertionSort;32274;10758;0;219711
500;40;4;BubbleSort;184586;71775;10259;202480
500;40;4;MergeSort;8976;2841;0;36810
500;40;4;CountingSort;1501;0;0;63750
500;40;4;QuickSort;16907;6971;2969;29990
500;40;4;InsertionSort;31605;10535;0;102681
500;40;4;BubbleSort;191988;75922;10036;109921
500;40;4;MergeSort;8976;2845;0;45780
500;40;4;CountingSort;1501;0;0;77490
500;40;4;QuickSort;16755;7032;2903;19730
500;40;4;InsertionSort;32166;10722;0;178481
500;40;4;BubbleSort;189586;74347;10223;185870
500;40;4;MergeSort;8976;2832;0;46610
500;40;4;CountingSort;1501;0;0;52060
500;40;4;QuickSort;15752;6449;2773;27410
500;40;4;InsertionSort;33450;11150;0;116700
500;40;4;BubbleSort;199992;78694;10651;132390
500;40;4;MergeSort;8976;2833;0;41030
500;40;4;CountingSort;1501;0;0;45280
500;40;4;QuickSort;16738;7087;2883;19080
500;40;4;InsertionSort;31200;10400;0;187281
500;40;4;BubbleSort;187024;73710;9901;172181
500;40;4;MergeSort;8976;2823;0;29160
500;40;4;CountingSort;1501;0;0;27370
500;40;4;QuickSort;18870;7521;3452;21750
500;40;4;InsertionSort;32034;10678;0;80721
500;40;4;BubbleSort;186210;72747;10179;102061
500;40;4;MergeSort;8976;2839;0;52330
500;40;4;CountingSort;1501;0;0;10590
500;40;4;QuickSort;18566;7571;3332;16100
500;40;4;InsertionSort;31335;10445;0;12020
500;40;4;BubbleSort;192874;76545;9946;100840
500;40;4;MergeSort;8976;2837;0;58100
500;40;4;CountingSort;1501;0;0;9030
500;40;4;QuickSort;19308;8229;3358;20630
500;40;4;InsertionSort;29841;9947;0;11750
500;40;4;BubbleSort;189010;75609;9448;108611
500;40;4;MergeSort;8976;2839;0;34451
500;40;4;CountingSort;1501;0;0;7450
500;40;4;QuickSort;17531;7295;3073;21420
500;40;4;InsertionSort;30873;10291;0;10540
500;40;4;BubbleSort;186588;73710;9792;98540
500;40;4;MergeSort;8976;2845;0;72270
500;40;4;CountingSort;1501;0;0;10350
500;40;4;QuickSort;17630;7361;3091;15851
500;40;4;InsertionSort;32001;10667;0;10760
500;40;4;BubbleSort;199270;79299;10168;96450
500;40;4;MergeSort;8976;2843;0;69790
500;40;4;CountingSort;1501;0;0;11970
500;40;4;QuickSort;17309;7133;3059;21540
500;40;4;InsertionSort;31377;10459;0;10740
500;40;4;BubbleSort;185334;72747;9960;94511
500;40;4;MergeSort;8976;2842;0;53721
500;40;4;CountingSort;1501;0;0;14481
500;40;4;QuickSort;17440;7174;3081;21680
500;40;4;InsertionSort;30993;10331;0;10780
500;40;4;BubbleSort;168766;64719;9832;86190
500;40;4;MergeSort;8976;2825;0;61300
500;40;4;CountingSort;1501;0;0;12760
500;40;4;QuickSort;16079;6665;2812;20670
500;40;4;InsertionSort;28059;9353;0;9240
500;40;4;BubbleSort;189744;77164;8854;133521
500;40;4;MergeSort;8976;2838;0;81620
500;40;4;CountingSort;1501;0;0;8950
500;40;4;QuickSort;16877;6857;3008;20520
500;40;4;InsertionSort;32334;10778;0;10410
500;40;4;BubbleSort;187254;73069;10279;101461
500;40;4;MergeSort;8976;2839;0;46140
500;40;4;CountingSort;1501;0;0;11831
500;40;4;QuickSort;16195;6856;2783;19680
500;40;4;InsertionSort;29736;9912;0;10260
500;40;4;BubbleSort;193210;77779;9413;128930
500;40;4;MergeSort;8976;2845;0;68620
500;40;4;CountingSort;1501;0;0;10570
500;40;4;QuickSort;16305;6729;2872;44680
500;40;4;InsertionSort;30624;10208;0;9150
500;40;4;BubbleSort;185616;73390;9709;53450
500;40;4;MergeSort;8976;2834;0;44131
500;40;4;CountingSort;1501;0;0;10950
500;40;4;QuickSort;19515;7758;3588;15800
500;40;4;InsertionSort;31485;10495;0;6510
500;40;4;BubbleSort;198582;79299;9996;69831
500;40;4;MergeSort;8976;2826;0;58720
500;40;4;CountingSort;1501;0;0;10420
500;40;4;QuickSort;18809;7571;3415;37740
500;40;4;InsertionSort;33534;11178;0;9390
500;40;4;BubbleSort;195184;76234;10679;90090
500;40;4;MergeSort;8976;2836;0;67860
500;40;4;CountingSort;1501;0;0;12840
500;40;4;QuickSort;16251;7131;2709;17910
500;40;4;InsertionSort;31647;10549;0;10150
500;40;4;BubbleSort;189528;74664;10050;135290
500;40;4;MergeSort;8976;2828;0;69570
500;40;4;CountingSort;1501;0;0;11680
500;40;4;QuickSort;15992;6524;2824;16740
500;40;4;InsertionSort;32472;10824;0;10290
500;40;4;BubbleSort;196244;77472;10325;76271
500;40;4;MergeSort;8976;2848;0;45530
500;40;4;CountingSort;1501;0;0;9390
500;40;4;QuickSort;16784;6863;2973;21600
500;40;4;InsertionSort;30171;10057;0;12890
500;40;4;BubbleSort;190076;75922;9558;131850
500;40;4;MergeSort;8976;2837;0;67160
500;40;4;CountingSort;1501;0;0;14920
500;40;4;QuickSort;15409;6595;2612;20581
500;40;4;InsertionSort;34029;11343;0;10700
500;40;4;BubbleSort;197086;76855;10844;73370
500;40;4;MergeSort;8976;2846;0;55760
500;40;4;CountingSort;1501;0;0;15880
500;40;4;QuickSort;16703;6770;2972;21910
500;40;4;InsertionSort;31719;10573;0;9630
500;40;4;BubbleSort;180566;70135;10074;124071
500;40;4;MergeSort;8976;2837;0;70651
500;40;4;CountingSort;1501;0;0;20200
500;40;4;QuickSort;15737;6848;2627;21070
500;40;4;InsertionSort;31449;10483;0;9180
500;40;4;BubbleSort;195494;77779;9984;86640
500;40;4;MergeSort;8976;2847;0;52390
500;40;4;CountingSort;1501;0;0;11790
500;40;4;QuickSort;16148;6854;2763;22920
500;40;4;InsertionSort;32691;10897;0;12480
500;40;4;BubbleSort;195302;76855;10398;104500
500;40;4;MergeSort;8976;2833;0;45110
500;40;4;CountingSort;1501;0;0;8840
500;40;4;QuickSort;19321;7798;3508;22700
500;40;4;InsertionSort;32358;10786;0;10780
500;40;4;BubbleSort;188568;73710;10287;97100
500;40;4;MergeSort;8976;2842;0;61270
500;40;4;CountingSort;1501;0;0;16070
500;40;4;QuickSort;16837;6832;3007;20140
500;40;4;InsertionSort;32694;10898;0;16480
500;40;4;BubbleSort;198984;78694;10399;89301
500;40;4;MergeSort;8976;2844;0;39760
500;40;4;CountingSort;1501;0;0;8840
500;40;4;QuickSort;15970;6721;2746;18720
500;40;4;InsertionSort;33417;11139;0;8880
500;40;4;BubbleSort;191888;74664;10640;99800
500;40;4;MergeSort;8976;2825;0;52530
500;40;4;CountingSort;1501;0;0;9050
500;40;4;QuickSort;15950;7142;2604;19040
500;40;4;InsertionSort;32811;10937;0;6470
500;40;4;BubbleSort;196080;77164;10438;104071
500;40;4;MergeSort;8976;2834;0;51530
500;40;4;CountingSort;1501;0;0;9750
500;40;4;QuickSort;16160;6497;2888;16320
500;40;4;InsertionSort;29760;9920;0;9650
500;40;4;BubbleSort;190152;76234;9421;101911
500;40;4;MergeSort;8976;2831;0;45301
500;40;4;CountingSort;1501;0;0;10490
500;40;4;QuickSort;19859;7922;3641;16851
500;40;4;InsertionSort;30243;10081;0;6440
500;40;4;BubbleSort;194498;78085;9582;79190
500;40;4;MergeSort;8976;2842;0;42830
500;40;4;CountingSort;1501;0;0;24760
500;40;4;QuickSort;15370;6655;2574;16190
500;40;4;InsertionSort;31791;10597;0;11410
500;40;4;BubbleSort;183942;71775;10098;86770
500;40;4;MergeSort;8976;2842;0;56030
500;40;4;CountingSort;1501;0;0;11260
500;40;4;QuickSort;17007;7077;2978;25350
500;40;4;InsertionSort;32103;10701;0;10710
500;40;4;BubbleSort;171628;65410;10202;122911
500;40;4;MergeSort;8976;2840;0;71471
500;40;4;CountingSort;1501;0;0;9040
500;40;4;QuickSort;16089;6678;2803;20540
500;40;4;InsertionSort;31416;10472;0;9470
500;40;4;BubbleSort;181480;70794;9973;68560
500;40;4;MergeSort;8976;2846;0;53710
500;40;4;CountingSort;1501;0;0;11560
500;40;4;QuickSort;15919;6640;2768;21300
500;40;4;InsertionSort;32163;10721;0;9010
500;40;4;BubbleSort;187668;73390;10222;85770
500;40;4;MergeSort;8976;2847;0;45310
500;40;4;CountingSort;1501;0;0;10680
500;40;4;QuickSort;17877;7332;3181;26910
500;40;4;InsertionSort;30390;10130;0;6500
500;40;4;BubbleSort;195304;78390;9631;131921
500;40;4;MergeSort;8976;2853;0;63981
500;40;4;CountingSort;1501;0;0;9930
500;40;4;QuickSort;18005;7595;3144;17190
500;40;4;InsertionSort;31797;10599;0;12420
500;40;4;BubbleSort;188458;74029;10100;54160
500;40;4;MergeSort;8976;2853;0;39670
500;40;4;CountingSort;1501;0;0;10950
500;40;4;QuickSort;16611;7080;2838;16760
500;40;4;InsertionSort;31764;10588;0;30540
500;40;4;BubbleSort;187136;73390;10089;127711
500;40;4;MergeSort;8976;2846;0;62961
500;40;4;CountingSort;1501;0;0;13491
500;40;4;QuickSort;19482;7926;3522;41580
500;40;4;InsertionSort;32277;10759;0;10210
500;40;4;BubbleSort;192258;75609;10260;73520
500;40;4;MergeSort;8976;2828;0;43460
500;40;4;CountingSort;1501;0;0;17520
500;40;4;QuickSort;17505;6969;3182;19051
500;40;4;InsertionSort;29139;9713;0;9480
500;40;4;BubbleSort;194850;78997;9214;106900
500;40;4;MergeSort;8976;2846;0;63380
500;40;4;CountingSort;1501;0;0;14230
500;40;4;QuickSort;16618;6823;2928;20160
500;40;4;InsertionSort;31269;10423;0;8610
500;40;4;BubbleSort;187116;73710;9924;100120
500;40;4;MergeSort;8976;2834;0;45290
500;40;4;CountingSort;1501;0;0;9340
500;40;4;QuickSort;16036;7093;2641;22020
500;40;4;InsertionSort;28602;9534;0;9840
500;40;4;BubbleSort;180988;72424;9035;95591
500;40;4;MergeSort;8976;2848;0;76680
500;40;4;CountingSort;1501;0;0;9260
500;40;4;QuickSort;18131;7883;3082;23140
500;40;4;InsertionSort;28944;9648;0;9830
500;40;4;BubbleSort;186556;74980;9149;58420
500;40;4;MergeSort;8976;2841;0;57880
500;40;4;CountingSort;1501;0;0;12590
500;40;4;QuickSort;17231;7010;3066;21630
500;40;4;InsertionSort;32235;10745;0;6450
500;40;4;BubbleSort;184534;71775;10246;110800
500;40;4;MergeSort;8976;2840;0;52690
500;40;4;CountingSort;1501;0;0;14880
500;40;4;QuickSort;19305;8049;3416;22410
500;40;4;InsertionSort;29832;9944;0;6630
500;40;4;BubbleSort;183274;72747;9445;140481
500;40;4;MergeSort;8976;2825;0;73971
500;40;4;CountingSort;1501;0;0;17550
500;40;4;QuickSort;17633;7190;3144;16900
500;40;4;InsertionSort;31200;10400;0;10590
500;40;4;BubbleSort;193314;76855;9901;96500
500;40;4;MergeSort;8976;2843;0;54780
500;40;4;CountingSort;1501;0;0;12260
500;40;4;QuickSort;16311;6777;2850;21190
500;40;4;InsertionSort;34182;11394;0;11000
500;40;4;BubbleSort;191638;74029;10895;133020
500;40;4;MergeSort;8976;2812;0;75200
500;40;4;CountingSort;1501;0;0;13770
500;40;4;QuickSort;18104;7310;3262;17680
500;40;4;InsertionSort;29439;9813;0;9410
500;40;4;BubbleSort;178844;70794;9314;56301
500;40;4;MergeSort;8976;2836;0;44811
500;40;4;CountingSort;1501;0;0;9570
500;40;4;QuickSort;16916;7325;2862;16910
500;40;4;InsertionSort;32835;10945;0;7340
500;40;4;BubbleSort;194252;76234;10446;119400
500;40;4;MergeSort;8976;2829;0;64840
500;40;4;CountingSort;1501;0;0;11700
500;40;4;QuickSort;16586;6899;2897;16810
500;40;4;InsertionSort;29706;9902;0;7960
500;40;4;BubbleSort;185670;74029;9403;119121
500;40;4;MergeSort;8976;2818;0;49590
500;40;4;CountingSort;1501;0;0;11030
500;40;4;QuickSort;17494;7555;2975;24860
500;40;4;InsertionSort;34233;11411;0;12571
500;40;4;BubbleSort;196738;76545;10912;60850
500;40;4;MergeSort;8976;2842;0;49140
500;40;4;CountingSort;1501;0;0;18320
500;40;4;QuickSort;16235;6605;2867;24020
500;40;4;InsertionSort;31431;10477;0;12290
500;40;4;BubbleSort;192380;76234;9978;78000
500;40;4;MergeSort;8976;2846;0;52610
500;40;4;CountingSort;1501;0;0;10730
500;40;4;QuickSort;18122;7352;3254;21200
500;40;4;InsertionSort;30657;10219;0;7730
500;40;4;BubbleSort;192590;76855;9720;74160
500;40;4;MergeSort;8976;2847;0;45630
500;40;4;CountingSort;1501;0;0;8680
500;40;4;QuickSort;14993;6581;2474;20151
500;40;4;InsertionSort;32418;10806;0;12710
500;40;4;BubbleSort;193072;75922;10307;109640
500;40;4;MergeSort;8976;2833;0;60440
500;40;4;CountingSort;1501;0;0;10890
500;40;4;QuickSort;20198;8123;3694;21790
500;40;4;InsertionSort;31575;10525;0;9660
500;40;4;BubbleSort;189432;74664;10026;126590
500;40;4;MergeSort;8976;2840;0;53670
500;40;4;CountingSort;1501;0;0;9910
500;40;4;QuickSort;19940;8429;3517;21460
500;40;4;InsertionSort;33279;11093;0;10700
500;40;4;BubbleSort;199156;78390;10594;99660
500;40;4;MergeSort;8976;2825;0;78731
500;40;4;CountingSort;1501;0;0;9360
500;40;4;QuickSort;17187;6906;3098;23160
500;40;4;InsertionSort;29724;9908;0;6380
500;40;4;BubbleSort;190726;76545;9409;72020
500;40;4;MergeSort;8976;2837;0;46360
500;40;4;CountingSort;1501;0;0;10900
500;40;4;QuickSort;16074;6747;2768;17110
500;40;4;InsertionSort;29886;9962;0;9490
500;40;4;BubbleSort;179440;70794;9463;61540
500;40;4;MergeSort;8976;2853;0;44370
500;40;4;CountingSort;1501;0;0;11860
500;40;4;QuickSort;20781;8340;3812;27930
500;40;4;InsertionSort;32751;10917;0;8690
500;40;4;BubbleSort;192262;75295;10418;75440
500;40;4;MergeSort;8976;2841;0;38690
500;40;4;CountingSort;1501;0;0;38260
500;40;4;QuickSort;19719;8142;3520;25080
500;40;4;InsertionSort;31002;10334;0;10840
500;40;4;BubbleSort;190558;75609;9835;54641
500;40;4;MergeSort;8976;2849;0;51250
500;40;4;CountingSort;1501;0;0;8771
500;40;4;QuickSort;18429;7650;3266;17460
500;40;4;InsertionSort;33540;11180;0;10400
500;40;4;BubbleSort;186274;71775;10681;74950
500;40;4;MergeSort;8976;2843;0;48030
500;40;4;CountingSort;1501;0;0;9040
500;40;4;QuickSort;17882;7277;3194;19080
500;40;4;InsertionSort;32625;10875;0;9460
500;40;4;BubbleSort;188284;73390;10376;54420
500;40;4;MergeSort;8976;2840;0;46610
500;40;4;CountingSort;1501;0;0;8680
500;40;4;QuickSort;19998;8253;3585;19190
500;40;4;InsertionSort;31596;10532;0;6510
500;40;4;BubbleSort;185626;72747;10033;74580
500;40;4;MergeSort;8976;2844;0;51880
500;40;4;CountingSort;1501;0;0;26370
500;40;4;QuickSort;18521;7688;3271;36170
500;40;4;InsertionSort;30642;10214;0;9290
500;40;4;BubbleSort;188188;74664;9715;134541
500;40;4;MergeSort;8976;2846;0;62531
500;40;4;CountingSort;1501;0;0;10260
500;40;4;QuickSort;15099;6375;2582;16050
500;40;4;InsertionSort;32844;10948;0;10230
500;40;4;BubbleSort;191756;74980;10449;76990
500;40;4;MergeSort;8976;2846;0;39280
500;40;4;CountingSort;1501;0;0;11281
500;40;4;QuickSort;17348;7172;3062;17220
500;40;4;InsertionSort;31995;10665;0;9780
500;40;4;BubbleSort;196834;78085;10166;129570
500;40;4;MergeSort;8976;2811;0;59550
500;40;4;CountingSort;1501;0;0;11200
500;40;4;QuickSort;17189;7343;2952;21840
500;40;4;InsertionSort;29907;9969;0;9840
500;40;4;BubbleSort;184018;73069;9470;110070
500;40;4;MergeSort;8976;2837;0;49280
500;40;4;CountingSort;1501;0;0;20130
500;40;4;QuickSort;17851;7306;3172;21180
500;40;4;InsertionSort;29874;9958;0;9110
500;40;4;BubbleSort;188426;75295;9459;53691
500;40;4;MergeSort;8976;2839;0;42680
500;40;4;CountingSort;1501;0;0;10730
500;40;4;QuickSort;17092;7120;2986;20800
500;40;4;InsertionSort;29043;9681;0;9720
500;40;4;BubbleSort;186688;74980;9182;114720
500;40;4;MergeSort;8976;2829;0;63280
500;40;4;CountingSort;1501;0;0;16080
500;40;4;QuickSort;16224;6882;2789;22080
500;40;4;InsertionSort;32472;10824;0;23790
500;40;4;BubbleSort;186794;72747;10325;89700
500;40;4;MergeSort;8976;2838;0;61980
500;40;4;CountingSort;1501;0;0;20300
500;40;4;QuickSort;19037;8162;3287;21631
500;40;4;InsertionSort;30000;10000;0;13530
500;40;4;BubbleSort;189848;75922;9501;84940
500;40;4;MergeSort;8976;2840;0;71060
500;40;4;CountingSort;1501;0;0;22610
500;40;4;QuickSort;18776;7766;3344;22510
500;40;4;InsertionSort;30759;10253;0;17060
500;40;4;BubbleSort;190860;75922;9754;67460
500;40;4;MergeSort;8976;2838;0;60880
500;50;1;CountingSort;1501;0;0;119081
500;50;1;QuickSort;17501;6944;3187;982933
500;50;1;InsertionSort;108468;36156;0;3214179
500;50;1;BubbleSort;390322;123847;35657;6002237
500;50;1;MergeSort;8976;3766;0;751862
500;50;1;CountingSort;1501;0;0;89290
500;50;1;QuickSort;17463;7041;3144;109130
500;50;1;InsertionSort;111114;37038;0;2265396
500;50;1;BubbleSort;395626;124735;36539;1913295
500;50;1;MergeSort;8976;3805;0;242471
500;50;1;CountingSort;1501;0;0;53030
500;50;1;QuickSort;16553;7520;2682;81431
500;50;1;InsertionSort;110934;36978;0;1108434
500;50;1;BubbleSort;395374;124729;36479;1750375
500;50;1;MergeSort;8976;3749;0;251291
500;50;1;CountingSort;1501;0;0;56980
500;50;1;QuickSort;17176;7153;3011;85080
500;50;1;InsertionSort;113337;37779;0;417561
500;50;1;BubbleSort;398438;124659;37280;1805885
500;50;1;MergeSort;8976;3789;0;101900
500;50;1;CountingSort;1501;0;0;70400
500;50;1;QuickSort;19144;7612;3508;98290
500;50;1;InsertionSort;110791;36929;0;262221
500;50;1;BubbleSort;394236;124254;36432;261071
500;50;1;MergeSort;8976;3716;0;131301
500;50;1;CountingSort;1501;0;0;60070
500;50;1;QuickSort;15362;6632;2581;111171
500;50;1;InsertionSort;109596;36530;0;237320
500;50;1;BubbleSort;391284;123574;36034;273281
500;50;1;MergeSort;8976;3776;0;176171
500;50;1;CountingSort;1501;0;0;56680
500;50;1;QuickSort;16376;6746;2879;96281
500;50;1;InsertionSort;110712;36904;0;220600
500;50;1;BubbleSort;394128;124254;36405;314221
500;50;1;MergeSort;8976;3793;0;225101
500;50;1;CountingSort;1501;0;0;56390
500;50;1;QuickSort;17656;7300;3111;70790
500;50;1;InsertionSort;107277;35759;0;226001
500;50;1;BubbleSort;387460;123210;35260;173131
500;50;1;MergeSort;8976;3764;0;170211
500;50;1;CountingSort;1501;0;0;62540
500;50;1;QuickSort;17781;7347;3138;103830
500;50;1;InsertionSort;113380;37792;0;261321
500;50;1;BubbleSort;396424;123622;37295;227361
500;50;1;MergeSort;8976;3785;0;121430
500;50;1;CountingSort;1501;0;0;59290
500;50;1;QuickSort;17039;6986;3029;95401
500;50;1;InsertionSort;122195;40729;0;2538227
500;50;1;BubbleSort;408456;123760;40234;175901
500;50;1;MergeSort;8976;3797;0;123230
500;50;1;CountingSort;1501;0;0;92370
500;50;1;QuickSort;17391;6837;3180;93511
500;50;1;InsertionSort;110652;36884;0;594932
500;50;1;BubbleSort;393234;123847;36385;352761
500;50;1;MergeSort;8976;3784;0;164320
500;50;1;CountingSort;1501;0;0;94690
500;50;1;QuickSort;16867;7000;2959;463602
500;50;1;InsertionSort;116888;38960;0;443321
500;50;1;BubbleSort;400604;123372;38465;195841
500;50;1;MergeSort;8976;3786;0;71181
500;50;1;CountingSort;1501;0;0;94090
500;50;1;QuickSort;18525;7785;3249;344071
500;50;1;InsertionSort;109236;36412;0;451461
500;50;1;BubbleSort;392942;124645;35913;219990
500;50;1;MergeSort;8976;3760;0;72920
500;50;1;CountingSort;1501;0;0;61130
500;50;1;QuickSort;17776;7186;3202;313771
500;50;1;InsertionSort;111853;37283;0;319851
500;50;1;BubbleSort;394482;123669;36786;183421
500;50;1;MergeSort;8976;3776;0;62750
500;50;1;CountingSort;1501;0;0;66821
500;50;1;QuickSort;18054;7335;3234;327750
500;50;1;InsertionSort;111960;37320;0;307671
500;50;1;BubbleSort;392362;122539;36821;161790
500;50;1;MergeSort;8976;3794;0;61450
500;50;1;CountingSort;1501;0;0;83920
500;50;1;QuickSort;19331;8048;3429;111550
500;50;1;InsertionSort;112209;37403;0;246641
500;50;1;BubbleSort;396934;124659;36904;224741
500;50;1;MergeSort;8976;3763;0;75140
500;50;1;CountingSort;1501;0;0;58550
500;50;1;QuickSort;16148;7178;2665;35680
500;50;1;InsertionSort;117018;39006;0;262621
500;50;1;BubbleSort;401968;123970;38507;226001
500;50;1;MergeSort;8976;3772;0;78570
500;50;1;CountingSort;1501;0;0;59200
500;50;1;QuickSort;15917;6689;2752;27420
500;50;1;InsertionSort;119988;39996;0;30650
500;50;1;BubbleSort;407398;124705;39497;222031
500;50;1;MergeSort;8976;3758;0;69760
500;50;1;CountingSort;1501;0;0;93900
500;50;1;QuickSort;17604;7323;3095;31660
500;50;1;InsertionSort;111798;37266;0;48991
500;50;1;BubbleSort;391738;122335;36767;181031
500;50;1;MergeSort;8976;3794;0;77920
500;50;1;CountingSort;1501;0;0;66450
500;50;1;QuickSort;19120;7774;3454;21960
500;50;1;InsertionSort;108357;36119;0;22151
500;50;1;BubbleSort;390000;123760;35620;120740
500;50;1;MergeSort;8976;3766;0;52200
500;50;1;CountingSort;1501;0;0;93160
500;50;1;QuickSort;16686;7044;2890;26760
500;50;1;InsertionSort;109632;36544;0;28370
500;50;1;BubbleSort;393548;124684;36045;187561
500;50;1;MergeSort;8976;3841;0;60550
500;50;1;CountingSort;1501;0;0;48100
500;50;1;QuickSort;17284;7171;3035;23180
500;50;1;InsertionSort;114156;38052;0;27900
500;50;1;BubbleSort;395680;122734;37553;186401
500;50;1;MergeSort;8976;3770;0;74371
500;50;1;CountingSort;1501;0;0;77701
500;50;1;QuickSort;17905;7288;3200;20050
500;50;1;InsertionSort;101157;33719;0;28730
500;50;1;BubbleSort;380124;123622;33220;1322403
500;50;1;MergeSort;8976;3745;0;1214393
500;50;1;CountingSort;1501;0;0;46200
500;50;1;QuickSort;18452;7496;3313;29170
500;50;1;InsertionSort;114835;38277;0;29970
500;50;1;BubbleSort;399214;124047;37780;195551
500;50;1;MergeSort;8976;3783;0;65710
500;50;1;CountingSort;1501;0;0;78810
500;50;1;QuickSort;16307;6830;2825;24260
500;50;1;InsertionSort;100716;33572;0;51280
500;50;1;BubbleSort;381142;124425;33073;172631
500;50;1;MergeSort;8976;3754;0;42610
500;50;1;CountingSort;1501;0;0;69240
500;50;1;QuickSort;18408;7701;3238;27311
500;50;1;InsertionSort;107577;35859;0;32181
500;50;1;BubbleSort;388870;123715;35360;167740
500;50;1;MergeSort;8976;3808;0;53260
500;50;1;CountingSort;1501;0;0;60420
500;50;1;QuickSort;17260;7033;3075;38430
500;50;1;InsertionSort;118596;39532;0;31691
500;50;1;BubbleSort;405590;124729;39033;166890
500;50;1;MergeSort;8976;3788;0;63080
500;50;1;CountingSort;1501;0;0;54310
500;50;1;QuickSort;16548;6795;2922;45170
500;50;1;InsertionSort;108558;36186;0;80530
500;50;1;BubbleSort;389596;123424;35687;208011
500;50;1;MergeSort;8976;3808;0;52071
500;50;1;CountingSort;1501;0;0;54320
500;50;1;QuickSort;15463;6388;2688;18640
500;50;1;InsertionSort;113773;37923;0;40470
500;50;1;BubbleSort;398212;124254;37426;190241
500;50;1;MergeSort;8976;3766;0;30530
500;50;1;CountingSort;1501;0;0;56670
500;50;1;QuickSort;19907;8624;3433;26400
500;50;1;InsertionSort;122182;40724;0;46190
500;50;1;BubbleSort;408780;123930;40230;193091
500;50;1;MergeSort;8976;3761;0;39380
500;50;1;CountingSort;1501;0;0;62990
500;50;1;QuickSort;18843;7695;3390;18670
500;50;1;InsertionSort;116451;38817;0;31381
500;50;1;BubbleSort;399112;122920;38318;185590
500;50;1;MergeSort;8976;3782;0;42120
500;50;1;CountingSort;1501;0;0;54920
500;50;1;QuickSort;16118;6644;2828;51581
500;50;1;InsertionSort;113028;37674;0;52930
500;50;1;BubbleSort;395242;123265;37178;143290
500;50;1;MergeSort;8976;3786;0;49730
500;50;1;CountingSort;1501;0;0;43360
500;50;1;QuickSort;16690;6838;2956;21120
500;50;1;InsertionSort;110278;36758;0;18050
500;50;1;BubbleSort;393354;124155;36261;167460
500;50;1;MergeSort;8976;3754;0;43660
500;50;1;CountingSort;1501;0;0;23340
500;50;1;QuickSort;15672;6606;2688;28410
500;50;1;InsertionSort;105910;35302;0;31650
500;50;1;BubbleSort;388378;124579;34805;166621
500;50;1;MergeSort;8976;3796;0;48700
500;50;1;CountingSort;1501;0;0;10910
500;50;1;QuickSort;20484;8541;3646;23670
500;50;1;InsertionSort;107152;35716;0;17500
500;50;1;BubbleSort;387070;123097;35219;156111
500;50;1;MergeSort;8976;3763;0;67720
500;50;1;CountingSort;1501;0;0;13480
500;50;1;QuickSort;18075;7260;3279;24450
500;50;1;InsertionSort;108726;36240;0;22680
500;50;1;BubbleSort;392204;124614;35744;125760
500;50;1;MergeSort;8976;3812;0;52670
500;50;1;CountingSort;1501;0;0;11250
500;50;1;QuickSort;16581;7344;2742;26100
500;50;1;InsertionSort;110862;36954;0;26250
500;50;1;BubbleSort;392240;123210;36455;226630
500;50;1;MergeSort;8976;3779;0;82780
500;50;1;CountingSort;1501;0;0;12520
500;50;1;QuickSort;17653;7264;3120;24750
500;50;1;InsertionSort;114477;38155;0;37480
500;50;1;BubbleSort;400148;124750;37662;250481
500;50;1;MergeSort;8976;3760;0;62040
500;50;1;CountingSort;1501;0;0;10280
500;50;1;QuickSort;17776;7378;3140;19520
500;50;1;InsertionSort;110883;36959;0;26941
500;50;1;BubbleSort;395220;124684;36463;250630
500;50;1;MergeSort;8976;3770;0;46380
500;50;1;CountingSort;1501;0;0;11230
500;50;1;QuickSort;15886;6418;2826;32871
500;50;1;InsertionSort;109672;36556;0;33050
500;50;1;BubbleSort;391084;123424;36059;313261
500;50;1;MergeSort;8976;3802;0;42410
500;50;1;CountingSort;1501;0;0;9010
500;50;1;QuickSort;18037;7339;3229;20700
500;50;1;InsertionSort;104928;34976;0;33260
500;50;1;BubbleSort;386538;124315;34477;326751
500;50;1;MergeSort;8976;3786;0;59200
500;50;1;CountingSort;1501;0;0;10080
500;50;1;QuickSort;17424;7242;3064;26930
500;50;1;InsertionSort;119599;39865;0;42790
500;50;1;BubbleSort;405080;123804;39368;345161
500;50;1;MergeSort;8976;3815;0;51920
500;50;1;CountingSort;1501;0;0;10500
500;50;1;QuickSort;16695;6879;2937;20081
500;50;1;InsertionSort;109734;36578;0;34870
500;50;1;BubbleSort;393004;124344;36079;385831
500;50;1;MergeSort;8976;3782;0;52680
500;50;1;CountingSort;1501;0;0;11410
500;50;1;QuickSort;20143;8377;3588;21040
500;50;1;InsertionSort;108982;36326;0;18340
500;50;1;BubbleSort;392264;124474;35829;478932
500;50;1;MergeSort;8976;3785;0;50650
500;50;1;CountingSort;1501;0;0;10880
500;50;1;QuickSort;15024;6309;2578;28531
500;50;1;InsertionSort;115276;38424;0;39180
500;50;1;BubbleSort;398128;123210;37927;419941
500;50;1;MergeSort;8976;3795;0;74130
500;50;1;CountingSort;1501;0;0;12370
500;50;1;QuickSort;16548;6966;2863;25260
500;50;1;InsertionSort;111435;37145;0;20810
500;50;1;BubbleSort;395994;124705;36646;503022
500;50;1;MergeSort;8976;3769;0;71861
500;50;1;CountingSort;1501;0;0;11200
500;50;1;QuickSort;16971;7035;2973;36040
500;50;1;InsertionSort;122219;40737;0;45040
500;50;1;BubbleSort;410048;124540;40242;421331
500;50;1;MergeSort;8976;3800;0;71631
500;50;1;CountingSort;1501;0;0;14080
500;50;1;QuickSort;16580;6887;2899;32300
500;50;1;InsertionSort;112038;37346;0;22820
500;50;1;BubbleSort;396546;124579;36847;498661
500;50;1;MergeSort;8976;3778;0;73440
500;50;1;CountingSort;1501;0;0;9300
500;50;1;QuickSort;16696;6952;2919;24680
500;50;1;InsertionSort;116743;38913;0;22350
500;50;1;BubbleSort;401524;123930;38416;271500
500;50;1;MergeSort;8976;3723;0;77710
500;50;1;CountingSort;1501;0;0;10140
500;50;1;QuickSort;17769;7257;3170;21051
500;50;1;InsertionSort;108692;36228;0;32170
500;50;1;BubbleSort;391730;124399;35733;191050
500;50;1;MergeSort;8976;3778;0;77480
500;50;1;CountingSort;1501;0;0;10840
500;50;1;QuickSort;19497;8010;3497;33701
500;50;1;InsertionSort;108408;36136;0;25810
500;50;1;BubbleSort;391892;124672;35637;163040
500;50;1;MergeSort;8976;3809;0;73670
500;50;1;CountingSort;1501;0;0;16280
500;50;1;QuickSort;16532;6929;2872;20070
500;50;1;InsertionSort;109801;36599;0;30580
500;50;1;BubbleSort;392916;124254;36102;213481
500;50;1;MergeSort;8976;3775;0;61730
500;50;1;CountingSort;1501;0;0;9040
500;50;1;QuickSort;16405;6685;2908;24320
500;50;1;InsertionSort;120253;40083;0;43211
500;50;1;BubbleSort;407572;124614;39586;211320
500;50;1;MergeSort;8976;3836;0;61910
500;50;1;CountingSort;1501;0;0;10620
500;50;1;QuickSort;15465;6345;2698;25710
500;50;1;InsertionSort;110799;36933;0;32320
500;50;1;BubbleSort;394774;124519;36434;158161
500;50;1;MergeSort;8976;3761;0;62420
500;50;1;CountingSort;1501;0;0;10870
500;50;1;QuickSort;15775;6868;2636;20830
500;50;1;InsertionSort;119316;39770;0;37120
500;50;1;BubbleSort;404956;123930;39274;168741
500;50;1;MergeSort;8976;3758;0;51840
500;50;1;CountingSort;1501;0;0;10970
500;50;1;QuickSort;17747;7280;3156;25150
500;50;1;InsertionSort;110130;36710;0;60510
500;50;1;BubbleSort;393222;124189;36211;195381
500;50;1;MergeSort;8976;3773;0;74841
500;50;1;CountingSort;1501;0;0;13640
500;50;1;QuickSort;17484;7140;3110;24590
500;50;1;InsertionSort;108288;36096;0;52680
500;50;1;BubbleSort;391648;124630;35597;178201
500;50;1;MergeSort;8976;3803;0;47950
500;50;1;CountingSort;1501;0;0;11080
500;50;1;QuickSort;16375;6850;2841;24490
500;50;1;InsertionSort;107028;35676;0;35640
500;50;1;BubbleSort;390178;124735;35177;181071
500;50;1;MergeSort;8976;3743;0;52130
500;50;1;CountingSort;1501;0;0;9690
500;50;1;QuickSort;16451;6920;2844;21200
500;50;1;InsertionSort;115656;38552;0;18600
500;50;1;BubbleSort;401250;124519;38053;178641
500;50;1;MergeSort;8976;3770;0;58950
500;50;1;CountingSort;1501;0;0;17360
500;50;1;QuickSort;16500;7071;2807;28200
500;50;1;InsertionSort;114937;38311;0;29630
500;50;1;BubbleSort;400156;124450;37814;177921
500;50;1;MergeSort;8976;3800;0;63830
500;50;1;CountingSort;1501;0;0;9350
500;50;1;QuickSort;16804;7015;2936;32820
500;50;1;InsertionSort;106062;35354;0;29430
500;50;1;BubbleSort;387928;124254;34855;168780
500;50;1;MergeSort;8976;3758;0;46310
500;50;1;CountingSort;1501;0;0;10450
500;50;1;QuickSort;16630;6832;2935;26111
500;50;1;InsertionSort;101823;33939;0;16470
500;50;1;BubbleSort;381550;123889;33443;158800
500;50;1;MergeSort;8976;3787;0;44670
500;50;1;CountingSort;1501;0;0;8570
500;50;1;QuickSort;15188;6380;2602;21060
500;50;1;InsertionSort;110214;36738;0;27800
500;50;1;BubbleSort;389764;122404;36239;166971
500;50;1;MergeSort;8976;3762;0;67011
500;50;1;CountingSort;1501;0;0;44210
500;50;1;QuickSort;16672;6979;2899;20290
500;50;1;InsertionSort;116265;38755;0;18780
500;50;1;BubbleSort;402284;124630;38256;133570
500;50;1;MergeSort;8976;3731;0;55540
500;50;1;CountingSort;1501;0;0;13650
500;50;1;QuickSort;20066;8372;3568;20480
500;50;1;InsertionSort;104061;34687;0;22220
500;50;1;BubbleSort;378942;121095;34188;210471
500;50;1;MergeSort;8976;3797;0;73260
500;50;1;CountingSort;1501;0;0;11180
500;50;1;QuickSort;17434;7645;2926;26360
500;50;1;InsertionSort;104560;34852;0;33020
500;50;1;BubbleSort;385114;123847;34355;136960
500;50;1;MergeSort;8976;3796;0;54040
500;50;1;CountingSort;1501;0;0;10240
500;50;1;QuickSort;17619;7236;3137;25130
500;50;1;InsertionSort;117442;39146;0;29730
500;50;1;BubbleSort;402290;123847;38649;179941
500;50;1;MergeSort;8976;3774;0;70380
500;50;1;CountingSort;1501;0;0;11160
500;50;1;QuickSort;17240;6914;3113;19100
500;50;1;InsertionSort;112833;37611;0;27090
500;50;1;BubbleSort;394166;122859;37112;188201
500;50;1;MergeSort;8976;3781;0;47770
500;50;1;CountingSort;1501;0;0;8870
500;50;1;QuickSort;17314;7450;2952;20970
500;50;1;InsertionSort;111384;37128;0;19320
500;50;1;BubbleSort;389854;121669;36629;139190
500;50;1;MergeSort;8976;3810;0;63010
500;50;1;CountingSort;1501;0;0;10940
500;50;1;QuickSort;17316;7116;3067;20600
500;50;1;InsertionSort;113178;37726;0;18070
500;50;1;BubbleSort;397758;124425;37227;139570
500;50;1;MergeSort;8976;3748;0;41120
500;50;1;CountingSort;1501;0;0;9050
500;50;1;QuickSort;16353;6645;2911;24180
500;50;1;InsertionSort;111531;37177;0;40880
500;50;1;BubbleSort;395940;124614;36678;193331
500;50;1;MergeSort;8976;3792;0;67620
500;50;1;CountingSort;1501;0;0;14731
500;50;1;QuickSort;17042;7343;2894;24840
500;50;1;InsertionSort;106902;35634;0;25420
500;50;1;BubbleSort;386960;123210;35135;180140
500;50;1;MergeSort;8976;3786;0;76360
500;50;1;CountingSort;1501;0;0;8750
500;50;1;QuickSort;16054;7138;2638;29350
500;50;1;InsertionSort;118754;39582;0;28010
500;50;1;BubbleSort;404918;124285;39087;181570
500;50;1;MergeSort;8976;3812;0;83600
500;50;1;CountingSort;1501;0;0;17600
500;50;1;QuickSort;19168;8101;3355;20800
500;50;1;InsertionSort;110829;36943;0;24990
500;50;1;BubbleSort;395144;124684;36444;136011
500;50;1;MergeSort;8976;3807;0;48960
500;50;1;CountingSort;1501;0;0;9180
500;50;1;QuickSort;16029;6459;2861;19790
500;50;1;InsertionSort;113680;37892;0;21520
500;50;1;BubbleSort;398840;124630;37395;193941
500;50;1;MergeSort;8976;3803;0;79631
500;50;1;CountingSort;1501;0;0;6030
500;50;1;QuickSort;16808;7151;2879;20500
500;50;1;InsertionSort;113812;37936;0;24890
500;50;1;BubbleSort;398606;124425;37439;260581
500;50;1;MergeSort;8976;3815;0;60340
500;50;1;CountingSort;1501;0;0;4210
500;50;1;QuickSort;17413;7132;3095;20930
500;50;1;InsertionSort;118617;39537;0;26840
500;50;1;BubbleSort;403772;123804;39041;134460
500;50;1;MergeSort;8976;3800;0;60460
500;50;1;CountingSort;1501;0;0;6790
500;50;1;QuickSort;18258;7422;3276;20790
500;50;1;InsertionSort;114712;38234;0;29710
500;50;1;BubbleSort;399270;124155;37740;210141
500;50;1;MergeSort;8976;3756;0;59430
500;50;1;CountingSort;1501;0;0;7330
500;50;1;QuickSort;16315;7228;2698;25350
500;50;1;InsertionSort;105718;35238;0;27030
500;50;1;BubbleSort;383352;122194;34741;179451
500;50;1;MergeSort;8976;3807;0;69850
500;50;1;CountingSort;1501;0;0;6190
500;50;1;QuickSort;18900;7524;3464;20580
500;50;1;InsertionSort;105448;35148;0;17050
500;50;1;BubbleSort;386124;123760;34651;125361
500;50;1;MergeSort;8976;3768;0;51300
500;50;1;CountingSort;1501;0;0;5080
500;50;1;QuickSort;18260;7685;3193;25680
500;50;1;InsertionSort;113436;37810;0;18560
500;50;1;BubbleSort;398574;124659;37314;159370
500;50;1;MergeSort;8976;3789;0;63500
500;50;1;CountingSort;1501;0;0;7050
500;50;1;QuickSort;17871;7722;3043;20850
500;50;1;InsertionSort;110679;36893;0;22100
500;50;1;BubbleSort;394570;124497;36394;133741
500;50;1;MergeSort;8976;3779;0;46790
500;50;1;CountingSort;1501;0;0;4600
500;50;1;QuickSort;16277;6959;2773;25150
500;50;1;InsertionSort;109174;36390;0;22840
500;50;1;BubbleSort;391266;123847;35893;213820
500;50;1;MergeSort;8976;3790;0;82320
500;50;1;CountingSort;1501;0;0;5610
500;50;1;QuickSort;15959;6713;2748;24520
500;50;1;InsertionSort;109144;36380;0;21990
500;50;1;BubbleSort;392876;124672;35883;195401
500;50;1;MergeSort;8976;3726;0;66200
500;50;1;CountingSort;1501;0;0;4290
500;50;1;QuickSort;15552;6522;2676;24090
500;50;1;InsertionSort;112083;37361;0;18520
500;50;1;BubbleSort;396708;124630;36862;192390
500;50;1;MergeSort;8976;3786;0;61670
500;50;1;CountingSort;1501;0;0;5600
500;50;1;QuickSort;17326;7144;3055;26600
500;50;1;InsertionSort;115377;38459;0;24240
500;50;1;BubbleSort;399178;123669;37960;134561
500;50;1;MergeSort;8976;3816;0;56341
500;50;1;CountingSort;1501;0;0;4970
500;50;1;QuickSort;18331;7666;3225;25180
500;50;1;InsertionSort;116274;38758;0;23490
500;50;1;BubbleSort;401054;124009;38259;126400
500;50;1;MergeSort;8976;3812;0;67220
500;50;1;CountingSort;1501;0;0;6910
500;50;1;QuickSort;18262;7489;3255;26070
500;50;1;InsertionSort;105603;35199;0;21420
500;50;1;BubbleSort;384652;122920;34703;198851
500;50;1;MergeSort;8976;3788;0;81101
500;50;1;CountingSort;1501;0;0;6480
500;50;1;QuickSort;19117;7690;3473;25190
500;50;1;InsertionSort;110494;36826;0;22660
500;50;1;BubbleSort;394084;124372;36335;123450
500;50;1;MergeSort;8976;3711;0;53230
500;50;1;CountingSort;1501;0;0;7020
500;50;1;QuickSort;17579;7238;3118;27990
500;50;1;InsertionSort;103764;34588;0;24900
500;50;1;BubbleSort;382550;123097;34089;155631
500;50;1;MergeSort;8976;3784;0;82140
500;50;1;CountingSort;1501;0;0;4890
500;50;1;QuickSort;17646;7092;3179;26500
500;50;1;InsertionSort;115851;38617;0;27030
500;50;1;BubbleSort;400166;123847;38118;157970
500;50;1;MergeSort;8976;3792;0;76420
500;50;1;CountingSort;1501;0;0;6790
500;50;1;QuickSort;16797;7107;2897;28450
500;50;1;InsertionSort;109479;36493;0;21800
500;50;1;BubbleSort;391670;123847;35994;157741
500;50;1;MergeSort;8976;3763;0;58651
500;50;1;CountingSort;1501;0;0;5140
500;50;1;QuickSort;17248;7015;3083;25010
500;50;1;InsertionSort;103134;34378;0;22230
500;50;1;BubbleSort;380186;122335;33879;176610
500;50;1;MergeSort;8976;3738;0;55480
500;50;1;CountingSort;1501;0;0;7080
500;50;1;QuickSort;17245;7198;3017;24800
500;50;1;InsertionSort;115644;38546;0;23380
500;50;1;BubbleSort;400644;124222;38050;201460
500;50;1;MergeSort;8976;3795;0;74010
500;50;1;CountingSort;1501;0;0;4970
500;50;1;QuickSort;19457;7736;3579;24720
500;50;1;InsertionSort;112150;37382;0;22590
500;50;1;BubbleSort;395400;123930;36885;163931
500;50;1;MergeSort;8976;3802;0;55510
500;50;1;CountingSort;1501;0;0;6780
500;50;1;QuickSort;17797;7549;3080;26920
500;50;1;InsertionSort;109831;36609;0;22200
500;50;1;BubbleSort;392308;123930;36112;162400
500;50;1;MergeSort;8976;3782;0;52270
500;50;1;CountingSort;1501;0;0;4580
500;50;1;QuickSort;16720;6718;2996;70420
500;50;1;InsertionSort;108910;36302;0;24320
500;50;1;BubbleSort;391728;124254;35805;137200
500;50;1;MergeSort;8976;3805;0;56950
500;50;1;CountingSort;1501;0;0;6990
500;50;1;QuickSort;17442;7119;3112;20550
500;50;1;InsertionSort;108183;36061;0;30230
500;50;1;BubbleSort;391508;124630;35562;154091
500;50;1;MergeSort;8976;3771;0;58701
500;50;1;CountingSort;1501;0;0;5460
500;50;1;QuickSort;16770;6927;2950;24080
500;50;1;InsertionSort;118851;39617;0;33400
500;50;1;BubbleSort;405466;124497;39118;199850
500;50;1;MergeSort;8976;3782;0;66980
500;50;1;CountingSort;1501;0;0;6750
500;50;1;QuickSort;17136;7005;3035;24850
500;50;1;InsertionSort;115155;38385;0;31950
500;50;1;BubbleSort;400492;124474;37886;207571
500;50;1;MergeSort;8976;3797;0;74530
500;50;2;CountingSort;1501;0;0;134651
500;50;2;QuickSort;18550;7543;3328;755692
500;50;2;InsertionSort;50649;16877;0;1618465
500;50;2;BubbleSort;248226;91339;16387;5302795
500;50;2;MergeSort;8976;2936;0;702942
500;50;2;CountingSort;1501;0;0;57570
500;50;2;QuickSort;15923;6557;2791;109981
500;50;2;InsertionSort;46971;15655;0;1163804
500;50;2;BubbleSort;241230;90297;15159;1381334
500;50;2;MergeSort;8976;2937;0;216700
500;50;2;CountingSort;1501;0;0;49590
500;50;2;QuickSort;18632;7532;3362;75930
500;50;2;InsertionSort;48439;16143;0;1306374
500;50;2;BubbleSort;241074;89239;15649;650742
500;50;2;MergeSort;8976;2941;0;143191
500;50;2;CountingSort;1501;0;0;62310
500;50;2;QuickSort;17139;6828;3095;67750
500;50;2;InsertionSort;47952;15982;0;1439824
500;50;2;BubbleSort;238814;88435;15486;1714655
500;50;2;MergeSort;8976;2931;0;169030
500;50;2;CountingSort;1501;0;0;61140
500;50;2;QuickSort;19770;8427;3451;55960
500;50;2;InsertionSort;47236;15742;0;329051
500;50;2;BubbleSort;238400;88704;15248;449922
500;50;2;MergeSort;8976;2941;0;118420
500;50;2;CountingSort;1501;0;0;61250
500;50;2;QuickSort;19317;8334;3333;80160
500;50;2;InsertionSort;47507;15831;0;397471
500;50;2;BubbleSort;244550;91597;15339;447032
500;50;2;MergeSort;8976;2936;0;166360
500;50;2;CountingSort;1501;0;0;62320
500;50;2;QuickSort;15513;6528;2666;78640
500;50;2;InsertionSort;46483;15491;0;173331
500;50;2;BubbleSort;234138;87075;14997;514682
500;50;2;MergeSort;8976;2946;0;113091
500;50;2;CountingSort;1501;0;0;59730
500;50;2;QuickSort;15704;6788;2639;60590
500;50;2;InsertionSort;47466;15820;0;193611
500;50;2;BubbleSort;235994;87349;15324;375161
500;50;2;MergeSort;8976;2949;0;145570
500;50;2;CountingSort;1501;0;0;68661
500;50;2;QuickSort;16594;6805;2933;85941
500;50;2;InsertionSort;47990;15994;0;259910
500;50;2;BubbleSort;245704;91854;15499;380831
500;50;2;MergeSort;8976;2952;0;90100
500;50;2;CountingSort;1501;0;0;60180
500;50;2;QuickSort;16309;6688;2870;78040
500;50;2;InsertionSort;48680;16222;0;269851
500;50;2;BubbleSort;230338;83709;15730;394261
500;50;2;MergeSort;8976;2938;0;84031
500;50;2;CountingSort;1501;0;0;48521
500;50;2;QuickSort;18191;7523;3228;87850
500;50;2;InsertionSort;49470;16482;0;410081
500;50;2;BubbleSort;247174;91597;15995;377171
500;50;2;MergeSort;8976;2941;0;142200
500;50;2;CountingSort;1501;0;0;60120
500;50;2;QuickSort;17716;7309;3139;72910
500;50;2;InsertionSort;49835;16611;0;478472
500;50;2;BubbleSort;238602;87075;16113;501752
500;50;2;MergeSort;8976;2942;0;179881
500;50;2;CountingSort;1501;0;0;96120
500;50;2;QuickSort;18764;7667;3367;81780
500;50;2;InsertionSort;49838;16610;0;184111
500;50;2;BubbleSort;244528;90034;16115;197261
500;50;2;MergeSort;8976;2929;0;142401
500;50;2;CountingSort;1501;0;0;53340
500;50;2;QuickSort;18568;8566;3000;69681
500;50;2;InsertionSort;49258;16414;0;152901
500;50;2;BubbleSort;246370;91339;15923;229910
500;50;2;MergeSort;8976;2930;0;162270
500;50;2;CountingSort;1501;0;0;73210
500;50;2;QuickSort;15255;6603;2548;73530
500;50;2;InsertionSort;46401;15463;0;155760
500;50;2;BubbleSort;226148;83134;14970;135650
500;50;2;MergeSort;8976;2945;0;155391
500;50;2;CountingSort;1501;0;0;50320
500;50;2;QuickSort;15722;6941;2595;98851
500;50;2;InsertionSort;49840;16610;0;219240
500;50;2;BubbleSort;248684;92110;16116;136490
500;50;2;MergeSort;8976;2944;0;99750
500;50;2;CountingSort;1501;0;0;68990
500;50;2;QuickSort;18792;7602;3397;383991
500;50;2;InsertionSort;48031;16009;0;238081
500;50;2;BubbleSort;238918;88435;15512;140170
500;50;2;MergeSort;8976;2931;0;147001
500;50;2;CountingSort;1501;0;0;60750
500;50;2;QuickSort;17148;6915;3074;451881
500;50;2;InsertionSort;49268;16422;0;286221
500;50;2;BubbleSort;237846;87075;15924;113610
500;50;2;MergeSort;8976;2940;0;122320
500;50;2;CountingSort;1501;0;0;95240
500;50;2;QuickSort;16109;6467;2878;288551
500;50;2;InsertionSort;46480;15490;0;358491
500;50;2;BubbleSort;241102;90559;14996;346261
500;50;2;MergeSort;8976;2937;0;114120
500;50;2;CountingSort;1501;0;0;71630
500;50;2;QuickSort;16448;6719;2916;422231
500;50;2;InsertionSort;47809;15933;0;271471
500;50;2;BubbleSort;239164;88704;15439;349461
500;50;2;MergeSort;8976;2943;0;242441
500;50;2;CountingSort;1501;0;0;68460
500;50;2;QuickSort;17035;7159;2955;383941
500;50;2;InsertionSort;45896;15296;0;278951
500;50;2;BubbleSort;238214;89505;14801;304361
500;50;2;MergeSort;8976;2932;0;189111
500;50;2;CountingSort;1501;0;0;75511
500;50;2;QuickSort;18891;8145;3254;390082
500;50;2;InsertionSort;47723;15907;0;84940
500;50;2;BubbleSort;236880;87622;15409;117480
500;50;2;MergeSort;8976;2936;0;94840
500;50;2;CountingSort;1501;0;0;73180
500;50;2;QuickSort;16026;6858;2732;291971
500;50;2;InsertionSort;46323;15439;0;126311
500;50;2;BubbleSort;241932;91080;14943;150601
500;50;2;MergeSort;8976;2930;0;80561
500;50;2;CountingSort;1501;0;0;64350
500;50;2;QuickSort;21153;8766;3795;4117132
500;50;2;InsertionSort;48808;16264;0;4143392
500;50;2;BubbleSort;247822;92365;15773;3905302
500;50;2;MergeSort;8976;2943;0;3871972
500;50;2;CountingSort;1501;0;0;47140
500;50;2;QuickSort;18418;7528;3301;21630
500;50;2;InsertionSort;47905;15965;0;19550
500;50;2;BubbleSort;227574;82845;15471;152160
500;50;2;MergeSort;8976;2934;0;47160
500;50;2;CountingSort;1501;0;0;65950
500;50;2;QuickSort;18726;7689;3349;32930
500;50;2;InsertionSort;49320;16438;0;22460
500;50;2;BubbleSort;240638;88435;15942;139221
500;50;2;MergeSort;8976;2939;0;25770
500;50;2;CountingSort;1501;0;0;60450
500;50;2;QuickSort;16283;6599;2895;17010
500;50;2;InsertionSort;43933;14641;0;121030
500;50;2;BubbleSort;220532;81972;14147;88610
500;50;2;MergeSort;8976;2944;0;31630
500;50;2;CountingSort;1501;0;0;68310
500;50;2;QuickSort;18144;7320;3272;26410
500;50;2;InsertionSort;50371;16785;0;14830
500;50;2;BubbleSort;233166;83995;16294;107930
500;50;2;MergeSort;8976;2923;0;29900
500;50;2;CountingSort;1501;0;0;59531
500;50;2;QuickSort;17755;7180;3191;24700
500;50;2;InsertionSort;48911;16299;0;10410
500;50;2;BubbleSort;234608;85690;15807;146440
500;50;2;MergeSort;8976;2933;0;76700
500;50;2;CountingSort;1501;0;0;62510
500;50;2;QuickSort;16602;6744;2959;17660
500;50;2;InsertionSort;45365;15117;0;12400
500;50;2;BubbleSort;236978;89239;14625;156900
500;50;2;MergeSort;8976;2944;0;62350
500;50;2;CountingSort;1501;0;0;64860
500;50;2;QuickSort;14510;6281;2410;31980
500;50;2;InsertionSort;46605;15529;0;13080
500;50;2;BubbleSort;237026;88435;15039;136701
500;50;2;MergeSort;8976;2933;0;54190
500;50;2;CountingSort;1501;0;0;70980
500;50;2;QuickSort;18742;7783;3318;38140
500;50;2;InsertionSort;47322;15770;0;14250
500;50;2;BubbleSort;220908;79900;15277;111600
500;50;2;MergeSort;8976;2934;0;68780
500;50;2;CountingSort;1501;0;0;56100
500;50;2;QuickSort;16218;6633;2865;20540
500;50;2;InsertionSort;49384;16458;0;13990
500;50;2;BubbleSort;241800;88972;15964;125540
500;50;2;MergeSort;8976;2944;0;52030
500;50;2;CountingSort;1501;0;0;37940
500;50;2;QuickSort;15410;6443;2654;21100
500;50;2;InsertionSort;48752;16246;0;13640
500;50;2;BubbleSort;237714;87349;15754;125100
500;50;2;MergeSort;8976;2922;0;36430
500;50;2;CountingSort;1501;0;0;23870
500;50;2;QuickSort;16196;6803;2805;20880
500;50;2;InsertionSort;46386;15458;0;8610
500;50;2;BubbleSort;236190;88165;14965;143030
500;50;2;MergeSort;8976;2947;0;72710
500;50;2;CountingSort;1501;0;0;16010
500;50;2;QuickSort;18279;7455;3276;18010
500;50;2;InsertionSort;53140;17710;0;45990
500;50;2;BubbleSort;244652;87894;17216;139970
500;50;2;MergeSort;8976;2949;0;70150
500;50;2;CountingSort;1501;0;0;12160
500;50;2;QuickSort;19521;7932;3527;18990
500;50;2;InsertionSort;51541;17179;0;12010
500;50;2;BubbleSort;237548;85410;16682;155511
500;50;2;MergeSort;8976;2925;0;53941
500;50;2;CountingSort;1501;0;0;9240
500;50;2;QuickSort;17609;7457;3050;20590
500;50;2;InsertionSort;46773;15589;0;15690
500;50;2;BubbleSort;225482;82555;15093;90160
500;50;2;MergeSort;8976;2959;0;59010
500;50;2;CountingSort;1501;0;0;20291
500;50;2;QuickSort;17316;7164;3051;16150
500;50;2;InsertionSort;47188;15726;0;11010
500;50;2;BubbleSort;245658;92365;15232;118091
500;50;2;MergeSort;8976;2939;0;47791
500;50;2;CountingSort;1501;0;0;9860
500;50;2;QuickSort;16391;6722;2888;15560
500;50;2;InsertionSort;50290;16762;0;13440
500;50;2;BubbleSort;243538;89239;16265;101000
500;50;2;MergeSort;8976;2924;0;43050
500;50;2;CountingSort;1501;0;0;9280
500;50;2;QuickSort;20292;8169;3704;27980
500;50;2;InsertionSort;49669;16553;0;14110
500;50;2;BubbleSort;240566;88165;16059;109591
500;50;2;MergeSort;8976;2925;0;39620
500;50;2;CountingSort;1501;0;0;10400
500;50;2;QuickSort;18707;7652;3345;21700
500;50;2;InsertionSort;45244;15078;0;14190
500;50;2;BubbleSort;226896;84280;14584;106561
500;50;2;MergeSort;8976;2940;0;37660
500;50;2;CountingSort;1501;0;0;11020
500;50;2;QuickSort;19477;7873;3529;17480
500;50;2;InsertionSort;49722;16572;0;13780
500;50;2;BubbleSort;238454;87075;16076;68060
500;50;2;MergeSort;8976;2946;0;51610
500;50;2;CountingSort;1501;0;0;25290
500;50;2;QuickSort;16509;6675;2943;36340
500;50;2;InsertionSort;49241;16409;0;13370
500;50;2;BubbleSort;236162;86247;15917;76070
500;50;2;MergeSort;8976;2941;0;43300
500;50;2;CountingSort;1501;0;0;10170
500;50;2;QuickSort;17220;7188;3014;18390
500;50;2;InsertionSort;47128;15706;0;16020
500;50;2;BubbleSort;229408;84280;15212;66030
500;50;2;MergeSort;8976;2950;0;39340
500;50;2;CountingSort;1501;0;0;11000
500;50;2;QuickSort;17784;7287;3159;25410
500;50;2;InsertionSort;46364;15454;0;12720
500;50;2;BubbleSort;231762;85969;14956;117590
500;50;2;MergeSort;8976;2942;0;70760
500;50;2;CountingSort;1501;0;0;12340
500;50;2;QuickSort;16642;6838;2935;17920
500;50;2;InsertionSort;48423;16137;0;10390
500;50;2;BubbleSort;229994;83709;15644;120431
500;50;2;MergeSort;8976;2930;0;71190
500;50;2;CountingSort;1501;0;0;10390
500;50;2;QuickSort;17150;6932;3068;28330
500;50;2;InsertionSort;45668;15220;0;10200
500;50;2;BubbleSort;240018;90559;14725;161401
500;50;2;MergeSort;8976;2939;0;68101
500;50;2;CountingSort;1501;0;0;10550
500;50;2;QuickSort;17906;7088;3274;23310
500;50;2;InsertionSort;49545;16513;0;15940
500;50;2;BubbleSort;237668;86800;16017;150121
500;50;2;MergeSort;8976;2946;0;52770
500;50;2;CountingSort;1501;0;0;17750
500;50;2;QuickSort;18141;7476;3220;22350
500;50;2;InsertionSort;46087;15361;0;10260
500;50;2;BubbleSort;246206;93375;14864;78071
500;50;2;MergeSort;8976;2924;0;50860
500;50;2;CountingSort;1501;0;0;14500
500;50;2;QuickSort;17474;7211;3083;17580
500;50;2;InsertionSort;48152;16046;0;10830
500;50;2;BubbleSort;248966;93375;15554;152341
500;50;2;MergeSort;8976;2949;0;94070
500;50;2;CountingSort;1501;0;0;39540
500;50;2;QuickSort;18207;7971;3078;23090
500;50;2;InsertionSort;44161;14717;0;10580
500;50;2;BubbleSort;228830;85969;14223;124781
500;50;2;MergeSort;8976;2952;0;54081
500;50;2;CountingSort;1501;0;0;29230
500;50;2;QuickSort;15080;6371;2556;23240
500;50;2;InsertionSort;46009;15331;0;84820
500;50;2;BubbleSort;231854;86247;14840;152631
500;50;2;MergeSort;8976;2944;0;62241
500;50;2;CountingSort;1501;0;0;10340
500;50;2;QuickSort;15823;6460;2793;27910
500;50;2;InsertionSort;50718;16904;0;14180
500;50;2;BubbleSort;246750;90559;16408;143420
500;50;2;MergeSort;8976;2931;0;78980
500;50;2;CountingSort;1501;0;0;10950
500;50;2;QuickSort;18054;7491;3186;18841
500;50;2;InsertionSort;48336;16108;0;14250
500;50;2;BubbleSort;241470;89505;15615;147010
500;50;2;MergeSort;8976;2928;0;54890
500;50;2;CountingSort;1501;0;0;13120
500;50;2;QuickSort;18549;7836;3238;18320
500;50;2;InsertionSort;51827;17269;0;13400
500;50;2;BubbleSort;251850;92365;16780;69670
500;50;2;MergeSort;8976;2934;0;74931
500;50;2;CountingSort;1501;0;0;21381
500;50;2;QuickSort;19132;7840;3438;19050
500;50;2;InsertionSort;52210;17400;0;13740
500;50;2;BubbleSort;246102;89239;16906;73190
500;50;2;MergeSort;8976;2944;0;50080
500;50;2;CountingSort;1501;0;0;11300
500;50;2;QuickSort;16714;6898;2932;26380
500;50;2;InsertionSort;49259;16417;0;11880
500;50;2;BubbleSort;247396;91854;15922;146461
500;50;2;MergeSort;8976;2939;0;44871
500;50;2;CountingSort;1501;0;0;9270
500;50;2;QuickSort;19255;8200;3354;29500
500;50;2;InsertionSort;47178;15720;0;20240
500;50;2;BubbleSort;231178;85129;15230;89200
500;50;2;MergeSort;8976;2940;0;56551
500;50;2;CountingSort;1501;0;0;10961
500;50;2;QuickSort;17393;7133;3092;19040
500;50;2;InsertionSort;45729;15241;0;11880
500;50;2;BubbleSort;239574;90297;14745;77380
500;50;2;MergeSort;8976;2936;0;41350
500;50;2;CountingSort;1501;0;0;10040
500;50;2;QuickSort;17805;7149;3219;21370
500;50;2;InsertionSort;48243;16077;0;13180
500;50;2;BubbleSort;242404;90034;15584;153650
500;50;2;MergeSort;8976;2940;0;66150
500;50;2;CountingSort;1501;0;0;10800
500;50;2;QuickSort;20049;7932;3697;22020
500;50;2;InsertionSort;50852;16946;0;11610
500;50;2;BubbleSort;244826;89505;16454;155541
500;50;2;MergeSort;8976;2944;0;56540
500;50;2;CountingSort;1501;0;0;10440
500;50;2;QuickSort;16657;7207;2813;23420
500;50;2;InsertionSort;51305;17099;0;10780
500;50;2;BubbleSort;246484;90034;16604;145081
500;50;2;MergeSort;8976;2938;0;55070
500;50;2;CountingSort;1501;0;0;11260
500;50;2;QuickSort;16036;6805;2740;22830
500;50;2;InsertionSort;46160;15384;0;14530
500;50;2;BubbleSort;245300;92872;14889;148570
500;50;2;MergeSort;8976;2944;0;44970
500;50;2;CountingSort;1501;0;0;11220
500;50;2;QuickSort;17803;7357;3155;17800
500;50;2;InsertionSort;50177;16721;0;13871
500;50;2;BubbleSort;246556;90820;16229;133560
500;50;2;MergeSort;8976;2940;0;53150
500;50;2;CountingSort;1501;0;0;12050
500;50;2;QuickSort;19592;7631;3653;18070
500;50;2;InsertionSort;49228;16406;0;13520
500;50;2;BubbleSort;239436;87894;15912;125051
500;50;2;MergeSort;8976;2941;0;58450
500;50;2;CountingSort;1501;0;0;11380
500;50;2;QuickSort;17946;7206;3245;17760
500;50;2;InsertionSort;49412;16466;0;15330
500;50;2;BubbleSort;244490;90297;15974;109330
500;50;2;MergeSort;8976;2935;0;59260
500;50;2;CountingSort;1501;0;0;9490
500;50;2;QuickSort;17429;7349;3029;18600
500;50;2;InsertionSort;48437;16145;0;13620
500;50;2;BubbleSort;228856;83134;15647;91740
500;50;2;MergeSort;8976;2942;0;38600
500;50;2;CountingSort;1501;0;0;11170
500;50;2;QuickSort;15988;6835;2719;22690
500;50;2;InsertionSort;45393;15127;0;13290
500;50;2;BubbleSort;240696;91080;14634;131511
500;50;2;MergeSort;8976;2940;0;42500
500;50;2;CountingSort;1501;0;0;10490
500;50;2;QuickSort;16179;6621;2857;17210
500;50;2;InsertionSort;47874;15954;0;13530
500;50;2;BubbleSort;239788;88972;15461;99220
500;50;2;MergeSort;8976;2937;0;40690
500;50;2;CountingSort;1501;0;0;11920
500;50;2;QuickSort;17531;7703;2937;23160
500;50;2;InsertionSort;47104;15698;0;12500
500;50;2;BubbleSort;241934;90559;15204;93030
500;50;2;MergeSort;8976;2922;0;44640
500;50;2;CountingSort;1501;0;0;11490
500;50;2;QuickSort;18119;7463;3222;18601
500;50;2;InsertionSort;48512;16168;0;11350
500;50;2;BubbleSort;237936;87622;15673;85350
500;50;2;MergeSort;8976;2959;0;45410
500;50;2;CountingSort;1501;0;0;22500
500;50;2;QuickSort;16251;6723;2851;19730
500;50;2;InsertionSort;48785;16259;0;8390
500;50;2;BubbleSort;239926;88435;15764;109690
500;50;2;MergeSort;8976;2942;0;56710
500;50;2;CountingSort;1501;0;0;11720
500;50;2;QuickSort;19405;8200;3400;23540
500;50;2;InsertionSort;46899;15631;0;8190
500;50;2;BubbleSort;230234;84847;15135;136230
500;50;2;MergeSort;8976;2943;0;80980
500;50;2;CountingSort;1501;0;0;11220
500;50;2;QuickSort;18613;8125;3179;29930
500;50;2;InsertionSort;51953;17313;0;15211
500;50;2;BubbleSort;254034;93375;16821;162640
500;50;2;MergeSort;8976;2944;0;84820
500;50;2;CountingSort;1501;0;0;12360
500;50;2;QuickSort;16403;6800;2880;21420
500;50;2;InsertionSort;50738;16910;0;14980
500;50;2;BubbleSort;244670;89505;16415;160481
500;50;2;MergeSort;8976;2935;0;79691
500;50;2;CountingSort;1501;0;0;12170
500;50;2;QuickSort;17051;6866;3064;17260
500;50;2;InsertionSort;48783;16257;0;17640
500;50;2;BubbleSort;250306;93625;15764;98090
500;50;2;MergeSort;8976;2931;0;49630
500;50;2;CountingSort;1501;0;0;13740
500;50;2;QuickSort;15036;6336;2572;21330
500;50;2;InsertionSort;50583;16859;0;13781
500;50;2;BubbleSort;244462;89505;16363;120050
500;50;2;MergeSort;8976;2949;0;53080
500;50;2;CountingSort;1501;0;0;11280
500;50;2;QuickSort;15791;6563;2745;22120
500;50;2;InsertionSort;46868;15618;0;11740
500;50;2;BubbleSort;232442;85969;15126;71500
500;50;2;MergeSort;8976;2935;0;38760
500;50;2;CountingSort;1501;0;0;9480
500;50;2;QuickSort;19445;8339;3369;21830
500;50;2;InsertionSort;47401;15797;0;11740
500;50;2;BubbleSort;230906;84847;15303;121120
500;50;2;MergeSort;8976;2947;0;44540
500;50;2;CountingSort;1501;0;0;15610
500;50;2;QuickSort;17575;7309;3091;18230
500;50;2;InsertionSort;47147;15715;0;8310
500;50;2;BubbleSort;244062;91597;15217;72441
500;50;2;MergeSort;8976;2938;0;38521
500;50;2;CountingSort;1501;0;0;10090
500;50;2;QuickSort;16682;7223;2821;17491
500;50;2;InsertionSort;47819;15937;0;11100
500;50;2;BubbleSort;241308;89770;15442;96970
500;50;2;MergeSort;8976;2946;0;38210
500;50;2;CountingSort;1501;0;0;14420
500;50;2;QuickSort;15756;6606;2716;20610
500;50;2;InsertionSort;49177;16389;0;10880
500;50;2;BubbleSort;241524;88972;15895;133581
500;50;2;MergeSort;8976;2945;0;68400
500;50;2;CountingSort;1501;0;0;19100
500;50;2;QuickSort;16247;6593;2881;17170
500;50;2;InsertionSort;51298;17094;0;8940
500;50;2;BubbleSort;238350;85969;16603;128270
500;50;2;MergeSort;8976;2943;0;72660
500;50;2;CountingSort;1501;0;0;50230
500;50;2;QuickSort;15897;7173;2577;24910
500;50;2;InsertionSort;46382;15456;0;15100
500;50;2;BubbleSort;224384;82264;14964;118780
500;50;2;MergeSort;8976;2942;0;45770
500;50;2;CountingSort;1501;0;0;10840
500;50;2;QuickSort;19300;7873;3478;18270
500;50;2;InsertionSort;47779;15923;0;12300
500;50;2;BubbleSort;227984;83134;15429;100850
500;50;2;MergeSort;8976;2931;0;47410
500;50;2;CountingSort;1501;0;0;9160
500;50;2;QuickSort;15342;6648;2572;22870
500;50;2;InsertionSort;48258;16082;0;11860
500;50;2;BubbleSort;241366;89505;15589;123421
500;50;2;MergeSort;8976;2928;0;53701
500;50;2;CountingSort;1501;0;0;8960
500;50;2;QuickSort;15844;6700;2716;17630
500;50;2;InsertionSort;48687;16225;0;13060
500;50;2;BubbleSort;234866;85969;15732;71521
500;50;2;MergeSort;8976;2927;0;38170
500;50;2;CountingSort;1501;0;0;23040
500;50;2;QuickSort;17933;7397;3180;17820
500;50;2;InsertionSort;45593;15195;0;12041
500;50;2;BubbleSort;242508;91854;14700;150720
500;50;2;MergeSort;8976;2926;0;35110
500;50;2;CountingSort;1501;0;0;11390
500;50;2;QuickSort;17348;7319;3014;18830
500;50;2;InsertionSort;46806;15600;0;16100
500;50;2;BubbleSort;235114;87349;15104;121000
500;50;2;MergeSort;8976;2941;0;43490
500;50;2;CountingSort;1501;0;0;11460
500;50;2;QuickSort;16782;6918;2955;22320
500;50;2;InsertionSort;50463;16817;0;16490
500;50;2;BubbleSort;245364;90034;16324;125531
500;50;2;MergeSort;8976;2935;0;37421
500;50;2;CountingSort;1501;0;0;11660
500;50;2;QuickSort;18012;7446;3188;18030
500;50;2;InsertionSort;50180;16722;0;14520
500;50;2;BubbleSort;234048;84564;16230;151340
500;50;2;MergeSort;8976;2932;0;71560
500;50;2;CountingSort;1501;0;0;23420
500;50;2;QuickSort;15724;6937;2597;23310
500;50;2;InsertionSort;51516;17168;0;23650
500;50;2;BubbleSort;238080;85690;16675;105141
500;50;2;MergeSort;8976;2936;0;40610
500;50;2;CountingSort;1501;0;0;16781
500;50;2;QuickSort;16652;6689;2990;16990
500;50;2;InsertionSort;45155;15047;0;14060
500;50;2;BubbleSort;234008;87894;14555;136050
500;50;2;MergeSort;8976;2928;0;56560
500;50;2;CountingSort;1501;0;0;19930
500;50;2;QuickSort;15974;6710;2762;16870
500;50;2;InsertionSort;42637;14209;0;10600
500;50;2;BubbleSort;237538;91339;13715;167471
500;50;2;MergeSort;8976;2930;0;74710
500;50;2;CountingSort;1501;0;0;11280
500;50;2;QuickSort;17478;7041;3145;16970
500;50;2;InsertionSort;48090;16028;0;13540
500;50;2;BubbleSort;245836;91854;15532;150180
500;50;2;MergeSort;8976;2937;0;60640
500;50;2;CountingSort;1501;0;0;9521
500;50;2;QuickSort;16569;6750;2936;20670
500;50;2;InsertionSort;46314;15436;0;12600
500;50;2;BubbleSort;235004;87622;14940;123010
500;50;2;MergeSort;8976;2958;0;44910
500;50;2;CountingSort;1501;0;0;54470
500;50;2;QuickSort;14982;6342;2542;33110
500;50;2;InsertionSort;50824;16938;0;20310
500;50;2;BubbleSort;240474;87349;16444;125710
500;50;2;MergeSort;8976;2944;0;41320
500;50;2;CountingSort;1501;0;0;5720
500;50;2;QuickSort;16738;6940;2936;17960
500;50;2;InsertionSort;51597;17197;0;8580
500;50;2;BubbleSort;248964;91080;16701;75260
500;50;2;MergeSort;8976;2943;0;42770
500;50;2;CountingSort;1501;0;0;4120
500;50;2;QuickSort;15415;6478;2645;17590
500;50;2;InsertionSort;48562;16186;0;21320
500;50;2;BubbleSort;241234;89239;15689;99650
500;50;2;MergeSort;8976;2958;0;43860
500;50;3;CountingSort;1501;0;0;93360
500;50;3;QuickSort;20267;8354;3641;861923
500;50;3;InsertionSort;50778;16926;0;1334133
500;50;3;BubbleSort;248902;91597;16427;5182515
500;50;3;MergeSort;8976;2934;0;665312
500;50;3;CountingSort;1501;0;0;74440
500;50;3;QuickSort;16698;6945;2922;103820
500;50;3;InsertionSort;47499;15833;0;1479564
500;50;3;BubbleSort;237666;88165;15334;1784985
500;50;3;MergeSort;8976;2941;0;95180
500;50;3;CountingSort;1501;0;0;58270
500;50;3;QuickSort;15918;6558;2788;69890
500;50;3;InsertionSort;46698;15566;0;1250124
500;50;3;BubbleSort;233868;86800;15067;791282
500;50;3;MergeSort;8976;2946;0;88690
500;50;3;CountingSort;1501;0;0;59690
500;50;3;QuickSort;16326;7158;2722;76030
500;50;3;InsertionSort;48318;16106;0;1327424
500;50;3;BubbleSort;241968;89770;15607;392341
500;50;3;MergeSort;8976;2948;0;135091
500;50;3;CountingSort;1501;0;0;66880
500;50;3;QuickSort;15138;6345;2594;65470
500;50;3;InsertionSort;49248;16416;0;202271
500;50;3;BubbleSort;245828;91080;15917;329131
500;50;3;MergeSort;8976;2927;0;161310
500;50;3;CountingSort;1501;0;0;67320
500;50;3;QuickSort;21560;8540;4007;110560
500;50;3;InsertionSort;49566;16522;0;474411
500;50;3;BubbleSort;246770;91339;16023;574592
500;50;3;MergeSort;8976;2933;0;219781
500;50;3;CountingSort;1501;0;0;96100
500;50;3;QuickSort;15635;6515;2705;101621
500;50;3;InsertionSort;48972;16324;0;141500
500;50;3;BubbleSort;247520;92110;15825;354611
500;50;3;MergeSort;8976;2948;0;104840
500;50;3;CountingSort;1501;0;0;53710
500;50;3;QuickSort;14947;6277;2560;59370
500;50;3;InsertionSort;44283;14761;0;203411
500;50;3;BubbleSort;228986;85969;14262;494952
500;50;3;MergeSort;8976;2945;0;76070
500;50;3;CountingSort;1501;0;0;59481
500;50;3;QuickSort;18931;7804;3384;95960
500;50;3;InsertionSort;51150;17050;0;520541
500;50;3;BubbleSort;244148;88972;16551;575081
500;50;3;MergeSort;8976;2925;0;91770
500;50;3;CountingSort;1501;0;0;46340
500;50;3;QuickSort;16355;6689;2892;64520
500;50;3;InsertionSort;44037;14679;0;438911
500;50;3;BubbleSort;234128;88704;14180;512361
500;50;3;MergeSort;8976;2952;0;164351
500;50;3;CountingSort;1501;0;0;74570
500;50;3;QuickSort;17221;6994;3071;80430
500;50;3;InsertionSort;48450;16150;0;150610
500;50;3;BubbleSort;247334;92365;15651;112070
500;50;3;MergeSort;8976;2944;0;119080
500;50;3;CountingSort;1501;0;0;69190
500;50;3;QuickSort;15411;6504;2638;46031
500;50;3;InsertionSort;53172;17724;0;644211
500;50;3;BubbleSort;251578;91339;17225;670692
500;50;3;MergeSort;8976;2942;0;160000
500;50;3;CountingSort;1501;0;0;72860
500;50;3;QuickSort;16318;6778;2844;96160
500;50;3;InsertionSort;49386;16462;0;211601
500;50;3;BubbleSort;239640;87894;15963;150921
500;50;3;MergeSort;8976;2940;0;114891
500;50;3;CountingSort;1501;0;0;91720
500;50;3;QuickSort;18673;7837;3280;103850
500;50;3;InsertionSort;47235;15745;0;217551
500;50;3;BubbleSort;232922;85969;15246;154660
500;50;3;MergeSort;8976;2946;0;129600
500;50;3;CountingSort;1501;0;0;62840
500;50;3;QuickSort;15530;6485;2681;77021
500;50;3;InsertionSort;45963;15321;0;331001
500;50;3;BubbleSort;235076;87894;14822;321951
500;50;3;MergeSort;8976;2933;0;213130
500;50;3;CountingSort;1501;0;0;61870
500;50;3;QuickSort;16796;7226;2862;66910
500;50;3;InsertionSort;47484;15828;0;225051
500;50;3;BubbleSort;245536;92110;15329;189521
500;50;3;MergeSort;8976;2937;0;103541
500;50;3;CountingSort;1501;0;0;54980
500;50;3;QuickSort;17254;6829;3143;97530
500;50;3;InsertionSort;52308;17436;0;422491
500;50;3;BubbleSort;245156;88704;16937;377581
500;50;3;MergeSort;8976;2949;0;116180
500;50;3;CountingSort;1501;0;0;81700
500;50;3;QuickSort;17542;7027;3170;321511
500;50;3;InsertionSort;50337;16779;0;332361
500;50;3;BubbleSort;241990;88435;16280;250801
500;50;3;MergeSort;8976;2931;0;195711
500;50;3;CountingSort;1501;0;0;69760
500;50;3;QuickSort;18663;7359;3433;394171
500;50;3;InsertionSort;46296;15432;0;137750
500;50;3;BubbleSort;237676;88972;14933;129230
500;50;3;MergeSort;8976;2939;0;115031
500;50;3;CountingSort;1501;0;0;71451
500;50;3;QuickSort;19161;7977;3400;384252
500;50;3;InsertionSort;47067;15689;0;161470
500;50;3;BubbleSort;240828;90034;15190;240640
500;50;3;MergeSort;8976;2939;0;81630
500;50;3;CountingSort;1501;0;0;74000
500;50;3;QuickSort;17255;6980;3105;317901
500;50;3;InsertionSort;48276;16092;0;122790
500;50;3;BubbleSort;248620;93124;15593;193881
500;50;3;MergeSort;8976;2951;0;68710
500;50;3;CountingSort;1501;0;0;50520
500;50;3;QuickSort;15817;6439;2796;356901
500;50;3;InsertionSort;51822;17274;0;126201
500;50;3;BubbleSort;245578;89239;16775;81951
500;50;3;MergeSort;8976;2942;0;75090
500;50;3;CountingSort;1501;0;0;81681
500;50;3;QuickSort;17291;7037;3081;332771
500;50;3;InsertionSort;44292;14764;0;147770
500;50;3;BubbleSort;231758;87349;14265;150940
500;50;3;MergeSort;8976;2935;0;68990
500;50;3;CountingSort;1501;0;0;46341
500;50;3;QuickSort;17738;7253;3159;1587214
500;50;3;InsertionSort;47424;15808;0;1415704
500;50;3;BubbleSort;233174;85969;15309;1397324
500;50;3;MergeSort;8976;2943;0;1359474
500;50;3;CountingSort;1501;0;0;53030
500;50;3;QuickSort;17845;7138;3232;16890
500;50;3;InsertionSort;47610;15870;0;96230
500;50;3;BubbleSort;231178;84847;15371;98990
500;50;3;MergeSort;8976;2944;0;51300
500;50;3;CountingSort;1501;0;0;48210
500;50;3;QuickSort;16518;7281;2740;27010
500;50;3;InsertionSort;48312;16104;0;154131
500;50;3;BubbleSort;240898;89239;15605;154141
500;50;3;MergeSort;8976;2946;0;63090
500;50;3;CountingSort;1501;0;0;65750
500;50;3;QuickSort;16411;6712;2907;36460
500;50;3;InsertionSort;48627;16209;0;128421
500;50;3;BubbleSort;247060;92110;15710;146741
500;50;3;MergeSort;8976;2937;0;30220
500;50;3;CountingSort;1501;0;0;43420
500;50;3;QuickSort;16221;6756;2828;19850
500;50;3;InsertionSort;47193;15731;0;289381
500;50;3;BubbleSort;242046;90559;15232;261401
500;50;3;MergeSort;8976;2950;0;37490
500;50;3;CountingSort;1501;0;0;53550
500;50;3;QuickSort;17711;7232;3159;31380
500;50;3;InsertionSort;48318;16106;0;15850
500;50;3;BubbleSort;237672;87622;15607;166310
500;50;3;MergeSort;8976;2939;0;66040
500;50;3;CountingSort;1501;0;0;50240
500;50;3;QuickSort;16441;6736;2900;18640
500;50;3;InsertionSort;49158;16386;0;14220
500;50;3;BubbleSort;238246;87349;15887;137470
500;50;3;MergeSort;8976;2951;0;38900
500;50;3;CountingSort;1501;0;0;60650
500;50;3;QuickSort;16611;6696;2968;22020
500;50;3;InsertionSort;48159;16053;0;13740
500;50;3;BubbleSort;235816;86800;15554;161091
500;50;3;MergeSort;8976;2929;0;63460
500;50;3;CountingSort;1501;0;0;70430
500;50;3;QuickSort;17836;7267;3187;49000
500;50;3;InsertionSort;47127;15709;0;20370
500;50;3;BubbleSort;231660;85410;15210;152550
500;50;3;MergeSort;8976;2941;0;61360
500;50;3;CountingSort;1501;0;0;52890
500;50;3;QuickSort;18183;7851;3113;16990
500;50;3;InsertionSort;45654;15218;0;8520
500;50;3;BubbleSort;238416;89770;14719;141101
500;50;3;MergeSort;8976;2954;0;61970
500;50;3;CountingSort;1501;0;0;30240
500;50;3;QuickSort;18916;7690;3415;18230
500;50;3;InsertionSort;49632;16544;0;15050
500;50;3;BubbleSort;242658;89239;16045;140770
500;50;3;MergeSort;8976;2939;0;25570
500;50;3;CountingSort;1501;0;0;7880
500;50;3;QuickSort;15775;6532;2752;20460
500;50;3;InsertionSort;45768;15256;0;14451
500;50;3;BubbleSort;238568;89770;14757;149720
500;50;3;MergeSort;8976;2937;0;36120
500;50;3;CountingSort;1501;0;0;10430
500;50;3;QuickSort;18278;7718;3190;21250
500;50;3;InsertionSort;46968;15656;0;16090
500;50;3;BubbleSort;240168;89770;15157;109061
500;50;3;MergeSort;8976;2947;0;54670
500;50;3;CountingSort;1501;0;0;9590
500;50;3;QuickSort;19033;7801;3411;40100
500;50;3;InsertionSort;47520;15840;0;8810
500;50;3;BubbleSort;231622;85129;15341;128951
500;50;3;MergeSort;8976;2924;0;39981
500;50;3;CountingSort;1501;0;0;9920
500;50;3;QuickSort;17295;6948;3120;18390
500;50;3;InsertionSort;49833;16611;0;9250
500;50;3;BubbleSort;247642;91597;16112;120141
500;50;3;MergeSort;8976;2946;0;39280
500;50;3;CountingSort;1501;0;0;11330
500;50;3;QuickSort;16814;7169;2885;17920
500;50;3;InsertionSort;47895;15965;0;30620
500;50;3;BubbleSort;240342;89239;15466;138921
500;50;3;MergeSort;8976;2942;0;82661
500;50;3;CountingSort;1501;0;0;10650
500;50;3;QuickSort;15476;6533;2653;21860
500;50;3;InsertionSort;49104;16368;0;12420
500;50;3;BubbleSort;238174;87349;15869;120270
500;50;3;MergeSort;8976;2936;0;47430
500;50;3;CountingSort;1501;0;0;11190
500;50;3;QuickSort;16449;6834;2875;17710
500;50;3;InsertionSort;47481;15827;0;10970
500;50;3;BubbleSort;240852;89770;15328;99910
500;50;3;MergeSort;8976;2943;0;41120
500;50;3;CountingSort;1501;0;0;8710
500;50;3;QuickSort;16957;7585;2789;22900
500;50;3;InsertionSort;48936;16312;0;20830
500;50;3;BubbleSort;236300;86524;15813;92260
500;50;3;MergeSort;8976;2948;0;73330
500;50;3;CountingSort;1501;0;0;10890
500;50;3;QuickSort;19292;7829;3491;23390
500;50;3;InsertionSort;48165;16055;0;13030
500;50;3;BubbleSort;242292;90034;15556;184571
500;50;3;MergeSort;8976;2939;0;69860
500;50;3;CountingSort;1501;0;0;15110
500;50;3;QuickSort;17551;7231;3112;21640
500;50;3;InsertionSort;45990;15330;0;11930
500;50;3;BubbleSort;223852;82264;14831;162240
500;50;3;MergeSort;8976;2939;0;50840
500;50;3;CountingSort;1501;0;0;13440
500;50;3;QuickSort;17702;7190;3171;22550
500;50;3;InsertionSort;47400;15800;0;15040
500;50;3;BubbleSort;234252;86524;15301;166281
500;50;3;MergeSort;8976;2940;0;58591
500;50;3;CountingSort;1501;0;0;13340
500;50;3;QuickSort;18492;7476;3343;18090
500;50;3;InsertionSort;49053;16351;0;9060
500;50;3;BubbleSort;234788;85690;15852;127640
500;50;3;MergeSort;8976;2936;0;66050
500;50;3;CountingSort;1501;0;0;9470
500;50;3;QuickSort;18880;7567;3436;18710
500;50;3;InsertionSort;47568;15856;0;10880
500;50;3;BubbleSort;223608;81090;15357;113900
500;50;3;MergeSort;8976;2925;0;44490
500;50;3;CountingSort;1501;0;0;11190
500;50;3;QuickSort;17699;7151;3183;23050
500;50;3;InsertionSort;51060;17020;0;12320
500;50;3;BubbleSort;246678;90297;16521;136050
500;50;3;MergeSort;8976;2950;0;49300
500;50;3;CountingSort;1501;0;0;9950
500;50;3;QuickSort;17204;7250;2982;23200
500;50;3;InsertionSort;48471;16157;0;15031
500;50;3;BubbleSort;242172;89770;15658;118840
500;50;3;MergeSort;8976;2956;0;74450
500;50;3;CountingSort;1501;0;0;9090
500;50;3;QuickSort;16646;6698;2983;20980
500;50;3;InsertionSort;47985;15995;0;15700
500;50;3;BubbleSort;238854;88435;15496;158131
500;50;3;MergeSort;8976;2952;0;73991
500;50;3;CountingSort;1501;0;0;10730
500;50;3;QuickSort;15530;6512;2672;21240
500;50;3;InsertionSort;46986;15662;0;18540
500;50;3;BubbleSort;240192;89770;15163;113300
500;50;3;MergeSort;8976;2948;0;58560
500;50;3;CountingSort;1501;0;0;14230
500;50;3;QuickSort;19543;7726;3601;18790
500;50;3;InsertionSort;45975;15325;0;13500
500;50;3;BubbleSort;242498;91597;14826;99420
500;50;3;MergeSort;8976;2939;0;38440
500;50;3;CountingSort;1501;0;0;26430
500;50;3;QuickSort;16991;7118;2965;30420
500;50;3;InsertionSort;46413;15471;0;12820
500;50;3;BubbleSort;241528;90820;14972;133461
500;50;3;MergeSort;8976;2940;0;67011
500;50;3;CountingSort;1501;0;0;9700
500;50;3;QuickSort;16411;6685;2907;17981
500;50;3;InsertionSort;48303;16101;0;13360
500;50;3;BubbleSort;230398;83995;15602;95380
500;50;3;MergeSort;8976;2940;0;42820
500;50;3;CountingSort;1501;0;0;15290
500;50;3;QuickSort;18482;7616;3285;24590
500;50;3;InsertionSort;50805;16935;0;16100
500;50;3;BubbleSort;246862;90559;16436;125040
500;50;3;MergeSort;8976;2945;0;56700
500;50;3;CountingSort;1501;0;0;9190
500;50;3;QuickSort;15490;6472;2680;17930
500;50;3;InsertionSort;49716;16572;0;9330
500;50;3;BubbleSort;245410;90559;16073;80850
500;50;3;MergeSort;8976;2942;0;52290
500;50;3;CountingSort;1501;0;0;10950
500;50;3;QuickSort;15636;6705;2647;17350
500;50;3;InsertionSort;47349;15783;0;13980
500;50;3;BubbleSort;231394;85129;15284;114740
500;50;3;MergeSort;8976;2931;0;52910
500;50;3;CountingSort;1501;0;0;10170
500;50;3;QuickSort;16865;7466;2810;17160
500;50;3;InsertionSort;46953;15651;0;15270
500;50;3;BubbleSort;235306;87349;15152;156241
500;50;3;MergeSort;8976;2949;0;45051
500;50;3;CountingSort;1501;0;0;11050
500;50;3;QuickSort;14843;6248;2541;20770
500;50;3;InsertionSort;48795;16265;0;12660
500;50;3;BubbleSort;245742;91339;15766;157890
500;50;3;MergeSort;8976;2927;0;66220
500;50;3;CountingSort;1501;0;0;13630
500;50;3;QuickSort;17572;7270;3097;22490
500;50;3;InsertionSort;45882;15294;0;11790
500;50;3;BubbleSort;234424;87622;14795;145411
500;50;3;MergeSort;8976;2949;0;64281
500;50;3;CountingSort;1501;0;0;11000
500;50;3;QuickSort;18190;7825;3118;18760
500;50;3;InsertionSort;48507;16169;0;13520
500;50;3;BubbleSort;249430;93375;15670;101560
500;50;3;MergeSort;8976;2932;0;38560
500;50;3;CountingSort;1501;0;0;10850
500;50;3;QuickSort;16920;6903;3006;17130
500;50;3;InsertionSort;47802;15934;0;13580
500;50;3;BubbleSort;242858;90559;15435;93311
500;50;3;MergeSort;8976;2945;0;49761
500;50;3;CountingSort;1501;0;0;9131
500;50;3;QuickSort;17100;7062;3014;22930
500;50;3;InsertionSort;47094;15698;0;14960
500;50;3;BubbleSort;235494;87349;15199;162370
500;50;3;MergeSort;8976;2929;0;67220
500;50;3;CountingSort;1501;0;0;10880
500;50;3;QuickSort;16364;6980;2800;22910
500;50;3;InsertionSort;48774;16258;0;8810
500;50;3;BubbleSort;245196;91080;15759;152631
500;50;3;MergeSort;8976;2932;0;45091
500;50;3;CountingSort;1501;0;0;10220
500;50;3;QuickSort;16510;6991;2841;22131
500;50;3;InsertionSort;51294;17098;0;15620
500;50;3;BubbleSort;242726;88165;16599;224960
500;50;3;MergeSort;8976;2932;0;63890
500;50;3;CountingSort;1501;0;0;8760
500;50;3;QuickSort;18034;7621;3139;23240
500;50;3;InsertionSort;47142;15714;0;16850
500;50;3;BubbleSort;233908;86524;15215;126211
500;50;3;MergeSort;8976;2938;0;59460
500;50;3;CountingSort;1501;0;0;21890
500;50;3;QuickSort;16564;6850;2902;17911
500;50;3;InsertionSort;48126;16042;0;15380
500;50;3;BubbleSort;241712;89770;15543;109940
500;50;3;MergeSort;8976;2950;0;49070
500;50;3;CountingSort;1501;0;0;11750
500;50;3;QuickSort;17879;7199;3226;27930
500;50;3;InsertionSort;45288;15096;0;8650
500;50;3;BubbleSort;237398;89505;14597;84620
500;50;3;MergeSort;8976;2939;0;65791
500;50;3;CountingSort;1501;0;0;12540
500;50;3;QuickSort;16956;6993;2986;23020
500;50;3;InsertionSort;50472;16824;0;16700
500;50;3;BubbleSort;251548;93124;16325;111000
500;50;3;MergeSort;8976;2939;0;63930
500;50;3;CountingSort;1501;0;0;9510
500;50;3;QuickSort;16773;6753;3011;18350
500;50;3;InsertionSort;49647;16549;0;13570
500;50;3;BubbleSort;249438;92619;16050;149350
500;50;3;MergeSort;8976;2931;0;71560
500;50;3;CountingSort;1501;0;0;15450
500;50;3;QuickSort;22630;9283;4118;20380
500;50;3;InsertionSort;48612;16204;0;12980
500;50;3;BubbleSort;245498;91339;15705;170501
500;50;3;MergeSort;8976;2935;0;75200
500;50;3;CountingSort;1501;0;0;11950
500;50;3;QuickSort;19800;8157;3546;19250
500;50;3;InsertionSort;47091;15697;0;15091
500;50;3;BubbleSort;242432;90820;15198;116350
500;50;3;MergeSort;8976;2941;0;56300
500;50;3;CountingSort;1501;0;0;19390
500;50;3;QuickSort;17466;7161;3101;29870
500;50;3;InsertionSort;48087;16029;0;10120
500;50;3;BubbleSort;243760;90820;15530;98580
500;50;3;MergeSort;8976;2942;0;40300
500;50;3;CountingSort;1501;0;0;10280
500;50;3;QuickSort;23033;9224;4269;19650
500;50;3;InsertionSort;49926;16642;0;8920
500;50;3;BubbleSort;243582;89505;16143;145870
500;50;3;MergeSort;8976;2927;0;65940
500;50;3;CountingSort;1501;0;0;10990
500;50;3;QuickSort;16049;7034;2675;22470
500;50;3;InsertionSort;49944;16648;0;16380
500;50;3;BubbleSort;250340;92872;16149;75470
500;50;3;MergeSort;8976;2936;0;37150
500;50;3;CountingSort;1501;0;0;10810
500;50;3;QuickSort;19796;8162;3541;19400
500;50;3;InsertionSort;49896;16632;0;15380
500;50;3;BubbleSort;247726;91597;16133;150680
500;50;3;MergeSort;8976;2942;0;42160
500;50;3;CountingSort;1501;0;0;33560
500;50;3;QuickSort;18055;7381;3233;25710
500;50;3;InsertionSort;45018;15006;0;8230
500;50;3;BubbleSort;238096;90034;14507;142731
500;50;3;MergeSort;8976;2944;0;62640
500;50;3;CountingSort;1501;0;0;25261
500;50;3;QuickSort;19549;7795;3578;32211
500;50;3;InsertionSort;48525;16175;0;8650
500;50;3;BubbleSort;243822;90559;15676;101170
500;50;3;MergeSort;8976;2937;0;56120
500;50;3;CountingSort;1501;0;0;9430
500;50;3;QuickSort;17419;7327;3027;37390
500;50;3;InsertionSort;47340;15780;0;24900
500;50;3;BubbleSort;240134;89505;15281;139300
500;50;3;MergeSort;8976;2936;0;60700
500;50;3;CountingSort;1501;0;0;9040
500;50;3;QuickSort;16653;6954;2896;18160
500;50;3;InsertionSort;47700;15900;0;21470
500;50;3;BubbleSort;240614;89505;15401;89981
500;50;3;MergeSort;8976;2934;0;57980
500;50;3;CountingSort;1501;0;0;11770
500;50;3;QuickSort;18305;7517;3252;24811
500;50;3;InsertionSort;48783;16261;0;12310
500;50;3;BubbleSort;242588;89770;15762;164500
500;50;3;MergeSort;8976;2935;0;63690
500;50;3;CountingSort;1501;0;0;10720
500;50;3;QuickSort;16217;6809;2808;17730
500;50;3;InsertionSort;47682;15894;0;14210
500;50;3;BubbleSort;227848;83134;15395;91850
500;50;3;MergeSort;8976;2924;0;50680
500;50;3;CountingSort;1501;0;0;11180
500;50;3;QuickSort;18299;7643;3218;18310
500;50;3;InsertionSort;51879;17293;0;13090
500;50;3;BubbleSort;251396;92110;16794;165020
500;50;3;MergeSort;8976;2934;0;62200
500;50;3;CountingSort;1501;0;0;14090
500;50;3;QuickSort;18322;7519;3267;17800
500;50;3;InsertionSort;47367;15789;0;13760
500;50;3;BubbleSort;226850;82845;15290;114140
500;50;3;MergeSort;8976;2926;0;57060
500;50;3;CountingSort;1501;0;0;13200
500;50;3;QuickSort;16227;6633;2870;17200
500;50;3;InsertionSort;48822;16274;0;14220
500;50;3;BubbleSort;232794;84847;15775;75440
500;50;3;MergeSort;8976;2935;0;37110
500;50;3;CountingSort;1501;0;0;8670
500;50;3;QuickSort;18301;7951;3120;18120
500;50;3;InsertionSort;46599;15533;0;14930
500;50;3;BubbleSort;234286;87075;15034;81891
500;50;3;MergeSort;8976;2935;0;40611
500;50;3;CountingSort;1501;0;0;8820
500;50;3;QuickSort;16012;6934;2704;17370
500;50;3;InsertionSort;50577;16859;0;14060
500;50;3;BubbleSort;250678;92619;16360;110611
500;50;3;MergeSort;8976;2936;0;57670
500;50;3;CountingSort;1501;0;0;9750
500;50;3;QuickSort;17370;7224;3047;17740
500;50;3;InsertionSort;49137;16379;0;15561
500;50;3;BubbleSort;228630;82555;15880;101970
500;50;3;MergeSort;8976;2958;0;46340
500;50;3;CountingSort;1501;0;0;11790
500;50;3;QuickSort;18213;7647;3188;17680
500;50;3;InsertionSort;49644;16548;0;13210
500;50;3;BubbleSort;245314;90559;16049;85560
500;50;3;MergeSort;8976;2946;0;35700
500;50;3;CountingSort;1501;0;0;11260
500;50;3;QuickSort;17981;7469;3166;17930
500;50;3;InsertionSort;49377;16459;0;13070
500;50;3;BubbleSort;239084;87622;15960;135770
500;50;3;MergeSort;8976;2941;0;58390
500;50;3;CountingSort;1501;0;0;8710
500;50;3;QuickSort;20073;8055;3669;18090
500;50;3;InsertionSort;47265;15755;0;17100
500;50;3;BubbleSort;234072;86524;15256;149051
500;50;3;MergeSort;8976;2950;0;51620
500;50;3;CountingSort;1501;0;0;11100
500;50;3;QuickSort;16563;6921;2881;18690
500;50;3;InsertionSort;45816;15272;0;13100
500;50;3;BubbleSort;241770;91339;14773;82441
500;50;3;MergeSort;8976;2925;0;51031
500;50;3;CountingSort;1501;0;0;6960
500;50;3;QuickSort;17508;7200;3099;18490
500;50;3;InsertionSort;48831;16277;0;12750
500;50;3;BubbleSort;241590;89239;15778;152010
500;50;3;MergeSort;8976;2948;0;66370
500;50;3;CountingSort;1501;0;0;5020
500;50;3;QuickSort;18048;7386;3222;18200
500;50;3;InsertionSort;49443;16481;0;15000
500;50;3;BubbleSort;248148;92110;15982;74380
500;50;3;MergeSort;8976;2946;0;54120
500;50;3;CountingSort;1501;0;0;5910
500;50;3;QuickSort;17492;7142;3117;18530
500;50;3;InsertionSort;46677;15559;0;13570
500;50;3;BubbleSort;221828;80794;15060;123400
500;50;3;MergeSort;8976;2942;0;43680
500;50;3;CountingSort;1501;0;0;6360
500;50;3;QuickSort;16838;6926;2974;18150
500;50;3;InsertionSort;48885;16295;0;10920
500;50;3;BubbleSort;237334;87075;15796;162971
500;50;3;MergeSort;8976;2928;0;63071
500;50;3;CountingSort;1501;0;0;6460
500;50;3;QuickSort;17544;7227;3107;18220
500;50;3;InsertionSort;47673;15891;0;10770
500;50;3;BubbleSort;237356;87894;15392;118620
500;50;3;MergeSort;8976;2943;0;56390
500;50;3;CountingSort;1501;0;0;4360
500;50;3;QuickSort;17361;7326;3014;17790
500;50;3;InsertionSort;50742;16914;0;9330
500;50;3;BubbleSort;242530;88435;16415;96790
500;50;3;MergeSort;8976;2951;0;44770
500;50;3;CountingSort;1501;0;0;4210
500;50;3;QuickSort;15382;6451;2648;20790
500;50;3;InsertionSort;52164;17388;0;12680
500;50;3;BubbleSort;250750;91597;16889;138161
500;50;3;MergeSort;8976;2934;0;54211
500;50;3;CountingSort;1501;0;0;6630
500;50;3;QuickSort;16996;6967;3007;21710
500;50;3;InsertionSort;47838;15946;0;10760
500;50;3;BubbleSort;246518;92365;15447;176690
500;50;3;MergeSort;8976;2921;0;66620
500;50;4;CountingSort;1501;0;0;99651
500;50;4;QuickSort;16589;6575;3009;1068372
500;50;4;InsertionSort;46200;15400;0;1476754
500;50;4;BubbleSort;236474;88435;14901;4402132
500;50;4;MergeSort;8976;2935;0;634602
500;50;4;CountingSort;1501;0;0;67130
500;50;4;QuickSort;19816;8086;3579;105580
500;50;4;InsertionSort;45381;15127;0;1074573
500;50;4;BubbleSort;233210;87349;14628;1005023
500;50;4;MergeSort;8976;2943;0;134890
500;50;4;CountingSort;1501;0;0;63250
500;50;4;QuickSort;16623;7092;2855;52620
500;50;4;InsertionSort;45090;15030;0;1349084
500;50;4;BubbleSort;232274;87075;14531;1586765
500;50;4;MergeSort;8976;2929;0;129550
500;50;4;CountingSort;1501;0;0;85720
500;50;4;QuickSort;15819;6435;2794;67600
500;50;4;InsertionSort;46209;15403;0;1395704
500;50;4;BubbleSort;218816;79600;14904;944703
500;50;4;MergeSort;8976;2949;0;177620
500;50;4;CountingSort;1501;0;0;78370
500;50;4;QuickSort;16366;6784;2856;85491
500;50;4;InsertionSort;49761;16587;0;251271
500;50;4;BubbleSort;245992;90820;16088;415281
500;50;4;MergeSort;8976;2928;0;114430
500;50;4;CountingSort;1501;0;0;62360
500;50;4;QuickSort;16326;6696;2878;118870
500;50;4;InsertionSort;44859;14953;0;167831
500;50;4;BubbleSort;234686;88435;14454;331071
500;50;4;MergeSort;8976;2943;0;117141
500;50;4;CountingSort;1501;0;0;75031
500;50;4;QuickSort;16414;7093;2778;91611
500;50;4;InsertionSort;45417;15139;0;158560
500;50;4;BubbleSort;241754;91597;14640;336921
500;50;4;MergeSort;8976;2939;0;111520
500;50;4;CountingSort;1501;0;0;65800
500;50;4;QuickSort;16668;7125;2856;80650
500;50;4;InsertionSort;48816;16272;0;367321
500;50;4;BubbleSort;249842;93375;15773;375391
500;50;4;MergeSort;8976;2939;0;96540
500;50;4;CountingSort;1501;0;0;51061
500;50;4;QuickSort;20459;8162;3766;90110
500;50;4;InsertionSort;52953;17651;0;409811
500;50;4;BubbleSort;244938;88165;17152;438831
500;50;4;MergeSort;8976;2950;0;143250
500;50;4;CountingSort;1501;0;0;56900
500;50;4;QuickSort;17634;7416;3085;55500
500;50;4;InsertionSort;47622;15874;0;394571
500;50;4;BubbleSort;240510;89505;15375;413921
500;50;4;MergeSort;8976;2932;0;227031
500;50;4;CountingSort;1501;0;0;60271
500;50;4;QuickSort;17385;7023;3123;69381
500;50;4;InsertionSort;46674;15558;0;511131
500;50;4;BubbleSort;236024;87894;15059;397351
500;50;4;MergeSort;8976;2938;0;292781
500;50;4;CountingSort;1501;0;0;56041
500;50;4;QuickSort;16011;6693;2779;67960
500;50;4;InsertionSort;47313;15771;0;347421
500;50;4;BubbleSort;243766;91339;15272;320701
500;50;4;MergeSort;8976;2939;0;234931
500;50;4;CountingSort;1501;0;0;59870
500;50;4;QuickSort;16297;6535;2918;361961
500;50;4;InsertionSort;45954;15318;0;144631
500;50;4;BubbleSort;240916;90820;14819;210801
500;50;4;MergeSort;8976;2931;0;154331
500;50;4;CountingSort;1501;0;0;73560
500;50;4;QuickSort;19234;7690;3520;353761
500;50;4;InsertionSort;49932;16644;0;270651
500;50;4;BubbleSort;247258;91339;16145;219540
500;50;4;MergeSort;8976;2953;0;198950
500;50;4;CountingSort;1501;0;0;61161
500;50;4;QuickSort;15524;6362;2721;414022
500;50;4;InsertionSort;47313;15771;0;148010
500;50;4;BubbleSort;245818;92365;15272;126450
500;50;4;MergeSort;8976;2929;0;141770
500;50;4;CountingSort;1501;0;0;69440
500;50;4;QuickSort;17547;7197;3123;383551
500;50;4;InsertionSort;47718;15906;0;143050
500;50;4;BubbleSort;240106;89239;15407;96290
500;50;4;MergeSort;8976;2919;0;116690
500;50;4;CountingSort;1501;0;0;76510
500;50;4;QuickSort;19738;7951;3596;500091
500;50;4;InsertionSort;49704;16568;0;306551
500;50;4;BubbleSort;245916;90820;16069;294541
500;50;4;MergeSort;8976;2935;0;168971
500;50;4;CountingSort;1501;0;0;65090
500;50;4;QuickSort;17781;7089;3232;451111
500;50;4;InsertionSort;48684;16228;0;361251
500;50;4;BubbleSort;231476;84280;15729;391401
500;50;4;MergeSort;8976;2940;0;228031
500;50;4;CountingSort;1501;0;0;57990
500;50;4;QuickSort;17174;7271;2967;80530
500;50;4;InsertionSort;45981;15327;0;280901
500;50;4;BubbleSort;240952;90820;14828;284690
500;50;4;MergeSort;8976;2946;0;189890
500;50;4;CountingSort;1501;0;0;66021
500;50;4;QuickSort;17095;7282;2931;35691
500;50;4;InsertionSort;44427;14809;0;137030
500;50;4;BubbleSort;228060;85410;14310;83960
500;50;4;MergeSort;8976;2932;0;92261
500;50;4;CountingSort;1501;0;0;55810
500;50;4;QuickSort;18420;7431;3336;24090
500;50;4;InsertionSort;48864;16288;0;130141
500;50;4;BubbleSort;241100;88972;15789;177040
500;50;4;MergeSort;8976;2932;0;124000
500;50;4;CountingSort;1501;0;0;87470
500;50;4;QuickSort;16938;6870;3029;52180
500;50;4;InsertionSort;47331;15777;0;126800
500;50;4;BubbleSort;233606;86247;15278;122730
500;50;4;MergeSort;8976;2935;0;62800
500;50;4;CountingSort;1501;0;0;53651
500;50;4;QuickSort;18025;7312;3241;28560
500;50;4;InsertionSort;51582;17194;0;126030
500;50;4;BubbleSort;241478;87349;16695;89170
500;50;4;MergeSort;8976;2950;0;56660
500;50;4;CountingSort;1501;0;0;61760
500;50;4;QuickSort;17063;7160;2972;37921
500;50;4;InsertionSort;46677;15559;0;105451
500;50;4;BubbleSort;234938;87349;15060;1227723
500;50;4;MergeSort;8976;2941;0;1203793
500;50;4;CountingSort;1501;0;0;58010
500;50;4;QuickSort;16007;6659;2781;29070
500;50;4;InsertionSort;47670;15890;0;117770
500;50;4;BubbleSort;248314;93375;15391;139541
500;50;4;MergeSort;8976;2928;0;79161
500;50;4;CountingSort;1501;0;0;45330
500;50;4;QuickSort;20921;8351;3855;18170
500;50;4;InsertionSort;46056;15352;0;119791
500;50;4;BubbleSort;237356;88972;14853;118551
500;50;4;MergeSort;8976;2933;0;29831
500;50;4;CountingSort;1501;0;0;43310
500;50;4;QuickSort;17429;7079;3122;22590
500;50;4;InsertionSort;49815;16605;0;127481
500;50;4;BubbleSort;243964;89770;16106;123081
500;50;4;MergeSort;8976;2957;0;41270
500;50;4;CountingSort;1501;0;0;78330
500;50;4;QuickSort;16424;6782;2876;17150
500;50;4;InsertionSort;45732;15244;0;122380
500;50;4;BubbleSort;241658;91339;14745;121040
500;50;4;MergeSort;8976;2951;0;39651
500;50;4;CountingSort;1501;0;0;64100
500;50;4;QuickSort;17537;7091;3155;27330
500;50;4;InsertionSort;48714;16238;0;268131
500;50;4;BubbleSort;246150;91597;15739;253861
500;50;4;MergeSort;8976;2945;0;56220
500;50;4;CountingSort;1501;0;0;66730
500;50;4;QuickSort;16398;6594;2936;33260
500;50;4;InsertionSort;48885;16295;0;158590
500;50;4;BubbleSort;236784;86800;15796;189351
500;50;4;MergeSort;8976;2945;0;54560
500;50;4;CountingSort;1501;0;0;54141
500;50;4;QuickSort;16190;6491;2899;22650
500;50;4;InsertionSort;49887;16629;0;287590
500;50;4;BubbleSort;244060;89770;16130;219590
500;50;4;MergeSort;8976;2955;0;45130
500;50;4;CountingSort;1501;0;0;27940
500;50;4;QuickSort;16810;6919;2968;23431
500;50;4;InsertionSort;47730;15910;0;121070
500;50;4;BubbleSort;242238;90297;15411;150190
500;50;4;MergeSort;8976;2949;0;61580
500;50;4;CountingSort;1501;0;0;25230
500;50;4;QuickSort;19870;8179;3564;25070
500;50;4;InsertionSort;45888;15296;0;132000
500;50;4;BubbleSort;234432;87622;14797;130250
500;50;4;MergeSort;8976;2937;0;72410
500;50;4;CountingSort;1501;0;0;8900
500;50;4;QuickSort;15813;6822;2674;15961
500;50;4;InsertionSort;45285;15095;0;98750
500;50;4;BubbleSort;233628;87622;14596;125680
500;50;4;MergeSort;8976;2930;0;33850
500;50;4;CountingSort;1501;0;0;8780
500;50;4;QuickSort;17674;7318;3119;16820
500;50;4;InsertionSort;45432;15144;0;13680
500;50;4;BubbleSort;239698;90559;14645;85861
500;50;4;MergeSort;8976;2938;0;29590
500;50;4;CountingSort;1501;0;0;12660
500;50;4;QuickSort;16381;7009;2793;29500
500;50;4;InsertionSort;42699;14233;0;10440
500;50;4;BubbleSort;239666;92365;13734;121400
500;50;4;MergeSort;8976;2932;0;66530
500;50;4;CountingSort;1501;0;0;15570
500;50;4;QuickSort;16489;6679;2945;33050
500;50;4;InsertionSort;46848;15616;0;29050
500;50;4;BubbleSort;238946;89239;15117;89410
500;50;4;MergeSort;8976;2953;0;55530
500;50;4;CountingSort;1501;0;0;9410
500;50;4;QuickSort;16897;6787;3041;29240
500;50;4;InsertionSort;47850;15950;0;15300
500;50;4;BubbleSort;240282;89239;15451;155480
500;50;4;MergeSort;8976;2937;0;64030
500;50;4;CountingSort;1501;0;0;12530
500;50;4;QuickSort;18595;8044;3190;24850
500;50;4;InsertionSort;48543;16181;0;15540
500;50;4;BubbleSort;249978;93625;15682;96321
500;50;4;MergeSort;8976;2939;0;43570
500;50;4;CountingSort;1501;0;0;12080
500;50;4;QuickSort;19842;8112;3581;24620
500;50;4;InsertionSort;47757;15919;0;14590
500;50;4;BubbleSort;245900;92110;15420;139301
500;50;4;MergeSort;8976;2936;0;59371
500;50;4;CountingSort;1501;0;0;19870
500;50;4;QuickSort;16583;6770;2938;23100
500;50;4;InsertionSort;50229;16743;0;14550
500;50;4;BubbleSort;245570;90297;16244;125871
500;50;4;MergeSort;8976;2938;0;45821
500;50;4;CountingSort;1501;0;0;9350
500;50;4;QuickSort;16167;7083;2688;23810
500;50;4;InsertionSort;51885;17295;0;12380
500;50;4;BubbleSort;250892;91854;16796;106940
500;50;4;MergeSort;8976;2940;0;75250
500;50;4;CountingSort;1501;0;0;11140
500;50;4;QuickSort;15733;6802;2652;17790
500;50;4;InsertionSort;45999;15333;0;12740
500;50;4;BubbleSort;240976;90820;14834;95021
500;50;4;MergeSort;8976;2930;0;48561
500;50;4;CountingSort;1501;0;0;10331
500;50;4;QuickSort;17661;7356;3099;19250
500;50;4;InsertionSort;48006;16002;0;12380
500;50;4;BubbleSort;232270;85129;15503;69550
500;50;4;MergeSort;8976;2946;0;43020
500;50;4;CountingSort;1501;0;0;11300
500;50;4;QuickSort;16939;6754;3059;17840
500;50;4;InsertionSort;46581;15527;0;8700
500;50;4;BubbleSort;236442;88165;15028;100830
500;50;4;MergeSort;8976;2921;0;55230
500;50;4;CountingSort;1501;0;0;10910
500;50;4;QuickSort;17837;7277;3189;18910
500;50;4;InsertionSort;47676;15892;0;16290
500;50;4;BubbleSort;244250;91339;15393;117190
500;50;4;MergeSort;8976;2947;0;69380
500;50;4;CountingSort;1501;0;0;10290
500;50;4;QuickSort;19143;7854;3426;19240
500;50;4;InsertionSort;46611;15537;0;13790
500;50;4;BubbleSort;237022;88435;15038;119191
500;50;4;MergeSort;8976;2950;0;60010
500;50;4;CountingSort;1501;0;0;11100
500;50;4;QuickSort;16826;6980;2945;18270
500;50;4;InsertionSort;51480;17160;0;9640
500;50;4;BubbleSort;249838;91597;16661;156150
500;50;4;MergeSort;8976;2932;0;61460
500;50;4;CountingSort;1501;0;0;11210
500;50;4;QuickSort;16059;6576;2828;17090
500;50;4;InsertionSort;46125;15375;0;14680
500;50;4;BubbleSort;242698;91597;14876;115741
500;50;4;MergeSort;8976;2934;0;55341
500;50;4;CountingSort;1501;0;0;11810
500;50;4;QuickSort;16524;6756;2925;17181
500;50;4;InsertionSort;47853;15951;0;18110
500;50;4;BubbleSort;235408;86800;15452;126370
500;50;4;MergeSort;8976;2943;0;113250
500;50;4;CountingSort;1501;0;0;12300
500;50;4;QuickSort;19216;7780;3475;23060
500;50;4;InsertionSort;48279;16093;0;8930
500;50;4;BubbleSort;240320;88972;15594;99750
500;50;4;MergeSort;8976;2947;0;51620
500;50;4;CountingSort;1501;0;0;20210
500;50;4;QuickSort;17751;7431;3105;22371
500;50;4;InsertionSort;49182;16394;0;14420
500;50;4;BubbleSort;248310;92365;15895;145790
500;50;4;MergeSort;8976;2958;0;72180
500;50;4;CountingSort;1501;0;0;15930
500;50;4;QuickSort;17305;7240;3031;36620
500;50;4;InsertionSort;47829;15943;0;15950
500;50;4;BubbleSort;245484;91854;15444;114701
500;50;4;MergeSort;8976;2936;0;78210
500;50;4;CountingSort;1501;0;0;12080
500;50;4;QuickSort;15551;6722;2614;27700
500;50;4;InsertionSort;49419;16473;0;48650
500;50;4;BubbleSort;236944;86524;15974;156031
500;50;4;MergeSort;8976;2951;0;101071
500;50;4;CountingSort;1501;0;0;11140
500;50;4;QuickSort;16040;6509;2842;20390
500;50;4;InsertionSort;48411;16137;0;8530
500;50;4;BubbleSort;239422;88435;15638;68540
500;50;4;MergeSort;8976;2934;0;43470
500;50;4;CountingSort;1501;0;0;11040
500;50;4;QuickSort;16548;6645;2964;20630
500;50;4;InsertionSort;46416;15472;0;14460
500;50;4;BubbleSort;241010;90559;14973;120901
500;50;4;MergeSort;8976;2944;0;43340
500;50;4;CountingSort;1501;0;0;8650
500;50;4;QuickSort;17065;6991;3032;17540
500;50;4;InsertionSort;48738;16246;0;56930
500;50;4;BubbleSort;236588;86800;15747;95470
500;50;4;MergeSort;8976;2942;0;57510
500;50;4;CountingSort;1501;0;0;10100
500;50;4;QuickSort;16259;6530;2908;17880
500;50;4;InsertionSort;46332;15444;0;24130
500;50;4;BubbleSort;225470;82845;14945;97660
500;50;4;MergeSort;8976;2943;0;42551
500;50;4;CountingSort;1501;0;0;19150
500;50;4;QuickSort;15442;6595;2614;25020
500;50;4;InsertionSort;49245;16415;0;19130
500;50;4;BubbleSort;238908;87622;15916;77180
500;50;4;MergeSort;8976;2943;0;72070
500;50;4;CountingSort;1501;0;0;12500
500;50;4;QuickSort;16775;7103;2893;23860
500;50;4;InsertionSort;50301;16767;0;9160
500;50;4;BubbleSort;241402;88165;16268;147891
500;50;4;MergeSort;8976;2931;0;67311
500;50;4;CountingSort;1501;0;0;9910
500;50;4;QuickSort;17268;7293;2985;24620
500;50;4;InsertionSort;48069;16023;0;13820
500;50;4;BubbleSort;232916;85410;15524;127600
500;50;4;MergeSort;8976;2927;0;57520
500;50;4;CountingSort;1501;0;0;12290
500;50;4;QuickSort;18541;7477;3353;18360
500;50;4;InsertionSort;51351;17117;0;11480
500;50;4;BubbleSort;243880;88704;16618;125721
500;50;4;MergeSort;8976;2948;0;60980
500;50;4;CountingSort;1501;0;0;9340
500;50;4;QuickSort;18265;7681;3195;19040
500;50;4;InsertionSort;45405;15135;0;8910
500;50;4;BubbleSort;237022;89239;14636;88930
500;50;4;MergeSort;8976;2950;0;47740
500;50;4;CountingSort;1501;0;0;12340
500;50;4;QuickSort;15202;6361;2611;19950
500;50;4;InsertionSort;48945;16315;0;8790
500;50;4;BubbleSort;239052;87894;15816;79740
500;50;4;MergeSort;8976;2950;0;44440
500;50;4;CountingSort;1501;0;0;14841
500;50;4;QuickSort;15352;6352;2666;19330
500;50;4;InsertionSort;47418;15806;0;14040
500;50;4;BubbleSort;246972;92872;15307;84940
500;50;4;MergeSort;8976;2945;0;64560
500;50;4;CountingSort;1501;0;0;9980
500;50;4;QuickSort;19369;8083;3430;25220
500;50;4;InsertionSort;47094;15698;0;15160
500;50;4;BubbleSort;240864;90034;15199;94611
500;50;4;MergeSort;8976;2942;0;43091
500;50;4;CountingSort;1501;0;0;13990
500;50;4;QuickSort;19068;7656;3475;18280
500;50;4;InsertionSort;48591;16197;0;39561
500;50;4;BubbleSort;250042;93625;15698;89671
500;50;4;MergeSort;8976;2952;0;46880
500;50;4;CountingSort;1501;0;0;20020
500;50;4;QuickSort;16414;6736;2896;60380
500;50;4;InsertionSort;48003;16001;0;19420
500;50;4;BubbleSort;235608;86800;15502;67780
500;50;4;MergeSort;8976;2950;0;45360
500;50;4;CountingSort;1501;0;0;13050
500;50;4;QuickSort;16110;6645;2821;27310
500;50;4;InsertionSort;47832;15944;0;10130
500;50;4;BubbleSort;238650;88435;15445;143860
500;50;4;MergeSort;8976;2936;0;62670
500;50;4;CountingSort;1501;0;0;8980
500;50;4;QuickSort;16830;7083;2917;29520
500;50;4;InsertionSort;49005;16335;0;11410
500;50;4;BubbleSort;242354;89505;15836;148430
500;50;4;MergeSort;8976;2929;0;69660
500;50;4;CountingSort;1501;0;0;17020
500;50;4;QuickSort;19734;7920;3604;23590
500;50;4;InsertionSort;48330;16110;0;10780
500;50;4;BubbleSort;239314;88435;15611;147220
500;50;4;MergeSort;8976;2949;0;79650
500;50;4;CountingSort;1501;0;0;11120
500;50;4;QuickSort;15316;6463;2615;24380
500;50;4;InsertionSort;45954;15318;0;11730
500;50;4;BubbleSort;238816;89770;14819;132651
500;50;4;MergeSort;8976;2940;0;53221
500;50;4;CountingSort;1501;0;0;17211
500;50;4;QuickSort;16586;6929;2880;22490
500;50;4;InsertionSort;49158;16386;0;10980
500;50;4;BubbleSort;242558;89505;15887;123480
500;50;4;MergeSort;8976;2946;0;49230
500;50;4;CountingSort;1501;0;0;10560
500;50;4;QuickSort;21156;8841;3770;43440
500;50;4;InsertionSort;52935;17645;0;15420
500;50;4;BubbleSort;241078;86247;17146;78290
500;50;4;MergeSort;8976;2957;0;60691
500;50;4;CountingSort;1501;0;0;23961
500;50;4;QuickSort;17214;7245;2990;24570
500;50;4;InsertionSort;47853;15951;0;15210
500;50;4;BubbleSort;240818;89505;15452;78981
500;50;4;MergeSort;8976;2939;0;50011
500;50;4;CountingSort;1501;0;0;17810
500;50;4;QuickSort;17258;6953;3100;21650
500;50;4;InsertionSort;50928;16976;0;16570
500;50;4;BubbleSort;247548;90820;16477;75150
500;50;4;MergeSort;8976;2941;0;56330
500;50;4;CountingSort;1501;0;0;13910
500;50;4;QuickSort;15651;6366;2754;22360
500;50;4;InsertionSort;46014;15338;0;13460
500;50;4;BubbleSort;234054;87349;14839;76630
500;50;4;MergeSort;8976;2947;0;55660
500;50;4;CountingSort;1501;0;0;13550
500;50;4;QuickSort;18548;7511;3339;20700
500;50;4;InsertionSort;50787;16929;0;15480
500;50;4;BubbleSort;248914;91597;16430;149500
500;50;4;MergeSort;8976;2936;0;75190
500;50;4;CountingSort;1501;0;0;11470
500;50;4;QuickSort;16375;6925;2813;19660
500;50;4;InsertionSort;49191;16397;0;13930
500;50;4;BubbleSort;244710;90559;15898;97221
500;50;4;MergeSort;8976;2931;0;65041
500;50;4;CountingSort;1501;0;0;34370
500;50;4;QuickSort;18551;7739;3275;19420
500;50;4;InsertionSort;46620;15540;0;13950
500;50;4;BubbleSort;224692;82264;15041;77460
500;50;4;MergeSort;8976;2942;0;45640
500;50;4;CountingSort;1501;0;0;10531
500;50;4;QuickSort;18924;8034;3285;19220
500;50;4;InsertionSort;48390;16130;0;16160
500;50;4;BubbleSort;247254;92365;15631;85360
500;50;4;MergeSort;8976;2950;0;41330
500;50;4;CountingSort;1501;0;0;11430
500;50;4;QuickSort;17657;7112;3185;17930
500;50;4;InsertionSort;51348;17116;0;13470
500;50;4;BubbleSort;251706;92619;16617;154640
500;50;4;MergeSort;8976;2929;0;69160
500;50;4;CountingSort;1501;0;0;11950
500;50;4;QuickSort;16424;6821;2870;18240
500;50;4;InsertionSort;52650;17550;0;14460
500;50;4;BubbleSort;247744;89770;17051;172271
500;50;4;MergeSort;8976;2927;0;61940
500;50;4;CountingSort;1501;0;0;11210
500;50;4;QuickSort;18595;7819;3256;18530
500;50;4;InsertionSort;47475;15825;0;13780
500;50;4;BubbleSort;246034;92365;15326;163641
500;50;4;MergeSort;8976;2949;0;65290
500;50;4;CountingSort;1501;0;0;9950
500;50;4;QuickSort;15459;6630;2616;17150
500;50;4;InsertionSort;43446;14482;0;13070
500;50;4;BubbleSort;238092;91080;13983;100630
500;50;4;MergeSort;8976;2931;0;63730
500;50;4;CountingSort;1501;0;0;10880
500;50;4;QuickSort;18937;7990;3316;18220
500;50;4;InsertionSort;50145;16715;0;16160
500;50;4;BubbleSort;244932;90034;16216;115140
500;50;4;MergeSort;8976;2945;0;64220
500;50;4;CountingSort;1501;0;0;8760
500;50;4;QuickSort;15887;6605;2774;20940
500;50;4;InsertionSort;48438;16146;0;15700
500;50;4;BubbleSort;245266;91339;15647;144840
500;50;4;MergeSort;8976;2943;0;60640
500;50;4;CountingSort;1501;0;0;11680
500;50;4;QuickSort;18766;7522;3413;22180
500;50;4;InsertionSort;49992;16664;0;17130
500;50;4;BubbleSort;246300;90820;16165;127151
500;50;4;MergeSort;8976;2941;0;52200
500;50;4;CountingSort;1501;0;0;23320
500;50;4;QuickSort;16619;6818;2935;37280
500;50;4;InsertionSort;44481;14827;0;13951
500;50;4;BubbleSort;236322;89505;14328;105370
500;50;4;MergeSort;8976;2923;0;48620
500;50;4;CountingSort;1501;0;0;10670
500;50;4;QuickSort;17966;7163;3264;25890
500;50;4;InsertionSort;45798;15266;0;16370
500;50;4;BubbleSort;229888;85410;14767;87240
500;50;4;MergeSort;8976;2919;0;41650
500;50;4;CountingSort;1501;0;0;9220
500;50;4;QuickSort;17132;7004;3038;18910
500;50;4;InsertionSort;49236;16412;0;9150
500;50;4;BubbleSort;243192;89770;15913;101671
500;50;4;MergeSort;8976;2924;0;57370
500;50;4;CountingSort;1501;0;0;15290
500;50;4;QuickSort;18167;7619;3189;30490
500;50;4;InsertionSort;49908;16636;0;23120
500;50;4;BubbleSort;247226;91339;16137;110971
500;50;4;MergeSort;8976;2939;0;56780
500;50;4;CountingSort;1501;0;0;77661
500;50;4;QuickSort;16908;7263;2883;22111
500;50;4;InsertionSort;53445;17815;0;13980
500;50;4;BubbleSort;251942;91339;17316;89430
500;50;4;MergeSort;8976;2956;0;43180
500;50;4;CountingSort;1501;0;0;9550
500;50;4;QuickSort;18552;7740;3271;19270
500;50;4;InsertionSort;50634;16878;0;9190
500;50;4;BubbleSort;247156;90820;16379;157040
500;50;4;MergeSort;8976;2933;0;63110
500;50;4;CountingSort;1501;0;0;6320
500;50;4;QuickSort;17180;7106;3015;18550
500;50;4;InsertionSort;49170;16390;0;8870
500;50;4;BubbleSort;248802;92619;15891;155881
500;50;4;MergeSort;8976;2936;0;63811
500;50;4;CountingSort;1501;0;0;6160
500;50;4;QuickSort;16429;6970;2814;17660
500;50;4;InsertionSort;47328;15776;0;11270
500;50;4;BubbleSort;230236;84564;15277;78020
500;50;4;MergeSort;8976;2927;0;51090
500;50;4;CountingSort;1501;0;0;6631
500;50;4;QuickSort;17514;7341;3056;18520
500;50;4;InsertionSort;47517;15839;0;8750
500;50;4;BubbleSort;237690;88165;15340;75750
500;50;4;MergeSort;8976;2945;0;42020
500;50;4;CountingSort;1501;0;0;7910
500;50;4;QuickSort;17095;7156;2984;17960
500;50;4;InsertionSort;48834;16278;0;8600
500;50;4;BubbleSort;245276;91080;15779;128120
500;50;4;MergeSort;8976;2948;0;47380
500;50;4;CountingSort;1501;0;0;4320
500;50;4;QuickSort;19064;7922;3382;18530
500;50;4;InsertionSort;47520;15840;0;14390
500;50;4;BubbleSort;245072;91854;15341;74930
500;50;4;MergeSort;8976;2935;0;52860
500;50;4;CountingSort;1501;0;0;5810
500;50;4;QuickSort;17332;7249;3032;22230
500;50;4;InsertionSort;49203;16401;0;12780
500;50;4;BubbleSort;243148;89770;15902;86420
500;50;4;MergeSort;8976;2958;0;49610
500;60;1;CountingSort;1501;0;0;111940
500;60;1;QuickSort;15693;6558;2715;787632
500;60;1;InsertionSort;121911;40637;0;3333620
500;60;1;BubbleSort;407602;123525;40138;4926204
500;60;1;MergeSort;8976;3810;0;717132
500;60;1;CountingSort;1501;0;0;57471
500;60;1;QuickSort;16299;6693;2863;130280
500;60;1;InsertionSort;125815;41935;0;2059595
500;60;1;BubbleSort;414394;124315;41441;1870395
500;60;1;MergeSort;8976;3851;0;132270
500;60;1;CountingSort;1501;0;0;58131
500;60;1;QuickSort;14879;6545;2448;87540
500;60;1;InsertionSort;129438;43146;0;803022
500;60;1;BubbleSort;420016;124714;42647;1430024
500;60;1;MergeSort;8976;3803;0;198371
500;60;1;CountingSort;1501;0;0;67370
500;60;1;QuickSort;19330;7849;3496;135510
500;60;1;InsertionSort;137499;45833;0;543912
500;60;1;BubbleSort;429504;124084;45334;1405874
500;60;1;MergeSort;8976;3823;0;181750
500;60;1;CountingSort;1501;0;0;66960
500;60;1;QuickSort;19560;8193;3457;94200
500;60;1;InsertionSort;131385;43795;0;512671
500;60;1;BubbleSort;420032;123424;43296;525571
500;60;1;MergeSort;8976;3816;0;132240
500;60;1;CountingSort;1501;0;0;56171
500;60;1;QuickSort;16493;6812;2894;97211
500;60;1;InsertionSort;129855;43283;0;547771
500;60;1;BubbleSort;418392;123622;42787;523701
500;60;1;MergeSort;8976;3803;0;134380
500;60;1;CountingSort;1501;0;0;47360
500;60;1;QuickSort;18984;7845;3390;107200
500;60;1;InsertionSort;125652;41882;0;425051
500;60;1;BubbleSort;412974;123715;41386;417082
500;60;1;MergeSort;8976;3815;0;165210
500;60;1;CountingSort;1501;0;0;60990
500;60;1;QuickSort;18744;7851;3292;98590
500;60;1;InsertionSort;123877;41291;0;1375704
500;60;1;BubbleSort;411620;124222;40794;273581
500;60;1;MergeSort;8976;3835;0;174731
500;60;1;CountingSort;1501;0;0;63730
500;60;1;QuickSort;17272;7063;3069;97710
500;60;1;InsertionSort;133825;44607;0;3202049
500;60;1;BubbleSort;425758;124659;44110;496902
500;60;1;MergeSort;8976;3817;0;202230
500;60;1;CountingSort;1501;0;0;81500
500;60;1;QuickSort;16832;6908;2975;376911
500;60;1;InsertionSort;131850;43950;0;22250
500;60;1;BubbleSort;422312;124254;43451;292071
500;60;1;MergeSort;8976;3799;0;174311
500;60;1;CountingSort;1501;0;0;56370
500;60;1;QuickSort;17000;7031;2980;422191
500;60;1;InsertionSort;131136;43712;0;39010
500;60;1;BubbleSort;419700;123424;43213;257291
500;60;1;MergeSort;8976;3812;0;177641
500;60;1;CountingSort;1501;0;0;67290
500;60;1;QuickSort;16755;7023;2915;324751
500;60;1;InsertionSort;132789;44263;0;34880
500;60;1;BubbleSort;423224;124084;43764;197211
500;60;1;MergeSort;8976;3839;0;117480
500;60;1;CountingSort;1501;0;0;61050
500;60;1;QuickSort;17819;7664;3055;328231
500;60;1;InsertionSort;129975;43325;0;36610
500;60;1;BubbleSort;420694;124695;42826;197301
500;60;1;MergeSort;8976;3789;0;107191
500;60;1;CountingSort;1501;0;0;49650
500;60;1;QuickSort;17891;7550;3114;88311
500;60;1;InsertionSort;131669;43887;0;61351
500;60;1;BubbleSort;422606;124519;43392;313990
500;60;1;MergeSort;8976;3774;0;191410
500;60;1;CountingSort;1501;0;0;84120
500;60;1;QuickSort;16379;6569;2943;29960
500;60;1;InsertionSort;125554;41850;0;33380
500;60;1;BubbleSort;414360;124474;41353;210111
500;60;1;MergeSort;8976;3792;0;81751
500;60;1;CountingSort;1501;0;0;61390
500;60;1;QuickSort;16640;7061;2862;48560
500;60;1;InsertionSort;122574;40858;0;39220
500;60;1;BubbleSort;410336;124450;40359;219551
500;60;1;MergeSort;8976;3810;0;64141
500;60;1;CountingSort;1501;0;0;65250
500;60;1;QuickSort;18672;7494;3391;31420
500;60;1;InsertionSort;127863;42619;0;32420
500;60;1;BubbleSort;416802;124155;42123;229261
500;60;1;MergeSort;8976;3797;0;86570
500;60;1;CountingSort;1501;0;0;65310
500;60;1;QuickSort;17505;7221;3094;29160
500;60;1;InsertionSort;119322;39772;0;154620
500;60;1;BubbleSort;406224;124560;39276;225670
500;60;1;MergeSort;8976;3821;0;66810
500;60;1;CountingSort;1501;0;0;59290
500;60;1;QuickSort;15271;6316;2652;31400
500;60;1;InsertionSort;121735;40577;0;39240
500;60;1;BubbleSort;409730;124705;40080;206611
500;60;1;MergeSort;8976;3817;0;54941
500;60;1;CountingSort;1501;0;0;60610
500;60;1;QuickSort;16667;7124;2841;24310
500;60;1;InsertionSort;121251;40417;0;62360
500;60;1;BubbleSort;407840;124084;39918;217911
500;60;1;MergeSort;8976;3842;0;69461
500;60;1;CountingSort;1501;0;0;48450
500;60;1;QuickSort;18949;7666;3426;35610
500;60;1;InsertionSort;134899;44965;0;35720
500;60;1;BubbleSort;422260;122194;44468;204061
500;60;1;MergeSort;8976;3831;0;60881
500;60;1;CountingSort;1501;0;0;59850
500;60;1;QuickSort;18766;7795;3328;26740
500;60;1;InsertionSort;124029;41339;0;53221
500;60;1;BubbleSort;411762;124189;40846;199850
500;60;1;MergeSort;8976;3821;0;50730
500;60;1;CountingSort;1501;0;0;50241
500;60;1;QuickSort;19106;7763;3455;29020
500;60;1;InsertionSort;127837;42611;0;30400
500;60;1;BubbleSort;415794;123669;42114;222840
500;60;1;MergeSort;8976;3817;0;70270
500;60;1;CountingSort;1501;0;0;1258843
500;60;1;QuickSort;18258;7329;3310;23950
500;60;1;InsertionSort;126040;42012;0;1143313
500;60;1;BubbleSort;412804;123372;41515;167821
500;60;1;MergeSort;8976;3808;0;54101
500;60;1;CountingSort;1501;0;0;46540
500;60;1;QuickSort;17699;7139;3188;23080
500;60;1;InsertionSort;129712;43236;0;35910
500;60;1;BubbleSort;418006;123525;42739;214830
500;60;1;MergeSort;8976;3799;0;64540
500;60;1;CountingSort;1501;0;0;67371
500;60;1;QuickSort;19495;8014;3498;31190
500;60;1;InsertionSort;125575;41855;0;39160
500;60;1;BubbleSort;414392;124474;41361;189530
500;60;1;MergeSort;8976;3794;0;56130
500;60;1;CountingSort;1501;0;0;47531
500;60;1;QuickSort;16121;6935;2730;28530
500;60;1;InsertionSort;130838;43610;0;23920
500;60;1;BubbleSort;420770;124155;43115;238730
500;60;1;MergeSort;8976;3847;0;51700
500;60;1;CountingSort;1501;0;0;52420
500;60;1;QuickSort;18491;7961;3179;19350
500;60;1;InsertionSort;126763;42253;0;32060
500;60;1;BubbleSort;415768;124372;41756;179980
500;60;1;MergeSort;8976;3823;0;63530
500;60;1;CountingSort;1501;0;0;47571
500;60;1;QuickSort;17936;7436;3168;52151
500;60;1;InsertionSort;131277;43759;0;31050
500;60;1;BubbleSort;420734;123847;43260;134250
500;60;1;MergeSort;8976;3823;0;34560
500;60;1;CountingSort;1501;0;0;58200
500;60;1;QuickSort;15270;6345;2644;21590
500;60;1;InsertionSort;131479;43825;0;37930
500;60;1;BubbleSort;421690;124189;43328;204061
500;60;1;MergeSort;8976;3769;0;45170
500;60;1;CountingSort;1501;0;0;70130
500;60;1;QuickSort;16151;6767;2794;23910
500;60;1;InsertionSort;130030;43342;0;27090
500;60;1;BubbleSort;420230;124425;42845;136980
500;60;1;MergeSort;8976;3810;0;53731
500;60;1;CountingSort;1501;0;0;57880
500;60;1;QuickSort;18092;7409;3232;37900
500;60;1;InsertionSort;129090;43030;0;35220
500;60;1;BubbleSort;417902;123889;42531;163501
500;60;1;MergeSort;8976;3824;0;54531
500;60;1;CountingSort;1501;0;0;48560
500;60;1;QuickSort;16148;6722;2816;34680
500;60;1;InsertionSort;138559;46183;0;27470
500;60;1;BubbleSort;430696;123970;45689;145311
500;60;1;MergeSort;8976;3809;0;37680
500;60;1;CountingSort;1501;0;0;21820
500;60;1;QuickSort;16604;6962;2882;26480
500;60;1;InsertionSort;125104;41700;0;20010
500;60;1;BubbleSort;410652;122920;41203;213911
500;60;1;MergeSort;8976;3826;0;65051
500;60;1;CountingSort;1501;0;0;10880
500;60;1;QuickSort;19611;8163;3480;25570
500;60;1;InsertionSort;124105;41367;0;20890
500;60;1;BubbleSort;412798;124659;40870;131961
500;60;1;MergeSort;8976;3811;0;40381
500;60;1;CountingSort;1501;0;0;18290
500;60;1;QuickSort;17826;7299;3179;29850
500;60;1;InsertionSort;129729;43243;0;41910
500;60;1;BubbleSort;420236;124630;42744;173170
500;60;1;MergeSort;8976;3819;0;43900
500;60;1;CountingSort;1501;0;0;10760
500;60;1;QuickSort;17365;7000;3118;20520
500;60;1;InsertionSort;134458;44818;0;32560
500;60;1;BubbleSort;425524;124120;44321;221091
500;60;1;MergeSort;8976;3832;0;51060
500;60;1;CountingSort;1501;0;0;13810
500;60;1;QuickSort;17218;7159;3025;28150
500;60;1;InsertionSort;115878;38626;0;30090
500;60;1;BubbleSort;394526;121009;38127;134620
500;60;1;MergeSort;8976;3826;0;58590
500;60;1;CountingSort;1501;0;0;9310
500;60;1;QuickSort;17620;7096;3177;20740
500;60;1;InsertionSort;132795;44263;0;20850
500;60;1;BubbleSort;423918;124425;43767;129190
500;60;1;MergeSort;8976;3813;0;63840
500;60;1;CountingSort;1501;0;0;12600
500;60;1;QuickSort;16688;7097;2863;29110
500;60;1;InsertionSort;130219;43403;0;41110
500;60;1;BubbleSort;415284;121824;42909;249921
500;60;1;MergeSort;8976;3818;0;48580
500;60;1;CountingSort;1501;0;0;12030
500;60;1;QuickSort;19655;8156;3498;26540
500;60;1;InsertionSort;125358;41784;0;31200
500;60;1;BubbleSort;413950;124399;41288;129201
500;60;1;MergeSort;8976;3821;0;49811
500;60;1;CountingSort;1501;0;0;8950
500;60;1;QuickSort;16946;6923;3007;20460
500;60;1;InsertionSort;136839;45611;0;49961
500;60;1;BubbleSort;429360;124450;45115;150170
500;60;1;MergeSort;8976;3846;0;51070
500;60;1;CountingSort;1501;0;0;13930
500;60;1;QuickSort;16351;6769;2856;42190
500;60;1;InsertionSort;132196;44064;0;28980
500;60;1;BubbleSort;423426;124579;43567;174781
500;60;1;MergeSort;8976;3804;0;44620
500;60;1;CountingSort;1501;0;0;21110
500;60;1;QuickSort;16593;6861;2905;25670
500;60;1;InsertionSort;135975;45323;0;32620
500;60;1;BubbleSort;428052;124372;44827;146051
500;60;1;MergeSort;8976;3833;0;59270
500;60;1;CountingSort;1501;0;0;11230
500;60;1;QuickSort;17295;6969;3100;25150
500;60;1;InsertionSort;129480;43160;0;33070
500;60;1;BubbleSort;419274;124315;42661;226030
500;60;1;MergeSort;8976;3820;0;57521
500;60;1;CountingSort;1501;0;0;13581
500;60;1;QuickSort;16439;7058;2800;21850
500;60;1;InsertionSort;131775;43925;0;25790
500;60;1;BubbleSort;421872;124084;43426;186071
500;60;1;MergeSort;8976;3829;0;77930
500;60;1;CountingSort;1501;0;0;13740
500;60;1;QuickSort;16914;7311;2865;25980
500;60;1;InsertionSort;126345;42115;0;25270
500;60;1;BubbleSort;412884;123210;41616;211221
500;60;1;MergeSort;8976;3825;0;83201
500;60;1;CountingSort;1501;0;0;12810
500;60;1;QuickSort;17289;6963;3110;31840
500;60;1;InsertionSort;132672;44224;0;29000
500;60;1;BubbleSort;423588;124344;43725;160311
500;60;1;MergeSort;8976;3833;0;63810
500;60;1;CountingSort;1501;0;0;13170
500;60;1;QuickSort;17722;7243;3153;26530
500;60;1;InsertionSort;134205;44733;0;45610
500;60;1;BubbleSort;426176;124614;44237;205070
500;60;1;MergeSort;8976;3827;0;48460
500;60;1;CountingSort;1501;0;0;11350
500;60;1;QuickSort;16201;6985;2746;24920
500;60;1;InsertionSort;124224;41408;0;29040
500;60;1;BubbleSort;409354;122859;40909;272891
500;60;1;MergeSort;8976;3782;0;76560
500;60;1;CountingSort;1501;0;0;11070
500;60;1;QuickSort;16125;6630;2838;24661
500;60;1;InsertionSort;126336;42112;0;26930
500;60;1;BubbleSort;415922;124735;41613;193910
500;60;1;MergeSort;8976;3789;0;48160
500;60;1;CountingSort;1501;0;0;20890
500;60;1;QuickSort;18441;7539;3300;25200
500;60;1;InsertionSort;125905;41967;0;28300
500;60;1;BubbleSort;414120;124120;41470;235261
500;60;1;MergeSort;8976;3803;0;77060
500;60;1;CountingSort;1501;0;0;11190
500;60;1;QuickSort;17812;7573;3078;26680
500;60;1;InsertionSort;124101;41367;0;30280
500;60;1;BubbleSort;412552;124540;40868;187681
500;60;1;MergeSort;8976;3841;0;63880
500;60;1;CountingSort;1501;0;0;12330
500;60;1;QuickSort;15902;6770;2709;25060
500;60;1;InsertionSort;130548;43514;0;31540
500;60;1;BubbleSort;420580;124254;43018;213231
500;60;1;MergeSort;8976;3806;0;54380
500;60;1;CountingSort;1501;0;0;10580
500;60;1;QuickSort;17391;7410;2994;34150
500;60;1;InsertionSort;123337;41111;0;31750
500;60;1;BubbleSort;411254;124399;40614;217101
500;60;1;MergeSort;8976;3820;0;62370
500;60;1;CountingSort;1501;0;0;12010
500;60;1;QuickSort;18031;7333;3225;35660
500;60;1;InsertionSort;132654;44216;0;39030
500;60;1;BubbleSort;424038;124579;43720;212751
500;60;1;MergeSort;8976;3808;0;62311
500;60;1;CountingSort;1501;0;0;9380
500;60;1;QuickSort;16639;6703;2981;24750
500;60;1;InsertionSort;131670;43888;0;45950
500;60;1;BubbleSort;420312;123372;43392;238181
500;60;1;MergeSort;8976;3813;0;77711
500;60;1;CountingSort;1501;0;0;13270
500;60;1;QuickSort;16124;6539;2861;21650
500;60;1;InsertionSort;128761;42919;0;36660
500;60;1;BubbleSort;417548;123930;42422;166401
500;60;1;MergeSort;8976;3820;0;68280
500;60;1;CountingSort;1501;0;0;11550
500;60;1;QuickSort;16513;7021;2828;25230
500;60;1;InsertionSort;135519;45173;0;48610
500;60;1;BubbleSort;421554;121429;44674;197620
500;60;1;MergeSort;8976;3792;0;68530
500;60;1;CountingSort;1501;0;0;17210
500;60;1;QuickSort;18167;7760;3137;33420
500;60;1;InsertionSort;126501;42167;0;49231
500;60;1;BubbleSort;414912;124120;41668;272121
500;60;1;MergeSort;8976;3814;0;85270
500;60;1;CountingSort;1501;0;0;12490
500;60;1;QuickSort;19964;8219;3585;26610
500;60;1;InsertionSort;141991;47329;0;40411
500;60;1;BubbleSort;436448;124560;46832;223450
500;60;1;MergeSort;8976;3788;0;76210
500;60;1;CountingSort;1501;0;0;10900
500;60;1;QuickSort;16430;6632;2939;20280
500;60;1;InsertionSort;142811;47599;0;27630
500;60;1;BubbleSort;435478;123525;47107;172180
500;60;1;MergeSort;8976;3804;0;54310
500;60;1;CountingSort;1501;0;0;12810
500;60;1;QuickSort;18594;7788;3271;25820
500;60;1;InsertionSort;114563;38185;0;18970
500;60;1;BubbleSort;392778;121009;37690;143330
500;60;1;MergeSort;8976;3779;0;60490
500;60;1;CountingSort;1501;0;0;48120
500;60;1;QuickSort;18758;7829;3312;21120
500;60;1;InsertionSort;125890;41962;0;39621
500;60;1;BubbleSort;411820;122980;41465;163280
500;60;1;MergeSort;8976;3849;0;52140
500;60;1;CountingSort;1501;0;0;11540
500;60;1;QuickSort;16152;6786;2783;19870
500;60;1;InsertionSort;118753;39583;0;27800
500;60;1;BubbleSort;405832;124744;39086;172890
500;60;1;MergeSort;8976;3831;0;61320
500;60;1;CountingSort;1501;0;0;9260
500;60;1;QuickSort;18019;7297;3241;32511
500;60;1;InsertionSort;131445;43815;0;25900
500;60;1;BubbleSort;422608;124672;43316;224760
500;60;1;MergeSort;8976;3829;0;81710
500;60;1;CountingSort;1501;0;0;30601
500;60;1;QuickSort;16409;6653;2918;23190
500;60;1;InsertionSort;126675;42225;0;35590
500;60;1;BubbleSort;415852;124474;41726;196830
500;60;1;MergeSort;8976;3795;0;67660
500;60;1;CountingSort;1501;0;0;11070
500;60;1;QuickSort;18266;7265;3329;34400
500;60;1;InsertionSort;123001;40999;0;37170
500;60;1;BubbleSort;411298;124645;40502;216421
500;60;1;MergeSort;8976;3825;0;63341
500;60;1;CountingSort;1501;0;0;15690
500;60;1;QuickSort;21523;9103;3803;22050
500;60;1;InsertionSort;135966;45322;0;45260
500;60;1;BubbleSort;428610;124659;44823;135570
500;60;1;MergeSort;8976;3812;0;46710
500;60;1;CountingSort;1501;0;0;10020
500;60;1;QuickSort;17358;7011;3104;25500
500;60;1;InsertionSort;129270;43090;0;26810
500;60;1;BubbleSort;417702;123669;42591;186471
500;60;1;MergeSort;8976;3784;0;60430
500;60;1;CountingSort;1501;0;0;10530
500;60;1;QuickSort;17489;7094;3128;20000
500;60;1;InsertionSort;121092;40364;0;41060
500;60;1;BubbleSort;406798;123669;39865;125721
500;60;1;MergeSort;8976;3775;0;54220
500;60;1;CountingSort;1501;0;0;20630
500;60;1;QuickSort;19548;7839;3573;20461
500;60;1;InsertionSort;128288;42760;0;26910
500;60;1;BubbleSort;418008;124474;42265;179280
500;60;1;MergeSort;8976;3748;0;56500
500;60;1;CountingSort;1501;0;0;13110
500;60;1;QuickSort;15648;6441;2738;30881
500;60;1;InsertionSort;126987;42329;0;21540
500;60;1;BubbleSort;415180;123930;41830;126500
500;60;1;MergeSort;8976;3820;0;57681
500;60;1;CountingSort;1501;0;0;7030
500;60;1;QuickSort;17558;7088;3156;20680
500;60;1;InsertionSort;134197;44731;0;20820
500;60;1;BubbleSort;424456;123760;44234;136620
500;60;1;MergeSort;8976;3794;0;53060
500;60;1;CountingSort;1501;0;0;4990
500;60;1;QuickSort;16110;6819;2757;25070
500;60;1;InsertionSort;130306;43434;0;35481
500;60;1;BubbleSort;419688;123970;42937;226701
500;60;1;MergeSort;8976;3819;0;75040
500;60;1;CountingSort;1501;0;0;5710
500;60;1;QuickSort;16552;7111;2819;19820
500;60;1;InsertionSort;127353;42451;0;30660
500;60;1;BubbleSort;417302;124747;41952;220601
500;60;1;MergeSort;8976;3815;0;70001
500;60;1;CountingSort;1501;0;0;5390
500;60;1;QuickSort;18000;7245;3246;20080
500;60;1;InsertionSort;127555;42517;0;109340
500;60;1;BubbleSort;417470;124695;42020;240241
500;60;1;MergeSort;8976;3812;0;75050
500;60;1;CountingSort;1501;0;0;7530
500;60;1;QuickSort;16931;7181;2917;20570
500;60;1;InsertionSort;131733;43909;0;31040
500;60;1;BubbleSort;420702;123525;43413;147270
500;60;1;MergeSort;8976;3815;0;54880
500;60;1;CountingSort;1501;0;0;6440
500;60;1;QuickSort;16867;6769;3031;32370
500;60;1;InsertionSort;128149;42715;0;36000
500;60;1;BubbleSort;415510;123319;42218;184740
500;60;1;MergeSort;8976;3777;0;62150
500;60;1;CountingSort;1501;0;0;7530
500;60;1;QuickSort;16929;6882;3018;20370
500;60;1;InsertionSort;121647;40549;0;20240
500;60;1;BubbleSort;407348;123574;40050;183241
500;60;1;MergeSort;8976;3791;0;51501
500;60;1;CountingSort;1501;0;0;6860
500;60;1;QuickSort;16659;6939;2898;19710
500;60;1;InsertionSort;122694;40898;0;90701
500;60;1;BubbleSort;410716;124560;40399;233611
500;60;1;MergeSort;8976;3829;0;98731
500;60;1;CountingSort;1501;0;0;4490
500;60;1;QuickSort;16263;6648;2863;20150
500;60;1;InsertionSort;128209;42735;0;20400
500;60;1;BubbleSort;418270;124659;42238;155701
500;60;1;MergeSort;8976;3823;0;93490
500;60;1;CountingSort;1501;0;0;4450
500;60;1;QuickSort;17281;7120;3058;20440
500;60;1;InsertionSort;126057;42019;0;20790
500;60;1;BubbleSort;412274;123097;41520;179671
500;60;1;MergeSort;8976;3801;0;46780
500;60;1;CountingSort;1501;0;0;8380
500;60;1;QuickSort;16263;6849;2810;26530
500;60;1;InsertionSort;125772;41924;0;26710
500;60;1;BubbleSort;415068;124684;41425;137640
500;60;1;MergeSort;8976;3826;0;47750
500;60;1;CountingSort;1501;0;0;4380
500;60;1;QuickSort;17492;7400;3035;25400
500;60;1;InsertionSort;124647;41547;0;27600
500;60;1;BubbleSort;413494;124645;41051;235861
500;60;1;MergeSort;8976;3826;0;82911
500;60;1;CountingSort;1501;0;0;7790
500;60;1;QuickSort;18086;7373;3238;24620
500;60;1;InsertionSort;113820;37940;0;18750
500;60;1;BubbleSort;397858;124047;37441;130210
500;60;1;MergeSort;8976;3805;0;55340
500;60;1;CountingSort;1501;0;0;7770
500;60;1;QuickSort;17088;7101;2999;20360
500;60;1;InsertionSort;127716;42570;0;20200
500;60;1;BubbleSort;416740;124222;42074;211560
500;60;1;MergeSort;8976;3803;0;73510
500;60;1;CountingSort;1501;0;0;6940
500;60;1;QuickSort;18677;7502;3393;20490
500;60;1;InsertionSort;130067;43355;0;39630
500;60;1;BubbleSort;420856;124714;42857;220360
500;60;1;MergeSort;8976;3792;0;84550
500;60;1;CountingSort;1501;0;0;5500
500;60;1;QuickSort;19948;8314;3554;25980
500;60;1;InsertionSort;132609;44203;0;20910
500;60;1;BubbleSort;423126;124155;43704;192461
500;60;1;MergeSort;8976;3809;0;47810
500;60;1;CountingSort;1501;0;0;4720
500;60;1;QuickSort;18562;7420;3380;20470
500;60;1;InsertionSort;134577;44857;0;106430
500;60;1;BubbleSort;425222;123889;44361;253941
500;60;1;MergeSort;8976;3740;0;97701
500;60;1;CountingSort;1501;0;0;4790
500;60;1;QuickSort;16400;6629;2925;19950
500;60;1;InsertionSort;131166;43722;0;92980
500;60;1;BubbleSort;419842;123475;43223;204120
500;60;1;MergeSort;8976;3832;0;42470
500;60;1;CountingSort;1501;0;0;4330
500;60;1;QuickSort;16788;6924;2949;19630
500;60;1;InsertionSort;122125;40707;0;28821
500;60;1;BubbleSort;407148;123154;40210;136720
500;60;1;MergeSort;8976;3803;0;43180
500;60;1;CountingSort;1501;0;0;5870
500;60;1;QuickSort;17091;6951;3049;20350
500;60;1;InsertionSort;123756;41252;0;50840
500;60;1;BubbleSort;410256;123622;40753;158470
500;60;1;MergeSort;8976;3818;0;39540
500;60;1;CountingSort;1501;0;0;6410
500;60;1;QuickSort;18350;7460;3294;20820
500;60;1;InsertionSort;134439;44813;0;36350
500;60;1;BubbleSort;425566;124155;44314;213101
500;60;1;MergeSort;8976;3793;0;83300
500;60;1;CountingSort;1501;0;0;7290
500;60;1;QuickSort;16185;6675;2843;20450
500;60;1;InsertionSort;127206;42402;0;28100
500;60;1;BubbleSort;417002;124695;41903;208881
500;60;1;MergeSort;8976;3838;0;60020
500;60;1;CountingSort;1501;0;0;6240
500;60;1;QuickSort;17678;7175;3167;31260
500;60;1;InsertionSort;124737;41579;0;50310
500;60;1;BubbleSort;411370;123525;41080;144871
500;60;1;MergeSort;8976;3768;0;57931
500;60;1;CountingSort;1501;0;0;6710
500;60;1;QuickSort;16952;6986;2988;27050
500;60;1;InsertionSort;130205;43399;0;32700
500;60;1;BubbleSort;420774;124579;42904;175180
500;60;1;MergeSort;8976;3803;0;40710
500;60;1;CountingSort;1501;0;0;14260
500;60;1;QuickSort;17316;7008;3098;24870
500;60;1;InsertionSort;126397;42131;0;25600
500;60;1;BubbleSort;415904;124684;41634;260700
500;60;1;MergeSort;8976;3808;0;114270
500;60;1;CountingSort;1501;0;0;14751
500;60;1;QuickSort;17015;6935;3030;29010
500;60;1;InsertionSort;126967;42321;0;332531
500;60;1;BubbleSort;412636;122670;41824;337541
500;60;1;MergeSort;8976;3829;0;130410
500;60;1;CountingSort;1501;0;0;7730
500;60;1;QuickSort;15389;6428;2666;34930
500;60;1;InsertionSort;136141;45379;0;267761
500;60;1;BubbleSort;427696;124084;44882;358631
500;60;1;MergeSort;8976;3839;0;49141
500;60;2;CountingSort;1501;0;0;99450
500;60;2;QuickSort;17620;7192;3133;853192
500;60;2;InsertionSort;70117;23371;0;2182536
500;60;2;BubbleSort;288326;98415;22874;4520983
500;60;2;MergeSort;8976;3046;0;731962
500;60;2;CountingSort;1501;0;0;60360
500;60;2;QuickSort;15351;6522;2606;107130
500;60;2;InsertionSort;67377;22455;0;1638934
500;60;2;BubbleSort;279508;95830;21962;1716595
500;60;2;MergeSort;8976;3064;0;126180
500;60;2;CountingSort;1501;0;0;57270
500;60;2;QuickSort;15562;6577;2658;64920
500;60;2;InsertionSort;66802;22264;0;1775195
500;60;2;BubbleSort;284368;98644;21770;2371367
500;60;2;MergeSort;8976;3049;0;170240
500;60;2;CountingSort;1501;0;0;57881
500;60;2;QuickSort;17790;7218;3187;67810
500;60;2;InsertionSort;68177;22721;0;354441
500;60;2;BubbleSort;285286;98185;22229;702422
500;60;2;MergeSort;8976;3052;0;115810
500;60;2;CountingSort;1501;0;0;60730
500;60;2;QuickSort;17687;7304;3130;105571
500;60;2;InsertionSort;70373;23453;0;221251
500;60;2;BubbleSort;299114;103635;22961;468951
500;60;2;MergeSort;8976;3080;0;197840
500;60;2;CountingSort;1501;0;0;63971
500;60;2;QuickSort;18238;7402;3281;50281
500;60;2;InsertionSort;70206;23400;0;824192
500;60;2;BubbleSort;284710;96547;22904;910902
500;60;2;MergeSort;8976;3048;0;101810
500;60;2;CountingSort;1501;0;0;68450
500;60;2;QuickSort;17379;7086;3100;108870
500;60;2;InsertionSort;73551;24513;0;396291
500;60;2;BubbleSort;296960;100440;24020;404711
500;60;2;MergeSort;8976;3060;0;87031
500;60;2;CountingSort;1501;0;0;60640
500;60;2;QuickSort;20432;8324;3710;101150
500;60;2;InsertionSort;65251;21747;0;355861
500;60;2;BubbleSort;290202;102595;21253;206301
500;60;2;MergeSort;8976;3058;0;147391
500;60;2;CountingSort;1501;0;0;49880
500;60;2;QuickSort;20197;8086;3696;118000
500;60;2;InsertionSort;71033;23675;0;702382
500;60;2;BubbleSort;293158;100219;23180;554771
500;60;2;MergeSort;8976;3062;0;118100
500;60;2;CountingSort;1501;0;0;81290
500;60;2;QuickSort;18047;7337;3235;54800
500;60;2;InsertionSort;66335;22109;0;204821
500;60;2;BubbleSort;288650;101097;21614;303221
500;60;2;MergeSort;8976;3065;0;147961
500;60;2;CountingSort;1501;0;0;58081
500;60;2;QuickSort;18441;7584;3288;99960
500;60;2;InsertionSort;68128;22704;0;256390
500;60;2;BubbleSort;294042;102595;22213;181540
500;60;2;MergeSort;8976;3071;0;158830
500;60;2;CountingSort;1501;0;0;77430
500;60;2;QuickSort;15510;6387;2706;73400
500;60;2;InsertionSort;65373;21785;0;325531
500;60;2;BubbleSort;285618;100219;21295;263711
500;60;2;MergeSort;8976;3062;0;194191
500;60;2;CountingSort;1501;0;0;64760
500;60;2;QuickSort;18206;7637;3186;96401
500;60;2;InsertionSort;67649;22547;0;333051
500;60;2;BubbleSort;292126;101959;22052;416501
500;60;2;MergeSort;8976;3061;0;242541
500;60;2;CountingSort;1501;0;0;50340
500;60;2;QuickSort;17722;7225;3161;59070
500;60;2;InsertionSort;68377;22789;0;163231
500;60;2;BubbleSort;292670;101745;22295;95581
500;60;2;MergeSort;8976;3084;0;115220
500;60;2;CountingSort;1501;0;0;52510
500;60;2;QuickSort;20864;8372;3827;80050
500;60;2;InsertionSort;66753;22245;0;202870
500;60;2;BubbleSort;290510;101745;21755;222521
500;60;2;MergeSort;8976;3070;0;136691
500;60;2;CountingSort;1501;0;0;55911
500;60;2;QuickSort;18013;7459;3183;303110
500;60;2;InsertionSort;70093;23361;0;501451
500;60;2;BubbleSort;297078;102805;22867;473251
500;60;2;MergeSort;8976;3072;0;139061
500;60;2;CountingSort;1501;0;0;50470
500;60;2;QuickSort;17565;7305;3088;335471
500;60;2;InsertionSort;68465;22819;0;268151
500;60;2;BubbleSort;281914;96309;22324;217780
500;60;2;MergeSort;8976;3070;0;139450
500;60;2;CountingSort;1501;0;0;66331
500;60;2;QuickSort;14820;6339;2490;319841
500;60;2;InsertionSort;70507;23499;0;197450
500;60;2;BubbleSort;294648;101314;23005;275961
500;60;2;MergeSort;8976;3052;0;200450
500;60;2;CountingSort;1501;0;0;62021
500;60;2;QuickSort;15632;6380;2752;285431
500;60;2;InsertionSort;68626;22872;0;100210
500;60;2;BubbleSort;287256;98872;22378;141891
500;60;2;MergeSort;8976;3062;0;127981
500;60;2;CountingSort;1501;0;0;68550
500;60;2;QuickSort;16797;6915;2960;413541
500;60;2;InsertionSort;72611;24199;0;107360
500;60;2;BubbleSort;298318;101745;23707;248561
500;60;2;MergeSort;8976;3060;0;175651
500;60;2;CountingSort;1501;0;0;71010
500;60;2;QuickSort;17380;7264;3039;317921
500;60;2;InsertionSort;72661;24215;0;171440
500;60;2;BubbleSort;296654;100879;23724;331771
500;60;2;MergeSort;8976;3072;0;210051
500;60;2;CountingSort;1501;0;0;55160
500;60;2;QuickSort;17169;7011;3058;306241
500;60;2;InsertionSort;66083;22023;0;143841
500;60;2;BubbleSort;289184;101530;21531;116061
500;60;2;MergeSort;8976;3068;0;74311
500;60;2;CountingSort;1501;0;0;56900
500;60;2;QuickSort;14971;6253;2574;274741
500;60;2;InsertionSort;71681;23891;0;139500
500;60;2;BubbleSort;296212;101314;23396;146980
500;60;2;MergeSort;8976;3065;0;70190
500;60;2;CountingSort;1501;0;0;47170
500;60;2;QuickSort;17341;7060;3094;1446014
500;60;2;InsertionSort;71240;23742;0;1290554
500;60;2;BubbleSort;295628;101314;23250;1284414
500;60;2;MergeSort;8976;3052;0;1202304
500;60;2;CountingSort;1501;0;0;53570
500;60;2;QuickSort;16551;6891;2893;17310
500;60;2;InsertionSort;70493;23493;0;20820
500;60;2;BubbleSort;295064;101530;23001;115290
500;60;2;MergeSort;8976;3079;0;56920
500;60;2;CountingSort;1501;0;0;57270
500;60;2;QuickSort;17841;7230;3201;20750
500;60;2;InsertionSort;63280;21090;0;11550
500;60;2;BubbleSort;285012;101314;20596;101130
500;60;2;MergeSort;8976;3062;0;38860
500;60;2;CountingSort;1501;0;0;66011
500;60;2;QuickSort;18558;7701;3283;38590
500;60;2;InsertionSort;73775;24589;0;14880
500;60;2;BubbleSort;302404;103014;24094;115720
500;60;2;MergeSort;8976;3063;0;37720
500;60;2;CountingSort;1501;0;0;56300
500;60;2;QuickSort;15304;6325;2668;20120
500;60;2;InsertionSort;68916;22966;0;19210
500;60;2;BubbleSort;293822;101959;22476;143080
500;60;2;MergeSort;8976;3080;0;27880
500;60;2;CountingSort;1501;0;0;83720
500;60;2;QuickSort;17498;7196;3093;47500
500;60;2;InsertionSort;68527;22839;0;27710
500;60;2;BubbleSort;290700;100660;22345;106951
500;60;2;MergeSort;8976;3068;0;81050
500;60;2;CountingSort;1501;0;0;51630
500;60;2;QuickSort;17500;7117;3131;22160
500;60;2;InsertionSort;69690;23226;0;12920
500;60;2;BubbleSort;290926;99997;22733;172161
500;60;2;MergeSort;8976;3073;0;55780
500;60;2;CountingSort;1501;0;0;83720
500;60;2;QuickSort;18317;7457;3284;40100
500;60;2;InsertionSort;65635;21875;0;22620
500;60;2;BubbleSort;291968;103222;21381;155051
500;60;2;MergeSort;8976;3059;0;38860
500;60;2;CountingSort;1501;0;0;69370
500;60;2;QuickSort;15878;6446;2812;28350
500;60;2;InsertionSort;65784;21924;0;19380
500;60;2;BubbleSort;285272;99774;21431;167791
500;60;2;MergeSort;8976;3060;0;60860
500;60;2;CountingSort;1501;0;0;42270
500;60;2;QuickSort;16463;6860;2874;24890
500;60;2;InsertionSort;71297;23763;0;19340
500;60;2;BubbleSort;300342;103635;23268;180870
500;60;2;MergeSort;8976;3069;0;61420
500;60;2;CountingSort;1501;0;0;20191
500;60;2;QuickSort;17466;7299;3057;17620
500;60;2;InsertionSort;72209;24067;0;16990
500;60;2;BubbleSort;293388;99550;23572;109860
500;60;2;MergeSort;8976;3073;0;27710
500;60;2;CountingSort;1501;0;0;9540
500;60;2;QuickSort;17598;7518;3024;23980
500;60;2;InsertionSort;65111;21699;0;18930
500;60;2;BubbleSort;278396;96784;21207;154160
500;60;2;MergeSort;8976;3069;0;38140
500;60;2;CountingSort;1501;0;0;13300
500;60;2;QuickSort;17614;7156;3149;17160
500;60;2;InsertionSort;72132;24042;0;18540
500;60;2;BubbleSort;293284;99550;23546;125011
500;60;2;MergeSort;8976;3055;0;56710
500;60;2;CountingSort;1501;0;0;15340
500;60;2;QuickSort;16018;6820;2737;19240
500;60;2;InsertionSort;69839;23277;0;20110
500;60;2;BubbleSort;289326;99099;22782;87051
500;60;2;MergeSort;8976;3071;0;37430
500;60;2;CountingSort;1501;0;0;9460
500;60;2;QuickSort;16936;6730;3071;22540
500;60;2;InsertionSort;68433;22807;0;21391
500;60;2;BubbleSort;287906;99325;22314;113780
500;60;2;MergeSort;8976;3062;0;56980
500;60;2;CountingSort;1501;0;0;12380
500;60;2;QuickSort;15886;6769;2703;22600
500;60;2;InsertionSort;70642;23544;0;18790
500;60;2;BubbleSort;301500;104650;23050;148870
500;60;2;MergeSort;8976;3065;0;44980
500;60;2;CountingSort;1501;0;0;9500
500;60;2;QuickSort;16627;7030;2862;28851
500;60;2;InsertionSort;68712;22898;0;20480
500;60;2;BubbleSort;291390;100879;22408;169770
500;60;2;MergeSort;8976;3041;0;64990
500;60;2;CountingSort;1501;0;0;10680
500;60;2;QuickSort;17071;7441;2881;28290
500;60;2;InsertionSort;71174;23722;0;96570
500;60;2;BubbleSort;298098;102595;23227;191180
500;60;2;MergeSort;8976;3063;0;59680
500;60;2;CountingSort;1501;0;0;10580
500;60;2;QuickSort;19671;7911;3582;18990
500;60;2;InsertionSort;64079;21357;0;18760
500;60;2;BubbleSort;284768;100660;20862;86950
500;60;2;MergeSort;8976;3036;0;47160
500;60;2;CountingSort;1501;0;0;10470
500;60;2;QuickSort;19214;8027;3396;18940
500;60;2;InsertionSort;70540;23510;0;14810
500;60;2;BubbleSort;292058;99997;23016;103461
500;60;2;MergeSort;8976;3083;0;46311
500;60;2;CountingSort;1501;0;0;10841
500;60;2;QuickSort;19927;8383;3508;34730
500;60;2;InsertionSort;67537;22509;0;27450
500;60;2;BubbleSort;290254;101097;22015;108210
500;60;2;MergeSort;8976;3082;0;40320
500;60;2;CountingSort;1501;0;0;13170
500;60;2;QuickSort;17682;7197;3163;18740
500;60;2;InsertionSort;68023;22671;0;17160
500;60;2;BubbleSort;295566;103429;22177;124471
500;60;2;MergeSort;8976;3052;0;42050
500;60;2;CountingSort;1501;0;0;13700
500;60;2;QuickSort;20988;8550;3803;25460
500;60;2;InsertionSort;71210;23734;0;16180
500;60;2;BubbleSort;292056;99550;23239;164501
500;60;2;MergeSort;8976;3058;0;70681
500;60;2;CountingSort;1501;0;0;15251
500;60;2;QuickSort;17662;7183;3159;23770
500;60;2;InsertionSort;70109;23367;0;18160
500;60;2;BubbleSort;287858;98185;22872;141710
500;60;2;MergeSort;8976;3049;0;86770
500;60;2;CountingSort;1501;0;0;9380
500;60;2;QuickSort;18046;7561;3165;27690
500;60;2;InsertionSort;61881;20625;0;16710
500;60;2;BubbleSort;280954;100219;20129;133910
500;60;2;MergeSort;8976;3067;0;71830
500;60;2;CountingSort;1501;0;0;10100
500;60;2;QuickSort;18664;7636;3353;23380
500;60;2;InsertionSort;70194;23396;0;20010
500;60;2;BubbleSort;283260;95830;22900;151521
500;60;2;MergeSort;8976;3047;0;53520
500;60;2;CountingSort;1501;0;0;10980
500;60;2;QuickSort;15691;6613;2699;22960
500;60;2;InsertionSort;68880;22956;0;17840
500;60;2;BubbleSort;292046;101097;22463;127980
500;60;2;MergeSort;8976;3070;0;44150
500;60;2;CountingSort;1501;0;0;17100
500;60;2;QuickSort;19309;7987;3440;25930
500;60;2;InsertionSort;68832;22938;0;17260
500;60;2;BubbleSort;290672;100440;22448;176360
500;60;2;MergeSort;8976;3047;0;70120
500;60;2;CountingSort;1501;0;0;10990
500;60;2;QuickSort;16052;6665;2802;27430
500;60;2;InsertionSort;71753;23915;0;16980
500;60;2;BubbleSort;300950;103635;23420;159371
500;60;2;MergeSort;8976;3061;0;96011
500;60;2;CountingSort;1501;0;0;15700
500;60;2;QuickSort;16493;6776;2904;24400
500;60;2;InsertionSort;72137;24043;0;25420
500;60;2;BubbleSort;298110;101959;23548;144731
500;60;2;MergeSort;8976;3060;0;44730
500;60;2;CountingSort;1501;0;0;14560
500;60;2;QuickSort;17361;7773;2864;27560
500;60;2;InsertionSort;74137;24709;0;13550
500;60;2;BubbleSort;292768;97954;24215;102480
500;60;2;MergeSort;8976;3067;0;41920
500;60;2;CountingSort;1501;0;0;27670
500;60;2;QuickSort;19534;7855;3556;26650
500;60;2;InsertionSort;68608;22866;0;16860
500;60;2;BubbleSort;295932;103222;22372;182170
500;60;2;MergeSort;8976;3049;0;92440
500;60;2;CountingSort;1501;0;0;16790
500;60;2;QuickSort;18413;7520;3301;24780
500;60;2;InsertionSort;69764;23250;0;11670
500;60;2;BubbleSort;297476;103222;22758;170971
500;60;2;MergeSort;8976;3071;0;78040
500;60;2;CountingSort;1501;0;0;11920
500;60;2;QuickSort;16582;6718;2959;23420
500;60;2;InsertionSort;66140;22042;0;22540
500;60;2;BubbleSort;294694;104247;21550;168391
500;60;2;MergeSort;8976;3077;0;64350
500;60;2;CountingSort;1501;0;0;18570
500;60;2;QuickSort;20798;8360;3820;24531
500;60;2;InsertionSort;68261;22753;0;14200
500;60;2;BubbleSort;295048;103014;22255;173000
500;60;2;MergeSort;8976;3056;0;63700
500;60;2;CountingSort;1501;0;0;14600
500;60;2;QuickSort;16141;6829;2767;24070
500;60;2;InsertionSort;71468;23820;0;20420
500;60;2;BubbleSort;298490;102595;23325;151531
500;60;2;MergeSort;8976;3055;0;42891
500;60;2;CountingSort;1501;0;0;13800
500;60;2;QuickSort;15911;6863;2682;19600
500;60;2;InsertionSort;70699;23563;0;26940
500;60;2;BubbleSort;290926;99325;23069;175601
500;60;2;MergeSort;8976;3067;0;67400
500;60;2;CountingSort;1501;0;0;14051
500;60;2;QuickSort;16272;6738;2849;22640
500;60;2;InsertionSort;69779;23257;0;20040
500;60;2;BubbleSort;299136;104044;22762;151380
500;60;2;MergeSort;8976;3063;0;55090
500;60;2;CountingSort;1501;0;0;13430
500;60;2;QuickSort;15786;6507;2762;23620
500;60;2;InsertionSort;64363;21451;0;21380
500;60;2;BubbleSort;281116;98644;20957;168171
500;60;2;MergeSort;8976;3056;0;63590
500;60;2;CountingSort;1501;0;0;16490
500;60;2;QuickSort;17671;7402;3086;22720
500;60;2;InsertionSort;68145;22711;0;18730
500;60;2;BubbleSort;288866;99997;22218;177140
500;60;2;MergeSort;8976;3070;0;76470
500;60;2;CountingSort;1501;0;0;14860
500;60;2;QuickSort;17527;7447;3028;30820
500;60;2;InsertionSort;69552;23182;0;20031
500;60;2;BubbleSort;298014;103635;22686;152640
500;60;2;MergeSort;8976;3066;0;57840
500;60;2;CountingSort;1501;0;0;15700
500;60;2;QuickSort;18918;7800;3369;26180
500;60;2;InsertionSort;67100;22362;0;14350
500;60;2;BubbleSort;297180;104850;21870;185261
500;60;2;MergeSort;8976;3060;0;61050
500;60;2;CountingSort;1501;0;0;7540
500;60;2;QuickSort;18246;7554;3229;19910
500;60;2;InsertionSort;76507;25499;0;20720
500;60;2;BubbleSort;299120;99550;25005;173040
500;60;2;MergeSort;8976;3061;0;43650
500;60;2;CountingSort;1501;0;0;6200
500;60;2;QuickSort;17099;6959;3048;18330
500;60;2;InsertionSort;71757;23911;0;19190
500;60;2;BubbleSort;298040;102172;23424;167721
500;60;2;MergeSort;8976;3059;0;64930
500;60;2;CountingSort;1501;0;0;4720
500;60;2;QuickSort;16787;6773;3008;23210
500;60;2;InsertionSort;69610;23200;0;15800
500;60;2;BubbleSort;298504;103840;22706;116950
500;60;2;MergeSort;8976;3068;0;47470
500;60;2;CountingSort;1501;0;0;4500
500;60;2;QuickSort;17677;7768;2966;28290
500;60;2;InsertionSort;71101;23697;0;17600
500;60;2;BubbleSort;294132;100660;23203;110290
500;60;2;MergeSort;8976;3046;0;59980
500;60;2;CountingSort;1501;0;0;5800
500;60;2;QuickSort;16439;6944;2831;18980
500;60;2;InsertionSort;69275;23087;0;18010
500;60;2;BubbleSort;292574;101097;22595;118821
500;60;2;MergeSort;8976;3063;0;37550
500;60;2;CountingSort;1501;0;0;4230
500;60;2;QuickSort;22240;9061;4058;30370
500;60;2;InsertionSort;64851;21613;0;20890
500;60;2;BubbleSort;286238;100879;21120;103460
500;60;2;MergeSort;8976;3042;0;41470
500;60;2;CountingSort;1501;0;0;5950
500;60;2;QuickSort;17549;7142;3130;19390
500;60;2;InsertionSort;66794;22262;0;11410
500;60;2;BubbleSort;289696;101314;21767;144640
500;60;2;MergeSort;8976;3044;0;44690
500;60;2;CountingSort;1501;0;0;6770
500;60;2;QuickSort;17353;7114;3084;21270
500;60;2;InsertionSort;69073;23019;0;20190
500;60;2;BubbleSort;286482;98185;22528;157720
500;60;2;MergeSort;8976;3066;0;96010
500;60;2;CountingSort;1501;0;0;7430
500;60;2;QuickSort;18004;7174;3279;20000
500;60;2;InsertionSort;71504;23830;0;11810
500;60;2;BubbleSort;299796;103222;23338;91241
500;60;2;MergeSort;8976;3068;0;54021
500;60;2;CountingSort;1501;0;0;5090
500;60;2;QuickSort;17466;7194;3089;19540
500;60;2;InsertionSort;68237;22743;0;16570
500;60;2;BubbleSort;294182;102595;22248;138510
500;60;2;MergeSort;8976;3050;0;49210
500;60;2;CountingSort;1501;0;0;4150
500;60;2;QuickSort;16708;6979;2906;23290
500;60;2;InsertionSort;70237;23409;0;17850
500;60;2;BubbleSort;292098;100219;22915;145650
500;60;2;MergeSort;8976;3066;0;55650
500;60;2;CountingSort;1501;0;0;5200
500;60;2;QuickSort;17314;7048;3079;19120
500;60;2;InsertionSort;69988;23326;0;17870
500;60;2;BubbleSort;295246;101959;22832;178571
500;60;2;MergeSort;8976;3073;0;63701
500;60;2;CountingSort;1501;0;0;7130
500;60;2;QuickSort;20927;8435;3822;19160
500;60;2;InsertionSort;70646;23546;0;17490
500;60;2;BubbleSort;294398;101097;23051;148990
500;60;2;MergeSort;8976;3071;0;48610
500;60;2;CountingSort;1501;0;0;7190
500;60;2;QuickSort;17281;7036;3081;19000
500;60;2;InsertionSort;67703;22563;0;17580
500;60;2;BubbleSort;293894;102805;22071;139670
500;60;2;MergeSort;8976;3064;0;74810
500;60;2;CountingSort;1501;0;0;4360
500;60;2;QuickSort;16317;6843;2820;24770
500;60;2;InsertionSort;67097;22363;0;12170
500;60;2;BubbleSort;290100;101314;21868;123990
500;60;2;MergeSort;8976;3071;0;50260
500;60;2;CountingSort;1501;0;0;7220
500;60;2;QuickSort;16681;6736;2987;29130
500;60;2;InsertionSort;68780;22924;0;14550
500;60;2;BubbleSort;295744;103014;22429;176641
500;60;2;MergeSort;8976;3052;0;66561
500;60;2;CountingSort;1501;0;0;4971
500;60;2;QuickSort;16390;6631;2917;27210
500;60;2;InsertionSort;67171;22387;0;17470
500;60;2;BubbleSort;293182;102805;21893;146210
500;60;2;MergeSort;8976;3064;0;78040
500;60;2;CountingSort;1501;0;0;4850
500;60;2;QuickSort;20787;8478;3771;28020
500;60;2;InsertionSort;68405;22799;0;17630
500;60;2;BubbleSort;286504;98644;22304;83710
500;60;2;MergeSort;8976;3060;0;64580
500;60;2;CountingSort;1501;0;0;6220
500;60;2;QuickSort;16332;6795;2846;19040
500;60;2;InsertionSort;69380;23124;0;34650
500;60;2;BubbleSort;294006;101745;22629;162341
500;60;2;MergeSort;8976;3047;0;67131
500;60;2;CountingSort;1501;0;0;6560
500;60;2;QuickSort;18291;7269;3332;20020
500;60;2;InsertionSort;66885;22293;0;13800
500;60;2;BubbleSort;294046;103429;21797;131550
500;60;2;MergeSort;8976;3064;0;43150
500;60;2;CountingSort;1501;0;0;6200
500;60;2;QuickSort;15566;6323;2744;22680
500;60;2;InsertionSort;66906;22300;0;11120
500;60;2;BubbleSort;279834;96309;21804;171260
500;60;2;MergeSort;8976;3066;0;56780
500;60;2;CountingSort;1501;0;0;4230
500;60;2;QuickSort;18691;7684;3333;25670
500;60;2;InsertionSort;64319;21437;0;13060
500;60;2;BubbleSort;277808;97020;20942;140731
500;60;2;MergeSort;8976;3066;0;52471
500;60;2;CountingSort;1501;0;0;5860
500;60;2;QuickSort;19335;8118;3408;26150
500;60;2;InsertionSort;71780;23922;0;18740
500;60;2;BubbleSort;295040;100660;23430;168451
500;60;2;MergeSort;8976;3068;0;55940
500;60;2;CountingSort;1501;0;0;4910
500;60;2;QuickSort;19724;8489;3411;24800
500;60;2;InsertionSort;67844;22612;0;20510
500;60;2;BubbleSort;285298;98415;22117;98030
500;60;2;MergeSort;8976;3066;0;41940
500;60;2;CountingSort;1501;0;0;4900
500;60;2;QuickSort;16798;6856;2982;23160
500;60;2;InsertionSort;69707;23235;0;19580
500;60;2;BubbleSort;294008;101530;22737;113710
500;60;2;MergeSort;8976;3062;0;51650
500;60;2;CountingSort;1501;0;0;6230
500;60;2;QuickSort;18919;7927;3321;31200
500;60;2;InsertionSort;68426;22808;0;31270
500;60;2;BubbleSort;286984;98872;22310;110271
500;60;2;MergeSort;8976;3075;0;39360
500;60;2;CountingSort;1501;0;0;7420
500;60;2;QuickSort;18381;7578;3279;31860
500;60;2;InsertionSort;65457;21817;0;18480
500;60;2;BubbleSort;278378;96547;21321;103411
500;60;2;MergeSort;8976;3060;0;50890
500;60;2;CountingSort;1501;0;0;8020
500;60;2;QuickSort;17515;7294;3069;23051
500;60;2;InsertionSort;68600;22860;0;17160
500;60;2;BubbleSort;285854;98185;22371;135100
500;60;2;MergeSort;8976;3060;0;53410
500;60;2;CountingSort;1501;0;0;5050
500;60;2;QuickSort;17036;6986;3013;22910
500;60;2;InsertionSort;68294;22764;0;16400
500;60;2;BubbleSort;295508;103222;22266;179361
500;60;2;MergeSort;8976;3051;0;83650
500;60;2;CountingSort;1501;0;0;7420
500;60;2;QuickSort;15593;6461;2721;17590
500;60;2;InsertionSort;64022;21338;0;18140
500;60;2;BubbleSort;280202;98415;20843;90021
500;60;2;MergeSort;8976;3050;0;50551
500;60;2;CountingSort;1501;0;0;4710
500;60;2;QuickSort;15734;6521;2737;26500
500;60;2;InsertionSort;67952;22646;0;20240
500;60;2;BubbleSort;283594;97489;22154;189421
500;60;2;MergeSort;8976;3078;0;67000
500;60;2;CountingSort;1501;0;0;5920
500;60;2;QuickSort;19331;8267;3357;26460
500;60;2;InsertionSort;69856;23282;0;15700
500;60;2;BubbleSort;292032;100440;22788;90480
500;60;2;MergeSort;8976;3071;0;42940
500;60;2;CountingSort;1501;0;0;5090
500;60;2;QuickSort;17426;7112;3105;18610
500;60;2;InsertionSort;70798;23596;0;19640
500;60;2;BubbleSort;292846;100219;23102;131911
500;60;2;MergeSort;8976;3060;0;53280
500;60;2;CountingSort;1501;0;0;6680
500;60;2;QuickSort;15952;6637;2768;18880
500;60;2;InsertionSort;67276;22420;0;20010
500;60;2;BubbleSort;296210;104247;21929;103670
500;60;2;MergeSort;8976;3061;0;49500
500;60;2;CountingSort;1501;0;0;8150
500;60;2;QuickSort;17497;7255;3079;22600
500;60;2;InsertionSort;66579;22189;0;18800
500;60;2;BubbleSort;288978;101097;21696;167560
500;60;2;MergeSort;8976;3072;0;51940
500;60;3;CountingSort;1501;0;0;84180
500;60;3;QuickSort;15792;6672;2702;687352
500;60;3;InsertionSort;69084;23028;0;2202736
500;60;3;BubbleSort;294884;102384;22529;5572085
500;60;3;MergeSort;8976;3189;0;801672
500;60;3;CountingSort;1501;0;0;58301
500;60;3;QuickSort;17649;7296;3112;114431
500;60;3;InsertionSort;67959;22653;0;1561994
500;60;3;BubbleSort;285446;98415;22154;1471944
500;60;3;MergeSort;8976;3164;0;118470
500;60;3;CountingSort;1501;0;0;55310
500;60;3;QuickSort;17657;7187;3162;75121
500;60;3;InsertionSort;69261;23087;0;1597045
500;60;3;BubbleSort;296796;103222;22588;1562424
500;60;3;MergeSort;8976;3171;0;145580
500;60;3;CountingSort;1501;0;0;61280
500;60;3;QuickSort;16537;6841;2904;92150
500;60;3;InsertionSort;68580;22860;0;215911
500;60;3;BubbleSort;287188;98872;22361;272651
500;60;3;MergeSort;8976;3166;0;100550
500;60;3;CountingSort;1501;0;0;52590
500;60;3;QuickSort;19718;8033;3564;54711
500;60;3;InsertionSort;70401;23467;0;209680
500;60;3;BubbleSort;290070;99099;22968;328481
500;60;3;MergeSort;8976;3146;0;131201
500;60;3;CountingSort;1501;0;0;58580
500;60;3;QuickSort;19084;7771;3441;81601
500;60;3;InsertionSort;67161;22387;0;576802
500;60;3;BubbleSort;293580;103014;21888;658051
500;60;3;MergeSort;8976;3167;0;150460
500;60;3;CountingSort;1501;0;0;62180
500;60;3;QuickSort;19243;7852;3468;66360
500;60;3;InsertionSort;70104;23368;0;194220
500;60;3;BubbleSort;294104;101314;22869;107650
500;60;3;MergeSort;8976;3167;0;89321
500;60;3;CountingSort;1501;0;0;50320
500;60;3;QuickSort;16308;6843;2818;60080
500;60;3;InsertionSort;68058;22686;0;338131
500;60;3;BubbleSort;288742;99997;22187;171121
500;60;3;MergeSort;8976;3164;0;163501
500;60;3;CountingSort;1501;0;0;67910
500;60;3;QuickSort;17269;7084;3068;49740
500;60;3;InsertionSort;69138;23046;0;453971
500;60;3;BubbleSort;296632;103222;22547;423301
500;60;3;MergeSort;8976;3147;0;115800
500;60;3;CountingSort;1501;0;0;75370
500;60;3;QuickSort;21012;8556;3810;109230
500;60;3;InsertionSort;66894;22298;0;208600
500;60;3;BubbleSort;287634;100219;21799;226191
500;60;3;MergeSort;8976;3156;0;164011
500;60;3;CountingSort;1501;0;0;77050
500;60;3;QuickSort;20324;8150;3725;74250
500;60;3;InsertionSort;69966;23322;0;421041
500;60;3;BubbleSort;292612;100660;22823;396741
500;60;3;MergeSort;8976;3163;0;185761
500;60;3;CountingSort;1501;0;0;64070
500;60;3;QuickSort;16903;7297;2869;73280
500;60;3;InsertionSort;77049;25683;0;226900
500;60;3;BubbleSort;299386;99325;25184;132990
500;60;3;MergeSort;8976;3163;0;71010
500;60;3;CountingSort;1501;0;0;60010
500;60;3;QuickSort;17352;7011;3119;412231
500;60;3;InsertionSort;64674;21558;0;200790
500;60;3;BubbleSort;285994;100879;21059;236721
500;60;3;MergeSort;8976;3181;0;188741
500;60;3;CountingSort;1501;0;0;56020
500;60;3;QuickSort;18680;7511;3393;441142
500;60;3;InsertionSort;67053;22351;0;381051
500;60;3;BubbleSort;283778;98185;21852;400452
500;60;3;MergeSort;8976;3178;0;207210
500;60;3;CountingSort;1501;0;0;55230
500;60;3;QuickSort;19675;8308;3459;383571
500;60;3;InsertionSort;67854;22618;0;138580
500;60;3;BubbleSort;287126;99325;22119;145881
500;60;3;MergeSort;8976;3162;0;144201
500;60;3;CountingSort;1501;0;0;59890
500;60;3;QuickSort;18542;7445;3365;387621
500;60;3;InsertionSort;65379;21793;0;128841
500;60;3;BubbleSort;276354;95589;21294;150690
500;60;3;MergeSort;8976;3154;0;134630
500;60;3;CountingSort;1501;0;0;61190
500;60;3;QuickSort;16417;6505;2963;444482
500;60;3;InsertionSort;72210;24070;0;203881
500;60;3;BubbleSort;296042;100879;23571;333631
500;60;3;MergeSort;8976;3161;0;243630
500;60;3;CountingSort;1501;0;0;63520
500;60;3;QuickSort;16234;6805;2805;58470
500;60;3;InsertionSort;72918;24306;0;132391
500;60;3;BubbleSort;297856;101314;23807;147041
500;60;3;MergeSort;8976;3183;0;93531
500;60;3;CountingSort;1501;0;0;62400
500;60;3;QuickSort;17789;7538;3087;41810
500;60;3;InsertionSort;68373;22791;0;133890
500;60;3;BubbleSort;297256;104044;22292;214771
500;60;3;MergeSort;8976;3175;0;165601
500;60;3;CountingSort;1501;0;0;58170
500;60;3;QuickSort;16590;6837;2922;23570
500;60;3;InsertionSort;70860;23620;0;167480
500;60;3;BubbleSort;288854;98185;23121;297511
500;60;3;MergeSort;8976;3175;0;161731
500;60;3;CountingSort;1501;0;0;46790
500;60;3;QuickSort;17401;7066;3104;26940
500;60;3;InsertionSort;74082;24694;0;131591
500;60;3;BubbleSort;298974;101097;24195;148811
500;60;3;MergeSort;8976;3199;0;71721
500;60;3;CountingSort;1501;0;0;65840
500;60;3;QuickSort;18478;7309;3392;35540
500;60;3;InsertionSort;72579;24193;0;34670
500;60;3;BubbleSort;302456;103840;23694;287881
500;60;3;MergeSort;8976;3166;0;215651
500;60;3;CountingSort;1501;0;0;47380
500;60;3;QuickSort;17289;7113;3063;24591
500;60;3;InsertionSort;65943;21981;0;21250
500;60;3;BubbleSort;278068;96070;21482;1301294
500;60;3;MergeSort;8976;3155;0;1246144
500;60;3;CountingSort;1501;0;0;44410
500;60;3;QuickSort;16113;6657;2823;18500
500;60;3;InsertionSort;68592;22864;0;24210
500;60;3;BubbleSort;293804;102172;22365;145461
500;60;3;MergeSort;8976;3166;0;59691
500;60;3;CountingSort;1501;0;0;72401
500;60;3;QuickSort;17639;7367;3094;42821
500;60;3;InsertionSort;68811;22937;0;21540
500;60;3;BubbleSort;286122;98185;22438;129370
500;60;3;MergeSort;8976;3160;0;44970
500;60;3;CountingSort;1501;0;0;53520
500;60;3;QuickSort;18968;7700;3422;21690
500;60;3;InsertionSort;67278;22426;0;19970
500;60;3;BubbleSort;292476;102384;21927;143141
500;60;3;MergeSort;8976;3173;0;65551
500;60;3;CountingSort;1501;0;0;74290
500;60;3;QuickSort;17733;7176;3189;29730
500;60;3;InsertionSort;66420;22140;0;11940
500;60;3;BubbleSort;288322;100879;21641;170721
500;60;3;MergeSort;8976;3164;0;46830
500;60;3;CountingSort;1501;0;0;59660
500;60;3;QuickSort;17662;7204;3153;30020
500;60;3;InsertionSort;74274;24758;0;25120
500;60;3;BubbleSort;292480;97722;24259;118290
500;60;3;MergeSort;8976;3174;0;47170
500;60;3;CountingSort;1501;0;0;68041
500;60;3;QuickSort;17727;7299;3143;23980
500;60;3;InsertionSort;71076;23692;0;18810
500;60;3;BubbleSort;299216;103222;23193;228580
500;60;3;MergeSort;8976;3165;0;70790
500;60;3;CountingSort;1501;0;0;83311
500;60;3;QuickSort;17237;7028;3066;26820
500;60;3;InsertionSort;65286;21762;0;18260
500;60;3;BubbleSort;283702;99325;21263;196450
500;60;3;MergeSort;8976;3176;0;58870
500;60;3;CountingSort;1501;0;0;73100
500;60;3;QuickSort;16889;7190;2894;34420
500;60;3;InsertionSort;66771;22257;0;18680
500;60;3;BubbleSort;290522;101745;21758;235221
500;60;3;MergeSort;8976;3165;0;70861
500;60;3;CountingSort;1501;0;0;62050
500;60;3;QuickSort;18673;7501;3390;24940
500;60;3;InsertionSort;68247;22749;0;21510
500;60;3;BubbleSort;290320;100660;22250;129551
500;60;3;MergeSort;8976;3184;0;29781
500;60;3;CountingSort;1501;0;0;75850
500;60;3;QuickSort;14975;6293;2567;21770
500;60;3;InsertionSort;69294;23098;0;22080
500;60;3;BubbleSort;284906;97255;22599;145640
500;60;3;MergeSort;8976;3174;0;53320
500;60;3;CountingSort;1501;0;0;24990
500;60;3;QuickSort;18932;7679;3411;25640
500;60;3;InsertionSort;65079;21693;0;18410
500;60;3;BubbleSort;278344;96784;21194;165211
500;60;3;MergeSort;8976;3169;0;57931
500;60;3;CountingSort;1501;0;0;19920
500;60;3;QuickSort;15779;6590;2734;23420
500;60;3;InsertionSort;71304;23768;0;18840
500;60;3;BubbleSort;294834;100879;23269;178641
500;60;3;MergeSort;8976;3175;0;45850
500;60;3;CountingSort;1501;0;0;24220
500;60;3;QuickSort;16858;7036;2940;17510
500;60;3;InsertionSort;67917;22639;0;17830
500;60;3;BubbleSort;293750;102595;22140;146280
500;60;3;MergeSort;8976;3154;0;75800
500;60;3;CountingSort;1501;0;0;20750
500;60;3;QuickSort;15656;6722;2646;22830
500;60;3;InsertionSort;69018;23006;0;21470
500;60;3;BubbleSort;293946;101959;22507;149800
500;60;3;MergeSort;8976;3159;0;59770
500;60;3;CountingSort;1501;0;0;11390
500;60;3;QuickSort;23414;9386;4340;20710
500;60;3;InsertionSort;67821;22607;0;18510
500;60;3;BubbleSort;295702;103635;22108;113020
500;60;3;MergeSort;8976;3169;0;53960
500;60;3;CountingSort;1501;0;0;19470
500;60;3;QuickSort;15145;6445;2566;26110
500;60;3;InsertionSort;72756;24252;0;22241
500;60;3;BubbleSort;297640;101314;23753;195270
500;60;3;MergeSort;8976;3189;0;58860
500;60;3;CountingSort;1501;0;0;16080
500;60;3;QuickSort;19036;7672;3462;27691
500;60;3;InsertionSort;68247;22749;0;19670
500;60;3;BubbleSort;293768;102384;22250;141510
500;60;3;MergeSort;8976;3159;0;45300
500;60;3;CountingSort;1501;0;0;11500
500;60;3;QuickSort;21070;8518;3855;18690
500;60;3;InsertionSort;70392;23464;0;21880
500;60;3;BubbleSort;292740;100440;22965;114311
500;60;3;MergeSort;8976;3163;0;47460
500;60;3;CountingSort;1501;0;0;10120
500;60;3;QuickSort;16049;6752;2766;16930
500;60;3;InsertionSort;67569;22523;0;20010
500;60;3;BubbleSort;287644;99774;22024;94510
500;60;3;MergeSort;8976;3168;0;39730
500;60;3;CountingSort;1501;0;0;10240
500;60;3;QuickSort;16528;6874;2881;16720
500;60;3;InsertionSort;73227;24409;0;22560
500;60;3;BubbleSort;304134;104247;23910;120990
500;60;3;MergeSort;8976;3156;0;48350
500;60;3;CountingSort;1501;0;0;10540
500;60;3;QuickSort;18026;7565;3149;38160
500;60;3;InsertionSort;65847;21949;0;12660
500;60;3;BubbleSort;287120;100660;21450;124181
500;60;3;MergeSort;8976;3166;0;56520
500;60;3;CountingSort;1501;0;0;11570
500;60;3;QuickSort;18256;7633;3205;19940
500;60;3;InsertionSort;67035;22345;0;12260
500;60;3;BubbleSort;289578;101097;21846;107930
500;60;3;MergeSort;8976;3175;0;44610
500;60;3;CountingSort;1501;0;0;11320
500;60;3;QuickSort;19586;7994;3529;19170
500;60;3;InsertionSort;67635;22545;0;11810
500;60;3;BubbleSort;295042;103429;22046;129220
500;60;3;MergeSort;8976;3174;0;51270
500;60;3;CountingSort;1501;0;0;12150
500;60;3;QuickSort;16721;7124;2866;27210
500;60;3;InsertionSort;70392;23464;0;17560
500;60;3;BubbleSort;286838;97489;22965;161581
500;60;3;MergeSort;8976;3175;0;67350
500;60;3;CountingSort;1501;0;0;10830
500;60;3;QuickSort;17141;7073;3028;18840
500;60;3;InsertionSort;67110;22370;0;17100
500;60;3;BubbleSort;283854;98185;21871;95760
500;60;3;MergeSort;8976;3160;0;44510
500;60;3;CountingSort;1501;0;0;16970
500;60;3;QuickSort;17189;6965;3077;19420
500;60;3;InsertionSort;67125;22375;0;78230
500;60;3;BubbleSort;284334;98415;21876;173460
500;60;3;MergeSort;8976;3158;0;56120
500;60;3;CountingSort;1501;0;0;11170
500;60;3;QuickSort;18573;7692;3295;23830
500;60;3;InsertionSort;67209;22403;0;22050
500;60;3;BubbleSort;295704;104044;21904;131291
500;60;3;MergeSort;8976;3173;0;43881
500;60;3;CountingSort;1501;0;0;21550
500;60;3;QuickSort;19166;7751;3477;26440
500;60;3;InsertionSort;72261;24087;0;19900
500;60;3;BubbleSort;295672;100660;23588;82060
500;60;3;MergeSort;8976;3160;0;57370
500;60;3;CountingSort;1501;0;0;13890
500;60;3;QuickSort;15796;6484;2770;24740
500;60;3;InsertionSort;67185;22395;0;15480
500;60;3;BubbleSort;282094;97255;21896;163271
500;60;3;MergeSort;8976;3153;0;69061
500;60;3;CountingSort;1501;0;0;12180
500;60;3;QuickSort;17652;7827;2947;25230
500;60;3;InsertionSort;71097;23699;0;16920
500;60;3;BubbleSort;295860;101530;23200;145430
500;60;3;MergeSort;8976;3157;0;44410
500;60;3;CountingSort;1501;0;0;12760
500;60;3;QuickSort;17011;6904;3035;23440
500;60;3;InsertionSort;67803;22601;0;17530
500;60;3;BubbleSort;296496;104044;22102;163700
500;60;3;MergeSort;8976;3162;0;50890
500;60;3;CountingSort;1501;0;0;11270
500;60;3;QuickSort;16713;6891;2945;19430
500;60;3;InsertionSort;72759;24253;0;19080
500;60;3;BubbleSort;296774;100879;23754;145520
500;60;3;MergeSort;8976;3171;0;57080
500;60;3;CountingSort;1501;0;0;28060
500;60;3;QuickSort;18440;7673;3250;18610
500;60;3;InsertionSort;64764;21588;0;17630
500;60;3;BubbleSort;274564;95104;21089;78320
500;60;3;MergeSort;8976;3159;0;51000
500;60;3;CountingSort;1501;0;0;25370
500;60;3;QuickSort;17144;6995;3046;23390
500;60;3;InsertionSort;66129;22043;0;14950
500;60;3;BubbleSort;289666;101745;21544;185851
500;60;3;MergeSort;8976;3175;0;76820
500;60;3;CountingSort;1501;0;0;11541
500;60;3;QuickSort;16537;6943;2872;17930
500;60;3;InsertionSort;66828;22276;0;17650
500;60;3;BubbleSort;289736;101314;21777;87330
500;60;3;MergeSort;8976;3158;0;45920
500;60;3;CountingSort;1501;0;0;11950
500;60;3;QuickSort;16004;6599;2805;17670
500;60;3;InsertionSort;71769;23923;0;14390
500;60;3;BubbleSort;292346;99325;23424;97001
500;60;3;MergeSort;8976;3171;0;43401
500;60;3;CountingSort;1501;0;0;11120
500;60;3;QuickSort;17501;7046;3147;24910
500;60;3;InsertionSort;71313;23771;0;19471
500;60;3;BubbleSort;294846;100879;23272;129870
500;60;3;MergeSort;8976;3186;0;55880
500;60;3;CountingSort;1501;0;0;14640
500;60;3;QuickSort;17978;7385;3199;26150
500;60;3;InsertionSort;69963;23321;0;17870
500;60;3;BubbleSort;293046;100879;22822;149521
500;60;3;MergeSort;8976;3193;0;43570
500;60;3;CountingSort;1501;0;0;10880
500;60;3;QuickSort;16227;6897;2775;24930
500;60;3;InsertionSort;66549;22183;0;23380
500;60;3;BubbleSort;288930;101097;21684;167010
500;60;3;MergeSort;8976;3153;0;47590
500;60;3;CountingSort;1501;0;0;10600
500;60;3;QuickSort;20109;8166;3648;24310
500;60;3;InsertionSort;68529;22843;0;22220
500;60;3;BubbleSort;292866;101745;22344;172871
500;60;3;MergeSort;8976;3151;0;56550
500;60;3;CountingSort;1501;0;0;13150
500;60;3;QuickSort;17171;7211;2987;24830
500;60;3;InsertionSort;68757;22919;0;19390
500;60;3;BubbleSort;298174;104247;22420;146090
500;60;3;MergeSort;8976;3172;0;66330
500;60;3;CountingSort;1501;0;0;15740
500;60;3;QuickSort;18517;7663;3288;20271
500;60;3;InsertionSort;68841;22947;0;19320
500;60;3;BubbleSort;291112;100660;22448;149640
500;60;3;MergeSort;8976;3177;0;60501
500;60;3;CountingSort;1501;0;0;11580
500;60;3;QuickSort;17245;7099;3053;19670
500;60;3;InsertionSort;71787;23929;0;166160
500;60;3;BubbleSort;287288;96784;23430;224860
500;60;3;MergeSort;8976;3171;0;44420
500;60;3;CountingSort;1501;0;0;10630
500;60;3;QuickSort;16216;6712;2829;18950
500;60;3;InsertionSort;67665;22555;0;18240
500;60;3;BubbleSort;285054;98415;22056;107371
500;60;3;MergeSort;8976;3139;0;41481
500;60;3;CountingSort;1501;0;0;11780
500;60;3;QuickSort;17987;7361;3211;20010
500;60;3;InsertionSort;71133;23711;0;16961
500;60;3;BubbleSort;296766;101959;23212;157500
500;60;3;MergeSort;8976;3171;0;68120
500;60;3;CountingSort;1501;0;0;9700
500;60;3;QuickSort;19050;7530;3498;28980
500;60;3;InsertionSort;62772;20924;0;29780
500;60;3;BubbleSort;277608;97954;20425;107550
500;60;3;MergeSort;8976;3184;0;66750
500;60;3;CountingSort;1501;0;0;11580
500;60;3;QuickSort;18551;7694;3291;19710
500;60;3;InsertionSort;64812;21604;0;55701
500;60;3;BubbleSort;282164;98872;21105;195590
500;60;3;MergeSort;8976;3190;0;85860
500;60;3;CountingSort;1501;0;0;11750
500;60;3;QuickSort;18883;7822;3355;23590
500;60;3;InsertionSort;71298;23766;0;19000
500;60;3;BubbleSort;301156;104044;23267;100850
500;60;3;MergeSort;8976;3185;0;43670
500;60;3;CountingSort;1501;0;0;17980
500;60;3;QuickSort;19277;8132;3370;21600
500;60;3;InsertionSort;68655;22885;0;12200
500;60;3;BubbleSort;295572;103014;22386;119610
500;60;3;MergeSort;8976;3157;0;113470
500;60;3;CountingSort;1501;0;0;10550
500;60;3;QuickSort;20456;8207;3747;19600
500;60;3;InsertionSort;69897;23299;0;21350
500;60;3;BubbleSort;286178;97489;22800;142051
500;60;3;MergeSort;8976;3168;0;38600
500;60;3;CountingSort;1501;0;0;11610
500;60;3;QuickSort;18390;7464;3309;18770
500;60;3;InsertionSort;70545;23515;0;18060
500;60;3;BubbleSort;296408;102172;23016;111341
500;60;3;MergeSort;8976;3190;0;38810
500;60;3;CountingSort;1501;0;0;10700
500;60;3;QuickSort;18462;7554;3300;18450
500;60;3;InsertionSort;67338;22446;0;17910
500;60;3;BubbleSort;287782;99997;21947;176370
500;60;3;MergeSort;8976;3190;0;72790
500;60;3;CountingSort;1501;0;0;15280
500;60;3;QuickSort;16451;6692;2918;40310
500;60;3;InsertionSort;72402;24134;0;17031
500;60;3;BubbleSort;291828;98644;23635;125630
500;60;3;MergeSort;8976;3184;0;111530
500;60;3;CountingSort;1501;0;0;11810
500;60;3;QuickSort;15352;6445;2624;29260
500;60;3;InsertionSort;72138;24046;0;22341
500;60;3;BubbleSort;292386;99099;23547;151450
500;60;3;MergeSort;8976;3161;0;56440
500;60;3;CountingSort;1501;0;0;30740
500;60;3;QuickSort;19426;7966;3488;42820
500;60;3;InsertionSort;69489;23163;0;18530
500;60;3;BubbleSort;297514;103429;22664;100901
500;60;3;MergeSort;8976;3181;0;62090
500;60;3;CountingSort;1501;0;0;12550
500;60;3;QuickSort;17445;6996;3142;25880
500;60;3;InsertionSort;65658;21886;0;23160
500;60;3;BubbleSort;285096;99774;21387;140120
500;60;3;MergeSort;8976;3174;0;57930
500;60;3;CountingSort;1501;0;0;10860
500;60;3;QuickSort;16564;6910;2885;24200
500;60;3;InsertionSort;67884;22628;0;17510
500;60;3;BubbleSort;275766;93625;22129;86080
500;60;3;MergeSort;8976;3170;0;42380
500;60;3;CountingSort;1501;0;0;11500
500;60;3;QuickSort;20750;8285;3825;25580
500;60;3;InsertionSort;72819;24273;0;15250
500;60;3;BubbleSort;301954;103429;23774;136080
500;60;3;MergeSort;8976;3188;0;93380
500;60;3;CountingSort;1501;0;0;11170
500;60;3;QuickSort;17056;7048;3002;19370
500;60;3;InsertionSort;63708;21236;0;18470
500;60;3;BubbleSort;282496;99774;20737;100921
500;60;3;MergeSort;8976;3170;0;43420
500;60;3;CountingSort;1501;0;0;10810
500;60;3;QuickSort;17432;7424;2996;19410
500;60;3;InsertionSort;70758;23586;0;22310
500;60;3;BubbleSort;294542;101097;23087;125010
500;60;3;MergeSort;8976;3176;0;48940
500;60;3;CountingSort;1501;0;0;18740
500;60;3;QuickSort;18892;7843;3359;19040
500;60;3;InsertionSort;64839;21613;0;14160
500;60;3;BubbleSort;289224;102384;21114;170421
500;60;3;MergeSort;8976;3186;0;78261
500;60;3;CountingSort;1501;0;0;13660
500;60;3;QuickSort;17829;7416;3139;23000
500;60;3;InsertionSort;65949;21983;0;21580
500;60;3;BubbleSort;292380;103222;21484;140681
500;60;3;MergeSort;8976;3175;0;55640
500;60;3;CountingSort;1501;0;0;12940
500;60;3;QuickSort;16288;6862;2803;22890
500;60;3;InsertionSort;68592;22864;0;23290
500;60;3;BubbleSort;289898;100219;22365;128480
500;60;3;MergeSort;8976;3165;0;91460
500;60;3;CountingSort;1501;0;0;13030
500;60;3;QuickSort;19808;8258;3516;24140
500;60;3;InsertionSort;69324;23108;0;17490
500;60;3;BubbleSort;295204;102384;22609;143891
500;60;3;MergeSort;8976;3186;0;48181
500;60;3;CountingSort;1501;0;0;45400
500;60;3;QuickSort;19112;8012;3365;23540
500;60;3;InsertionSort;66984;22328;0;14560
500;60;3;BubbleSort;296616;104650;21829;147270
500;60;3;MergeSort;8976;3159;0;51350
500;60;3;CountingSort;1501;0;0;10080
500;60;3;QuickSort;18757;7810;3315;24380
500;60;3;InsertionSort;74880;24960;0;15650
500;60;3;BubbleSort;299602;100879;24461;184890
500;60;3;MergeSort;8976;3175;0;71610
500;60;3;CountingSort;1501;0;0;11130
500;60;3;QuickSort;17616;7374;3074;23170
500;60;3;InsertionSort;73788;24596;0;23900
500;60;3;BubbleSort;301156;102384;24097;126461
500;60;3;MergeSort;8976;3154;0;94180
500;60;3;CountingSort;1501;0;0;11301
500;60;3;QuickSort;16767;7308;2819;23510
500;60;3;InsertionSort;67470;22490;0;20760
500;60;3;BubbleSort;282474;97255;21991;140900
500;60;3;MergeSort;8976;3187;0;49140
500;60;3;CountingSort;1501;0;0;23320
500;60;3;QuickSort;16347;7110;2746;23440
500;60;3;InsertionSort;70125;23375;0;17910
500;60;3;BubbleSort;299592;104044;22876;150251
500;60;3;MergeSort;8976;3158;0;82301
500;60;3;CountingSort;1501;0;0;10970
500;60;3;QuickSort;15818;6563;2755;22760
500;60;3;InsertionSort;70749;23583;0;20510
500;60;3;BubbleSort;292774;100219;23084;127760
500;60;3;MergeSort;8976;3154;0;57190
500;60;3;CountingSort;1501;0;0;10740
500;60;3;QuickSort;15726;6801;2647;23000
500;60;3;InsertionSort;69588;23196;0;21220
500;60;3;BubbleSort;296816;103014;22697;159650
500;60;3;MergeSort;8976;3146;0;78630
500;60;3;CountingSort;1501;0;0;11080
500;60;3;QuickSort;18330;7602;3247;25320
500;60;3;InsertionSort;69270;23090;0;18430
500;60;3;BubbleSort;289912;99774;22591;138951
500;60;3;MergeSort;8976;3164;0;50070
500;60;3;CountingSort;1501;0;0;13770
500;60;3;QuickSort;17400;6969;3145;22970
500;60;3;InsertionSort;67356;22452;0;16470
500;60;3;BubbleSort;290006;101097;21953;180790
500;60;3;MergeSort;8976;3151;0;77400
500;60;3;CountingSort;1501;0;0;68270
500;60;3;QuickSort;17026;6967;3018;33460
500;60;3;InsertionSort;69234;23078;0;21780
500;60;3;BubbleSort;292074;100879;22579;166211
500;60;3;MergeSort;8976;3166;0;69341
500;60;3;CountingSort;1501;0;0;17020
500;60;3;QuickSort;17672;7280;3126;25540
500;60;3;InsertionSort;68034;22678;0;50640
500;60;3;BubbleSort;294744;103014;22179;170930
500;60;3;MergeSort;8976;3180;0;93460
500;60;3;CountingSort;1501;0;0;21970
500;60;3;QuickSort;17227;7000;3075;24270
500;60;3;InsertionSort;67578;22526;0;11760
500;60;3;BubbleSort;285396;98644;22027;142321
500;60;3;MergeSort;8976;3180;0;41061
500;60;3;CountingSort;1501;0;0;15690
500;60;3;QuickSort;19027;8026;3334;27831
500;60;3;InsertionSort;68457;22819;0;19410
500;60;3;BubbleSort;278510;94615;22320;83290
500;60;3;MergeSort;8976;3181;0;58530
500;60;4;CountingSort;1501;0;0;106600
500;60;4;QuickSort;16730;6773;2983;866603
500;60;4;InsertionSort;61176;20392;0;1880056
500;60;4;BubbleSort;282632;101530;19893;4619813
500;60;4;MergeSort;8976;3275;0;657372
500;60;4;CountingSort;1501;0;0;59110
500;60;4;QuickSort;18993;7617;3458;129850
500;60;4;InsertionSort;63870;21290;0;1642735
500;60;4;BubbleSort;284922;100879;20791;1621625
500;60;4;MergeSort;8976;3283;0;123180
500;60;4;CountingSort;1501;0;0;51811
500;60;4;QuickSort;17189;6851;3120;63740
500;60;4;InsertionSort;68079;22693;0;2117176
500;60;4;BubbleSort;290970;101097;22194;2068856
500;60;4;MergeSort;8976;3284;0;121081
500;60;4;CountingSort;1501;0;0;57770
500;60;4;QuickSort;17091;7077;3006;68770
500;60;4;InsertionSort;68922;22974;0;423231
500;60;4;BubbleSort;295510;102805;22475;681642
500;60;4;MergeSort;8976;3267;0;150850
500;60;4;CountingSort;1501;0;0;59791
500;60;4;QuickSort;16550;6905;2887;81420
500;60;4;InsertionSort;71622;23874;0;281350
500;60;4;BubbleSort;295694;101097;23375;399871
500;60;4;MergeSort;8976;3291;0;151380
500;60;4;CountingSort;1501;0;0;59580
500;60;4;QuickSort;19019;7865;3380;80411
500;60;4;InsertionSort;68085;22695;0;763293
500;60;4;BubbleSort;294812;103014;22196;757072
500;60;4;MergeSort;8976;3267;0;182010
500;60;4;CountingSort;1501;0;0;78320
500;60;4;QuickSort;16567;6688;2965;70950
500;60;4;InsertionSort;67134;22378;0;244021
500;60;4;BubbleSort;289710;101097;21879;106721
500;60;4;MergeSort;8976;3265;0;166000
500;60;4;CountingSort;1501;0;0;58330
500;60;4;QuickSort;17633;7454;3056;93630
500;60;4;InsertionSort;69822;23274;0;374891
500;60;4;BubbleSort;297544;103222;22775;265211
500;60;4;MergeSort;8976;3292;0;180961
500;60;4;CountingSort;1501;0;0;72500
500;60;4;QuickSort;17422;7195;3077;97140
500;60;4;InsertionSort;68871;22957;0;806033
500;60;4;BubbleSort;291590;100879;22458;687452
500;60;4;MergeSort;8976;3277;0;125030
500;60;4;CountingSort;1501;0;0;48180
500;60;4;QuickSort;18043;7186;3290;58550
500;60;4;InsertionSort;73365;24455;0;181621
500;60;4;BubbleSort;295372;99774;23956;195690
500;60;4;MergeSort;8976;3275;0;123810
500;60;4;CountingSort;1501;0;0;60590
500;60;4;QuickSort;17395;7120;3090;62320
500;60;4;InsertionSort;67707;22569;0;350941
500;60;4;BubbleSort;288274;99997;22070;326881
500;60;4;MergeSort;8976;3260;0;183571
500;60;4;CountingSort;1501;0;0;57750
500;60;4;QuickSort;16453;7078;2787;81690
500;60;4;InsertionSort;73119;24373;0;217941
500;60;4;BubbleSort;295044;99774;23874;129791
500;60;4;MergeSort;8976;3270;0;91720
500;60;4;CountingSort;1501;0;0;59790
500;60;4;QuickSort;18773;7709;3355;96980
500;60;4;InsertionSort;71556;23852;0;186281
500;60;4;BubbleSort;297756;102172;23353;296631
500;60;4;MergeSort;8976;3280;0;145031
500;60;4;CountingSort;1501;0;0;48910
500;60;4;QuickSort;17274;7056;3069;101770
500;60;4;InsertionSort;67119;22373;0;287781
500;60;4;BubbleSort;291414;101959;21874;352311
500;60;4;MergeSort;8976;3271;0;194331
500;60;4;CountingSort;1501;0;0;63360
500;60;4;QuickSort;16958;7010;2985;303721
500;60;4;InsertionSort;65847;21949;0;234741
500;60;4;BubbleSort;291410;102805;21450;141820
500;60;4;MergeSort;8976;3292;0;151491
500;60;4;CountingSort;1501;0;0;67720
500;60;4;QuickSort;21265;8527;3915;371971
500;60;4;InsertionSort;67224;22408;0;157230
500;60;4;BubbleSort;287630;99997;21909;203181
500;60;4;MergeSort;8976;3268;0;168871
500;60;4;CountingSort;1501;0;0;73130
500;60;4;QuickSort;14949;6078;2626;289471
500;60;4;InsertionSort;70140;23380;0;178821
500;60;4;BubbleSort;294584;101530;22881;319181
500;60;4;MergeSort;8976;3279;0;195321
500;60;4;CountingSort;1501;0;0;48451
500;60;4;QuickSort;15742;6319;2799;325831
500;60;4;InsertionSort;73695;24565;0;134950
500;60;4;BubbleSort;302292;103014;24066;142470
500;60;4;MergeSort;8976;3267;0;71520
500;60;4;CountingSort;1501;0;0;53570
500;60;4;QuickSort;16937;6953;2994;407272
500;60;4;InsertionSort;71292;23764;0;116571
500;60;4;BubbleSort;300330;103635;23265;279640
500;60;4;MergeSort;8976;3257;0;229860
500;60;4;CountingSort;1501;0;0;67510
500;60;4;QuickSort;16683;7035;2880;436841
500;60;4;InsertionSort;69819;23273;0;282301
500;60;4;BubbleSort;287004;97954;22774;313041
500;60;4;MergeSort;8976;3264;0;143720
500;60;4;CountingSort;1501;0;0;81750
500;60;4;QuickSort;16025;6686;2777;398471
500;60;4;InsertionSort;62622;20874;0;129220
500;60;4;BubbleSort;273160;95830;20375;174080
500;60;4;MergeSort;8976;3270;0;155090
500;60;4;CountingSort;1501;0;0;49601
500;60;4;QuickSort;16209;6732;2816;309680
500;60;4;InsertionSort;68469;22823;0;186410
500;60;4;BubbleSort;298194;104449;22324;320011
500;60;4;MergeSort;8976;3261;0;214991
500;60;4;CountingSort;1501;0;0;51160
500;60;4;QuickSort;16135;7120;2667;1379884
500;60;4;InsertionSort;67335;22445;0;19730
500;60;4;BubbleSort;285982;99099;21946;1218054
500;60;4;MergeSort;8976;3271;0;1146024
500;60;4;CountingSort;1501;0;0;47670
500;60;4;QuickSort;18822;7821;3338;284881
500;60;4;InsertionSort;68463;22821;0;73550
500;60;4;BubbleSort;294056;102384;22322;146261
500;60;4;MergeSort;8976;3284;0;41811
500;60;4;CountingSort;1501;0;0;51120
500;60;4;QuickSort;17805;7305;3168;306781
500;60;4;InsertionSort;61950;20650;0;17930
500;60;4;BubbleSort;286632;103014;20151;89900
500;60;4;MergeSort;8976;3263;0;38800
500;60;4;CountingSort;1501;0;0;62370
500;60;4;QuickSort;17880;7134;3248;329741
500;60;4;InsertionSort;70569;23523;0;17160
500;60;4;BubbleSort;299366;103635;23024;177781
500;60;4;MergeSort;8976;3277;0;75321
500;60;4;CountingSort;1501;0;0;90010
500;60;4;QuickSort;16713;7491;2738;46220
500;60;4;InsertionSort;69069;23023;0;28370
500;60;4;BubbleSort;283190;96547;22524;139611
500;60;4;MergeSort;8976;3268;0;65251
500;60;4;CountingSort;1501;0;0;61880
500;60;4;QuickSort;15766;6580;2724;26080
500;60;4;InsertionSort;69246;23082;0;17430
500;60;4;BubbleSort;296776;103222;22583;165210
500;60;4;MergeSort;8976;3257;0;49860
500;60;4;CountingSort;1501;0;0;101760
500;60;4;QuickSort;15503;6287;2747;22070
500;60;4;InsertionSort;68661;22887;0;13780
500;60;4;BubbleSort;294742;102595;22388;175930
500;60;4;MergeSort;8976;3264;0;66970
500;60;4;CountingSort;1501;0;0;86310
500;60;4;QuickSort;17493;7188;3099;28540
500;60;4;InsertionSort;66741;22247;0;22840
500;60;4;BubbleSort;286540;99774;21748;143671
500;60;4;MergeSort;8976;3250;0;55840
500;60;4;CountingSort;1501;0;0;75220
500;60;4;QuickSort;18429;7506;3307;34650
500;60;4;InsertionSort;67170;22390;0;15640
500;60;4;BubbleSort;294422;103429;21891;167601
500;60;4;MergeSort;8976;3265;0;63421
500;60;4;CountingSort;1501;0;0;73380
500;60;4;QuickSort;16585;6934;2883;19431
500;60;4;InsertionSort;68136;22712;0;17930
500;60;4;BubbleSort;291480;101314;22213;130500
500;60;4;MergeSort;8976;3267;0;55760
500;60;4;CountingSort;1501;0;0;69120
500;60;4;QuickSort;16608;7065;2846;25970
500;60;4;InsertionSort;69831;23277;0;19500
500;60;4;BubbleSort;296302;102595;22778;185921
500;60;4;MergeSort;8976;3265;0;99931
500;60;4;CountingSort;1501;0;0;35330
500;60;4;QuickSort;16804;7234;2861;16960
500;60;4;InsertionSort;68841;22947;0;21170
500;60;4;BubbleSort;290672;100440;22448;121291
500;60;4;MergeSort;8976;3269;0;57160
500;60;4;CountingSort;1501;0;0;31410
500;60;4;QuickSort;17226;7149;3025;25590
500;60;4;InsertionSort;73575;24525;0;22190
500;60;4;BubbleSort;298732;101314;24026;128790
500;60;4;MergeSort;8976;3275;0;63090
500;60;4;CountingSort;1501;0;0;11100
500;60;4;QuickSort;19936;8878;3354;23010
500;60;4;InsertionSort;66441;22147;0;12260
500;60;4;BubbleSort;293036;103222;21648;233520
500;60;4;MergeSort;8976;3278;0;82660
500;60;4;CountingSort;1501;0;0;11770
500;60;4;QuickSort;18134;7214;3302;24370
500;60;4;InsertionSort;70827;23609;0;12570
500;60;4;BubbleSort;300120;103840;23110;149870
500;60;4;MergeSort;8976;3276;0;42540
500;60;4;CountingSort;1501;0;0;10880
500;60;4;QuickSort;16127;6848;2763;24690
500;60;4;InsertionSort;71157;23719;0;26290
500;60;4;BubbleSort;293760;100440;23220;169270
500;60;4;MergeSort;8976;3288;0;61730
500;60;4;CountingSort;1501;0;0;14790
500;60;4;QuickSort;18038;7340;3229;17550
500;60;4;InsertionSort;67722;22574;0;19460
500;60;4;BubbleSort;295980;103840;22075;86411
500;60;4;MergeSort;8976;3270;0;45730
500;60;4;CountingSort;1501;0;0;14850
500;60;4;QuickSort;15055;6316;2575;23230
500;60;4;InsertionSort;73689;24563;0;20470
500;60;4;BubbleSort;290766;97255;24064;147060
500;60;4;MergeSort;8976;3284;0;50080
500;60;4;CountingSort;1501;0;0;10070
500;60;4;QuickSort;17294;7424;2950;39570
500;60;4;InsertionSort;68259;22753;0;19080
500;60;4;BubbleSort;294626;102805;22254;136671
500;60;4;MergeSort;8976;3271;0;57820
500;60;4;CountingSort;1501;0;0;15660
500;60;4;QuickSort;16238;6947;2763;19610
500;60;4;InsertionSort;68844;22948;0;20500
500;60;4;BubbleSort;289790;99997;22449;115010
500;60;4;MergeSort;8976;3269;0;62420
500;60;4;CountingSort;1501;0;0;11590
500;60;4;QuickSort;15913;6721;2737;18440
500;60;4;InsertionSort;71238;23746;0;18330
500;60;4;BubbleSort;292536;99774;23247;87021
500;60;4;MergeSort;8976;3273;0;44911
500;60;4;CountingSort;1501;0;0;11550
500;60;4;QuickSort;16064;6929;2712;19420
500;60;4;InsertionSort;69771;23257;0;12180
500;60;4;BubbleSort;292790;100879;22758;104830
500;60;4;MergeSort;8976;3273;0;62370
500;60;4;CountingSort;1501;0;0;11610
500;60;4;QuickSort;15754;6499;2756;28170
500;60;4;InsertionSort;68631;22877;0;25080
500;60;4;BubbleSort;290832;100660;22378;91931
500;60;4;MergeSort;8976;3258;0;52891
500;60;4;CountingSort;1501;0;0;14340
500;60;4;QuickSort;15517;6493;2673;18900
500;60;4;InsertionSort;64488;21496;0;11541
500;60;4;BubbleSort;281276;98644;20997;86220
500;60;4;MergeSort;8976;3259;0;50710
500;60;4;CountingSort;1501;0;0;16020
500;60;4;QuickSort;17800;7117;3224;18900
500;60;4;InsertionSort;69105;23035;0;15140
500;60;4;BubbleSort;280352;95104;22536;185351
500;60;4;MergeSort;8976;3277;0;87911
500;60;4;CountingSort;1501;0;0;25030
500;60;4;QuickSort;16649;6908;2911;26080
500;60;4;InsertionSort;71637;23879;0;15440
500;60;4;BubbleSort;300790;103635;23380;91281
500;60;4;MergeSort;8976;3277;0;46231
500;60;4;CountingSort;1501;0;0;11350
500;60;4;QuickSort;16535;6791;2915;32800
500;60;4;InsertionSort;69678;23226;0;19590
500;60;4;BubbleSort;292666;100879;22727;134210
500;60;4;MergeSort;8976;3285;0;63880
500;60;4;CountingSort;1501;0;0;10390
500;60;4;QuickSort;16749;6798;2984;20370
500;60;4;InsertionSort;68418;22806;0;18040
500;60;4;BubbleSort;288328;99550;22307;175130
500;60;4;MergeSort;8976;3275;0;64470
500;60;4;CountingSort;1501;0;0;15950
500;60;4;QuickSort;16555;6898;2878;19590
500;60;4;InsertionSort;73962;24654;0;22691
500;60;4;BubbleSort;303890;103635;24155;138590
500;60;4;MergeSort;8976;3284;0;40990
500;60;4;CountingSort;1501;0;0;10900
500;60;4;QuickSort;19504;7924;3528;19471
500;60;4;InsertionSort;72552;24184;0;14710
500;60;4;BubbleSort;301184;103222;23685;116090
500;60;4;MergeSort;8976;3292;0;51600
500;60;4;CountingSort;1501;0;0;23340
500;60;4;QuickSort;17109;7065;3012;24250
500;60;4;InsertionSort;67545;22515;0;14190
500;60;4;BubbleSort;283972;97954;22016;167370
500;60;4;MergeSort;8976;3266;0;81730
500;60;4;CountingSort;1501;0;0;13860
500;60;4;QuickSort;15947;6545;2810;23460
500;60;4;InsertionSort;67572;22524;0;22560
500;60;4;BubbleSort;288980;100440;22025;99221
500;60;4;MergeSort;8976;3289;0;60800
500;60;4;CountingSort;1501;0;0;11270
500;60;4;QuickSort;20286;8313;3651;19390
500;60;4;InsertionSort;68013;22671;0;18270
500;60;4;BubbleSort;284132;97722;22172;130020
500;60;4;MergeSort;8976;3266;0;55920
500;60;4;CountingSort;1501;0;0;16350
500;60;4;QuickSort;15975;6945;2674;19180
500;60;4;InsertionSort;64680;21560;0;82731
500;60;4;BubbleSort;281988;98872;21061;169870
500;60;4;MergeSort;8976;3281;0;72930
500;60;4;CountingSort;1501;0;0;10980
500;60;4;QuickSort;16765;6832;2977;22800
500;60;4;InsertionSort;67731;22577;0;11720
500;60;4;BubbleSort;291372;101530;22078;135641
500;60;4;MergeSort;8976;3277;0;53430
500;60;4;CountingSort;1501;0;0;10930
500;60;4;QuickSort;16810;6823;3004;22291
500;60;4;InsertionSort;65340;21780;0;19750
500;60;4;BubbleSort;281494;98185;21281;158810
500;60;4;MergeSort;8976;3262;0;60300
500;60;4;CountingSort;1501;0;0;10110
500;60;4;QuickSort;16630;6694;2977;22700
500;60;4;InsertionSort;69555;23185;0;18720
500;60;4;BubbleSort;299238;104247;22686;134650
500;60;4;MergeSort;8976;3279;0;75200
500;60;4;CountingSort;1501;0;0;18691
500;60;4;QuickSort;21119;8708;3801;20710
500;60;4;InsertionSort;70395;23465;0;17261
500;60;4;BubbleSort;294058;101097;22966;125810
500;60;4;MergeSort;8976;3279;0;39860
500;60;4;CountingSort;1501;0;0;24450
500;60;4;QuickSort;16116;6660;2814;33170
500;60;4;InsertionSort;66555;22185;0;18540
500;60;4;BubbleSort;291512;102384;21686;142740
500;60;4;MergeSort;8976;3276;0;42490
500;60;4;CountingSort;1501;0;0;11170
500;60;4;QuickSort;17918;7535;3129;25190
500;60;4;InsertionSort;66831;22277;0;16290
500;60;4;BubbleSort;282090;97489;21778;116731
500;60;4;MergeSort;8976;3251;0;59391
500;60;4;CountingSort;1501;0;0;10991
500;60;4;QuickSort;18955;7870;3363;27240
500;60;4;InsertionSort;71112;23704;0;12310
500;60;4;BubbleSort;296310;101745;23205;92520
500;60;4;MergeSort;8976;3262;0;40450
500;60;4;CountingSort;1501;0;0;16000
500;60;4;QuickSort;19029;7590;3474;25290
500;60;4;InsertionSort;71580;23860;0;20480
500;60;4;BubbleSort;292094;99325;23361;157241
500;60;4;MergeSort;8976;3276;0;63951
500;60;4;CountingSort;1501;0;0;14440
500;60;4;QuickSort;19842;7974;3626;25251
500;60;4;InsertionSort;69081;23027;0;17570
500;60;4;BubbleSort;288762;99325;22528;170160
500;60;4;MergeSort;8976;3288;0;71850
500;60;4;CountingSort;1501;0;0;18660
500;60;4;QuickSort;15918;6486;2812;22920
500;60;4;InsertionSort;64422;21474;0;11680
500;60;4;BubbleSort;288668;102384;20975;134931
500;60;4;MergeSort;8976;3287;0;42751
500;60;4;CountingSort;1501;0;0;13571
500;60;4;QuickSort;17809;7201;3202;23650
500;60;4;InsertionSort;69597;23199;0;20220
500;60;4;BubbleSort;294290;101745;22700;173340
500;60;4;MergeSort;8976;3301;0;72250
500;60;4;CountingSort;1501;0;0;21970
500;60;4;QuickSort;16498;6790;2910;21830
500;60;4;InsertionSort;67356;22452;0;20840
500;60;4;BubbleSort;285556;98872;21953;157060
500;60;4;MergeSort;8976;3277;0;39470
500;60;4;CountingSort;1501;0;0;15700
500;60;4;QuickSort;16946;6884;3024;19300
500;60;4;InsertionSort;70359;23453;0;26840
500;60;4;BubbleSort;287724;97954;22954;151261
500;60;4;MergeSort;8976;3284;0;66280
500;60;4;CountingSort;1501;0;0;12250
500;60;4;QuickSort;17452;7156;3099;19070
500;60;4;InsertionSort;71289;23763;0;12480
500;60;4;BubbleSort;292156;99550;23264;92840
500;60;4;MergeSort;8976;3274;0;43400
500;60;4;CountingSort;1501;0;0;11490
500;60;4;QuickSort;16974;7017;2982;20630
500;60;4;InsertionSort;67158;22386;0;20940
500;60;4;BubbleSort;287542;99997;21887;164541
500;60;4;MergeSort;8976;3280;0;50941
500;60;4;CountingSort;1501;0;0;20730
500;60;4;QuickSort;17243;7217;3013;24000
500;60;4;InsertionSort;71232;23744;0;12430
500;60;4;BubbleSort;292528;99774;23245;136860
500;60;4;MergeSort;8976;3269;0;61310
500;60;4;CountingSort;1501;0;0;11550
500;60;4;QuickSort;18140;7463;3235;20810
500;60;4;InsertionSort;68601;22867;0;15290
500;60;4;BubbleSort;292100;101314;22368;139571
500;60;4;MergeSort;8976;3271;0;40360
500;60;4;CountingSort;1501;0;0;10610
500;60;4;QuickSort;17467;7285;3055;18930
500;60;4;InsertionSort;69225;23075;0;25111
500;60;4;BubbleSort;295494;102595;22576;89380
500;60;4;MergeSort;8976;3270;0;61830
500;60;4;CountingSort;1501;0;0;16590
500;60;4;QuickSort;16417;7039;2797;19400
500;60;4;InsertionSort;68394;22798;0;101950
500;60;4;BubbleSort;292256;101530;22299;163311
500;60;4;MergeSort;8976;3269;0;40080
500;60;4;CountingSort;1501;0;0;12810
500;60;4;QuickSort;18096;7467;3208;29471
500;60;4;InsertionSort;71544;23848;0;24201
500;60;4;BubbleSort;296886;101745;23349;113600
500;60;4;MergeSort;8976;3276;0;52530
500;60;4;CountingSort;1501;0;0;12690
500;60;4;QuickSort;18599;7427;3376;25150
500;60;4;InsertionSort;71853;23951;0;12650
500;60;4;BubbleSort;303508;104850;23452;115210
500;60;4;MergeSort;8976;3281;0;43380
500;60;4;CountingSort;1501;0;0;11630
500;60;4;QuickSort;24863;10175;4567;21650
500;60;4;InsertionSort;71568;23856;0;22270
500;60;4;BubbleSort;298196;102384;23357;139901
500;60;4;MergeSort;8976;3275;0;62740
500;60;4;CountingSort;1501;0;0;11090
500;60;4;QuickSort;19285;7882;3477;25371
500;60;4;InsertionSort;71976;23992;0;22860
500;60;4;BubbleSort;289416;97722;23493;82590
500;60;4;MergeSort;8976;3270;0;59290
500;60;4;CountingSort;1501;0;0;12270
500;60;4;QuickSort;17852;7226;3211;18820
500;60;4;InsertionSort;72579;24193;0;12380
500;60;4;BubbleSort;297404;101314;23694;106890
500;60;4;MergeSort;8976;3269;0;46230
500;60;4;CountingSort;1501;0;0;11450
500;60;4;QuickSort;21056;8540;3838;21530
500;60;4;InsertionSort;67728;22576;0;75091
500;60;4;BubbleSort;286958;99325;22077;188251
500;60;4;MergeSort;8976;3253;0;71851
500;60;4;CountingSort;1501;0;0;14070
500;60;4;QuickSort;17046;7239;2933;19591
500;60;4;InsertionSort;65115;21705;0;17330
500;60;4;BubbleSort;291682;103429;21206;105250
500;60;4;MergeSort;8976;3272;0;53100
500;60;4;CountingSort;1501;0;0;14910
500;60;4;QuickSort;17403;7215;3061;18910
500;60;4;InsertionSort;70245;23415;0;21450
500;60;4;BubbleSort;296854;102595;22916;133440
500;60;4;MergeSort;8976;3274;0;52600
500;60;4;CountingSort;1501;0;0;16590
500;60;4;QuickSort;19564;7996;3523;19360
500;60;4;InsertionSort;68172;22724;0;17990
500;60;4;BubbleSort;287098;99099;22225;132541
500;60;4;MergeSort;8976;3293;0;62191
500;60;4;CountingSort;1501;0;0;10880
500;60;4;QuickSort;16482;7158;2771;25580
500;60;4;InsertionSort;66270;22090;0;14080
500;60;4;BubbleSort;288122;100879;21591;85880
500;60;4;MergeSort;8976;3280;0;40620
500;60;4;CountingSort;1501;0;0;9130
500;60;4;QuickSort;17974;7558;3141;19600
500;60;4;InsertionSort;62322;20774;0;16940
500;60;4;BubbleSort;283728;101314;20275;137831
500;60;4;MergeSort;8976;3289;0;67470
500;60;4;CountingSort;1501;0;0;11580
500;60;4;QuickSort;18481;7606;3289;27510
500;60;4;InsertionSort;69870;23290;0;18200
500;60;4;BubbleSort;288452;98644;22791;155911
500;60;4;MergeSort;8976;3278;0;45590
500;60;4;CountingSort;1501;0;0;11940
500;60;4;QuickSort;16172;7073;2702;19921
500;60;4;InsertionSort;71445;23815;0;18660
500;60;4;BubbleSort;298454;102595;23316;178870
500;60;4;MergeSort;8976;3276;0;65240
500;60;4;CountingSort;1501;0;0;12790
500;60;4;QuickSort;17706;7164;3183;19230
500;60;4;InsertionSort;69330;23110;0;17150
500;60;4;BubbleSort;299342;104449;22611;148830
500;60;4;MergeSort;8976;3282;0;45410
500;60;4;CountingSort;1501;0;0;14100
500;60;4;QuickSort;20970;8466;3839;19780
500;60;4;InsertionSort;69231;23077;0;11920
500;60;4;BubbleSort;297170;103429;22578;144010
500;60;4;MergeSort;8976;3276;0;50570
500;60;4;CountingSort;1501;0;0;15260
500;60;4;QuickSort;18094;7486;3201;19220
500;60;4;InsertionSort;70485;23495;0;12020
500;60;4;BubbleSort;293742;100879;22996;132031
500;60;4;MergeSort;8976;3261;0;60541
500;60;4;CountingSort;1501;0;0;43581
500;60;4;QuickSort;15522;6558;2663;28630
500;60;4;InsertionSort;71283;23761;0;20770
500;60;4;BubbleSort;296108;101530;23262;180210
500;60;4;MergeSort;8976;3294;0;70630
500;60;4;CountingSort;1501;0;0;16430
500;60;4;QuickSort;17161;6892;3093;29360
500;60;4;InsertionSort;73983;24661;0;23120
500;60;4;BubbleSort;300566;101959;24162;92311
500;60;4;MergeSort;8976;3277;0;62130
500;60;4;CountingSort;1501;0;0;16420
500;60;4;QuickSort;16467;6807;2887;22950
500;60;4;InsertionSort;70722;23574;0;17910
500;60;4;BubbleSort;293180;100440;23075;105180
500;60;4;MergeSort;8976;3283;0;46890
500;60;4;CountingSort;1501;0;0;12830
500;60;4;QuickSort;19681;8053;3539;20270
500;60;4;InsertionSort;71595;23865;0;19750
500;60;4;BubbleSort;294784;100660;23366;148360
500;60;4;MergeSort;8976;3278;0;39610
500;60;4;CountingSort;1501;0;0;11610
500;60;4;QuickSort;17252;6926;3113;24810
500;60;4;InsertionSort;69324;23108;0;24810
500;60;4;BubbleSort;284946;97255;22609;136210
500;60;4;MergeSort;8976;3279;0;75100
500;60;4;CountingSort;1501;0;0;62520
500;60;4;QuickSort;18739;8032;3240;24010
500;60;4;InsertionSort;69546;23182;0;12630
500;60;4;BubbleSort;291612;100440;22683;120951
500;60;4;MergeSort;8976;3279;0;78911
500;60;4;CountingSort;1501;0;0;11370
500;60;4;QuickSort;19723;8185;3511;26080
500;60;4;InsertionSort;67299;22433;0;25630
500;60;4;BubbleSort;292080;102172;21934;171081
500;60;4;MergeSort;8976;3265;0;54240
500;60;4;CountingSort;1501;0;0;14540
500;60;4;QuickSort;17445;7080;3116;23291
500;60;4;InsertionSort;66417;22139;0;14780
500;60;4;BubbleSort;281538;97489;21640;176710
500;60;4;MergeSort;8976;3277;0;65950
500;60;4;CountingSort;1501;0;0;16210
500;60;4;QuickSort;17163;6969;3062;23800
500;60;4;InsertionSort;65016;21672;0;11480
500;60;4;BubbleSort;288182;101745;21173;145070
500;60;4;MergeSort;8976;3290;0;44990
500;70;1;CountingSort;1501;0;0;102260
500;70;1;QuickSort;20738;8465;3755;930722
500;70;1;InsertionSort;143160;47720;0;4095572
500;70;1;BubbleSort;434724;122920;47221;5118294
500;70;1;MergeSort;8976;3845;0;661511
500;70;1;CountingSort;1501;0;0;64200
500;70;1;QuickSort;22705;9409;4086;93090
500;70;1;InsertionSort;143466;47822;0;2362127
500;70;1;BubbleSort;437980;124344;47323;2442177
500;70;1;MergeSort;8976;3835;0;131771
500;70;1;CountingSort;1501;0;0;59040
500;70;1;QuickSort;16213;6526;2898;76650
500;70;1;InsertionSort;147064;49018;0;1742735
500;70;1;BubbleSort;443524;124714;48524;2230096
500;70;1;MergeSort;8976;3839;0;263350
500;70;1;CountingSort;1501;0;0;61130
500;70;1;QuickSort;15854;6803;2683;112660
500;70;1;InsertionSort;157088;52360;0;1369324
500;70;1;BubbleSort;456030;124285;51865;1307954
500;70;1;MergeSort;8976;3809;0;162220
500;70;1;CountingSort;1501;0;0;46260
500;70;1;QuickSort;15757;6595;2727;66300
500;70;1;InsertionSort;147613;49203;0;202751
500;70;1;BubbleSort;443568;124372;48706;282760
500;70;1;MergeSort;8976;3831;0;131500
500;70;1;CountingSort;1501;0;0;65600
500;70;1;QuickSort;17026;7354;2890;97040
500;70;1;InsertionSort;141712;47236;0;234701
500;70;1;BubbleSort;434200;123622;46739;287531
500;70;1;MergeSort;8976;3838;0;147051
500;70;1;CountingSort;1501;0;0;55500
500;70;1;QuickSort;18674;7586;3358;83700
500;70;1;InsertionSort;148365;49455;0;463282
500;70;1;BubbleSort;444862;124519;48956;549352
500;70;1;MergeSort;8976;3820;0;259710
500;70;1;CountingSort;1501;0;0;50360
500;70;1;QuickSort;16044;6783;2748;77700
500;70;1;InsertionSort;133832;44608;0;141070
500;70;1;BubbleSort;425842;124695;44113;315991
500;70;1;MergeSort;8976;3832;0;234551
500;70;1;CountingSort;1501;0;0;47350
500;70;1;QuickSort;17050;7099;2981;82060
500;70;1;InsertionSort;140941;46979;0;281871
500;70;1;BubbleSort;434876;124474;46482;388671
500;70;1;MergeSort;8976;3817;0;246261
500;70;1;CountingSort;1501;0;0;68121
500;70;1;QuickSort;18009;7407;3201;75690
500;70;1;InsertionSort;151147;50381;0;240490
500;70;1;BubbleSort;447630;124047;49884;452761
500;70;1;MergeSort;8976;3814;0;231201
500;70;1;CountingSort;1501;0;0;93751
500;70;1;QuickSort;21165;8568;3863;309781
500;70;1;InsertionSort;141526;47174;0;613451
500;70;1;BubbleSort;435788;124540;46677;565611
500;70;1;MergeSort;8976;3852;0;127430
500;70;1;CountingSort;1501;0;0;65411
500;70;1;QuickSort;17355;7155;3073;518202
500;70;1;InsertionSort;149995;49997;0;138140
500;70;1;BubbleSort;444420;123210;49500;283031
500;70;1;MergeSort;8976;3834;0;145770
500;70;1;CountingSort;1501;0;0;62570
500;70;1;QuickSort;17447;7220;3078;367741
500;70;1;InsertionSort;157557;52515;0;57510
500;70;1;BubbleSort;452618;122265;52022;293701
500;70;1;MergeSort;8976;3842;0;144310
500;70;1;CountingSort;1501;0;0;55980
500;70;1;QuickSort;16377;6837;2843;58021
500;70;1;InsertionSort;135822;45274;0;35991
500;70;1;BubbleSort;427478;124189;44775;311361
500;70;1;MergeSort;8976;3849;0;167430
500;70;1;CountingSort;1501;0;0;92491
500;70;1;QuickSort;16245;6678;2857;39250
500;70;1;InsertionSort;145935;48643;0;150340
500;70;1;BubbleSort;441746;124579;48147;263951
500;70;1;MergeSort;8976;3820;0;99170
500;70;1;CountingSort;1501;0;0;70550
500;70;1;QuickSort;20404;8146;3746;35241
500;70;1;InsertionSort;150282;50092;0;44170
500;70;1;BubbleSort;445334;123475;49596;193010
500;70;1;MergeSort;8976;3811;0;98100
500;70;1;CountingSort;1501;0;0;80660
500;70;1;QuickSort;17456;7307;3048;41800
500;70;1;InsertionSort;146325;48775;0;44160
500;70;1;BubbleSort;442422;124659;48276;233601
500;70;1;MergeSort;8976;3822;0;84990
500;70;1;CountingSort;1501;0;0;63550
500;70;1;QuickSort;17294;7142;3057;36670
500;70;1;InsertionSort;135142;45044;0;38500
500;70;1;BubbleSort;426060;123930;44550;228261
500;70;1;MergeSort;8976;3831;0;60750
500;70;1;CountingSort;1501;0;0;61811
500;70;1;QuickSort;18773;7580;3396;22220
500;70;1;InsertionSort;135997;45331;0;45490
500;70;1;BubbleSort;426580;123622;44834;202060
500;70;1;MergeSort;8976;3806;0;60290
500;70;1;CountingSort;1501;0;0;67870
500;70;1;QuickSort;16892;6992;2959;24220
500;70;1;InsertionSort;143641;47875;0;37140
500;70;1;BubbleSort;438530;124497;47384;167211
500;70;1;MergeSort;8976;3813;0;70280
500;70;1;CountingSort;1501;0;0;90620
500;70;1;QuickSort;17968;7711;3083;29360
500;70;1;InsertionSort;147205;49067;0;55480
500;70;1;BubbleSort;443078;124399;48570;198551
500;70;1;MergeSort;8976;3843;0;70420
500;70;1;CountingSort;1501;0;0;1425684
500;70;1;QuickSort;19724;7943;3598;27050
500;70;1;InsertionSort;144289;48095;0;1298474
500;70;1;BubbleSort;438170;123889;47598;1484314
500;70;1;MergeSort;8976;3852;0;62530
500;70;1;CountingSort;1501;0;0;64631
500;70;1;QuickSort;17092;6841;3087;31650
500;70;1;InsertionSort;145876;48624;0;27800
500;70;1;BubbleSort;440886;124189;48127;226140
500;70;1;MergeSort;8976;3814;0;79810
500;70;1;CountingSort;1501;0;0;89060
500;70;1;QuickSort;17643;7128;3178;20160
500;70;1;InsertionSort;143979;47993;0;32240
500;70;1;BubbleSort;437406;123715;47494;146011
500;70;1;MergeSort;8976;3835;0;36181
500;70;1;CountingSort;1501;0;0;64790
500;70;1;QuickSort;19200;7902;3431;21720
500;70;1;InsertionSort;147993;49327;0;36910
500;70;1;BubbleSort;444746;124705;48834;145000
500;70;1;MergeSort;8976;3835;0;52710
500;70;1;CountingSort;1501;0;0;67561
500;70;1;QuickSort;19790;8183;3530;26470
500;70;1;InsertionSort;148390;49462;0;28130
500;70;1;BubbleSort;445054;124597;48965;240410
500;70;1;MergeSort;8976;3833;0;76360
500;70;1;CountingSort;1501;0;0;49330
500;70;1;QuickSort;18246;7677;3186;33480
500;70;1;InsertionSort;133450;44482;0;21480
500;70;1;BubbleSort;421780;122920;43985;173011
500;70;1;MergeSort;8976;3840;0;60771
500;70;1;CountingSort;1501;0;0;48950
500;70;1;QuickSort;20055;8070;3655;34080
500;70;1;InsertionSort;156253;52083;0;24650
500;70;1;BubbleSort;455142;124399;51586;183380
500;70;1;MergeSort;8976;3837;0;63890
500;70;1;CountingSort;1501;0;0;66931
500;70;1;QuickSort;16606;6988;2875;31601
500;70;1;InsertionSort;135807;45269;0;26530
500;70;1;BubbleSort;426858;123889;44770;140100
500;70;1;MergeSort;8976;3847;0;56350
500;70;1;CountingSort;1501;0;0;62080
500;70;1;QuickSort;20431;8305;3716;67840
500;70;1;InsertionSort;144468;48156;0;53281
500;70;1;BubbleSort;440018;124695;47657;151011
500;70;1;MergeSort;8976;3836;0;73200
500;70;1;CountingSort;1501;0;0;92810
500;70;1;QuickSort;17210;7076;3042;51050
500;70;1;InsertionSort;153911;51301;0;65160
500;70;1;BubbleSort;450468;123622;50806;177471
500;70;1;MergeSort;8976;3842;0;83471
500;70;1;CountingSort;1501;0;0;53370
500;70;1;QuickSort;17757;7410;3117;43430
500;70;1;InsertionSort;145401;48465;0;32570
500;70;1;BubbleSort;441136;124630;47969;144910
500;70;1;MergeSort;8976;3842;0;49770
500;70;1;CountingSort;1501;0;0;43090
500;70;1;QuickSort;17982;7182;3260;25960
500;70;1;InsertionSort;147337;49111;0;28880
500;70;1;BubbleSort;443576;124560;48614;192430
500;70;1;MergeSort;8976;3849;0;119940
500;70;1;CountingSort;1501;0;0;28690
500;70;1;QuickSort;19547;8189;3448;31370
500;70;1;InsertionSort;148812;49602;0;29230
500;70;1;BubbleSort;445418;124497;49106;161730
500;70;1;MergeSort;8976;3864;0;116350
500;70;1;CountingSort;1501;0;0;19300
500;70;1;QuickSort;15668;6599;2694;20380
500;70;1;InsertionSort;143746;47912;0;52960
500;70;1;BubbleSort;438752;124540;47418;209171
500;70;1;MergeSort;8976;3846;0;81260
500;70;1;CountingSort;1501;0;0;10880
500;70;1;QuickSort;15835;6601;2752;24820
500;70;1;InsertionSort;142858;47618;0;102940
500;70;1;BubbleSort;436502;124009;47121;240300
500;70;1;MergeSort;8976;3830;0;83050
500;70;1;CountingSort;1501;0;0;9960
500;70;1;QuickSort;18041;7286;3244;20470
500;70;1;InsertionSort;157794;52598;0;38220
500;70;1;BubbleSort;456490;124047;52099;140270
500;70;1;MergeSort;8976;3826;0;57750
500;70;1;CountingSort;1501;0;0;11100
500;70;1;QuickSort;16196;6827;2786;20340
500;70;1;InsertionSort;147419;49139;0;34610
500;70;1;BubbleSort;443134;124285;48641;222071
500;70;1;MergeSort;8976;3831;0;66061
500;70;1;CountingSort;1501;0;0;13970
500;70;1;QuickSort;15662;6566;2696;19950
500;70;1;InsertionSort;156015;52003;0;193811
500;70;1;BubbleSort;454536;124254;51507;249041
500;70;1;MergeSort;8976;3863;0;76541
500;70;1;CountingSort;1501;0;0;8960
500;70;1;QuickSort;17360;7037;3109;25980
500;70;1;InsertionSort;140052;46684;0;86160
500;70;1;BubbleSort;433898;124579;46185;259571
500;70;1;MergeSort;8976;3835;0;78070
500;70;1;CountingSort;1501;0;0;10090
500;70;1;QuickSort;18540;7545;3343;32060
500;70;1;InsertionSort;138405;46133;0;37050
500;70;1;BubbleSort;431808;124630;45637;233891
500;70;1;MergeSort;8976;3848;0;98671
500;70;1;CountingSort;1501;0;0;11851
500;70;1;QuickSort;21625;9037;3857;28150
500;70;1;InsertionSort;143700;47900;0;41420
500;70;1;BubbleSort;439092;124744;47401;230150
500;70;1;MergeSort;8976;3834;0;81880
500;70;1;CountingSort;1501;0;0;28281
500;70;1;QuickSort;19427;7895;3511;21290
500;70;1;InsertionSort;151218;50406;0;30800
500;70;1;BubbleSort;447322;123847;49907;141580
500;70;1;MergeSort;8976;3843;0;67600
500;70;1;CountingSort;1501;0;0;13080
500;70;1;QuickSort;17726;7247;3161;29490
500;70;1;InsertionSort;145155;48383;0;58120
500;70;1;BubbleSort;440056;124254;47887;218761
500;70;1;MergeSort;8976;3851;0;92820
500;70;1;CountingSort;1501;0;0;8970
500;70;1;QuickSort;17538;7032;3167;20700
500;70;1;InsertionSort;143091;47697;0;37820
500;70;1;BubbleSort;437950;124579;47198;233321
500;70;1;MergeSort;8976;3859;0;51971
500;70;1;CountingSort;1501;0;0;12820
500;70;1;QuickSort;15825;6525;2762;29520
500;70;1;InsertionSort;141336;47112;0;31300
500;70;1;BubbleSort;435940;124744;46613;214301
500;70;1;MergeSort;8976;3845;0;84371
500;70;1;CountingSort;1501;0;0;10890
500;70;1;QuickSort;17817;7335;3160;25240
500;70;1;InsertionSort;147769;49255;0;39640
500;70;1;BubbleSort;442370;123669;48758;151771
500;70;1;MergeSort;8976;3823;0;60411
500;70;1;CountingSort;1501;0;0;9590
500;70;1;QuickSort;16028;6677;2787;23630
500;70;1;InsertionSort;146331;48775;0;34450
500;70;1;BubbleSort;436916;121900;48279;168531
500;70;1;MergeSort;8976;3831;0;60970
500;70;1;CountingSort;1501;0;0;10450
500;70;1;QuickSort;15755;6809;2653;27280
500;70;1;InsertionSort;152553;50849;0;29280
500;70;1;BubbleSort;450912;124750;50353;208781
500;70;1;MergeSort;8976;3844;0;57810
500;70;1;CountingSort;1501;0;0;11450
500;70;1;QuickSort;16943;6968;2992;25290
500;70;1;InsertionSort;137311;45769;0;31420
500;70;1;BubbleSort;429832;124372;45272;415501
500;70;1;MergeSort;8976;3831;0;67860
500;70;1;CountingSort;1501;0;0;18960
500;70;1;QuickSort;18273;7302;3318;21140
500;70;1;InsertionSort;154755;51583;0;55641
500;70;1;BubbleSort;453198;124425;51087;346431
500;70;1;MergeSort;8976;3838;0;55010
500;70;1;CountingSort;1501;0;0;14480
500;70;1;QuickSort;16963;6892;3029;27400
500;70;1;InsertionSort;148710;49568;0;34200
500;70;1;BubbleSort;444918;124315;49072;504111
500;70;1;MergeSort;8976;3783;0;78090
500;70;1;CountingSort;1501;0;0;10630
500;70;1;QuickSort;18539;7715;3272;21230
500;70;1;InsertionSort;143376;47790;0;40300
500;70;1;BubbleSort;436784;123804;47294;386721
500;70;1;MergeSort;8976;3820;0;62820
500;70;1;CountingSort;1501;0;0;10880
500;70;1;QuickSort;16817;6890;2976;20290
500;70;1;InsertionSort;142071;47355;0;22460
500;70;1;BubbleSort;433154;122859;46859;377171
500;70;1;MergeSort;8976;3801;0;57551
500;70;1;CountingSort;1501;0;0;41130
500;70;1;QuickSort;16307;7025;2765;24810
500;70;1;InsertionSort;152607;50869;0;23650
500;70;1;BubbleSort;450380;124450;50370;356042
500;70;1;MergeSort;8976;3831;0;68910
500;70;1;CountingSort;1501;0;0;10740
500;70;1;QuickSort;19662;8136;3512;29340
500;70;1;InsertionSort;156192;52064;0;37030
500;70;1;BubbleSort;455488;124614;51565;512601
500;70;1;MergeSort;8976;3846;0;81620
500;70;1;CountingSort;1501;0;0;12580
500;70;1;QuickSort;17698;7117;3198;25540
500;70;1;InsertionSort;142978;47658;0;40940
500;70;1;BubbleSort;436884;124120;47161;333401
500;70;1;MergeSort;8976;3831;0;59100
500;70;1;CountingSort;1501;0;0;16590
500;70;1;QuickSort;18558;7503;3356;25680
500;70;1;InsertionSort;149355;49785;0;46130
500;70;1;BubbleSort;446182;124519;49286;487442
500;70;1;MergeSort;8976;3860;0;53480
500;70;1;CountingSort;1501;0;0;13070
500;70;1;QuickSort;16626;6945;2896;26331
500;70;1;InsertionSort;135486;45162;0;140450
500;70;1;BubbleSort;427846;124597;44663;551011
500;70;1;MergeSort;8976;3836;0;51980
500;70;1;CountingSort;1501;0;0;10650
500;70;1;QuickSort;15994;6736;2754;26420
500;70;1;InsertionSort;139105;46365;0;36690
500;70;1;BubbleSort;431794;124155;45871;202161
500;70;1;MergeSort;8976;3775;0;73370
500;70;1;CountingSort;1501;0;0;14120
500;70;1;QuickSort;16905;6954;2984;20670
500;70;1;InsertionSort;148968;49656;0;23410
500;70;1;BubbleSort;446018;124695;49157;194841
500;70;1;MergeSort;8976;3843;0;77381
500;70;1;CountingSort;1501;0;0;10700
500;70;1;QuickSort;17718;7365;3125;35180
500;70;1;InsertionSort;146434;48810;0;29770
500;70;1;BubbleSort;441030;123889;48313;185391
500;70;1;MergeSort;8976;3862;0;62210
500;70;1;CountingSort;1501;0;0;8080
500;70;1;QuickSort;16636;6811;2935;20350
500;70;1;InsertionSort;139728;46574;0;22990
500;70;1;BubbleSort;432690;124189;46078;182240
500;70;1;MergeSort;8976;3841;0;77580
500;70;1;CountingSort;1501;0;0;5190
500;70;1;QuickSort;18862;7765;3372;25990
500;70;1;InsertionSort;150004;49998;0;30541
500;70;1;BubbleSort;446394;124189;49504;199160
500;70;1;MergeSort;8976;3829;0;58900
500;70;1;CountingSort;1501;0;0;6880
500;70;1;QuickSort;16718;7073;2887;24970
500;70;1;InsertionSort;152059;50685;0;43590
500;70;1;BubbleSort;450252;124750;50188;189841
500;70;1;MergeSort;8976;3807;0;73440
500;70;1;CountingSort;1501;0;0;5110
500;70;1;QuickSort;17402;7184;3076;25110
500;70;1;InsertionSort;146149;48715;0;43830
500;70;1;BubbleSort;441992;124560;48218;236810
500;70;1;MergeSort;8976;3835;0;70830
500;70;1;CountingSort;1501;0;0;6710
500;70;1;QuickSort;20533;8371;3717;22030
500;70;1;InsertionSort;148236;49412;0;39610
500;70;1;BubbleSort;444502;124425;48913;219661
500;70;1;MergeSort;8976;3826;0;86100
500;70;1;CountingSort;1501;0;0;5580
500;70;1;QuickSort;15984;6456;2838;25880
500;70;1;InsertionSort;150219;50073;0;37700
500;70;1;BubbleSort;446236;123970;49574;192521
500;70;1;MergeSort;8976;3848;0;67480
500;70;1;CountingSort;1501;0;0;8000
500;70;1;QuickSort;17163;7017;3047;21190
500;70;1;InsertionSort;149222;49738;0;28810
500;70;1;BubbleSort;444402;123715;49243;157840
500;70;1;MergeSort;8976;3803;0;75340
500;70;1;CountingSort;1501;0;0;4630
500;70;1;QuickSort;17659;7354;3102;25950
500;70;1;InsertionSort;138029;46007;0;42310
500;70;1;BubbleSort;430736;124344;45512;191000
500;70;1;MergeSort;8976;3767;0;62140
500;70;1;CountingSort;1501;0;0;5560
500;70;1;QuickSort;16957;6805;3050;24770
500;70;1;InsertionSort;148400;49462;0;23040
500;70;1;BubbleSort;444450;124285;48970;229570
500;70;1;MergeSort;8976;3818;0;78150
500;70;1;CountingSort;1501;0;0;4300
500;70;1;QuickSort;16893;6918;2982;25730
500;70;1;InsertionSort;144688;48226;0;39320
500;70;1;BubbleSort;439372;124222;47732;146551
500;70;1;MergeSort;8976;3846;0;81900
500;70;1;CountingSort;1501;0;0;7770
500;70;1;QuickSort;15800;6746;2684;23080
500;70;1;InsertionSort;151443;50481;0;29510
500;70;1;BubbleSort;449048;124560;49982;151521
500;70;1;MergeSort;8976;3799;0;79830
500;70;1;CountingSort;1501;0;0;4540
500;70;1;QuickSort;16316;6869;2812;25730
500;70;1;InsertionSort;151798;50596;0;42400
500;70;1;BubbleSort;449776;124684;50102;208591
500;70;1;MergeSort;8976;3807;0;49591
500;70;1;CountingSort;1501;0;0;7770
500;70;1;QuickSort;16977;7308;2898;21390
500;70;1;InsertionSort;153592;51196;0;210380
500;70;1;BubbleSort;452186;124695;50699;300720
500;70;1;MergeSort;8976;3854;0;53990
500;70;1;CountingSort;1501;0;0;7650
500;70;1;QuickSort;17013;7002;3010;24581
500;70;1;InsertionSort;147543;49181;0;51430
500;70;1;BubbleSort;444156;124714;48682;183200
500;70;1;MergeSort;8976;3854;0;65960
500;70;1;CountingSort;1501;0;0;6730
500;70;1;QuickSort;16462;7057;2809;25620
500;70;1;InsertionSort;145347;48447;0;83091
500;70;1;BubbleSort;441172;124684;47951;171950
500;70;1;MergeSort;8976;3820;0;72300
500;70;1;CountingSort;1501;0;0;10500
500;70;1;QuickSort;16726;6862;2944;52311
500;70;1;InsertionSort;136792;45596;0;39080
500;70;1;BubbleSort;428090;123847;45099;194320
500;70;1;MergeSort;8976;3817;0;68910
500;70;1;CountingSort;1501;0;0;5520
500;70;1;QuickSort;16905;7314;2870;27731
500;70;1;InsertionSort;135485;45159;0;37680
500;70;1;BubbleSort;425076;123210;44664;285761
500;70;1;MergeSort;8976;3815;0;65510
500;70;1;CountingSort;1501;0;0;6090
500;70;1;QuickSort;17172;6987;3071;32010
500;70;1;InsertionSort;158985;52993;0;85350
500;70;1;BubbleSort;458732;124372;52497;235410
500;70;1;MergeSort;8976;3852;0;50740
500;70;1;CountingSort;1501;0;0;6820
500;70;1;QuickSort;18298;7540;3266;21630
500;70;1;InsertionSort;143260;47752;0;40250
500;70;1;BubbleSort;437038;124009;47255;185451
500;70;1;MergeSort;8976;3849;0;58131
500;70;1;CountingSort;1501;0;0;6020
500;70;1;QuickSort;16924;6958;2992;31290
500;70;1;InsertionSort;143275;47755;0;49000
500;70;1;BubbleSort;435464;123210;47261;182301
500;70;1;MergeSort;8976;3827;0;81921
500;70;1;CountingSort;1501;0;0;6740
500;70;1;QuickSort;18337;7375;3312;20890
500;70;1;InsertionSort;146948;48980;0;46410
500;70;1;BubbleSort;441184;123622;48485;151780
500;70;1;MergeSort;8976;3833;0;64180
500;70;1;CountingSort;1501;0;0;5970
500;70;1;QuickSort;17051;7181;2961;29390
500;70;1;InsertionSort;142577;47523;0;36511
500;70;1;BubbleSort;433952;122920;47028;197220
500;70;1;MergeSort;8976;3822;0;58490
500;70;1;CountingSort;1501;0;0;6040
500;70;1;QuickSort;19154;8033;3370;30871
500;70;1;InsertionSort;140099;46695;0;22500
500;70;1;BubbleSort;430890;123039;46203;141930
500;70;1;MergeSort;8976;3847;0;82250
500;70;1;CountingSort;1501;0;0;10270
500;70;1;QuickSort;17755;7450;3106;21950
500;70;1;InsertionSort;148859;49619;0;22860
500;70;1;BubbleSort;445114;124315;49121;258241
500;70;1;MergeSort;8976;3832;0;108280
500;70;1;CountingSort;1501;0;0;6040
500;70;1;QuickSort;16685;6779;2970;20810
500;70;1;InsertionSort;146038;48678;0;22470
500;70;1;BubbleSort;441918;124597;48181;164330
500;70;1;MergeSort;8976;3864;0;41980
500;70;1;CountingSort;1501;0;0;5820
500;70;1;QuickSort;16549;6904;2886;26190
500;70;1;InsertionSort;146277;48759;0;32471
500;70;1;BubbleSort;439678;123319;48260;174180
500;70;1;MergeSort;8976;3837;0;53440
500;70;1;CountingSort;1501;0;0;6760
500;70;1;QuickSort;16768;6799;2990;27450
500;70;1;InsertionSort;148258;49418;0;35460
500;70;1;BubbleSort;444128;124222;48921;207081
500;70;1;MergeSort;8976;3836;0;63131
500;70;1;CountingSort;1501;0;0;6600
500;70;1;QuickSort;18899;7913;3329;26670
500;70;1;InsertionSort;152946;50982;0;29470
500;70;1;BubbleSort;450782;124425;50483;148390
500;70;1;MergeSort;8976;3847;0;52130
500;70;1;CountingSort;1501;0;0;6510
500;70;1;QuickSort;15926;6470;2820;71090
500;70;1;InsertionSort;145558;48516;0;28150
500;70;1;BubbleSort;441316;124614;48022;176691
500;70;1;MergeSort;8976;3830;0;52421
500;70;1;CountingSort;1501;0;0;5460
500;70;1;QuickSort;18628;7501;3375;26370
500;70;1;InsertionSort;147275;49089;0;35420
500;70;1;BubbleSort;443120;124372;48594;196980
500;70;1;MergeSort;8976;3822;0;57120
500;70;1;CountingSort;1501;0;0;7010
500;70;1;QuickSort;17072;6794;3099;24300
500;70;1;InsertionSort;144505;48165;0;28070
500;70;1;BubbleSort;439428;124372;47671;180870
500;70;1;MergeSort;8976;3817;0;74610
500;70;1;CountingSort;1501;0;0;5570
500;70;1;QuickSort;16775;6878;2969;38590
500;70;1;InsertionSort;141234;47076;0;22670
500;70;1;BubbleSort;434698;124189;46580;223991
500;70;1;MergeSort;8976;3837;0;73401
500;70;1;CountingSort;1501;0;0;6980
500;70;1;QuickSort;17921;7409;3170;25980
500;70;1;InsertionSort;150884;50292;0;24510
500;70;1;BubbleSort;448556;124684;49797;213711
500;70;1;MergeSort;8976;3859;0;116401
500;70;1;CountingSort;1501;0;0;9840
500;70;1;QuickSort;16144;7027;2703;25430
500;70;1;InsertionSort;142834;47610;0;50520
500;70;1;BubbleSort;436692;124120;47113;223850
500;70;1;MergeSort;8976;3827;0;71670
500;70;1;CountingSort;1501;0;0;14470
500;70;1;QuickSort;16764;7092;2888;20880
500;70;1;InsertionSort;150478;50158;0;33121
500;70;1;BubbleSort;447388;124372;49661;147080
500;70;1;MergeSort;8976;3810;0;44020
500;70;1;CountingSort;1501;0;0;6360
500;70;1;QuickSort;18954;7983;3330;26170
500;70;1;InsertionSort;147394;49130;0;33170
500;70;1;BubbleSort;442392;123930;48633;238021
500;70;1;MergeSort;8976;3862;0;112701
500;70;1;CountingSort;1501;0;0;7580
500;70;1;QuickSort;18204;7371;3283;26130
500;70;1;InsertionSort;155369;51785;0;36570
500;70;1;BubbleSort;453482;124155;51293;200240
500;70;1;MergeSort;8976;3791;0;51840
500;70;1;CountingSort;1501;0;0;9890
500;70;1;QuickSort;15249;6252;2663;20520
500;70;1;InsertionSort;148677;49559;0;43990
500;70;1;BubbleSort;445608;124684;49060;203970
500;70;1;MergeSort;8976;3836;0;100700
500;70;2;CountingSort;1501;0;0;101290
500;70;2;QuickSort;16579;6802;2923;938043
500;70;2;InsertionSort;93353;31115;0;2786998
500;70;2;BubbleSort;340828;109174;30620;5208185
500;70;2;MergeSort;8976;3224;0;688752
500;70;2;CountingSort;1501;0;0;51820
500;70;2;QuickSort;17085;6990;3033;108470
500;70;2;InsertionSort;94177;31389;0;2359727
500;70;2;BubbleSort;342978;109699;30895;284251
500;70;2;MergeSort;8976;3221;0;193501
500;70;2;CountingSort;1501;0;0;62610
500;70;2;QuickSort;16687;6907;2916;83210
500;70;2;InsertionSort;94678;31556;0;1606044
500;70;2;BubbleSort;343646;109699;31062;1790865
500;70;2;MergeSort;8976;3228;0;273701
500;70;2;CountingSort;1501;0;0;65760
500;70;2;QuickSort;16130;6851;2764;89390
500;70;2;InsertionSort;93445;31145;0;368881
500;70;2;BubbleSort;340598;108997;30651;943273
500;70;2;MergeSort;8976;3232;0;156501
500;70;2;CountingSort;1501;0;0;62020
500;70;2;QuickSort;16523;6761;2917;73751
500;70;2;InsertionSort;91881;30623;0;306141
500;70;2;BubbleSort;341964;110722;30130;162701
500;70;2;MergeSort;8976;3236;0;167290
500;70;2;CountingSort;1501;0;0;76591
500;70;2;QuickSort;16710;7203;2837;74990
500;70;2;InsertionSort;94991;31659;0;301841
500;70;2;BubbleSort;341948;108640;31167;149670
500;70;2;MergeSort;8976;3237;0;117730
500;70;2;CountingSort;1501;0;0;57420
500;70;2;QuickSort;20448;8391;3680;153270
500;70;2;InsertionSort;91151;30381;0;374321
500;70;2;BubbleSort;338942;109699;29886;371481
500;70;2;MergeSort;8976;3216;0;121701
500;70;2;CountingSort;1501;0;0;60230
500;70;2;QuickSort;19268;7889;3462;77061
500;70;2;InsertionSort;93381;31125;0;321071
500;70;2;BubbleSort;340864;109174;30629;424291
500;70;2;MergeSort;8976;3224;0;204790
500;70;2;CountingSort;1501;0;0;57950
500;70;2;QuickSort;16715;6890;2943;63360
500;70;2;InsertionSort;86574;28856;0;431772
500;70;2;BubbleSort;329634;108097;28360;407972
500;70;2;MergeSort;8976;3248;0;237320
500;70;2;CountingSort;1501;0;0;89100
500;70;2;QuickSort;17248;6937;3109;111241
500;70;2;InsertionSort;91717;30571;0;116851
500;70;2;BubbleSort;333124;106414;30074;283050
500;70;2;MergeSort;8976;3234;0;205600
500;70;2;CountingSort;1501;0;0;66960
500;70;2;QuickSort;16774;6931;2950;98800
500;70;2;InsertionSort;96598;32196;0;129220
500;70;2;BubbleSort;352128;112660;31702;272981
500;70;2;MergeSort;8976;3232;0;182941
500;70;2;CountingSort;1501;0;0;70580
500;70;2;QuickSort;17289;6948;3114;93570
500;70;2;InsertionSort;91896;30630;0;128591
500;70;2;BubbleSort;344596;112030;30134;270511
500;70;2;MergeSort;8976;3244;0;176841
500;70;2;CountingSort;1501;0;0;68760
500;70;2;QuickSort;17781;7401;3121;87441
500;70;2;InsertionSort;90884;30292;0;106941
500;70;2;BubbleSort;328086;104449;29797;128011
500;70;2;MergeSort;8976;3244;0;125300
500;70;2;CountingSort;1501;0;0;56820
500;70;2;QuickSort;17062;7294;2929;214821
500;70;2;InsertionSort;88820;29602;0;119500
500;70;2;BubbleSort;342684;113122;29110;166031
500;70;2;MergeSort;8976;3227;0;140851
500;70;2;CountingSort;1501;0;0;58940
500;70;2;QuickSort;18905;8105;3269;422361
500;70;2;InsertionSort;95027;31673;0;312491
500;70;2;BubbleSort;345820;110554;31178;351521
500;70;2;MergeSort;8976;3225;0;179871
500;70;2;CountingSort;1501;0;0;59200
500;70;2;QuickSort;16436;6998;2817;424101
500;70;2;InsertionSort;94252;31414;0;187801
500;70;2;BubbleSort;347420;111870;30920;348801
500;70;2;MergeSort;8976;3216;0;194781
500;70;2;CountingSort;1501;0;0;65680
500;70;2;QuickSort;16660;7042;2876;413201
500;70;2;InsertionSort;93727;31239;0;153710
500;70;2;BubbleSort;347040;112030;30745;273651
500;70;2;MergeSort;8976;3230;0;183001
500;70;2;CountingSort;1501;0;0;87141
500;70;2;QuickSort;19161;7782;3461;399682
500;70;2;InsertionSort;91618;30536;0;147771
500;70;2;BubbleSort;337088;108460;30042;195780
500;70;2;MergeSort;8976;3234;0;114500
500;70;2;CountingSort;1501;0;0;69430
500;70;2;QuickSort;16713;6873;2947;24640
500;70;2;InsertionSort;88820;29606;0;143710
500;70;2;BubbleSort;337540;110554;29108;167200
500;70;2;MergeSort;8976;3241;0;154891
500;70;2;CountingSort;1501;0;0;46740
500;70;2;QuickSort;16727;6947;2929;24160
500;70;2;InsertionSort;94100;31362;0;117251
500;70;2;BubbleSort;342180;109350;30870;196651
500;70;2;MergeSort;8976;3214;0;119220
500;70;2;CountingSort;1501;0;0;50041
500;70;2;QuickSort;17354;7373;2989;26680
500;70;2;InsertionSort;95805;31931;0;23860
500;70;2;BubbleSort;350446;112347;31438;276061
500;70;2;MergeSort;8976;3217;0;169460
500;70;2;CountingSort;1501;0;0;71970
500;70;2;QuickSort;17013;7413;2863;32130
500;70;2;InsertionSort;98166;32718;0;25680
500;70;2;BubbleSort;354220;112660;32225;291260
500;70;2;MergeSort;8976;3224;0;152820
500;70;2;CountingSort;1501;0;0;69930
500;70;2;QuickSort;16690;6895;2931;28860
500;70;2;InsertionSort;91089;30361;0;30350
500;70;2;BubbleSort;341238;110889;29865;1776895
500;70;2;MergeSort;8976;3230;0;1758344
500;70;2;CountingSort;1501;0;0;49370
500;70;2;QuickSort;19178;7835;3453;25070
500;70;2;InsertionSort;91670;30552;0;26820
500;70;2;BubbleSort;340670;110215;30060;248771
500;70;2;MergeSort;8976;3220;0;125461
500;70;2;CountingSort;1501;0;0;74030
500;70;2;QuickSort;19349;8120;3416;47790
500;70;2;InsertionSort;89996;29996;0;26830
500;70;2;BubbleSort;336352;109174;29501;262791
500;70;2;MergeSort;8976;3228;0;162311
500;70;2;CountingSort;1501;0;0;70280
500;70;2;QuickSort;17189;6932;3091;33250
500;70;2;InsertionSort;91264;30416;0;30030
500;70;2;BubbleSort;336980;108640;29925;151131
500;70;2;MergeSort;8976;3228;0;89421
500;70;2;CountingSort;1501;0;0;57340
500;70;2;QuickSort;19112;7595;3509;25030
500;70;2;InsertionSort;89194;29728;0;23500
500;70;2;BubbleSort;332396;107730;29234;122750
500;70;2;MergeSort;8976;3215;0;197281
500;70;2;CountingSort;1501;0;0;55880
500;70;2;QuickSort;18930;7662;3417;24130
500;70;2;InsertionSort;89694;29894;0;28550
500;70;2;BubbleSort;330432;106414;29401;124360
500;70;2;MergeSort;8976;3221;0;53040
500;70;2;CountingSort;1501;0;0;63051
500;70;2;QuickSort;17213;7262;2989;26010
500;70;2;InsertionSort;88700;29564;0;20340
500;70;2;BubbleSort;337384;110554;29069;183580
500;70;2;MergeSort;8976;3216;0;64320
500;70;2;CountingSort;1501;0;0;71520
500;70;2;QuickSort;17184;7488;2897;25890
500;70;2;InsertionSort;87256;29084;0;35420
500;70;2;BubbleSort;319116;102384;28587;183561
500;70;2;MergeSort;8976;3217;0;61470
500;70;2;CountingSort;1501;0;0;76200
500;70;2;QuickSort;16786;7006;2927;39570
500;70;2;InsertionSort;96411;32133;0;25120
500;70;2;BubbleSort;340150;106795;31640;163761
500;70;2;MergeSort;8976;3243;0;80621
500;70;2;CountingSort;1501;0;0;55160
500;70;2;QuickSort;16865;6719;3051;36360
500;70;2;InsertionSort;99854;33280;0;29210
500;70;2;BubbleSort;346612;107730;32788;145130
500;70;2;MergeSort;8976;3227;0;107561
500;70;2;CountingSort;1501;0;0;54570
500;70;2;QuickSort;17549;7118;3138;28940
500;70;2;InsertionSort;88791;29593;0;22360
500;70;2;BubbleSort;336488;110044;29100;125380
500;70;2;MergeSort;8976;3217;0;45640
500;70;2;CountingSort;1501;0;0;30030
500;70;2;QuickSort;15883;6592;2773;25850
500;70;2;InsertionSort;94200;31398;0;15590
500;70;2;BubbleSort;336436;106414;30902;133710
500;70;2;MergeSort;8976;3232;0;45290
500;70;2;CountingSort;1501;0;0;16821
500;70;2;QuickSort;17427;6921;3166;19930
500;70;2;InsertionSort;89042;29674;0;23210
500;70;2;BubbleSort;335088;109174;29185;165450
500;70;2;MergeSort;8976;3222;0;52090
500;70;2;CountingSort;1501;0;0;11581
500;70;2;QuickSort;16244;7091;2716;30730
500;70;2;InsertionSort;96824;32272;0;28480
500;70;2;BubbleSort;349876;111384;31777;102350
500;70;2;MergeSort;8976;3221;0;44190
500;70;2;CountingSort;1501;0;0;11530
500;70;2;QuickSort;17550;7530;3005;19440
500;70;2;InsertionSort;94474;31488;0;40680
500;70;2;BubbleSort;340896;108460;30994;173170
500;70;2;MergeSort;8976;3226;0;74040
500;70;2;CountingSort;1501;0;0;11180
500;70;2;QuickSort;16312;6697;2872;18570
500;70;2;InsertionSort;99957;33315;0;15970
500;70;2;BubbleSort;348208;108460;32822;230261
500;70;2;MergeSort;8976;3225;0;61171
500;70;2;CountingSort;1501;0;0;12130
500;70;2;QuickSort;23428;9628;4271;25620
500;70;2;InsertionSort;90183;30055;0;29780
500;70;2;BubbleSort;342954;112347;29565;248741
500;70;2;MergeSort;8976;3221;0;69661
500;70;2;CountingSort;1501;0;0;22690
500;70;2;QuickSort;18930;7767;3396;27180
500;70;2;InsertionSort;91616;30532;0;36611
500;70;2;BubbleSort;333000;106414;30043;146830
500;70;2;MergeSort;8976;3220;0;50960
500;70;2;CountingSort;1501;0;0;11230
500;70;2;QuickSort;16798;7195;2869;23930
500;70;2;InsertionSort;91518;30504;0;15230
500;70;2;BubbleSort;343772;111870;30008;169201
500;70;2;MergeSort;8976;3231;0;46030
500;70;2;CountingSort;1501;0;0;12160
500;70;2;QuickSort;17625;7134;3172;19730
500;70;2;InsertionSort;91436;30474;0;22290
500;70;2;BubbleSort;345248;112660;29982;121680
500;70;2;MergeSort;8976;3221;0;44660
500;70;2;CountingSort;1501;0;0;10350
500;70;2;QuickSort;17207;7232;2997;19260
500;70;2;InsertionSort;92209;30735;0;15130
500;70;2;BubbleSort;338232;108640;30238;136080
500;70;2;MergeSort;8976;3224;0;56450
500;70;2;CountingSort;1501;0;0;11170
500;70;2;QuickSort;16090;6700;2795;18570
500;70;2;InsertionSort;91888;30626;0;20750
500;70;2;BubbleSort;339578;109525;30132;162621
500;70;2;MergeSort;8976;3233;0;40660
500;70;2;CountingSort;1501;0;0;10940
500;70;2;QuickSort;17496;7071;3148;18690
500;70;2;InsertionSort;88684;29558;0;14710
500;70;2;BubbleSort;337700;110722;29064;153800
500;70;2;MergeSort;8976;3216;0;65120
500;70;2;CountingSort;1501;0;0;13420
500;70;2;QuickSort;15899;6545;2780;23680
500;70;2;InsertionSort;90354;30116;0;18090
500;70;2;BubbleSort;341898;111709;29620;189831
500;70;2;MergeSort;8976;3228;0;62270
500;70;2;CountingSort;1501;0;0;12130
500;70;2;QuickSort;19341;7689;3550;36580
500;70;2;InsertionSort;90261;30081;0;21890
500;70;2;BubbleSort;343684;112660;29591;167641
500;70;2;MergeSort;8976;3221;0;74570
500;70;2;CountingSort;1501;0;0;11850
500;70;2;QuickSort;17789;7379;3140;29920
500;70;2;InsertionSort;97749;32577;0;30540
500;70;2;BubbleSort;351442;111547;32087;143971
500;70;2;MergeSort;8976;3231;0;54730
500;70;2;CountingSort;1501;0;0;18240
500;70;2;QuickSort;19635;8160;3490;20240
500;70;2;InsertionSort;97330;32440;0;15440
500;70;2;BubbleSort;346484;109350;31946;124351
500;70;2;MergeSort;8976;3225;0;40411
500;70;2;CountingSort;1501;0;0;13940
500;70;2;QuickSort;17010;6909;3034;19410
500;70;2;InsertionSort;91608;30532;0;19330
500;70;2;BubbleSort;338504;109174;30039;156191
500;70;2;MergeSort;8976;3214;0;41470
500;70;2;CountingSort;1501;0;0;18771
500;70;2;QuickSort;17081;7205;2963;23080
500;70;2;InsertionSort;93610;31202;0;21710
500;70;2;BubbleSort;344930;111055;30705;151980
500;70;2;MergeSort;8976;3238;0;53770
500;70;2;CountingSort;1501;0;0;11360
500;70;2;QuickSort;18962;7778;3399;26730
500;70;2;InsertionSort;92184;30722;0;21910
500;70;2;BubbleSort;331026;105049;30232;203151
500;70;2;MergeSort;8976;3231;0;88061
500;70;2;CountingSort;1501;0;0;13450
500;70;2;QuickSort;15652;6388;2747;21690
500;70;2;InsertionSort;94771;31587;0;15530
500;70;2;BubbleSort;345480;110554;31093;165340
500;70;2;MergeSort;8976;3225;0;74370
500;70;2;CountingSort;1501;0;0;11680
500;70;2;QuickSort;17408;7067;3114;19360
500;70;2;InsertionSort;93673;31221;0;32401
500;70;2;BubbleSort;340546;108819;30727;141261
500;70;2;MergeSort;8976;3211;0;55360
500;70;2;CountingSort;1501;0;0;36970
500;70;2;QuickSort;17168;7271;2965;24170
500;70;2;InsertionSort;91902;30632;0;21480
500;70;2;BubbleSort;341652;110554;30136;103020
500;70;2;MergeSort;8976;3233;0;70310
500;70;2;CountingSort;1501;0;0;15690
500;70;2;QuickSort;15923;6755;2721;35340
500;70;2;InsertionSort;91754;30582;0;33621
500;70;2;BubbleSort;338342;108997;30087;168220
500;70;2;MergeSort;8976;3222;0;57230
500;70;2;CountingSort;1501;0;0;11180
500;70;2;QuickSort;17941;7573;3123;25010
500;70;2;InsertionSort;94142;31376;0;25180
500;70;2;BubbleSort;337126;106795;30884;159501
500;70;2;MergeSort;8976;3221;0;42860
500;70;2;CountingSort;1501;0;0;16080
500;70;2;QuickSort;16366;6649;2910;22031
500;70;2;InsertionSort;94716;31568;0;21410
500;70;2;BubbleSort;343000;109350;31075;161430
500;70;2;MergeSort;8976;3210;0;44490
500;70;2;CountingSort;1501;0;0;10720
500;70;2;QuickSort;19113;7659;3483;20670
500;70;2;InsertionSort;94639;31541;0;26190
500;70;2;BubbleSort;345308;110554;31050;192011
500;70;2;MergeSort;8976;3223;0;59031
500;70;2;CountingSort;1501;0;0;17370
500;70;2;QuickSort;16644;7107;2841;24390
500;70;2;InsertionSort;96455;32149;0;20020
500;70;2;BubbleSort;352860;113122;31654;166770
500;70;2;MergeSort;8976;3222;0;64130
500;70;2;CountingSort;1501;0;0;19040
500;70;2;QuickSort;19450;7726;3570;24240
500;70;2;InsertionSort;90495;30161;0;25890
500;70;2;BubbleSort;338760;110044;29668;175581
500;70;2;MergeSort;8976;3222;0;73450
500;70;2;CountingSort;1501;0;0;20580
500;70;2;QuickSort;24055;9790;4422;26370
500;70;2;InsertionSort;95158;31714;0;104620
500;70;2;BubbleSort;342172;108640;31223;183940
500;70;2;MergeSort;8976;3213;0;48700
500;70;2;CountingSort;1501;0;0;9880
500;70;2;QuickSort;15282;6525;2587;18520
500;70;2;InsertionSort;92799;30929;0;73610
500;70;2;BubbleSort;346752;112504;30436;184091
500;70;2;MergeSort;8976;3239;0;62271
500;70;2;CountingSort;1501;0;0;13060
500;70;2;QuickSort;15391;6409;2661;19210
500;70;2;InsertionSort;100733;33575;0;22470
500;70;2;BubbleSort;356698;112189;33080;200670
500;70;2;MergeSort;8976;3232;0;61820
500;70;2;CountingSort;1501;0;0;10920
500;70;2;QuickSort;20289;8328;3652;26390
500;70;2;InsertionSort;98011;32667;0;25330
500;70;2;BubbleSort;353070;112189;32173;154731
500;70;2;MergeSort;8976;3221;0;76770
500;70;2;CountingSort;1501;0;0;11560
500;70;2;QuickSort;18409;7612;3267;25000
500;70;2;InsertionSort;93379;31123;0;24820
500;70;2;BubbleSort;343960;110722;30629;159461
500;70;2;MergeSort;8976;3220;0;71490
500;70;2;CountingSort;1501;0;0;7830
500;70;2;QuickSort;17547;7065;3155;19690
500;70;2;InsertionSort;91442;30476;0;22420
500;70;2;BubbleSort;338636;109350;29984;161730
500;70;2;MergeSort;8976;3222;0;76230
500;70;2;CountingSort;1501;0;0;6670
500;70;2;QuickSort;14779;6676;2359;19110
500;70;2;InsertionSort;89377;29787;0;27020
500;70;2;BubbleSort;335884;109350;29296;186481
500;70;2;MergeSort;8976;3221;0;48600
500;70;2;CountingSort;1501;0;0;6700
500;70;2;QuickSort;15782;6356;2814;18620
500;70;2;InsertionSort;91169;30385;0;24351
500;70;2;BubbleSort;341350;110889;29893;160940
500;70;2;MergeSort;8976;3191;0;60140
500;70;2;CountingSort;1501;0;0;6110
500;70;2;QuickSort;16167;6744;2805;19411
500;70;2;InsertionSort;94710;31568;0;26700
500;70;2;BubbleSort;345058;110385;31072;179960
500;70;2;MergeSort;8976;3232;0;52090
500;70;2;CountingSort;1501;0;0;12530
500;70;2;QuickSort;17208;7431;2933;21610
500;70;2;InsertionSort;91730;30572;0;18420
500;70;2;BubbleSort;337240;108460;30080;143700
500;70;2;MergeSort;8976;3241;0;42200
500;70;2;CountingSort;1501;0;0;7431
500;70;2;QuickSort;16905;7218;2894;30130
500;70;2;InsertionSort;91500;30494;0;20570
500;70;2;BubbleSort;339066;109525;30004;123500
500;70;2;MergeSort;8976;3237;0;53850
500;70;2;CountingSort;1501;0;0;7720
500;70;2;QuickSort;16491;7104;2793;23920
500;70;2;InsertionSort;98145;32711;0;19620
500;70;2;BubbleSort;347922;109525;32218;156061
500;70;2;MergeSort;8976;3208;0;60141
500;70;2;CountingSort;1501;0;0;7340
500;70;2;QuickSort;17020;7222;2929;23390
500;70;2;InsertionSort;92188;30726;0;18860
500;70;2;BubbleSort;339276;109174;30232;166520
500;70;2;MergeSort;8976;3242;0;54870
500;70;2;CountingSort;1501;0;0;7690
500;70;2;QuickSort;19400;7910;3495;31081
500;70;2;InsertionSort;93553;31181;0;18850
500;70;2;BubbleSort;345188;111220;30687;156100
500;70;2;MergeSort;8976;3235;0;50100
500;70;2;CountingSort;1501;0;0;6550
500;70;2;QuickSort;15864;6441;2808;18440
500;70;2;InsertionSort;99063;33017;0;26110
500;70;2;BubbleSort;351540;110722;32524;113291
500;70;2;MergeSort;8976;3227;0;59280
500;70;2;CountingSort;1501;0;0;7880
500;70;2;QuickSort;15687;6306;2799;18020
500;70;2;InsertionSort;94755;31579;0;21740
500;70;2;BubbleSort;343056;109350;31089;151360
500;70;2;MergeSort;8976;3231;0;57190
500;70;2;CountingSort;1501;0;0;8790
500;70;2;QuickSort;17476;7168;3107;19090
500;70;2;InsertionSort;90660;30216;0;22320
500;70;2;BubbleSort;338290;109699;29723;154571
500;70;2;MergeSort;8976;3235;0;57580
500;70;2;CountingSort;1501;0;0;7270
500;70;2;QuickSort;18162;7428;3240;30120
500;70;2;InsertionSort;96246;32080;0;18440
500;70;2;BubbleSort;347444;110554;31584;116741
500;70;2;MergeSort;8976;3240;0;50260
500;70;2;CountingSort;1501;0;0;7230
500;70;2;QuickSort;17505;7209;3088;18831
500;70;2;InsertionSort;89214;29736;0;18610
500;70;2;BubbleSort;331304;107172;29240;157910
500;70;2;MergeSort;8976;3246;0;40530
500;70;2;CountingSort;1501;0;0;6200
500;70;2;QuickSort;16934;7019;2972;52500
500;70;2;InsertionSort;96448;32148;0;29000
500;70;2;BubbleSort;351298;112347;31651;139530
500;70;2;MergeSort;8976;3237;0;53720
500;70;2;CountingSort;1501;0;0;7370
500;70;2;QuickSort;19015;7696;3436;23740
500;70;2;InsertionSort;94076;31356;0;26530
500;70;2;BubbleSort;346862;111709;30861;183021
500;70;2;MergeSort;8976;3216;0;56231
500;70;2;CountingSort;1501;0;0;7110
500;70;2;QuickSort;15811;6577;2744;22940
500;70;2;InsertionSort;99617;33201;0;29310
500;70;2;BubbleSort;351266;110215;32709;187910
500;70;2;MergeSort;8976;3230;0;65200
500;70;2;CountingSort;1501;0;0;7050
500;70;2;QuickSort;19006;7624;3450;25430
500;70;2;InsertionSort;89905;29965;0;21100
500;70;2;BubbleSort;332228;107172;29471;201471
500;70;2;MergeSort;8976;3240;0;58310
500;70;2;CountingSort;1501;0;0;7290
500;70;2;QuickSort;16636;7237;2804;18471
500;70;2;InsertionSort;96617;32201;0;144080
500;70;2;BubbleSort;350896;112030;31709;228690
500;70;2;MergeSort;8976;3231;0;77940
500;70;2;CountingSort;1501;0;0;9550
500;70;2;QuickSort;16455;6774;2891;23810
500;70;2;InsertionSort;93181;31057;0;24370
500;70;2;BubbleSort;347882;112815;30563;191360
500;70;2;MergeSort;8976;3224;0;64991
500;70;2;CountingSort;1501;0;0;7550
500;70;2;QuickSort;17066;7205;2952;19180
500;70;2;InsertionSort;98497;32829;0;97900
500;70;2;BubbleSort;354970;112815;32335;198531
500;70;2;MergeSort;8976;3225;0;68440
500;70;2;CountingSort;1501;0;0;6310
500;70;2;QuickSort;19692;7899;3594;20000
500;70;2;InsertionSort;89933;29973;0;18250
500;70;2;BubbleSort;341664;111870;29481;177021
500;70;2;MergeSort;8976;3234;0;72390
500;70;2;CountingSort;1501;0;0;5700
500;70;2;QuickSort;17465;7118;3119;23090
500;70;2;InsertionSort;89837;29943;0;39450
500;70;2;BubbleSort;337190;109699;29448;166280
500;70;2;MergeSort;8976;3231;0;73140
500;70;2;CountingSort;1501;0;0;4840
500;70;2;QuickSort;18414;7371;3347;24600
500;70;2;InsertionSort;92361;30785;0;23630
500;70;2;BubbleSort;340206;109525;30289;108821
500;70;2;MergeSort;8976;3226;0;53861
500;70;2;CountingSort;1501;0;0;8680
500;70;2;QuickSort;18181;7585;3201;23911
500;70;2;InsertionSort;83238;27742;0;14100
500;70;2;BubbleSort;322586;106795;27249;115740
500;70;2;MergeSort;8976;3238;0;48150
500;70;2;CountingSort;1501;0;0;7230
500;70;2;QuickSort;16000;6670;2786;18920
500;70;2;InsertionSort;88733;29573;0;21150
500;70;2;BubbleSort;334318;108997;29081;104790
500;70;2;MergeSort;8976;3249;0;50920
500;70;2;CountingSort;1501;0;0;7210
500;70;2;QuickSort;20617;8224;3798;19340
500;70;2;InsertionSort;94382;31456;0;20040
500;70;2;BubbleSort;338574;107359;30964;119870
500;70;2;MergeSort;8976;3221;0;41070
500;70;2;CountingSort;1501;0;0;6970
500;70;2;QuickSort;15296;6464;2611;20790
500;70;2;InsertionSort;86565;28851;0;14260
500;70;2;BubbleSort;326260;106414;28358;106881
500;70;2;MergeSort;8976;3233;0;48591
500;70;2;CountingSort;1501;0;0;7030
500;70;2;QuickSort;15965;6563;2804;18150
500;70;2;InsertionSort;94084;31358;0;15130
500;70;2;BubbleSort;344900;110722;30864;114221
500;70;2;MergeSort;8976;3235;0;39090
500;70;2;CountingSort;1501;0;0;6950
500;70;2;QuickSort;16199;6581;2870;19350
500;70;2;InsertionSort;93229;31075;0;15130
500;70;2;BubbleSort;347320;112504;30578;107440
500;70;2;MergeSort;8976;3240;0;47830
500;70;2;CountingSort;1501;0;0;6930
500;70;2;QuickSort;16463;6716;2910;23080
500;70;2;InsertionSort;94491;31491;0;18950
500;70;2;BubbleSort;341642;108819;31001;103040
500;70;2;MergeSort;8976;3236;0;53610
500;70;2;CountingSort;1501;0;0;7620
500;70;2;QuickSort;18074;7607;3155;25050
500;70;2;InsertionSort;93128;31038;0;18720
500;70;2;BubbleSort;342272;110044;30546;165381
500;70;2;MergeSort;8976;3241;0;56290
500;70;2;CountingSort;1501;0;0;10290
500;70;2;QuickSort;18366;7638;3239;24760
500;70;2;InsertionSort;92834;30940;0;18690
500;70;2;BubbleSort;347730;112969;30448;145361
500;70;2;MergeSort;8976;3226;0;54571
500;70;2;CountingSort;1501;0;0;5750
500;70;2;QuickSort;17536;7057;3161;30271
500;70;2;InsertionSort;97299;32431;0;24170
500;70;2;BubbleSort;347828;110044;31935;210090
500;70;2;MergeSort;8976;3215;0;79450
500;70;3;CountingSort;1501;0;0;81280
500;70;3;QuickSort;20967;8412;3851;887663
500;70;3;InsertionSort;93885;31295;0;2813379
500;70;3;BubbleSort;347562;112189;30796;4797533
500;70;3;MergeSort;8976;3327;0;854162
500;70;3;CountingSort;1501;0;0;50440
500;70;3;QuickSort;18885;7710;3400;132361
500;70;3;InsertionSort;96120;32040;0;2553287
500;70;3;BubbleSort;349904;111870;31541;2301557
500;70;3;MergeSort;8976;3329;0;172171
500;70;3;CountingSort;1501;0;0;50810
500;70;3;QuickSort;16701;7074;2877;103030
500;70;3;InsertionSort;90819;30273;0;428841
500;70;3;BubbleSort;343790;112347;29774;933013
500;70;3;MergeSort;8976;3327;0;156671
500;70;3;CountingSort;1501;0;0;61170
500;70;3;QuickSort;17813;7244;3197;120330
500;70;3;InsertionSort;95319;31773;0;362041
500;70;3;BubbleSort;346874;110889;31274;949313
500;70;3;MergeSort;8976;3332;0;168181
500;70;3;CountingSort;1501;0;0;80690
500;70;3;QuickSort;16982;7037;2984;106050
500;70;3;InsertionSort;88491;29497;0;1208913
500;70;3;BubbleSort;336422;110215;28998;1680645
500;70;3;MergeSort;8976;3328;0;194001
500;70;3;CountingSort;1501;0;0;67911
500;70;3;QuickSort;16569;6837;2918;73791
500;70;3;InsertionSort;98217;32739;0;343571
500;70;3;BubbleSort;354280;112660;32240;324131
500;70;3;MergeSort;8976;3336;0;265151
500;70;3;CountingSort;1501;0;0;87121
500;70;3;QuickSort;17694;7257;3149;69651
500;70;3;InsertionSort;90687;30229;0;412461
500;70;3;BubbleSort;336200;108640;29730;368461
500;70;3;MergeSort;8976;3328;0;201780
500;70;3;CountingSort;1501;0;0;59370
500;70;3;QuickSort;15661;6337;2777;54850
500;70;3;InsertionSort;93174;31058;0;318411
500;70;3;BubbleSort;347244;112504;30559;311831
500;70;3;MergeSort;8976;3320;0;196751
500;70;3;CountingSort;1501;0;0;48911
500;70;3;QuickSort;18688;7531;3380;99150
500;70;3;InsertionSort;96171;32057;0;520451
500;70;3;BubbleSort;349000;111384;31558;475251
500;70;3;MergeSort;8976;3326;0;115980
500;70;3;CountingSort;1501;0;0;67531
500;70;3;QuickSort;17101;7168;2980;69611
500;70;3;InsertionSort;94875;31625;0;181790
500;70;3;BubbleSort;345948;110722;31126;163390
500;70;3;MergeSort;8976;3322;0;71250
500;70;3;CountingSort;1501;0;0;60830
500;70;3;QuickSort;15893;6710;2725;66470
500;70;3;InsertionSort;91338;30446;0;130891
500;70;3;BubbleSort;343206;111709;29947;161491
500;70;3;MergeSort;8976;3332;0;144560
500;70;3;CountingSort;1501;0;0;61151
500;70;3;QuickSort;17882;7277;3207;109870
500;70;3;InsertionSort;95394;31798;0;142040
500;70;3;BubbleSort;349574;112189;31299;197520
500;70;3;MergeSort;8976;3334;0;124650
500;70;3;CountingSort;1501;0;0;48551
500;70;3;QuickSort;19243;7759;3492;72680
500;70;3;InsertionSort;94131;31377;0;173050
500;70;3;BubbleSort;340792;108640;30878;245840
500;70;3;MergeSort;8976;3328;0;140070
500;70;3;CountingSort;1501;0;0;68411
500;70;3;QuickSort;16041;6582;2824;92420
500;70;3;InsertionSort;97308;32436;0;131110
500;70;3;BubbleSort;345028;108640;31937;144380
500;70;3;MergeSort;8976;3307;0;118260
500;70;3;CountingSort;1501;0;0;57600
500;70;3;QuickSort;15565;6277;2755;433941
500;70;3;InsertionSort;96132;32044;0;207851
500;70;3;BubbleSort;349598;111709;31545;380541
500;70;3;MergeSort;8976;3337;0;237950
500;70;3;CountingSort;1501;0;0;58760
500;70;3;QuickSort;17664;7215;3151;368631
500;70;3;InsertionSort;85179;28393;0;103560
500;70;3;BubbleSort;317186;102805;27894;160491
500;70;3;MergeSort;8976;3325;0;105111
500;70;3;CountingSort;1501;0;0;70841
500;70;3;QuickSort;15669;6507;2722;309441
500;70;3;InsertionSort;86169;28723;0;100040
500;70;3;BubbleSort;330534;108819;28224;163050
500;70;3;MergeSort;8976;3306;0;122620
500;70;3;CountingSort;1501;0;0;81821
500;70;3;QuickSort;20006;7958;3683;391211
500;70;3;InsertionSort;96705;32235;0;111510
500;70;3;BubbleSort;346688;109872;31736;240130
500;70;3;MergeSort;8976;3322;0;162470
500;70;3;CountingSort;1501;0;0;52210
500;70;3;QuickSort;20363;8477;3624;366881
500;70;3;InsertionSort;97167;32389;0;33160
500;70;3;BubbleSort;347304;109872;31890;282811
500;70;3;MergeSort;8976;3346;0;198711
500;70;3;CountingSort;1501;0;0;62890
500;70;3;QuickSort;16271;6842;2813;367981
500;70;3;InsertionSort;91074;30358;0;28440
500;70;3;BubbleSort;337784;109174;29859;306081
500;70;3;MergeSort;8976;3331;0;210371
500;70;3;CountingSort;1501;0;0;65310
500;70;3;QuickSort;17091;6942;3060;409581
500;70;3;InsertionSort;91566;30522;0;26230
500;70;3;BubbleSort;339142;109525;30023;278940
500;70;3;MergeSort;8976;3305;0;193090
500;70;3;CountingSort;1501;0;0;53840
500;70;3;QuickSort;17607;7323;3093;371801
500;70;3;InsertionSort;89463;29821;0;26580
500;70;3;BubbleSort;342296;112504;29322;167400
500;70;3;MergeSort;8976;3318;0;139721
500;70;3;CountingSort;1501;0;0;50500
500;70;3;QuickSort;18718;7780;3321;1488225
500;70;3;InsertionSort;96528;32176;0;1280144
500;70;3;BubbleSort;348486;110889;31677;1453095
500;70;3;MergeSort;8976;3314;0;1246923
500;70;3;CountingSort;1501;0;0;62230
500;70;3;QuickSort;18860;7622;3422;313801
500;70;3;InsertionSort;89106;29702;0;22810
500;70;3;BubbleSort;329640;106414;29203;148290
500;70;3;MergeSort;8976;3325;0;69760
500;70;3;CountingSort;1501;0;0;47300
500;70;3;QuickSort;17867;7262;3204;105950
500;70;3;InsertionSort;90762;30254;0;30440
500;70;3;BubbleSort;335214;108097;29755;196091
500;70;3;MergeSort;8976;3355;0;48381
500;70;3;CountingSort;1501;0;0;48170
500;70;3;QuickSort;19002;7830;3393;26370
500;70;3;InsertionSort;88491;29497;0;22540
500;70;3;BubbleSort;331452;107730;28998;217401
500;70;3;MergeSort;8976;3330;0;84890
500;70;3;CountingSort;1501;0;0;69031
500;70;3;QuickSort;16763;6923;2946;25271
500;70;3;InsertionSort;99498;33166;0;24840
500;70;3;BubbleSort;355988;112660;32667;218140
500;70;3;MergeSort;8976;3353;0;45580
500;70;3;CountingSort;1501;0;0;45190
500;70;3;QuickSort;17076;6831;3082;22210
500;70;3;InsertionSort;90615;30205;0;24640
500;70;3;BubbleSort;334284;107730;29706;155190
500;70;3;MergeSort;8976;3318;0;60340
500;70;3;CountingSort;1501;0;0;52570
500;70;3;QuickSort;17216;7091;3048;27300
500;70;3;InsertionSort;92310;30770;0;25080
500;70;3;BubbleSort;345778;112347;30271;165241
500;70;3;MergeSort;8976;3296;0;57471
500;70;3;CountingSort;1501;0;0;55171
500;70;3;QuickSort;21839;9005;3952;39260
500;70;3;InsertionSort;93966;31322;0;25610
500;70;3;BubbleSort;339486;108097;30823;158670
500;70;3;MergeSort;8976;3306;0;66700
500;70;3;CountingSort;1501;0;0;81040
500;70;3;QuickSort;16137;6684;2817;33280
500;70;3;InsertionSort;93465;31155;0;22871
500;70;3;BubbleSort;341324;109350;30656;183350
500;70;3;MergeSort;8976;3338;0;50880
500;70;3;CountingSort;1501;0;0;77380
500;70;3;QuickSort;17230;7048;3057;35170
500;70;3;InsertionSort;89853;29951;0;22040
500;70;3;BubbleSort;335446;108819;29452;192691
500;70;3;MergeSort;8976;3321;0;47461
500;70;3;CountingSort;1501;0;0;59650
500;70;3;QuickSort;16506;6747;2919;18520
500;70;3;InsertionSort;94470;31490;0;16910
500;70;3;BubbleSort;343362;109699;30991;125660
500;70;3;MergeSort;8976;3319;0;58750
500;70;3;CountingSort;1501;0;0;31071
500;70;3;QuickSort;23277;9558;4238;23970
500;70;3;InsertionSort;88734;29578;0;24050
500;70;3;BubbleSort;324404;104044;29079;160490
500;70;3;MergeSort;8976;3340;0;43020
500;70;3;CountingSort;1501;0;0;26980
500;70;3;QuickSort;18275;7457;3274;23510
500;70;3;InsertionSort;94755;31585;0;17260
500;70;3;BubbleSort;343394;109525;31086;175051
500;70;3;MergeSort;8976;3313;0;71720
500;70;3;CountingSort;1501;0;0;12650
500;70;3;QuickSort;16662;6810;2950;22350
500;70;3;InsertionSort;88929;29643;0;34630
500;70;3;BubbleSort;330544;106984;29144;225441
500;70;3;MergeSort;8976;3317;0;71980
500;70;3;CountingSort;1501;0;0;17390
500;70;3;QuickSort;18197;7643;3190;23280
500;70;3;InsertionSort;93615;31205;0;20870
500;70;3;BubbleSort;345592;111384;30706;248140
500;70;3;MergeSort;8976;3325;0;76640
500;70;3;CountingSort;1501;0;0;13410
500;70;3;QuickSort;18917;8051;3286;24430
500;70;3;InsertionSort;95973;31991;0;24650
500;70;3;BubbleSort;347076;110554;31492;200780
500;70;3;MergeSort;8976;3301;0;77390
500;70;3;CountingSort;1501;0;0;11230
500;70;3;QuickSort;17187;7023;3056;29641
500;70;3;InsertionSort;88422;29474;0;115690
500;70;3;BubbleSort;337678;110889;28975;291391
500;70;3;MergeSort;8976;3332;0;94890
500;70;3;CountingSort;1501;0;0;18571
500;70;3;QuickSort;16331;6638;2896;26340
500;70;3;InsertionSort;92844;30948;0;29670
500;70;3;BubbleSort;339790;108997;30449;128450
500;70;3;MergeSort;8976;3324;0;47900
500;70;3;CountingSort;1501;0;0;15860
500;70;3;QuickSort;16522;6919;2867;24860
500;70;3;InsertionSort;89538;29846;0;26300
500;70;3;BubbleSort;338496;110554;29347;158010
500;70;3;MergeSort;8976;3329;0;62720
500;70;3;CountingSort;1501;0;0;15050
500;70;3;QuickSort;16644;7278;2791;21280
500;70;3;InsertionSort;98223;32741;0;23730
500;70;3;BubbleSort;342558;106795;32242;196091
500;70;3;MergeSort;8976;3323;0;64001
500;70;3;CountingSort;1501;0;0;10010
500;70;3;QuickSort;18556;7750;3267;24060
500;70;3;InsertionSort;95448;31816;0;29420
500;70;3;BubbleSort;340358;107545;31317;155650
500;70;3;MergeSort;8976;3332;0;75860
500;70;3;CountingSort;1501;0;0;12370
500;70;3;QuickSort;21835;8749;4036;45460
500;70;3;InsertionSort;96708;32236;0;18620
500;70;3;BubbleSort;344228;108640;31737;144100
500;70;3;MergeSort;8976;3327;0;58850
500;70;3;CountingSort;1501;0;0;10880
500;70;3;QuickSort;15600;6471;2705;24880
500;70;3;InsertionSort;95583;31861;0;30300
500;70;3;BubbleSort;342006;108279;31362;112940
500;70;3;MergeSort;8976;3337;0;57830
500;70;3;CountingSort;1501;0;0;11620
500;70;3;QuickSort;17735;7403;3112;73570
500;70;3;InsertionSort;91338;30446;0;23160
500;70;3;BubbleSort;341232;110722;29947;107890
500;70;3;MergeSort;8976;3318;0;55820
500;70;3;CountingSort;1501;0;0;16030
500;70;3;QuickSort;18528;7545;3324;19990
500;70;3;InsertionSort;87201;29067;0;25040
500;70;3;BubbleSort;337040;111384;28568;115650
500;70;3;MergeSort;8976;3338;0;42740
500;70;3;CountingSort;1501;0;0;26400
500;70;3;QuickSort;16596;6699;2978;32080
500;70;3;InsertionSort;92496;30832;0;23570
500;70;3;BubbleSort;341762;110215;30333;162131
500;70;3;MergeSort;8976;3302;0;41261
500;70;3;CountingSort;1501;0;0;10860
500;70;3;QuickSort;17680;7075;3199;20370
500;70;3;InsertionSort;93894;31298;0;29000
500;70;3;BubbleSort;345964;111384;30799;182620
500;70;3;MergeSort;8976;3308;0;51840
500;70;3;CountingSort;1501;0;0;11060
500;70;3;QuickSort;15671;6395;2761;19050
500;70;3;InsertionSort;92346;30782;0;23770
500;70;3;BubbleSort;343242;111055;30283;149630
500;70;3;MergeSort;8976;3324;0;64690
500;70;3;CountingSort;1501;0;0;9881
500;70;3;QuickSort;15686;6731;2649;32360
500;70;3;InsertionSort;87330;29110;0;16020
500;70;3;BubbleSort;328034;106795;28611;94330
500;70;3;MergeSort;8976;3317;0;42010
500;70;3;CountingSort;1501;0;0;16290
500;70;3;QuickSort;18967;7930;3347;33660
500;70;3;InsertionSort;94353;31451;0;23430
500;70;3;BubbleSort;347226;111709;30952;154871
500;70;3;MergeSort;8976;3331;0;58020
500;70;3;CountingSort;1501;0;0;11350
500;70;3;QuickSort;17499;7197;3100;37920
500;70;3;InsertionSort;96789;32263;0;107100
500;70;3;BubbleSort;347826;110385;31764;238961
500;70;3;MergeSort;8976;3304;0;100941
500;70;3;CountingSort;1501;0;0;13740
500;70;3;QuickSort;17389;7261;3047;25890
500;70;3;InsertionSort;89112;29704;0;28180
500;70;3;BubbleSort;330410;106795;29205;169240
500;70;3;MergeSort;8976;3329;0;66710
500;70;3;CountingSort;1501;0;0;11390
500;70;3;QuickSort;14877;6198;2561;19360
500;70;3;InsertionSort;93786;31262;0;120491
500;70;3;BubbleSort;342450;109699;30763;194231
500;70;3;MergeSort;8976;3320;0;41840
500;70;3;CountingSort;1501;0;0;11870
500;70;3;QuickSort;18328;7684;3222;19730
500;70;3;InsertionSort;91893;30631;0;24590
500;70;3;BubbleSort;335246;107359;30132;150710
500;70;3;MergeSort;8976;3306;0;58200
500;70;3;CountingSort;1501;0;0;19960
500;70;3;QuickSort;17886;7278;3210;18920
500;70;3;InsertionSort;94479;31493;0;15540
500;70;3;BubbleSort;343026;109525;30994;156321
500;70;3;MergeSort;8976;3319;0;61311
500;70;3;CountingSort;1501;0;0;16720
500;70;3;QuickSort;19181;8540;3221;21210
500;70;3;InsertionSort;93441;31147;0;15640
500;70;3;BubbleSort;338420;107914;30648;143490
500;70;3;MergeSort;8976;3321;0;50830
500;70;3;CountingSort;1501;0;0;13180
500;70;3;QuickSort;18304;7612;3234;27780
500;70;3;InsertionSort;95427;31809;0;33430
500;70;3;BubbleSort;343588;109174;31310;145290
500;70;3;MergeSort;8976;3338;0;60040
500;70;3;CountingSort;1501;0;0;12990
500;70;3;QuickSort;16585;6838;2918;24850
500;70;3;InsertionSort;97326;32442;0;19880
500;70;3;BubbleSort;352780;112504;31943;171750
500;70;3;MergeSort;8976;3328;0;75010
500;70;3;CountingSort;1501;0;0;22240
500;70;3;QuickSort;19239;8031;3398;26600
500;70;3;InsertionSort;93840;31280;0;29100
500;70;3;BubbleSort;345234;111055;30781;170021
500;70;3;MergeSort;8976;3346;0;41160
500;70;3;CountingSort;1501;0;0;10710
500;70;3;QuickSort;19156;8221;3319;29010
500;70;3;InsertionSort;89868;29956;0;29120
500;70;3;BubbleSort;343148;112660;29457;158590
500;70;3;MergeSort;8976;3334;0;47060
500;70;3;CountingSort;1501;0;0;17090
500;70;3;QuickSort;18197;7286;3298;25930
500;70;3;InsertionSort;94122;31374;0;36460
500;70;3;BubbleSort;339328;107914;30875;150930
500;70;3;MergeSort;8976;3332;0;47130
500;70;3;CountingSort;1501;0;0;14140
500;70;3;QuickSort;17084;7040;3013;25050
500;70;3;InsertionSort;93009;31003;0;20800
500;70;3;BubbleSort;345756;111870;30504;130821
500;70;3;MergeSort;8976;3321;0;62670
500;70;3;CountingSort;1501;0;0;15620
500;70;3;QuickSort;16032;6708;2774;25120
500;70;3;InsertionSort;88155;29385;0;26200
500;70;3;BubbleSort;329888;107172;28886;151760
500;70;3;MergeSort;8976;3335;0;64130
500;70;3;CountingSort;1501;0;0;11520
500;70;3;QuickSort;16635;6846;2934;20210
500;70;3;InsertionSort;97821;32607;0;25820
500;70;3;BubbleSort;352492;112030;32108;162380
500;70;3;MergeSort;8976;3311;0;70840
500;70;3;CountingSort;1501;0;0;11360
500;70;3;QuickSort;16805;7145;2882;21140
500;70;3;InsertionSort;91296;30432;0;21880
500;70;3;BubbleSort;345362;112815;29933;183530
500;70;3;MergeSort;8976;3335;0;65800
500;70;3;CountingSort;1501;0;0;14200
500;70;3;QuickSort;16250;6752;2836;19420
500;70;3;InsertionSort;94827;31609;0;24140
500;70;3;BubbleSort;338408;106984;31110;163341
500;70;3;MergeSort;8976;3344;0;55710
500;70;3;CountingSort;1501;0;0;9880
500;70;3;QuickSort;16548;6948;2864;24011
500;70;3;InsertionSort;95877;31959;0;17521
500;70;3;BubbleSort;340930;107545;31460;159740
500;70;3;MergeSort;8976;3328;0;69240
500;70;3;CountingSort;1501;0;0;19930
500;70;3;QuickSort;17065;7165;2971;30070
500;70;3;InsertionSort;97134;32378;0;33260
500;70;3;BubbleSort;345510;108997;31879;151731
500;70;3;MergeSort;8976;3330;0;114771
500;70;3;CountingSort;1501;0;0;16220
500;70;3;QuickSort;17856;7260;3199;19830
500;70;3;InsertionSort;101700;33900;0;33310
500;70;3;BubbleSort;353692;110044;33401;125680
500;70;3;MergeSort;8976;3330;0;48140
500;70;3;CountingSort;1501;0;0;11330
500;70;3;QuickSort;17274;7320;2990;20030
500;70;3;InsertionSort;90162;30054;0;24310
500;70;3;BubbleSort;343540;112660;29555;119360
500;70;3;MergeSort;8976;3316;0;43490
500;70;3;CountingSort;1501;0;0;21850
500;70;3;QuickSort;15735;6948;2596;19610
500;70;3;InsertionSort;100014;33338;0;16840
500;70;3;BubbleSort;355734;112189;32839;162931
500;70;3;MergeSort;8976;3336;0;41591
500;70;3;CountingSort;1501;0;0;13540
500;70;3;QuickSort;17132;7115;3007;19160
500;70;3;InsertionSort;102126;34042;0;24570
500;70;3;BubbleSort;355616;110722;33543;133770
500;70;3;MergeSort;8976;3333;0;59790
500;70;3;CountingSort;1501;0;0;12070
500;70;3;QuickSort;18121;7366;3262;30890
500;70;3;InsertionSort;92304;30768;0;18920
500;70;3;BubbleSort;337634;108279;30269;201141
500;70;3;MergeSort;8976;3329;0;91190
500;70;3;CountingSort;1501;0;0;11010
500;70;3;QuickSort;18109;7501;3207;31010
500;70;3;InsertionSort;93870;31290;0;19010
500;70;3;BubbleSort;343252;110044;30791;210341
500;70;3;MergeSort;8976;3316;0;68460
500;70;3;CountingSort;1501;0;0;13200
500;70;3;QuickSort;17494;7195;3098;25280
500;70;3;InsertionSort;88023;29341;0;22980
500;70;3;BubbleSort;330828;107730;28842;148740
500;70;3;MergeSort;8976;3318;0;56420
500;70;3;CountingSort;1501;0;0;18190
500;70;3;QuickSort;16814;6908;2963;19750
500;70;3;InsertionSort;96813;32271;0;26860
500;70;3;BubbleSort;350506;111709;31772;125690
500;70;3;MergeSort;8976;3306;0;54870
500;70;3;CountingSort;1501;0;0;9880
500;70;3;QuickSort;16717;6946;2927;19190
500;70;3;InsertionSort;90699;30233;0;20530
500;70;3;BubbleSort;344256;112660;29734;168140
500;70;3;MergeSort;8976;3335;0;47230
500;70;3;CountingSort;1501;0;0;10770
500;70;3;QuickSort;15863;6527;2778;18880
500;70;3;InsertionSort;96537;32179;0;24420
500;70;3;BubbleSort;344714;108997;31680;192131
500;70;3;MergeSort;8976;3335;0;61711
500;70;3;CountingSort;1501;0;0;17150
500;70;3;QuickSort;16438;6649;2923;18590
500;70;3;InsertionSort;94089;31363;0;24950
500;70;3;BubbleSort;343200;109872;30864;150030
500;70;3;MergeSort;8976;3321;0;60070
500;70;3;CountingSort;1501;0;0;10880
500;70;3;QuickSort;17584;7612;2991;19300
500;70;3;InsertionSort;95985;31995;0;16090
500;70;3;BubbleSort;350044;112030;31496;149081
500;70;3;MergeSort;8976;3343;0;64411
500;70;3;CountingSort;1501;0;0;14140
500;70;3;QuickSort;16492;7144;2784;20320
500;70;3;InsertionSort;90807;30269;0;22311
500;70;3;BubbleSort;342820;111870;29770;100900
500;70;3;MergeSort;8976;3344;0;48250
500;70;3;CountingSort;1501;0;0;13850
500;70;3;QuickSort;16577;6611;2990;24860
500;70;3;InsertionSort;90435;30145;0;18040
500;70;3;BubbleSort;338672;110044;29646;138600
500;70;3;MergeSort;8976;3337;0;60700
500;70;3;CountingSort;1501;0;0;23430
500;70;3;QuickSort;17068;7174;2963;32710
500;70;3;InsertionSort;91578;30526;0;17600
500;70;3;BubbleSort;338456;109174;30027;97280
500;70;3;MergeSort;8976;3322;0;74561
500;70;3;CountingSort;1501;0;0;16460
500;70;3;QuickSort;15944;6473;2824;22720
500;70;3;InsertionSort;92334;30778;0;23750
500;70;3;BubbleSort;343226;111055;30279;151081
500;70;3;MergeSort;8976;3318;0;64310
500;70;3;CountingSort;1501;0;0;23630
500;70;3;QuickSort;16829;6845;2997;37880
500;70;3;InsertionSort;94833;31611;0;33700
500;70;3;BubbleSort;348508;112030;31112;132130
500;70;3;MergeSort;8976;3312;0;43720
500;70;3;CountingSort;1501;0;0;11570
500;70;3;QuickSort;16483;6691;2930;33791
500;70;3;InsertionSort;92892;30964;0;27250
500;70;3;BubbleSort;340208;109174;30465;180410
500;70;3;MergeSort;8976;3317;0;54250
500;70;3;CountingSort;1501;0;0;18260
500;70;3;QuickSort;16001;6782;2740;26450
500;70;3;InsertionSort;91512;30504;0;15840
500;70;3;BubbleSort;345650;112815;30005;196181
500;70;3;MergeSort;8976;3315;0;57631
500;70;3;CountingSort;1501;0;0;11090
500;70;3;QuickSort;16560;7134;2810;21570
500;70;3;InsertionSort;94638;31546;0;19360
500;70;3;BubbleSort;345632;110722;31047;198731
500;70;3;MergeSort;8976;3330;0;63940
500;70;3;CountingSort;1501;0;0;10500
500;70;3;QuickSort;18793;7642;3389;19980
500;70;3;InsertionSort;90597;30199;0;22720
500;70;3;BubbleSort;339908;110554;29700;197701
500;70;3;MergeSort;8976;3342;0;58150
500;70;3;CountingSort;1501;0;0;10880
500;70;3;QuickSort;16035;6417;2877;35220
500;70;3;InsertionSort;98376;32792;0;69060
500;70;3;BubbleSort;352590;111709;32293;165211
500;70;3;MergeSort;8976;3326;0;60100
500;70;3;CountingSort;1501;0;0;37851
500;70;3;QuickSort;16488;6735;2915;23120
500;70;3;InsertionSort;90036;30012;0;29760
500;70;3;BubbleSort;336752;109350;29513;168430
500;70;3;MergeSort;8976;3326;0;85940
500;70;3;CountingSort;1501;0;0;11360
500;70;3;QuickSort;15421;6526;2628;24890
500;70;3;InsertionSort;95652;31884;0;25500
500;70;3;BubbleSort;349280;111870;31385;158181
500;70;3;MergeSort;8976;3325;0;42720
500;70;3;CountingSort;1501;0;0;11310
500;70;3;QuickSort;16140;6534;2863;24590
500;70;3;InsertionSort;87078;29026;0;32340
500;70;3;BubbleSort;332456;109174;28527;151221
500;70;3;MergeSort;8976;3317;0;81950
500;70;3;CountingSort;1501;0;0;10600
500;70;3;QuickSort;15978;6732;2750;19810
500;70;3;InsertionSort;96906;32302;0;28710
500;70;3;BubbleSort;349980;111384;31803;119300
500;70;3;MergeSort;8976;3338;0;47750
500;70;3;CountingSort;1501;0;0;9990
500;70;3;QuickSort;19055;8096;3320;27720
500;70;3;InsertionSort;95316;31772;0;26030
500;70;3;BubbleSort;350100;112504;31273;162731
500;70;3;MergeSort;8976;3333;0;66441
500;70;3;CountingSort;1501;0;0;46051
500;70;3;QuickSort;17219;6917;3101;23180
500;70;3;InsertionSort;95283;31761;0;27480
500;70;3;BubbleSort;347816;111384;31262;117450
500;70;3;MergeSort;8976;3301;0;59700
500;70;3;CountingSort;1501;0;0;11420
500;70;3;QuickSort;15624;6675;2651;24170
500;70;3;InsertionSort;96351;32117;0;31820
500;70;3;BubbleSort;346902;110215;31618;166810
500;70;3;MergeSort;8976;3343;0;72150
500;70;3;CountingSort;1501;0;0;11220
500;70;3;QuickSort;17406;7155;3084;24630
500;70;3;InsertionSort;93573;31191;0;25780
500;70;3;BubbleSort;338962;108097;30692;165681
500;70;3;MergeSort;8976;3324;0;75500
500;70;4;CountingSort;1501;0;0;104310
500;70;4;QuickSort;16745;7073;2895;821742
500;70;4;InsertionSort;89394;29798;0;3078489
500;70;4;BubbleSort;332286;107545;29299;4783184
500;70;4;MergeSort;8976;3424;0;746362
500;70;4;CountingSort;1501;0;0;58040
500;70;4;QuickSort;17589;7428;3055;117121
500;70;4;InsertionSort;85146;28382;0;2681308
500;70;4;BubbleSort;333642;111055;27883;2674798
500;70;4;MergeSort;8976;3418;0;205510
500;70;4;CountingSort;1501;0;0;45991
500;70;4;QuickSort;17171;7175;2993;66580
500;70;4;InsertionSort;92400;30800;0;677952
500;70;4;BubbleSort;343972;111384;30301;1068943
500;70;4;MergeSort;8976;3426;0;126440
500;70;4;CountingSort;1501;0;0;46240
500;70;4;QuickSort;16083;6831;2756;71600
500;70;4;InsertionSort;95244;31748;0;864573
500;70;4;BubbleSort;341190;108097;31249;920873
500;70;4;MergeSort;8976;3407;0;101440
500;70;4;CountingSort;1501;0;0;54290
500;70;4;QuickSort;19952;8168;3602;78071
500;70;4;InsertionSort;93324;31108;0;742481
500;70;4;BubbleSort;346496;112030;30609;829702
500;70;4;MergeSort;8976;3440;0;136100
500;70;4;CountingSort;1501;0;0;64720
500;70;4;QuickSort;16579;6955;2874;55740
500;70;4;InsertionSort;92049;30683;0;1070263
500;70;4;BubbleSort;344476;111870;30184;1111413
500;70;4;MergeSort;8976;3414;0;201781
500;70;4;CountingSort;1501;0;0;57990
500;70;4;QuickSort;18657;7761;3299;103790
500;70;4;InsertionSort;90942;30314;0;170681
500;70;4;BubbleSort;343320;112030;29815;428871
500;70;4;MergeSort;8976;3411;0;150011
500;70;4;CountingSort;1501;0;0;81390
500;70;4;QuickSort;18145;7303;3276;97430
500;70;4;InsertionSort;90990;30330;0;202851
500;70;4;BubbleSort;341764;111220;29831;400891
500;70;4;MergeSort;8976;3426;0;171841
500;70;4;CountingSort;1501;0;0;47110
500;70;4;QuickSort;21133;8731;3793;92640
500;70;4;InsertionSort;86961;28987;0;310071
500;70;4;BubbleSort;332300;109174;28488;537951
500;70;4;MergeSort;8976;3401;0;160450
500;70;4;CountingSort;1501;0;0;56810
500;70;4;QuickSort;16983;6960;3002;68600
500;70;4;InsertionSort;93132;31044;0;271161
500;70;4;BubbleSort;343958;110889;30545;330341
500;70;4;MergeSort;8976;3420;0;185661
500;70;4;CountingSort;1501;0;0;67850
500;70;4;QuickSort;16970;7133;2951;80560
500;70;4;InsertionSort;95736;31912;0;178551
500;70;4;BubbleSort;349070;111709;31413;270281
500;70;4;MergeSort;8976;3406;0;181621
500;70;4;CountingSort;1501;0;0;79400
500;70;4;QuickSort;18534;7413;3367;74420
500;70;4;InsertionSort;94278;31426;0;124421
500;70;4;BubbleSort;342056;109174;30927;274831
500;70;4;MergeSort;8976;3410;0;192810
500;70;4;CountingSort;1501;0;0;67430
500;70;4;QuickSort;16896;6837;3019;77551
500;70;4;InsertionSort;97458;32486;0;111761
500;70;4;BubbleSort;350058;111055;31987;230660
500;70;4;MergeSort;8976;3433;0;127110
500;70;4;CountingSort;1501;0;0;62700
500;70;4;QuickSort;16530;6765;2912;115050
500;70;4;InsertionSort;92448;30816;0;141021
500;70;4;BubbleSort;342038;110385;30317;211381
500;70;4;MergeSort;8976;3402;0;95180
500;70;4;CountingSort;1501;0;0;57110
500;70;4;QuickSort;20382;8313;3698;92700
500;70;4;InsertionSort;88221;29407;0;143271
500;70;4;BubbleSort;341262;112815;28908;159871
500;70;4;MergeSort;8976;3416;0;153241
500;70;4;CountingSort;1501;0;0;46340
500;70;4;QuickSort;17626;7210;3142;83040
500;70;4;InsertionSort;92139;30713;0;351031
500;70;4;BubbleSort;337414;108279;30214;425872
500;70;4;MergeSort;8976;3402;0;80711
500;70;4;CountingSort;1501;0;0;56940
500;70;4;QuickSort;17377;7036;3117;353741
500;70;4;InsertionSort;94734;31578;0;257111
500;70;4;BubbleSort;348694;112189;31079;355011
500;70;4;MergeSort;8976;3416;0;168211
500;70;4;CountingSort;1501;0;0;66430
500;70;4;QuickSort;16843;6856;2991;415201
500;70;4;InsertionSort;93465;31155;0;225161
500;70;4;BubbleSort;342712;110044;30656;316811
500;70;4;MergeSort;8976;3407;0;163210
500;70;4;CountingSort;1501;0;0;46900
500;70;4;QuickSort;19198;8422;3262;354901
500;70;4;InsertionSort;89922;29974;0;140850
500;70;4;BubbleSort;340994;111547;29475;203660
500;70;4;MergeSort;8976;3414;0;86610
500;70;4;CountingSort;1501;0;0;81820
500;70;4;QuickSort;15867;6636;2743;405791
500;70;4;InsertionSort;94332;31444;0;35250
500;70;4;BubbleSort;344550;110385;30945;144640
500;70;4;MergeSort;8976;3434;0;65260
500;70;4;CountingSort;1501;0;0;67410
500;70;4;QuickSort;16543;6874;2892;410971
500;70;4;InsertionSort;90909;30303;0;26190
500;70;4;BubbleSort;334676;107730;29804;154941
500;70;4;MergeSort;8976;3438;0;66230
500;70;4;CountingSort;1501;0;0;47870
500;70;4;QuickSort;16052;6614;2808;316471
500;70;4;InsertionSort;97515;32505;0;26420
500;70;4;BubbleSort;350134;111055;32006;159350
500;70;4;MergeSort;8976;3409;0;62910
500;70;4;CountingSort;1501;0;0;65751
500;70;4;QuickSort;16594;6754;2948;61381
500;70;4;InsertionSort;94887;31629;0;30990
500;70;4;BubbleSort;344264;109872;31130;167240
500;70;4;MergeSort;8976;3417;0;58250
500;70;4;CountingSort;1501;0;0;48030
500;70;4;QuickSort;16762;7066;2903;23010
500;70;4;InsertionSort;92058;30686;0;34571
500;70;4;BubbleSort;347598;113425;30187;1088013
500;70;4;MergeSort;8976;3408;0;1021533
500;70;4;CountingSort;1501;0;0;56890
500;70;4;QuickSort;17855;7400;3156;25900
500;70;4;InsertionSort;93030;31010;0;30900
500;70;4;BubbleSort;345784;111870;30511;162610
500;70;4;MergeSort;8976;3406;0;72550
500;70;4;CountingSort;1501;0;0;57200
500;70;4;QuickSort;17385;6957;3143;23150
500;70;4;InsertionSort;98421;32807;0;28270
500;70;4;BubbleSort;347932;109350;32308;127561
500;70;4;MergeSort;8976;3408;0;29690
500;70;4;CountingSort;1501;0;0;64470
500;70;4;QuickSort;19516;7927;3523;29730
500;70;4;InsertionSort;92955;30985;0;16100
500;70;4;BubbleSort;337772;107914;30486;143800
500;70;4;MergeSort;8976;3430;0;34290
500;70;4;CountingSort;1501;0;0;45070
500;70;4;QuickSort;16533;6741;2930;24370
500;70;4;InsertionSort;94650;31550;0;27010
500;70;4;BubbleSort;342198;108997;31051;127860
500;70;4;MergeSort;8976;3437;0;45220
500;70;4;CountingSort;1501;0;0;46560
500;70;4;QuickSort;16646;6866;2920;19251
500;70;4;InsertionSort;93225;31075;0;23420
500;70;4;BubbleSort;337764;107730;30576;163690
500;70;4;MergeSort;8976;3432;0;47060
500;70;4;CountingSort;1501;0;0;49510
500;70;4;QuickSort;15433;6634;2596;17860
500;70;4;InsertionSort;92415;30805;0;15760
500;70;4;BubbleSort;344642;111709;30306;146370
500;70;4;MergeSort;8976;3412;0;44470
500;70;4;CountingSort;1501;0;0;64680
500;70;4;QuickSort;16464;6858;2869;22490
500;70;4;InsertionSort;95649;31883;0;28350
500;70;4;BubbleSort;347976;111220;31384;174301
500;70;4;MergeSort;8976;3409;0;47110
500;70;4;CountingSort;1501;0;0;32870
500;70;4;QuickSort;17127;6882;3077;19590
500;70;4;InsertionSort;89919;29973;0;36770
500;70;4;BubbleSort;326794;104449;29474;151101
500;70;4;MergeSort;8976;3436;0;55820
500;70;4;CountingSort;1501;0;0;23881
500;70;4;QuickSort;18113;7274;3284;18080
500;70;4;InsertionSort;92232;30744;0;20510
500;70;4;BubbleSort;345988;112504;30245;119640
500;70;4;MergeSort;8976;3408;0;40580
500;70;4;CountingSort;1501;0;0;8570
500;70;4;QuickSort;16624;6673;2983;22551
500;70;4;InsertionSort;92043;30681;0;25760
500;70;4;BubbleSort;346358;112815;30182;106350
500;70;4;MergeSort;8976;3417;0;36560
500;70;4;CountingSort;1501;0;0;8660
500;70;4;QuickSort;16998;7011;2992;22000
500;70;4;InsertionSort;93597;31199;0;26430
500;70;4;BubbleSort;343230;110215;30700;128411
500;70;4;MergeSort;8976;3407;0;38720
500;70;4;CountingSort;1501;0;0;8750
500;70;4;QuickSort;18888;7620;3422;23581
500;70;4;InsertionSort;97314;32438;0;29310
500;70;4;BubbleSort;354606;113425;31939;163890
500;70;4;MergeSort;8976;3420;0;53980
500;70;4;CountingSort;1501;0;0;8910
500;70;4;QuickSort;16140;6825;2770;28650
500;70;4;InsertionSort;92304;30768;0;79101
500;70;4;BubbleSort;340820;109872;30269;207791
500;70;4;MergeSort;8976;3421;0;62691
500;70;4;CountingSort;1501;0;0;11520
500;70;4;QuickSort;21708;9198;3840;21880
500;70;4;InsertionSort;91161;30387;0;40650
500;70;4;BubbleSort;336832;108640;29888;123981
500;70;4;MergeSort;8976;3422;0;62630
500;70;4;CountingSort;1501;0;0;12440
500;70;4;QuickSort;18346;7798;3180;24770
500;70;4;InsertionSort;86535;28845;0;24870
500;70;4;BubbleSort;334828;110722;28346;161131
500;70;4;MergeSort;8976;3431;0;62930
500;70;4;CountingSort;1501;0;0;15650
500;70;4;QuickSort;16538;6947;2864;25070
500;70;4;InsertionSort;89319;29773;0;33920
500;70;4;BubbleSort;331814;107359;29274;187941
500;70;4;MergeSort;8976;3434;0;73311
500;70;4;CountingSort;1501;0;0;9600
500;70;4;QuickSort;18499;7924;3192;32190
500;70;4;InsertionSort;94377;31459;0;16620
500;70;4;BubbleSort;350388;113274;30960;182661
500;70;4;MergeSort;8976;3426;0;77781
500;70;4;CountingSort;1501;0;0;10440
500;70;4;QuickSort;18655;7618;3343;26550
500;70;4;InsertionSort;88473;29491;0;23610
500;70;4;BubbleSort;332162;108097;28992;136241
500;70;4;MergeSort;8976;3442;0;61991
500;70;4;CountingSort;1501;0;0;10461
500;70;4;QuickSort;16912;6946;2986;19870
500;70;4;InsertionSort;87612;29204;0;26840
500;70;4;BubbleSort;329910;107545;28705;137550
500;70;4;MergeSort;8976;3411;0;55560
500;70;4;CountingSort;1501;0;0;9880
500;70;4;QuickSort;16546;7387;2727;20170
500;70;4;InsertionSort;95841;31947;0;16390
500;70;4;BubbleSort;345880;110044;31448;111941
500;70;4;MergeSort;8976;3409;0;43920
500;70;4;CountingSort;1501;0;0;11310
500;70;4;QuickSort;19422;7713;3573;20070
500;70;4;InsertionSort;95184;31728;0;16230
500;70;4;BubbleSort;334216;104650;31229;107251
500;70;4;MergeSort;8976;3422;0;54350
500;70;4;CountingSort;1501;0;0;14020
500;70;4;QuickSort;15716;6581;2709;24060
500;70;4;InsertionSort;94995;31665;0;15820
500;70;4;BubbleSort;349672;112504;31166;103960
500;70;4;MergeSort;8976;3437;0;48450
500;70;4;CountingSort;1501;0;0;10850
500;70;4;QuickSort;18349;7729;3195;21400
500;70;4;InsertionSort;93165;31055;0;22250
500;70;4;BubbleSort;344334;111055;30556;124410
500;70;4;MergeSort;8976;3419;0;40800
500;70;4;CountingSort;1501;0;0;11830
500;70;4;QuickSort;16552;6661;2970;18740
500;70;4;InsertionSort;89091;29697;0;58960
500;70;4;BubbleSort;334072;108640;29198;142301
500;70;4;MergeSort;8976;3420;0;57041
500;70;4;CountingSort;1501;0;0;13360
500;70;4;QuickSort;20592;8367;3739;20460
500;70;4;InsertionSort;89739;29913;0;18500
500;70;4;BubbleSort;332000;107172;29414;143070
500;70;4;MergeSort;8976;3428;0;66230
500;70;4;CountingSort;1501;0;0;11410
500;70;4;QuickSort;18495;7380;3374;19570
500;70;4;InsertionSort;89895;29965;0;18550
500;70;4;BubbleSort;329534;105835;29466;170560
500;70;4;MergeSort;8976;3397;0;85250
500;70;4;CountingSort;1501;0;0;13840
500;70;4;QuickSort;18895;7678;3407;19261
500;70;4;InsertionSort;85227;28409;0;17490
500;70;4;BubbleSort;329634;108997;27910;128750
500;70;4;MergeSort;8976;3407;0;51990
500;70;4;CountingSort;1501;0;0;17650
500;70;4;QuickSort;17782;7852;2975;33830
500;70;4;InsertionSort;90234;30078;0;22850
500;70;4;BubbleSort;343636;112660;29579;217961
500;70;4;MergeSort;8976;3415;0;61230
500;70;4;CountingSort;1501;0;0;22010
500;70;4;QuickSort;22190;9035;4043;46910
500;70;4;InsertionSort;93072;31024;0;224210
500;70;4;BubbleSort;342188;110044;30525;334261
500;70;4;MergeSort;8976;3417;0;68240
500;70;4;CountingSort;1501;0;0;19040
500;70;4;QuickSort;16208;6593;2869;19950
500;70;4;InsertionSort;92637;30879;0;23550
500;70;4;BubbleSort;336238;107359;30380;218321
500;70;4;MergeSort;8976;3425;0;91640
500;70;4;CountingSort;1501;0;0;11480
500;70;4;QuickSort;15446;6296;2724;24170
500;70;4;InsertionSort;93123;31041;0;18880
500;70;4;BubbleSort;341566;109699;30542;190861
500;70;4;MergeSort;8976;3422;0;57770
500;70;4;CountingSort;1501;0;0;10150
500;70;4;QuickSort;16071;6777;2755;24110
500;70;4;InsertionSort;91092;30364;0;26530
500;70;4;BubbleSort;341238;110889;29865;196550
500;70;4;MergeSort;8976;3415;0;73340
500;70;4;CountingSort;1501;0;0;9630
500;70;4;QuickSort;16265;6662;2871;24371
500;70;4;InsertionSort;93090;31030;0;32290
500;70;4;BubbleSort;341868;109872;30531;149590
500;70;4;MergeSort;8976;3417;0;65790
500;70;4;CountingSort;1501;0;0;10560
500;70;4;QuickSort;16219;6844;2793;23590
500;70;4;InsertionSort;89034;29678;0;27330
500;70;4;BubbleSort;335416;109350;29179;182201
500;70;4;MergeSort;8976;3423;0;56861
500;70;4;CountingSort;1501;0;0;12380
500;70;4;QuickSort;17055;7089;2995;25070
500;70;4;InsertionSort;98985;32995;0;30510
500;70;4;BubbleSort;356834;113425;32496;138940
500;70;4;MergeSort;8976;3408;0;62990
500;70;4;CountingSort;1501;0;0;15240
500;70;4;QuickSort;17921;7256;3219;25080
500;70;4;InsertionSort;88407;29469;0;30120
500;70;4;BubbleSort;333518;108819;28970;130991
500;70;4;MergeSort;8976;3406;0;57410
500;70;4;CountingSort;1501;0;0;11060
500;70;4;QuickSort;16644;6825;2948;24980
500;70;4;InsertionSort;92715;30905;0;26510
500;70;4;BubbleSort;337084;107730;30406;132260
500;70;4;MergeSort;8976;3416;0;68650
500;70;4;CountingSort;1501;0;0;11370
500;70;4;QuickSort;18179;7550;3212;24710
500;70;4;InsertionSort;99708;33236;0;20480
500;70;4;BubbleSort;356886;112969;32737;190901
500;70;4;MergeSort;8976;3426;0;62081
500;70;4;CountingSort;1501;0;0;8951
500;70;4;QuickSort;19038;7764;3433;25290
500;70;4;InsertionSort;93216;31072;0;15950
500;70;4;BubbleSort;340640;109174;30573;160760
500;70;4;MergeSort;8976;3404;0;63810
500;70;4;CountingSort;1501;0;0;11040
500;70;4;QuickSort;16647;6723;2967;24310
500;70;4;InsertionSort;95391;31797;0;23070
500;70;4;BubbleSort;344242;109525;31298;158361
500;70;4;MergeSort;8976;3425;0;63861
500;70;4;CountingSort;1501;0;0;10210
500;70;4;QuickSort;19306;8107;3398;27180
500;70;4;InsertionSort;87159;29053;0;30590
500;70;4;BubbleSort;328184;106984;28554;133050
500;70;4;MergeSort;8976;3433;0;64090
500;70;4;CountingSort;1501;0;0;14280
500;70;4;QuickSort;15635;6599;2683;23950
500;70;4;InsertionSort;91587;30529;0;15610
500;70;4;BubbleSort;339864;109872;30030;126200
500;70;4;MergeSort;8976;3429;0;45180
500;70;4;CountingSort;1501;0;0;11100
500;70;4;QuickSort;15944;6866;2692;24710
500;70;4;InsertionSort;96105;32035;0;18020
500;70;4;BubbleSort;351464;112660;31536;100710
500;70;4;MergeSort;8976;3412;0;43080
500;70;4;CountingSort;1501;0;0;16900
500;70;4;QuickSort;17739;7299;3144;20770
500;70;4;InsertionSort;91026;30342;0;29120
500;70;4;BubbleSort;341812;111220;29843;128121
500;70;4;MergeSort;8976;3411;0;46780
500;70;4;CountingSort;1501;0;0;10620
500;70;4;QuickSort;16692;6849;2949;19310
500;70;4;InsertionSort;93498;31166;0;24040
500;70;4;BubbleSort;343438;110385;30667;110830
500;70;4;MergeSort;8976;3383;0;72900
500;70;4;CountingSort;1501;0;0;12040
500;70;4;QuickSort;18865;7771;3364;61320
500;70;4;InsertionSort;102162;34054;0;23990
500;70;4;BubbleSort;359540;112660;33555;137091
500;70;4;MergeSort;8976;3412;0;66270
500;70;4;CountingSort;1501;0;0;8830
500;70;4;QuickSort;17631;7302;3110;19800
500;70;4;InsertionSort;87906;29302;0;15260
500;70;4;BubbleSort;341150;112969;28803;113170
500;70;4;MergeSort;8976;3379;0;43630
500;70;4;CountingSort;1501;0;0;45310
500;70;4;QuickSort;19514;8024;3507;20400
500;70;4;InsertionSort;93225;31075;0;15580
500;70;4;BubbleSort;348852;113274;30576;104991
500;70;4;MergeSort;8976;3429;0;42060
500;70;4;CountingSort;1501;0;0;11140
500;70;4;QuickSort;15983;6545;2812;19860
500;70;4;InsertionSort;93057;31019;0;178251
500;70;4;BubbleSort;339000;108460;30520;252671
500;70;4;MergeSort;8976;3433;0;39980
500;70;4;CountingSort;1501;0;0;10740
500;70;4;QuickSort;15491;6608;2637;19840
500;70;4;InsertionSort;89343;29781;0;21960
500;70;4;BubbleSort;331472;107172;29282;163270
500;70;4;MergeSort;8976;3407;0;61190
500;70;4;CountingSort;1501;0;0;9650
500;70;4;QuickSort;15854;6605;2753;23840
500;70;4;InsertionSort;92499;30833;0;18460
500;70;4;BubbleSort;343446;111055;30334;190991
500;70;4;MergeSort;8976;3412;0;59530
500;70;4;CountingSort;1501;0;0;11950
500;70;4;QuickSort;17464;7213;3082;25080
500;70;4;InsertionSort;94947;31649;0;28370
500;70;4;BubbleSort;348340;111870;31150;223591
500;70;4;MergeSort;8976;3436;0;59450
500;70;4;CountingSort;1501;0;0;11160
500;70;4;QuickSort;16008;6639;2793;19350
500;70;4;InsertionSort;87105;29035;0;27200
500;70;4;BubbleSort;335252;110554;28536;165220
500;70;4;MergeSort;8976;3438;0;50850
500;70;4;CountingSort;1501;0;0;9920
500;70;4;QuickSort;16146;6687;2818;20490
500;70;4;InsertionSort;90573;30191;0;21630
500;70;4;BubbleSort;341208;111220;29692;137211
500;70;4;MergeSort;8976;3422;0;60321
500;70;4;CountingSort;1501;0;0;12770
500;70;4;QuickSort;17039;7031;2998;33080
500;70;4;InsertionSort;96669;32223;0;24830
500;70;4;BubbleSort;349664;111384;31724;137581
500;70;4;MergeSort;8976;3434;0;44660
500;70;4;CountingSort;1501;0;0;18560
500;70;4;QuickSort;16991;7127;2943;25880
500;70;4;InsertionSort;89310;29770;0;28020
500;70;4;BubbleSort;338528;110722;29271;118560
500;70;4;MergeSort;8976;3417;0;56640
500;70;4;CountingSort;1501;0;0;11520
500;70;4;QuickSort;16159;6490;2891;24680
500;70;4;InsertionSort;95493;31831;0;22550
500;70;4;BubbleSort;350958;112815;31332;124891
500;70;4;MergeSort;8976;3426;0;46490
500;70;4;CountingSort;1501;0;0;12290
500;70;4;QuickSort;19057;8272;3258;22150
500;70;4;InsertionSort;93351;31117;0;117280
500;70;4;BubbleSort;337932;107730;30618;189500
500;70;4;MergeSort;8976;3412;0;55420
500;70;4;CountingSort;1501;0;0;7820
500;70;4;QuickSort;16527;6750;2930;19790
500;70;4;InsertionSort;89181;29727;0;26270
500;70;4;BubbleSort;326212;104650;29228;140581
500;70;4;MergeSort;8976;3423;0;67901
500;70;4;CountingSort;1501;0;0;4870
500;70;4;QuickSort;16424;6605;2936;19480
500;70;4;InsertionSort;91947;30649;0;24310
500;70;4;BubbleSort;341370;110385;30150;148471
500;70;4;MergeSort;8976;3423;0;52551
500;70;4;CountingSort;1501;0;0;4530
500;70;4;QuickSort;17586;7446;3050;20200
500;70;4;InsertionSort;94959;31653;0;30860
500;70;4;BubbleSort;349624;112504;31154;138760
500;70;4;MergeSort;8976;3417;0;52640
500;70;4;CountingSort;1501;0;0;5800
500;70;4;QuickSort;18109;7366;3248;19840
500;70;4;InsertionSort;98001;32667;0;24820
500;70;4;BubbleSort;354610;112969;32168;143711
500;70;4;MergeSort;8976;3421;0;49920
500;70;4;CountingSort;1501;0;0;6430
500;70;4;QuickSort;16638;6705;2977;23670
500;70;4;InsertionSort;91458;30486;0;22351
500;70;4;BubbleSort;338998;109525;29987;182110
500;70;4;MergeSort;8976;3420;0;58690
500;70;4;CountingSort;1501;0;0;7540
500;70;4;QuickSort;16512;6819;2902;23440
500;70;4;InsertionSort;88284;29428;0;32210
500;70;4;BubbleSort;330060;107172;28929;153861
500;70;4;MergeSort;8976;3424;0;77931
500;70;4;CountingSort;1501;0;0;6130
500;70;4;QuickSort;17661;7260;3134;28430
500;70;4;InsertionSort;88938;29646;0;22670
500;70;4;BubbleSort;333146;108279;29147;237241
500;70;4;MergeSort;8976;3408;0;71390
500;70;4;CountingSort;1501;0;0;6900
500;70;4;QuickSort;15348;6702;2547;23570
500;70;4;InsertionSort;92340;30780;0;30500
500;70;4;BubbleSort;342232;110554;30281;187580
500;70;4;MergeSort;8976;3412;0;74840
500;70;4;CountingSort;1501;0;0;8990
500;70;4;QuickSort;16524;6702;2942;23110
500;70;4;InsertionSort;91608;30536;0;29290
500;70;4;BubbleSort;332976;106414;30037;186681
500;70;4;MergeSort;8976;3427;0;73170
500;70;4;CountingSort;1501;0;0;4550
500;70;4;QuickSort;15831;6627;2737;20340
500;70;4;InsertionSort;98721;32907;0;22180
500;70;4;BubbleSort;347980;109174;32408;144830
500;70;4;MergeSort;8976;3415;0;65820
500;70;4;CountingSort;1501;0;0;7060
500;70;4;QuickSort;16620;6912;2901;20550
500;70;4;InsertionSort;92493;30831;0;15380
500;70;4;BubbleSort;338608;108640;30332;137970
500;70;4;MergeSort;8976;3438;0;54610
500;70;4;CountingSort;1501;0;0;6330
500;70;4;QuickSort;17344;7459;2963;24710
500;70;4;InsertionSort;96384;32128;0;15750
500;70;4;BubbleSort;353366;113425;31629;194261
500;70;4;MergeSort;8976;3436;0;66830
500;70;4;CountingSort;1501;0;0;6050
500;70;4;QuickSort;17873;7334;3181;23561
500;70;4;InsertionSort;90843;30281;0;15390
500;70;4;BubbleSort;340236;110554;29782;197970
500;70;4;MergeSort;8976;3402;0;72360
500;70;4;CountingSort;1501;0;0;4330
500;70;4;QuickSort;16241;7193;2675;24470
500;70;4;InsertionSort;94785;31595;0;24920
500;70;4;BubbleSort;348444;112030;31096;196491
500;70;4;MergeSort;8976;3441;0;74790
500;70;4;CountingSort;1501;0;0;5060
500;70;4;QuickSort;16874;7130;2925;20280
500;70;4;InsertionSort;93561;31187;0;19360
500;70;4;BubbleSort;335580;106414;30688;190451
500;70;4;MergeSort;8976;3426;0;55110
500;70;4;CountingSort;1501;0;0;7650
500;70;4;QuickSort;18100;7255;3276;32130
500;70;4;InsertionSort;92193;30731;0;94140
500;70;4;BubbleSort;340672;109872;30232;228711
500;70;4;MergeSort;8976;3411;0;72780
500;70;4;CountingSort;1501;0;0;12990
500;70;4;QuickSort;18599;7565;3339;26410
500;70;4;InsertionSort;95316;31772;0;28280
500;70;4;BubbleSort;342372;108640;31273;153300
500;70;4;MergeSort;8976;3427;0;68970
500;70;4;CountingSort;1501;0;0;8870
500;70;4;QuickSort;19437;7845;3530;26750
500;70;4;InsertionSort;98373;32791;0;28360
500;70;4;BubbleSort;342758;106795;32292;205981
500;70;4;MergeSort;8976;3424;0;83330
500;80;1;CountingSort;1501;0;0;146141
500;80;1;QuickSort;15753;6327;2819;782542
500;80;1;InsertionSort;165159;55051;0;4118191
500;80;1;BubbleSort;467630;124705;54555;5441045
500;80;1;MergeSort;8976;3847;0;633842
500;80;1;CountingSort;1501;0;0;59560
500;80;1;QuickSort;17506;7228;3105;146760
500;80;1;InsertionSort;161960;53984;0;2183916
500;80;1;BubbleSort;462526;124285;53489;2261406
500;80;1;MergeSort;8976;3846;0;194301
500;80;1;CountingSort;1501;0;0;66340
500;80;1;QuickSort;16298;6731;2865;76991
500;80;1;InsertionSort;165339;55111;0;2209157
500;80;1;BubbleSort;467580;124560;54615;3382819
500;80;1;MergeSort;8976;3859;0;188620
500;80;1;CountingSort;1501;0;0;74010
500;80;1;QuickSort;19570;7930;3560;92920
500;80;1;InsertionSort;163430;54472;0;206471
500;80;1;BubbleSort;458614;121347;53980;314921
500;80;1;MergeSort;8976;3824;0;220370
500;80;1;CountingSort;1501;0;0;78090
500;80;1;QuickSort;16940;7100;2949;94650
500;80;1;InsertionSort;156840;52278;0;195131
500;80;1;BubbleSort;454078;123475;51782;329961
500;80;1;MergeSort;8976;3843;0;217311
500;80;1;CountingSort;1501;0;0;50860
500;80;1;QuickSort;20239;8377;3621;121500
500;80;1;InsertionSort;156095;52029;0;353901
500;80;1;BubbleSort;452556;123210;51534;181120
500;80;1;MergeSort;8976;3844;0;186321
500;80;1;CountingSort;1501;0;0;58450
500;80;1;QuickSort;16398;6696;2905;143001
500;80;1;InsertionSort;165579;55189;0;217341
500;80;1;BubbleSort;467904;124560;54696;385302
500;80;1;MergeSort;8976;3834;0;150420
500;80;1;CountingSort;1501;0;0;52541
500;80;1;QuickSort;20826;8310;3847;113730
500;80;1;InsertionSort;162472;54156;0;327861
500;80;1;BubbleSort;463536;124450;53659;414091
500;80;1;MergeSort;8976;3865;0;206251
500;80;1;CountingSort;1501;0;0;62570
500;80;1;QuickSort;16964;7100;2961;131210
500;80;1;InsertionSort;162081;54025;0;184541
500;80;1;BubbleSort;462686;124285;53529;369801
500;80;1;MergeSort;8976;3839;0;194871
500;80;1;CountingSort;1501;0;0;63170
500;80;1;QuickSort;16846;7042;2934;362751
500;80;1;InsertionSort;154104;51368;0;179870
500;80;1;BubbleSort;451254;123889;50869;140730
500;80;1;MergeSort;8976;3844;0;137070
500;80;1;CountingSort;1501;0;0;71360
500;80;1;QuickSort;21304;8569;3907;515781
500;80;1;InsertionSort;156243;52079;0;129130
500;80;1;BubbleSort;453076;123372;51583;344961
500;80;1;MergeSort;8976;3839;0;242991
500;80;1;CountingSort;1501;0;0;67390
500;80;1;QuickSort;16378;6859;2834;366641
500;80;1;InsertionSort;159450;53150;0;182920
500;80;1;BubbleSort;459048;124222;52651;195241
500;80;1;MergeSort;8976;3875;0;142500
500;80;1;CountingSort;1501;0;0;50990
500;80;1;QuickSort;17717;7487;3076;122751
500;80;1;InsertionSort;156493;52161;0;63860
500;80;1;BubbleSort;453198;123265;51667;272700
500;80;1;MergeSort;8976;3843;0;153470
500;80;1;CountingSort;1501;0;0;68130
500;80;1;QuickSort;17972;7229;3244;41880
500;80;1;InsertionSort;164106;54700;0;213101
500;80;1;BubbleSort;466206;124695;54204;339971
500;80;1;MergeSort;8976;3874;0;75151
500;80;1;CountingSort;1501;0;0;63930
500;80;1;QuickSort;18314;7745;3187;47900
500;80;1;InsertionSort;160542;53514;0;26710
500;80;1;BubbleSort;460078;124009;53015;150700
500;80;1;MergeSort;8976;3828;0;129011
500;80;1;CountingSort;1501;0;0;47740
500;80;1;QuickSort;15613;6493;2704;25790
500;80;1;InsertionSort;165330;55110;0;32290
500;80;1;BubbleSort;467344;124450;54611;152731
500;80;1;MergeSort;8976;3825;0;126100
500;80;1;CountingSort;1501;0;0;65680
500;80;1;QuickSort;16790;7319;2823;25570
500;80;1;InsertionSort;155229;51741;0;50711
500;80;1;BubbleSort;453928;124474;51245;200710
500;80;1;MergeSort;8976;3859;0;71400
500;80;1;CountingSort;1501;0;0;49550
500;80;1;QuickSort;15322;6544;2599;31510
500;80;1;InsertionSort;159067;53021;0;42690
500;80;1;BubbleSort;459440;124672;52524;245121
500;80;1;MergeSort;8976;3863;0;107281
500;80;1;CountingSort;1501;0;0;49160
500;80;1;QuickSort;18949;7528;3468;21620
500;80;1;InsertionSort;162154;54050;0;45910
500;80;1;BubbleSort;463472;124630;53553;178680
500;80;1;MergeSort;8976;3848;0;79500
500;80;1;CountingSort;1501;0;0;56130
500;80;1;QuickSort;16011;6477;2845;25340
500;80;1;InsertionSort;162060;54020;0;42740
500;80;1;BubbleSort;461862;123889;53521;198441
500;80;1;MergeSort;8976;3849;0;71300
500;80;1;CountingSort;1501;0;0;48611
500;80;1;QuickSort;16486;6832;2880;25820
500;80;1;InsertionSort;159040;53012;0;33740
500;80;1;BubbleSort;459530;124735;52515;200030
500;80;1;MergeSort;8976;3832;0;55300
500;80;1;CountingSort;1501;0;0;57040
500;80;1;QuickSort;16131;6468;2897;26300
500;80;1;InsertionSort;155189;51727;0;33491
500;80;1;BubbleSort;453498;124285;51232;196130
500;80;1;MergeSort;8976;3840;0;89680
500;80;1;CountingSort;1501;0;0;1379004
500;80;1;QuickSort;16921;7225;2907;35500
500;80;1;InsertionSort;164254;54750;0;26210
500;80;1;BubbleSort;464952;123970;54253;1386924
500;80;1;MergeSort;8976;3857;0;1290334
500;80;1;CountingSort;1501;0;0;74240
500;80;1;QuickSort;20852;8453;3801;37200
500;80;1;InsertionSort;163341;54447;0;41260
500;80;1;BubbleSort;463960;124084;53948;198230
500;80;1;MergeSort;8976;3861;0;61840
500;80;1;CountingSort;1501;0;0;88190
500;80;1;QuickSort;18180;7548;3217;55470
500;80;1;InsertionSort;158028;52676;0;49420
500;80;1;BubbleSort;457152;124222;52177;197951
500;80;1;MergeSort;8976;3814;0;47840
500;80;1;CountingSort;1501;0;0;76400
500;80;1;QuickSort;19431;8154;3427;45990
500;80;1;InsertionSort;164908;54966;0;53620
500;80;1;BubbleSort;467316;124714;54472;220161
500;80;1;MergeSort;8976;3859;0;54460
500;80;1;CountingSort;1501;0;0;64480
500;80;1;QuickSort;17852;7640;3071;24180
500;80;1;InsertionSort;177594;59194;0;34380
500;80;1;BubbleSort;483654;124425;58701;142760
500;80;1;MergeSort;8976;3846;0;59700
500;80;1;CountingSort;1501;0;0;59660
500;80;1;QuickSort;18468;7560;3304;48510
500;80;1;InsertionSort;153309;51101;0;36670
500;80;1;BubbleSort;449470;123525;50605;232231
500;80;1;MergeSort;8976;3851;0;82671
500;80;1;CountingSort;1501;0;0;63390
500;80;1;QuickSort;16833;7254;2862;27960
500;80;1;InsertionSort;160219;53403;0;33060
500;80;1;BubbleSort;461004;124684;52909;202561
500;80;1;MergeSort;8976;3876;0;84440
500;80;1;CountingSort;1501;0;0;71960
500;80;1;QuickSort;21305;8876;3813;27730
500;80;1;InsertionSort;156807;52265;0;33660
500;80;1;BubbleSort;456546;124729;51772;146100
500;80;1;MergeSort;8976;3853;0;85750
500;80;1;CountingSort;1501;0;0;51910
500;80;1;QuickSort;16751;7145;2871;26310
500;80;1;InsertionSort;174260;58084;0;119281
500;80;1;BubbleSort;479584;124614;57589;266581
500;80;1;MergeSort;8976;3860;0;54271
500;80;1;CountingSort;1501;0;0;38641
500;80;1;QuickSort;15721;6661;2694;32410
500;80;1;InsertionSort;168949;56315;0;43390
500;80;1;BubbleSort;472662;124695;55818;200680
500;80;1;MergeSort;8976;3868;0;56780
500;80;1;CountingSort;1501;0;0;33960
500;80;1;QuickSort;16884;6993;2963;37900
500;80;1;InsertionSort;162184;54060;0;46540
500;80;1;BubbleSort;463372;124560;53563;208561
500;80;1;MergeSort;8976;3867;0;62701
500;80;1;CountingSort;1501;0;0;14390
500;80;1;QuickSort;18036;7536;3172;27100
500;80;1;InsertionSort;165193;55061;0;36251
500;80;1;BubbleSort;466646;124189;54567;239950
500;80;1;MergeSort;8976;3838;0;83120
500;80;1;CountingSort;1501;0;0;10540
500;80;1;QuickSort;16130;6806;2785;27030
500;80;1;InsertionSort;158451;52813;0;85840
500;80;1;BubbleSort;457968;124344;52320;167950
500;80;1;MergeSort;8976;3850;0;55800
500;80;1;CountingSort;1501;0;0;9570
500;80;1;QuickSort;17614;7183;3140;42110
500;80;1;InsertionSort;162640;54212;0;32750
500;80;1;BubbleSort;464088;124614;53715;137741
500;80;1;MergeSort;8976;3836;0;57911
500;80;1;CountingSort;1501;0;0;10260
500;80;1;QuickSort;17118;7044;3023;26270
500;80;1;InsertionSort;156731;52241;0;35900
500;80;1;BubbleSort;455728;124372;51746;257481
500;80;1;MergeSort;8976;3830;0;77661
500;80;1;CountingSort;1501;0;0;16760
500;80;1;QuickSort;16082;6614;2822;26010
500;80;1;InsertionSort;163425;54475;0;40670
500;80;1;BubbleSort;464348;124222;53976;159730
500;80;1;MergeSort;8976;3826;0;90250
500;80;1;CountingSort;1501;0;0;19690
500;80;1;QuickSort;16898;7151;2914;32070
500;80;1;InsertionSort;158606;52866;0;68230
500;80;1;BubbleSort;457262;123889;52371;182410
500;80;1;MergeSort;8976;3851;0;60290
500;80;1;CountingSort;1501;0;0;11160
500;80;1;QuickSort;16134;6474;2886;24570
500;80;1;InsertionSort;166024;55338;0;26390
500;80;1;BubbleSort;468604;124614;54844;167791
500;80;1;MergeSort;8976;3849;0;69270
500;80;1;CountingSort;1501;0;0;20160
500;80;1;QuickSort;17048;6947;3033;27070
500;80;1;InsertionSort;171927;57309;0;59140
500;80;1;BubbleSort;476360;124560;56810;229810
500;80;1;MergeSort;8976;3880;0;62910
500;80;1;CountingSort;1501;0;0;16430
500;80;1;QuickSort;17145;6813;3115;38650
500;80;1;InsertionSort;161544;53848;0;46720
500;80;1;BubbleSort;462554;124579;53349;178071
500;80;1;MergeSort;8976;3836;0;71751
500;80;1;CountingSort;1501;0;0;15400
500;80;1;QuickSort;17446;7180;3095;22980
500;80;1;InsertionSort;162539;54177;0;25441
500;80;1;BubbleSort;463298;124285;53682;192070
500;80;1;MergeSort;8976;3858;0;77670
500;80;1;CountingSort;1501;0;0;9050
500;80;1;QuickSort;16933;6997;2973;22090
500;80;1;InsertionSort;162374;54122;0;50930
500;80;1;BubbleSort;463978;124735;53627;223690
500;80;1;MergeSort;8976;3848;0;86010
500;80;1;CountingSort;1501;0;0;10610
500;80;1;QuickSort;16964;6950;3011;36841
500;80;1;InsertionSort;146567;48853;0;28480
500;80;1;BubbleSort;436926;121747;48358;193360
500;80;1;MergeSort;8976;3869;0;49460
500;80;1;CountingSort;1501;0;0;10140
500;80;1;QuickSort;19588;8137;3486;22260
500;80;1;InsertionSort;163520;54504;0;35860
500;80;1;BubbleSort;464780;124372;54009;164920
500;80;1;MergeSort;8976;3856;0;102381
500;80;1;CountingSort;1501;0;0;12050
500;80;1;QuickSort;16849;7030;2938;27180
500;80;1;InsertionSort;159845;53279;0;24980
500;80;1;BubbleSort;459154;124009;52784;230471
500;80;1;MergeSort;8976;3848;0;88910
500;80;1;CountingSort;1501;0;0;10100
500;80;1;QuickSort;17003;7094;2970;31760
500;80;1;InsertionSort;166926;55642;0;45891
500;80;1;BubbleSort;468590;124009;55143;197210
500;80;1;MergeSort;8976;3859;0;50350
500;80;1;CountingSort;1501;0;0;13330
500;80;1;QuickSort;17936;7598;3117;30450
500;80;1;InsertionSort;148689;49563;0;35010
500;80;1;BubbleSort;445000;124372;49064;233391
500;80;1;MergeSort;8976;3841;0;92310
500;80;1;CountingSort;1501;0;0;17160
500;80;1;QuickSort;16769;7058;2899;21630
500;80;1;InsertionSort;158986;52992;0;47280
500;80;1;BubbleSort;456522;123265;52498;193721
500;80;1;MergeSort;8976;3840;0;65511
500;80;1;CountingSort;1501;0;0;9240
500;80;1;QuickSort;18828;7665;3392;27270
500;80;1;InsertionSort;149914;49970;0;39240
500;80;1;BubbleSort;445670;123889;49473;194271
500;80;1;MergeSort;8976;3845;0;99871
500;80;1;CountingSort;1501;0;0;21360
500;80;1;QuickSort;19494;8397;3369;31830
500;80;1;InsertionSort;156445;52147;0;37030
500;80;1;BubbleSort;456070;124735;51650;181651
500;80;1;MergeSort;8976;3840;0;78020
500;80;1;CountingSort;1501;0;0;18700
500;80;1;QuickSort;18149;7436;3229;35730
500;80;1;InsertionSort;161854;53950;0;69940
500;80;1;BubbleSort;460862;123525;53453;198821
500;80;1;MergeSort;8976;3811;0;72491
500;80;1;CountingSort;1501;0;0;12840
500;80;1;QuickSort;17577;7227;3123;26530
500;80;1;InsertionSort;162737;54245;0;67970
500;80;1;BubbleSort;461518;123265;53747;231431
500;80;1;MergeSort;8976;3845;0;81961
500;80;1;CountingSort;1501;0;0;16500
500;80;1;QuickSort;18479;7565;3302;21870
500;80;1;InsertionSort;158250;52748;0;88030
500;80;1;BubbleSort;457752;124372;52252;146400
500;80;1;MergeSort;8976;3851;0;63540
500;80;1;CountingSort;1501;0;0;14450
500;80;1;QuickSort;17547;7236;3107;28240
500;80;1;InsertionSort;160348;53448;0;38290
500;80;1;BubbleSort;460602;124399;52951;191770
500;80;1;MergeSort;8976;3845;0;64970
500;80;1;CountingSort;1501;0;0;12750
500;80;1;QuickSort;17127;7068;3022;26850
500;80;1;InsertionSort;167008;55668;0;48370
500;80;1;BubbleSort;469428;124372;55171;197550
500;80;1;MergeSort;8976;3852;0;55980
500;80;1;CountingSort;1501;0;0;13780
500;80;1;QuickSort;17731;7537;3067;27010
500;80;1;InsertionSort;159630;53208;0;37400
500;80;1;BubbleSort;457696;123424;52712;200631
500;80;1;MergeSort;8976;3849;0;55841
500;80;1;CountingSort;1501;0;0;14240
500;80;1;QuickSort;17100;6927;3063;21750
500;80;1;InsertionSort;158578;52858;0;57690
500;80;1;BubbleSort;458704;124630;52361;184101
500;80;1;MergeSort;8976;3859;0;61671
500;80;1;CountingSort;1501;0;0;14920
500;80;1;QuickSort;18185;7454;3239;34640
500;80;1;InsertionSort;156409;52133;0;33590
500;80;1;BubbleSort;453986;123715;51639;236561
500;80;1;MergeSort;8976;3862;0;88720
500;80;1;CountingSort;1501;0;0;15250
500;80;1;QuickSort;15729;6510;2745;23140
500;80;1;InsertionSort;152974;50988;0;41580
500;80;1;BubbleSort;451134;124579;50494;213801
500;80;1;MergeSort;8976;3858;0;55200
500;80;1;CountingSort;1501;0;0;9510
500;80;1;QuickSort;15830;6719;2711;26880
500;80;1;InsertionSort;162192;54064;0;50650
500;80;1;BubbleSort;463298;124519;53565;250501
500;80;1;MergeSort;8976;3836;0;65920
500;80;1;CountingSort;1501;0;0;8910
500;80;1;QuickSort;18546;7470;3358;27070
500;80;1;InsertionSort;160486;53494;0;110491
500;80;1;BubbleSort;460936;124474;52997;304181
500;80;1;MergeSort;8976;3832;0;75691
500;80;1;CountingSort;1501;0;0;48470
500;80;1;QuickSort;16553;6905;2882;34390
500;80;1;InsertionSort;156845;52279;0;31521
500;80;1;BubbleSort;455880;124372;51784;188680
500;80;1;MergeSort;8976;3851;0;71150
500;80;1;CountingSort;1501;0;0;10440
500;80;1;QuickSort;17316;7380;2977;27421
500;80;1;InsertionSort;161175;53723;0;49510
500;80;1;BubbleSort;461352;124222;53227;236220
500;80;1;MergeSort;8976;3861;0;63240
500;80;1;CountingSort;1501;0;0;15150
500;80;1;QuickSort;16456;6814;2882;34990
500;80;1;InsertionSort;163773;54591;0;52270
500;80;1;BubbleSort;465488;124560;54092;294191
500;80;1;MergeSort;8976;3834;0;69850
500;80;1;CountingSort;1501;0;0;18830
500;80;1;QuickSort;17215;6991;3073;34930
500;80;1;InsertionSort;161799;53929;0;31230
500;80;1;BubbleSort;462902;124579;53436;233151
500;80;1;MergeSort;8976;3861;0;78140
500;80;1;CountingSort;1501;0;0;20720
500;80;1;QuickSort;17887;7606;3095;26361
500;80;1;InsertionSort;167949;55983;0;64950
500;80;1;BubbleSort;471016;124540;55484;225150
500;80;1;MergeSort;8976;3843;0;74830
500;80;1;CountingSort;1501;0;0;18440
500;80;1;QuickSort;16444;6541;2960;25190
500;80;1;InsertionSort;170941;56977;0;42931
500;80;1;BubbleSort;474730;124399;56483;228320
500;80;1;MergeSort;8976;3843;0;63730
500;80;1;CountingSort;1501;0;0;20510
500;80;1;QuickSort;17637;7134;3172;26130
500;80;1;InsertionSort;160000;53332;0;59441
500;80;1;BubbleSort;460534;124597;52835;193460
500;80;1;MergeSort;8976;3856;0;69260
500;80;1;CountingSort;1501;0;0;17650
500;80;1;QuickSort;16597;6985;2869;26330
500;80;1;InsertionSort;160581;53523;0;41080
500;80;1;BubbleSort;455300;121590;53030;218561
500;80;1;MergeSort;8976;3875;0;68991
500;80;1;CountingSort;1501;0;0;24600
500;80;1;QuickSort;19368;7872;3493;24190
500;80;1;InsertionSort;160273;53421;0;36280
500;80;1;BubbleSort;460866;124579;52927;226391
500;80;1;MergeSort;8976;3847;0;65140
500;80;1;CountingSort;1501;0;0;10750
500;80;1;QuickSort;18287;7289;3331;27950
500;80;1;InsertionSort;152015;50669;0;43460
500;80;1;BubbleSort;448790;124047;50174;171881
500;80;1;MergeSort;8976;3847;0;68130
500;80;1;CountingSort;1501;0;0;11630
500;80;1;QuickSort;17100;7146;2988;27600
500;80;1;InsertionSort;162718;54238;0;26600
500;80;1;BubbleSort;463762;124399;53741;230991
500;80;1;MergeSort;8976;3822;0;83220
500;80;1;CountingSort;1501;0;0;12610
500;80;1;QuickSort;22096;8719;4126;23110
500;80;1;InsertionSort;157788;52594;0;64030
500;80;1;BubbleSort;456962;124285;52098;331991
500;80;1;MergeSort;8976;3854;0;134610
500;80;1;CountingSort;1501;0;0;48600
500;80;1;QuickSort;18940;7591;3440;50800
500;80;1;InsertionSort;158188;52728;0;43570
500;80;1;BubbleSort;458314;124695;52231;206331
500;80;1;MergeSort;8976;3840;0;72531
500;80;1;CountingSort;1501;0;0;11960
500;80;1;QuickSort;23248;9541;4242;39880
500;80;1;InsertionSort;159356;53116;0;45060
500;80;1;BubbleSort;458092;123804;52621;246451
500;80;1;MergeSort;8976;3843;0;81120
500;80;1;CountingSort;1501;0;0;14340
500;80;1;QuickSort;17528;7442;3022;35680
500;80;1;InsertionSort;153237;51079;0;99140
500;80;1;BubbleSort;450828;124254;50580;219581
500;80;1;MergeSort;8976;3869;0;68080
500;80;1;CountingSort;1501;0;0;12241
500;80;1;QuickSort;19459;7792;3554;22060
500;80;1;InsertionSort;162439;54145;0;52470
500;80;1;BubbleSort;463630;124519;53648;178370
500;80;1;MergeSort;8976;3858;0;50790
500;80;1;CountingSort;1501;0;0;10850
500;80;1;QuickSort;16854;6864;3002;21830
500;80;1;InsertionSort;165127;55039;0;48991
500;80;1;BubbleSort;467218;124519;54545;209130
500;80;1;MergeSort;8976;3836;0;74090
500;80;1;CountingSort;1501;0;0;11330
500;80;1;QuickSort;17783;7085;3234;28860
500;80;1;InsertionSort;163362;54452;0;165510
500;80;1;BubbleSort;464724;124450;53956;345501
500;80;1;MergeSort;8976;3854;0;94000
500;80;1;CountingSort;1501;0;0;9030
500;80;1;QuickSort;17076;7005;3024;28740
500;80;1;InsertionSort;163938;54646;0;38230
500;80;1;BubbleSort;464528;123970;54147;163610
500;80;1;MergeSort;8976;3863;0;54450
500;80;1;CountingSort;1501;0;0;9240
500;80;1;QuickSort;15702;6729;2653;37830
500;80;1;InsertionSort;160198;53396;0;39721
500;80;1;BubbleSort;460766;124579;52902;150510
500;80;1;MergeSort;8976;3859;0;42910
500;80;1;CountingSort;1501;0;0;6910
500;80;1;QuickSort;15112;6319;2605;21970
500;80;1;InsertionSort;165105;55035;0;78900
500;80;1;BubbleSort;467488;124672;54536;247820
500;80;1;MergeSort;8976;3852;0;75310
500;80;1;CountingSort;1501;0;0;8290
500;80;1;QuickSort;17555;7511;3014;23280
500;80;1;InsertionSort;164497;54831;0;26370
500;80;1;BubbleSort;465504;124084;54334;140681
500;80;1;MergeSort;8976;3835;0;42080
500;80;1;CountingSort;1501;0;0;8260
500;80;1;QuickSort;17275;7036;3083;34231
500;80;1;InsertionSort;163173;54389;0;35150
500;80;1;BubbleSort;463740;124084;53893;142660
500;80;1;MergeSort;8976;3850;0;42890
500;80;1;CountingSort;1501;0;0;7500
500;80;1;QuickSort;15409;6751;2552;26410
500;80;1;InsertionSort;162995;54329;0;42340
500;80;1;BubbleSort;464456;124560;53834;223951
500;80;1;MergeSort;8976;3838;0;100991
500;80;1;CountingSort;1501;0;0;7590
500;80;1;QuickSort;16344;6753;2866;26910
500;80;1;InsertionSort;171249;57079;0;26480
500;80;1;BubbleSort;475538;124597;56586;200220
500;80;1;MergeSort;8976;3838;0;84530
500;80;1;CountingSort;1501;0;0;5340
500;80;1;QuickSort;19436;7892;3523;21861
500;80;1;InsertionSort;161984;53992;0;31590
500;80;1;BubbleSort;463458;124735;53497;226550
500;80;1;MergeSort;8976;3838;0;115820
500;80;1;CountingSort;1501;0;0;4690
500;80;1;QuickSort;16905;7098;2936;27440
500;80;1;InsertionSort;160794;53594;0;46931
500;80;1;BubbleSort;460912;124254;53101;157781
500;80;1;MergeSort;8976;3808;0;83980
500;80;1;CountingSort;1501;0;0;5600
500;80;1;QuickSort;16997;7157;2953;28560
500;80;1;InsertionSort;167507;55833;0;51330
500;80;1;BubbleSort;470840;124744;55338;166950
500;80;1;MergeSort;8976;3850;0;95780
500;80;1;CountingSort;1501;0;0;6970
500;80;1;QuickSort;20448;8145;3758;26550
500;80;1;InsertionSort;171595;57197;0;90390
500;80;1;BubbleSort;472760;122980;56700;273911
500;80;1;MergeSort;8976;3847;0;113171
500;80;1;CountingSort;1501;0;0;6730
500;80;1;QuickSort;16988;6923;3017;25730
500;80;1;InsertionSort;158463;52821;0;41670
500;80;1;BubbleSort;457796;124254;52322;235031
500;80;1;MergeSort;8976;3830;0;120460
500;80;1;CountingSort;1501;0;0;6850
500;80;1;QuickSort;15865;6715;2720;26450
500;80;1;InsertionSort;168867;56287;0;32670
500;80;1;BubbleSort;472014;124425;55791;216111
500;80;1;MergeSort;8976;3850;0;41570
500;80;1;CountingSort;1501;0;0;6440
500;80;1;QuickSort;16295;6752;2847;27010
500;80;1;InsertionSort;158287;52761;0;30490
500;80;1;BubbleSort;454000;122472;52264;239691
500;80;1;MergeSort;8976;3845;0;93851
500;80;1;CountingSort;1501;0;0;6500
500;80;1;QuickSort;16117;6649;2817;48140
500;80;1;InsertionSort;149307;49765;0;58730
500;80;1;BubbleSort;445776;124344;49272;158421
500;80;1;MergeSort;8976;3847;0;75130
500;80;1;CountingSort;1501;0;0;8220
500;80;1;QuickSort;17336;7049;3091;21910
500;80;1;InsertionSort;159217;53071;0;54540
500;80;1;BubbleSort;453790;121747;52574;161401
500;80;1;MergeSort;8976;3861;0;65370
500;80;1;CountingSort;1501;0;0;4870
500;80;1;QuickSort;16023;6828;2737;27830
500;80;1;InsertionSort;146033;48673;0;28240
500;80;1;BubbleSort;440502;123889;48181;259871
500;80;1;MergeSort;8976;3825;0;120970
500;80;1;CountingSort;1501;0;0;5460
500;80;1;QuickSort;19187;8495;3234;29180
500;80;1;InsertionSort;149690;49894;0;23560
500;80;1;BubbleSort;447006;124705;49399;196831
500;80;1;MergeSort;8976;3835;0;52200
500;80;1;CountingSort;1501;0;0;6040
500;80;1;QuickSort;17399;7232;3066;27690
500;80;1;InsertionSort;167367;55787;0;61340
500;80;1;BubbleSort;468858;123847;55291;192031
500;80;1;MergeSort;8976;3851;0;57131
500;80;2;CountingSort;1501;0;0;107320
500;80;2;QuickSort;21730;8695;4016;970593
500;80;2;InsertionSort;114344;38112;0;2807928
500;80;2;BubbleSort;370898;110215;37617;6028937
500;80;2;MergeSort;8976;3402;0;639472
500;80;2;CountingSort;1501;0;0;61640
500;80;2;QuickSort;20971;8464;3832;108190
500;80;2;InsertionSort;119897;39963;0;2562657
500;80;2;BubbleSort;393800;117964;39468;707392
500;80;2;MergeSort;8976;3407;0;263870
500;80;2;CountingSort;1501;0;0;61210
500;80;2;QuickSort;18875;7589;3426;75760
500;80;2;InsertionSort;117254;39082;0;1163853
500;80;2;BubbleSort;390508;118080;38587;2500947
500;80;2;MergeSort;8976;3410;0;166450
500;80;2;CountingSort;1501;0;0;60540
500;80;2;QuickSort;19240;7687;3522;101450
500;80;2;InsertionSort;117463;39151;0;557592
500;80;2;BubbleSort;380872;113122;38657;1140644
500;80;2;MergeSort;8976;3403;0;177470
500;80;2;CountingSort;1501;0;0;86480
500;80;2;QuickSort;18544;7501;3348;85160
500;80;2;InsertionSort;120042;40010;0;492242
500;80;2;BubbleSort;392068;117000;39517;185331
500;80;2;MergeSort;8976;3415;0;96030
500;80;2;CountingSort;1501;0;0;76020
500;80;2;QuickSort;18517;7558;3326;55470
500;80;2;InsertionSort;125699;41897;0;509041
500;80;2;BubbleSort;401998;118195;41402;459911
500;80;2;MergeSort;8976;3410;0;197761
500;80;2;CountingSort;1501;0;0;57770
500;80;2;QuickSort;18876;7827;3350;78271
500;80;2;InsertionSort;122502;40832;0;186131
500;80;2;BubbleSort;393552;116104;40336;263030
500;80;2;MergeSort;8976;3419;0;178430
500;80;2;CountingSort;1501;0;0;80340
500;80;2;QuickSort;18161;7217;3311;89040
500;80;2;InsertionSort;123562;41186;0;563681
500;80;2;BubbleSort;400914;119079;40689;575151
500;80;2;MergeSort;8976;3402;0;124900
500;80;2;CountingSort;1501;0;0;74380
500;80;2;QuickSort;16488;6822;2884;66690
500;80;2;InsertionSort;127950;42646;0;182620
500;80;2;BubbleSort;403350;117369;42153;309211
500;80;2;MergeSort;8976;3425;0;198581
500;80;2;CountingSort;1501;0;0;86870
500;80;2;QuickSort;16438;6763;2889;117120
500;80;2;InsertionSort;130006;43332;0;231641
500;80;2;BubbleSort;406332;117490;42838;134661
500;80;2;MergeSort;8976;3411;0;97670
500;80;2;CountingSort;1501;0;0;68070
500;80;2;QuickSort;15415;6451;2654;78470
500;80;2;InsertionSort;122710;40900;0;592182
500;80;2;BubbleSort;400822;119599;40406;635202
500;80;2;MergeSort;8976;3413;0;190311
500;80;2;CountingSort;1501;0;0;63850
500;80;2;QuickSort;19122;7587;3498;366051
500;80;2;InsertionSort;121766;40584;0;355091
500;80;2;BubbleSort;391236;115434;40092;344191
500;80;2;MergeSort;8976;3404;0;184901
500;80;2;CountingSort;1501;0;0;68910
500;80;2;QuickSort;17119;7255;2954;341531
500;80;2;InsertionSort;120627;40205;0;212201
500;80;2;BubbleSort;391056;116104;39712;186011
500;80;2;MergeSort;8976;3414;0;158970
500;80;2;CountingSort;1501;0;0;71070
500;80;2;QuickSort;16945;7063;2957;476321
500;80;2;InsertionSort;120849;40279;0;158731
500;80;2;BubbleSort;390284;115570;39786;316401
500;80;2;MergeSort;8976;3394;0;221551
500;80;2;CountingSort;1501;0;0;52421
500;80;2;QuickSort;16906;7279;2867;325970
500;80;2;InsertionSort;118545;39513;0;164390
500;80;2;BubbleSort;394856;119394;39017;185820
500;80;2;MergeSort;8976;3408;0;120950
500;80;2;CountingSort;1501;0;0;51581
500;80;2;QuickSort;15994;6574;2808;369071
500;80;2;InsertionSort;121435;40475;0;240450
500;80;2;BubbleSort;397652;118864;39981;330731
500;80;2;MergeSort;8976;3427;0;183640
500;80;2;CountingSort;1501;0;0;48420
500;80;2;QuickSort;17264;7130;3043;99900
500;80;2;InsertionSort;123287;41091;0;171241
500;80;2;BubbleSort;396644;117124;40599;283511
500;80;2;MergeSort;8976;3392;0;173221
500;80;2;CountingSort;1501;0;0;63140
500;80;2;QuickSort;17672;7229;3144;29350
500;80;2;InsertionSort;112594;37528;0;398542
500;80;2;BubbleSort;383594;117729;37034;445351
500;80;2;MergeSort;8976;3413;0;83680
500;80;2;CountingSort;1501;0;0;75560
500;80;2;QuickSort;16488;6879;2874;29700
500;80;2;InsertionSort;116992;38996;0;158830
500;80;2;BubbleSort;390614;118309;38499;257171
500;80;2;MergeSort;8976;3416;0;174010
500;80;2;CountingSort;1501;0;0;47250
500;80;2;QuickSort;19319;8036;3434;26200
500;80;2;InsertionSort;121054;40348;0;151981
500;80;2;BubbleSort;392146;116365;39854;202721
500;80;2;MergeSort;8976;3429;0;79510
500;80;2;CountingSort;1501;0;0;51130
500;80;2;QuickSort;17362;7279;3028;24160
500;80;2;InsertionSort;117163;39051;0;268231
500;80;2;BubbleSort;390156;117964;38557;376161
500;80;2;MergeSort;8976;3414;0;203220
500;80;2;CountingSort;1501;0;0;51090
500;80;2;QuickSort;14604;6306;2431;38870
500;80;2;InsertionSort;119313;39767;0;36200
500;80;2;BubbleSort;392790;117847;39274;262701
500;80;2;MergeSort;8976;3421;0;126950
500;80;2;CountingSort;1501;0;0;71930
500;80;2;QuickSort;19854;8100;3579;30310
500;80;2;InsertionSort;119902;39962;0;26350
500;80;2;BubbleSort;393812;117964;39471;1273424
500;80;2;MergeSort;8976;3410;0;1159123
500;80;2;CountingSort;1501;0;0;62440
500;80;2;QuickSort;15542;6620;2653;81480
500;80;2;InsertionSort;115448;38480;0;42050
500;80;2;BubbleSort;381980;115020;37985;153451
500;80;2;MergeSort;8976;3425;0;85870
500;80;2;CountingSort;1501;0;0;62310
500;80;2;QuickSort;17685;7641;3010;26270
500;80;2;InsertionSort;116739;38909;0;43300
500;80;2;BubbleSort;392244;119290;38416;190461
500;80;2;MergeSort;8976;3403;0;42010
500;80;2;CountingSort;1501;0;0;48100
500;80;2;QuickSort;18215;7625;3192;26390
500;80;2;InsertionSort;123686;41224;0;32330
500;80;2;BubbleSort;395136;116104;40732;222491
500;80;2;MergeSort;8976;3388;0;72991
500;80;2;CountingSort;1501;0;0;84460
500;80;2;QuickSort;16951;6916;3015;38900
500;80;2;InsertionSort;121174;40388;0;30300
500;80;2;BubbleSort;383954;112189;39894;181311
500;80;2;MergeSort;8976;3412;0;69901
500;80;2;CountingSort;1501;0;0;76751
500;80;2;QuickSort;17947;7216;3240;18830
500;80;2;InsertionSort;125538;41844;0;37150
500;80;2;BubbleSort;404386;119497;41348;184871
500;80;2;MergeSort;8976;3388;0;71151
500;80;2;CountingSort;1501;0;0;75070
500;80;2;QuickSort;18416;7763;3224;27200
500;80;2;InsertionSort;120953;40315;0;25500
500;80;2;BubbleSort;398274;119497;39820;140870
500;80;2;MergeSort;8976;3396;0;68310
500;80;2;CountingSort;1501;0;0;70970
500;80;2;QuickSort;17657;7421;3082;32680
500;80;2;InsertionSort;127573;42523;0;27180
500;80;2;BubbleSort;401092;116494;42026;226001
500;80;2;MergeSort;8976;3421;0;77391
500;80;2;CountingSort;1501;0;0;50350
500;80;2;QuickSort;17433;7167;3091;20130
500;80;2;InsertionSort;119806;39930;0;29740
500;80;2;BubbleSort;396544;119394;39439;183061
500;80;2;MergeSort;8976;3405;0;82760
500;80;2;CountingSort;1501;0;0;63070
500;80;2;QuickSort;14979;6636;2450;19410
500;80;2;InsertionSort;120182;40058;0;32050
500;80;2;BubbleSort;396832;119290;39563;185271
500;80;2;MergeSort;8976;3425;0;46480
500;80;2;CountingSort;1501;0;0;27760
500;80;2;QuickSort;16497;6780;2897;29670
500;80;2;InsertionSort;119686;39892;0;18980
500;80;2;BubbleSort;392812;117610;39398;176681
500;80;2;MergeSort;8976;3413;0;64191
500;80;2;CountingSort;1501;0;0;21710
500;80;2;QuickSort;17747;7280;3154;18920
500;80;2;InsertionSort;117941;39311;0;27950
500;80;2;BubbleSort;388508;116622;38816;167190
500;80;2;MergeSort;8976;3405;0;64320
500;80;2;CountingSort;1501;0;0;10500
500;80;2;QuickSort;16274;6890;2793;19490
500;80;2;InsertionSort;120341;40113;0;26070
500;80;2;BubbleSort;395304;118422;39615;138961
500;80;2;MergeSort;8976;3437;0;68420
500;80;2;CountingSort;1501;0;0;15170
500;80;2;QuickSort;17303;6872;3146;18010
500;80;2;InsertionSort;122817;40937;0;29170
500;80;2;BubbleSort;399274;118755;40441;176050
500;80;2;MergeSort;8976;3410;0;59380
500;80;2;CountingSort;1501;0;0;15250
500;80;2;QuickSort;17859;7431;3142;24200
500;80;2;InsertionSort;120244;40080;0;29621
500;80;2;BubbleSort;392332;117000;39583;246370
500;80;2;MergeSort;8976;3414;0;84630
500;80;2;CountingSort;1501;0;0;15250
500;80;2;QuickSort;16816;6889;2973;26491
500;80;2;InsertionSort;126048;42012;0;25421
500;80;2;BubbleSort;404234;119079;41519;213040
500;80;2;MergeSort;8976;3421;0;77990
500;80;2;CountingSort;1501;0;0;11440
500;80;2;QuickSort;17101;7270;2933;24830
500;80;2;InsertionSort;121534;40506;0;19250
500;80;2;BubbleSort;396904;118422;40015;181531
500;80;2;MergeSort;8976;3428;0;46771
500;80;2;CountingSort;1501;0;0;16800
500;80;2;QuickSort;17877;7155;3232;30120
500;80;2;InsertionSort;124206;41398;0;30970
500;80;2;BubbleSort;398840;117610;40905;223201
500;80;2;MergeSort;8976;3419;0;72900
500;80;2;CountingSort;1501;0;0;21160
500;80;2;QuickSort;16196;6650;2851;27061
500;80;2;InsertionSort;122444;40812;0;35250
500;80;2;BubbleSort;398778;118755;40317;187970
500;80;2;MergeSort;8976;3403;0;66600
500;80;2;CountingSort;1501;0;0;11780
500;80;2;QuickSort;16341;6639;2897;31950
500;80;2;InsertionSort;120755;40245;0;29100
500;80;2;BubbleSort;389342;115159;39756;132171
500;80;2;MergeSort;8976;3409;0;44600
500;80;2;CountingSort;1501;0;0;11810
500;80;2;QuickSort;18766;7582;3402;20590
500;80;2;InsertionSort;122753;40915;0;35860
500;80;2;BubbleSort;398298;118309;40420;126170
500;80;2;MergeSort;8976;3433;0;49290
500;80;2;CountingSort;1501;0;0;12700
500;80;2;QuickSort;16215;6942;2763;20681
500;80;2;InsertionSort;111864;37282;0;17860
500;80;2;BubbleSort;375788;114310;36792;152380
500;80;2;MergeSort;8976;3423;0;61940
500;80;2;CountingSort;1501;0;0;11220
500;80;2;QuickSort;16309;6583;2911;20260
500;80;2;InsertionSort;122956;40982;0;27580
500;80;2;BubbleSort;398112;118080;40488;160341
500;80;2;MergeSort;8976;3395;0;57260
500;80;2;CountingSort;1501;0;0;11140
500;80;2;QuickSort;17723;7115;3210;20850
500;80;2;InsertionSort;118304;39430;0;19450
500;80;2;BubbleSort;388996;116622;38938;157591
500;80;2;MergeSort;8976;3421;0;57900
500;80;2;CountingSort;1501;0;0;13680
500;80;2;QuickSort;16950;6732;3074;31900
500;80;2;InsertionSort;121594;40528;0;27120
500;80;2;BubbleSort;399130;119497;40034;162450
500;80;2;MergeSort;8976;3407;0;55180
500;80;2;CountingSort;1501;0;0;12800
500;80;2;QuickSort;17652;7482;3053;25890
500;80;2;InsertionSort;123579;41189;0;29750
500;80;2;BubbleSort;396028;116622;40696;210760
500;80;2;MergeSort;8976;3413;0;62780
500;80;2;CountingSort;1501;0;0;8910
500;80;2;QuickSort;15287;6548;2583;19730
500;80;2;InsertionSort;117987;39325;0;30970
500;80;2;BubbleSort;385368;115020;38832;164581
500;80;2;MergeSort;8976;3397;0;71721
500;80;2;CountingSort;1501;0;0;14890
500;80;2;QuickSort;17435;7172;3091;25050
500;80;2;InsertionSort;125366;41784;0;32460
500;80;2;BubbleSort;403956;119394;41292;177440
500;80;2;MergeSort;8976;3408;0;54940
500;80;2;CountingSort;1501;0;0;11030
500;80;2;QuickSort;15402;6501;2634;20120
500;80;2;InsertionSort;117229;39073;0;18490
500;80;2;BubbleSort;385994;115839;38579;133530
500;80;2;MergeSort;8976;3417;0;58480
500;80;2;CountingSort;1501;0;0;23780
500;80;2;QuickSort;17221;6967;3087;24140
500;80;2;InsertionSort;114971;38321;0;30550
500;80;2;BubbleSort;378752;113724;37826;160650
500;80;2;MergeSort;8976;3424;0;61530
500;80;2;CountingSort;1501;0;0;32530
500;80;2;QuickSort;18219;7341;3292;34730
500;80;2;InsertionSort;116354;38784;0;33881
500;80;2;BubbleSort;387638;117247;38286;285170
500;80;2;MergeSort;8976;3418;0;76990
500;80;2;CountingSort;1501;0;0;18420
500;80;2;QuickSort;15995;6599;2806;24410
500;80;2;InsertionSort;118420;39472;0;40891
500;80;2;BubbleSort;385660;114880;38975;165061
500;80;2;MergeSort;8976;3419;0;70190
500;80;2;CountingSort;1501;0;0;21080
500;80;2;QuickSort;15162;6363;2593;19330
500;80;2;InsertionSort;118760;39582;0;31210
500;80;2;BubbleSort;392750;118195;39090;134400
500;80;2;MergeSort;8976;3407;0;59990
500;80;2;CountingSort;1501;0;0;14020
500;80;2;QuickSort;16993;7393;2873;21270
500;80;2;InsertionSort;121222;40404;0;58910
500;80;2;BubbleSort;395334;117847;39910;179051
500;80;2;MergeSort;8976;3416;0;62051
500;80;2;CountingSort;1501;0;0;21980
500;80;2;QuickSort;17099;7055;3009;26960
500;80;2;InsertionSort;117984;39324;0;30190
500;80;2;BubbleSort;390782;117729;38831;210371
500;80;2;MergeSort;8976;3411;0;74730
500;80;2;CountingSort;1501;0;0;11510
500;80;2;QuickSort;16136;6779;2780;24610
500;80;2;InsertionSort;118700;39564;0;18710
500;80;2;BubbleSort;392666;118195;39069;118030
500;80;2;MergeSort;8976;3415;0;54370
500;80;2;CountingSort;1501;0;0;13940
500;80;2;QuickSort;16706;6869;2952;20190
500;80;2;InsertionSort;123643;41211;0;26040
500;80;2;BubbleSort;402468;119800;40717;216751
500;80;2;MergeSort;8976;3419;0;84231
500;80;2;CountingSort;1501;0;0;14190
500;80;2;QuickSort;16467;6795;2891;24780
500;80;2;InsertionSort;125275;41755;0;26910
500;80;2;BubbleSort;403832;119394;41261;135750
500;80;2;MergeSort;8976;3441;0;62730
500;80;2;CountingSort;1501;0;0;16840
500;80;2;QuickSort;17012;6923;3031;24590
500;80;2;InsertionSort;120275;40089;0;20370
500;80;2;BubbleSort;391364;116494;39594;153960
500;80;2;MergeSort;8976;3418;0;56330
500;80;2;CountingSort;1501;0;0;10610
500;80;2;QuickSort;19573;8299;3418;26320
500;80;2;InsertionSort;127180;42390;0;25590
500;80;2;BubbleSort;404428;118422;41896;177231
500;80;2;MergeSort;8976;3401;0;62751
500;80;2;CountingSort;1501;0;0;44620
500;80;2;QuickSort;16577;6896;2892;39180
500;80;2;InsertionSort;124668;41552;0;26260
500;80;2;BubbleSort;399930;117847;41059;137930
500;80;2;MergeSort;8976;3410;0;76641
500;80;2;CountingSort;1501;0;0;11810
500;80;2;QuickSort;17012;6917;3028;20330
500;80;2;InsertionSort;116314;38768;0;27150
500;80;2;BubbleSort;388790;117847;38274;184490
500;80;2;MergeSort;8976;3417;0;49370
500;80;2;CountingSort;1501;0;0;12400
500;80;2;QuickSort;15442;6424;2676;25440
500;80;2;InsertionSort;127198;42396;0;24660
500;80;2;BubbleSort;399552;115972;41902;124570
500;80;2;MergeSort;8976;3402;0;48370
500;80;2;CountingSort;1501;0;0;20200
500;80;2;QuickSort;17717;7466;3084;24530
500;80;2;InsertionSort;115256;38414;0;25470
500;80;2;BubbleSort;383366;115839;37922;163231
500;80;2;MergeSort;8976;3409;0;48280
500;80;2;CountingSort;1501;0;0;16940
500;80;2;QuickSort;16130;6425;2897;24340
500;80;2;InsertionSort;128673;42887;0;168030
500;80;2;BubbleSort;405034;117729;42394;311671
500;80;2;MergeSort;8976;3406;0;67690
500;80;2;CountingSort;1501;0;0;11580
500;80;2;QuickSort;16463;6797;2887;20830
500;80;2;InsertionSort;123020;41002;0;32510
500;80;2;BubbleSort;395538;116749;40510;237181
500;80;2;MergeSort;8976;3414;0;52040
500;80;2;CountingSort;1501;0;0;19840
500;80;2;QuickSort;16249;6592;2879;20360
500;80;2;InsertionSort;121994;40660;0;19200
500;80;2;BubbleSort;395892;117610;40168;135230
500;80;2;MergeSort;8976;3410;0;53461
500;80;2;CountingSort;1501;0;0;11060
500;80;2;QuickSort;15310;6511;2602;24320
500;80;2;InsertionSort;120383;40125;0;32140
500;80;2;BubbleSort;392270;116875;39630;160551
500;80;2;MergeSort;8976;3422;0;53401
500;80;2;CountingSort;1501;0;0;11210
500;80;2;QuickSort;17264;6968;3098;26450
500;80;2;InsertionSort;126618;42202;0;24480
500;80;2;BubbleSort;401084;117124;41709;192601
500;80;2;MergeSort;8976;3402;0;57940
500;80;2;CountingSort;1501;0;0;18000
500;80;2;QuickSort;16257;6681;2862;25180
500;80;2;InsertionSort;121420;40470;0;38111
500;80;2;BubbleSort;393654;116875;39976;202390
500;80;2;MergeSort;8976;3401;0;60710
500;80;2;CountingSort;1501;0;0;15240
500;80;2;QuickSort;18075;7431;3213;26050
500;80;2;InsertionSort;120825;40271;0;25490
500;80;2;BubbleSort;394570;117729;39778;165311
500;80;2;MergeSort;8976;3401;0;54830
500;80;2;CountingSort;1501;0;0;10500
500;80;2;QuickSort;18126;7827;3102;26680
500;80;2;InsertionSort;119623;39871;0;23890
500;80;2;BubbleSort;387826;115159;39377;152160
500;80;2;MergeSort;8976;3413;0;44040
500;80;2;CountingSort;1501;0;0;24940
500;80;2;QuickSort;16940;7175;2927;25390
500;80;2;InsertionSort;113178;37722;0;104651
500;80;2;BubbleSort;378956;115020;37229;186620
500;80;2;MergeSort;8976;3397;0;85260
500;80;2;CountingSort;1501;0;0;11080
500;80;2;QuickSort;16834;7033;2940;20350
500;80;2;InsertionSort;119866;39952;0;32750
500;80;2;BubbleSort;395122;118645;39458;180141
500;80;2;MergeSort;8976;3421;0;98791
500;80;2;CountingSort;1501;0;0;17780
500;80;2;QuickSort;17419;6997;3131;34880
500;80;2;InsertionSort;131067;43685;0;43180
500;80;2;BubbleSort;407262;117247;43192;158571
500;80;2;MergeSort;8976;3402;0;49430
500;80;2;CountingSort;1501;0;0;14820
500;80;2;QuickSort;17339;7259;3020;21061
500;80;2;InsertionSort;120927;40305;0;36010
500;80;2;BubbleSort;389566;115159;39812;129720
500;80;2;MergeSort;8976;3411;0;58890
500;80;2;CountingSort;1501;0;0;11320
500;80;2;QuickSort;18906;8055;3292;21260
500;80;2;InsertionSort;120439;40145;0;23370
500;80;2;BubbleSort;391322;116365;39648;143001
500;80;2;MergeSort;8976;3413;0;60701
500;80;2;CountingSort;1501;0;0;11920
500;80;2;QuickSort;16276;6703;2863;20580
500;80;2;InsertionSort;120068;40018;0;22340
500;80;2;BubbleSort;388698;115297;39526;179880
500;80;2;MergeSort;8976;3432;0;78730
500;80;2;CountingSort;1501;0;0;41530
500;80;2;QuickSort;15097;6424;2556;30150
500;80;2;InsertionSort;128594;42862;0;28190
500;80;2;BubbleSort;405628;118080;42367;176431
500;80;2;MergeSort;8976;3402;0;72140
500;80;2;CountingSort;1501;0;0;10470
500;80;2;QuickSort;18548;7832;3246;21190
500;80;2;InsertionSort;116796;38928;0;22130
500;80;2;BubbleSort;388234;117247;38435;147350
500;80;2;MergeSort;8976;3416;0;50390
500;80;2;CountingSort;1501;0;0;12030
500;80;2;QuickSort;15815;6404;2802;26090
500;80;2;InsertionSort;126917;42303;0;41750
500;80;2;BubbleSort;402212;117490;41808;184341
500;80;2;MergeSort;8976;3413;0;58310
500;80;2;CountingSort;1501;0;0;11810
500;80;2;QuickSort;17962;7192;3254;20910
500;80;2;InsertionSort;122594;40860;0;19770
500;80;2;BubbleSort;398540;118534;40368;144520
500;80;2;MergeSort;8976;3416;0;44750
500;80;2;CountingSort;1501;0;0;28550
500;80;2;QuickSort;18195;7551;3216;21100
500;80;2;InsertionSort;126208;42066;0;35140
500;80;2;BubbleSort;401026;117369;41572;185880
500;80;2;MergeSort;8976;3415;0;47290
500;80;2;CountingSort;1501;0;0;11571
500;80;2;QuickSort;18022;7273;3253;21000
500;80;2;InsertionSort;116046;38680;0;47580
500;80;2;BubbleSort;386736;117000;38184;215380
500;80;2;MergeSort;8976;3407;0;69120
500;80;2;CountingSort;1501;0;0;15310
500;80;2;QuickSort;15993;6720;2759;29210
500;80;2;InsertionSort;122993;40993;0;33120
500;80;2;BubbleSort;393682;115839;40501;258511
500;80;2;MergeSort;8976;3395;0;63550
500;80;2;CountingSort;1501;0;0;13820
500;80;2;QuickSort;19134;7755;3447;26490
500;80;2;InsertionSort;123418;41136;0;41810
500;80;2;BubbleSort;396568;117000;40642;142801
500;80;2;MergeSort;8976;3407;0;72850
500;80;2;CountingSort;1501;0;0;44280
500;80;2;QuickSort;17366;7322;3020;25440
500;80;2;InsertionSort;112289;37425;0;35511
500;80;2;BubbleSort;375476;113872;36933;281040
500;80;2;MergeSort;8976;3412;0;51220
500;80;2;CountingSort;1501;0;0;13770
500;80;2;QuickSort;14947;6379;2528;19700
500;80;2;InsertionSort;120416;40136;0;44391
500;80;2;BubbleSort;395408;118422;39641;192881
500;80;2;MergeSort;8976;3427;0;81240
500;80;2;CountingSort;1501;0;0;10240
500;80;2;QuickSort;16984;6997;3004;25030
500;80;2;InsertionSort;114520;38172;0;19480
500;80;2;BubbleSort;386860;118080;37675;212601
500;80;2;MergeSort;8976;3409;0;62940
500;80;2;CountingSort;1501;0;0;11300
500;80;2;QuickSort;17451;6978;3156;28290
500;80;2;InsertionSort;120416;40134;0;31840
500;80;2;BubbleSort;389978;115705;39642;163971
500;80;2;MergeSort;8976;3414;0;48580
500;80;2;CountingSort;1501;0;0;30871
500;80;2;QuickSort;19269;7908;3453;27470
500;80;2;InsertionSort;113867;37951;0;20420
500;80;2;BubbleSort;384330;117247;37459;184420
500;80;2;MergeSort;8976;3414;0;60270
500;80;2;CountingSort;1501;0;0;7560
500;80;2;QuickSort;17370;7095;3083;20650
500;80;2;InsertionSort;127271;42419;0;20510
500;80;2;BubbleSort;405436;118864;41927;169391
500;80;2;MergeSort;8976;3410;0;63250
500;80;2;CountingSort;1501;0;0;17460
500;80;2;QuickSort;15929;6788;2708;21230
500;80;2;InsertionSort;126088;42026;0;20610
500;80;2;BubbleSort;399878;116875;41532;180870
500;80;2;MergeSort;8976;3406;0;55510
500;80;2;CountingSort;1501;0;0;6830
500;80;2;QuickSort;19785;7983;3597;26360
500;80;2;InsertionSort;124382;41456;0;29290
500;80;2;BubbleSort;398350;117247;40964;147031
500;80;2;MergeSort;8976;3419;0;50090
500;80;2;CountingSort;1501;0;0;7990
500;80;2;QuickSort;16667;6851;2939;29250
500;80;2;InsertionSort;119083;39691;0;23910
500;80;2;BubbleSort;388996;116104;39197;129680
500;80;2;MergeSort;8976;3423;0;65790
500;80;2;CountingSort;1501;0;0;7650
500;80;2;QuickSort;17828;7265;3184;28730
500;80;2;InsertionSort;119218;39736;0;31850
500;80;2;BubbleSort;393812;118422;39242;185331
500;80;2;MergeSort;8976;3406;0;58901
500;80;2;CountingSort;1501;0;0;4540
500;80;2;QuickSort;16649;6932;2907;25171
500;80;2;InsertionSort;119903;39967;0;36410
500;80;2;BubbleSort;389554;115839;39469;195710
500;80;2;MergeSort;8976;3423;0;48900
500;80;2;CountingSort;1501;0;0;6400
500;80;2;QuickSort;17833;7108;3240;20440
500;80;2;InsertionSort;125896;41962;0;38840
500;80;2;BubbleSort;402490;118309;41468;160721
500;80;2;MergeSort;8976;3407;0;46110
500;80;3;CountingSort;1501;0;0;115781
500;80;3;QuickSort;15882;6648;2747;1057733
500;80;3;InsertionSort;115374;38458;0;3521390
500;80;3;BubbleSort;384044;116104;37959;5127254
500;80;3;MergeSort;8976;3500;0;680822
500;80;3;CountingSort;1501;0;0;57140
500;80;3;QuickSort;16656;7134;2843;112540
500;80;3;InsertionSort;122319;40773;0;2660357
500;80;3;BubbleSort;397024;117964;40274;2406567
500;80;3;MergeSort;8976;3521;0;254671
500;80;3;CountingSort;1501;0;0;64990
500;80;3;QuickSort;16516;6832;2890;82200
500;80;3;InsertionSort;119076;39692;0;438651
500;80;3;BubbleSort;392700;117964;39193;1208673
500;80;3;MergeSort;8976;3513;0;131820
500;80;3;CountingSort;1501;0;0;59631
500;80;3;QuickSort;17342;7157;3065;72630
500;80;3;InsertionSort;123996;41332;0;1653714
500;80;3;BubbleSort;396062;116365;40833;1922065
500;80;3;MergeSort;8976;3516;0;207871
500;80;3;CountingSort;1501;0;0;72320
500;80;3;QuickSort;16468;6847;2874;60700
500;80;3;InsertionSort;126243;42081;0;798742
500;80;3;BubbleSort;405116;119394;41582;575381
500;80;3;MergeSort;8976;3524;0;201041
500;80;3;CountingSort;1501;0;0;62790
500;80;3;QuickSort;18508;8062;3153;120151
500;80;3;InsertionSort;117822;39274;0;655822
500;80;3;BubbleSort;389348;117124;38775;670062
500;80;3;MergeSort;8976;3483;0;218570
500;80;3;CountingSort;1501;0;0;58941
500;80;3;QuickSort;16588;7012;2859;74381
500;80;3;InsertionSort;127953;42651;0;447161
500;80;3;BubbleSort;406118;118755;42152;479101
500;80;3;MergeSort;8976;3518;0;123120
500;80;3;CountingSort;1501;0;0;58270
500;80;3;QuickSort;17267;6974;3093;75440
500;80;3;InsertionSort;118455;39485;0;194521
500;80;3;BubbleSort;391638;117847;38986;148671
500;80;3;MergeSort;8976;3514;0;91371
500;80;3;CountingSort;1501;0;0;54460
500;80;3;QuickSort;17440;7471;2983;65540
500;80;3;InsertionSort;124884;41628;0;223900
500;80;3;BubbleSort;393424;114454;41129;166680
500;80;3;MergeSort;8976;3537;0;120770
500;80;3;CountingSort;1501;0;0;60700
500;80;3;QuickSort;16213;6628;2873;111690
500;80;3;InsertionSort;116520;38840;0;212351
500;80;3;BubbleSort;383682;115159;38341;204411
500;80;3;MergeSort;8976;3496;0;143431
500;80;3;CountingSort;1501;0;0;64130
500;80;3;QuickSort;17436;7206;3071;122690
500;80;3;InsertionSort;120237;40079;0;208541
500;80;3;BubbleSort;394480;118080;39580;277131
500;80;3;MergeSort;8976;3506;0;176651
500;80;3;CountingSort;1501;0;0;61070
500;80;3;QuickSort;18154;7606;3193;130010
500;80;3;InsertionSort;119832;39944;0;188271
500;80;3;BubbleSort;390768;116494;39445;316591
500;80;3;MergeSort;8976;3533;0;222131
500;80;3;CountingSort;1501;0;0;46361
500;80;3;QuickSort;15591;6921;2561;62180
500;80;3;InsertionSort;119424;39808;0;294840
500;80;3;BubbleSort;388104;115434;39309;335521
500;80;3;MergeSort;8976;3506;0;186550
500;80;3;CountingSort;1501;0;0;62810
500;80;3;QuickSort;18673;8317;3122;81370
500;80;3;InsertionSort;123567;41189;0;314421
500;80;3;BubbleSort;397008;117124;40690;424022
500;80;3;MergeSort;8976;3532;0;154831
500;80;3;CountingSort;1501;0;0;59080
500;80;3;QuickSort;17242;6946;3096;100860
500;80;3;InsertionSort;125424;41808;0;159691
500;80;3;BubbleSort;404230;119497;41309;164691
500;80;3;MergeSort;8976;3527;0;134801
500;80;3;CountingSort;1501;0;0;51230
500;80;3;QuickSort;16161;6906;2764;74150
500;80;3;InsertionSort;116763;38921;0;126891
500;80;3;BubbleSort;384556;115434;38422;155151
500;80;3;MergeSort;8976;3524;0;99141
500;80;3;CountingSort;1501;0;0;70020
500;80;3;QuickSort;15787;6730;2691;490381
500;80;3;InsertionSort;124131;41377;0;112130
500;80;3;BubbleSort;398970;117729;40878;295341
500;80;3;MergeSort;8976;3521;0;216241
500;80;3;CountingSort;1501;0;0;74890
500;80;3;QuickSort;18141;7341;3266;387741
500;80;3;InsertionSort;117834;39278;0;115691
500;80;3;BubbleSort;387324;116104;38779;312151
500;80;3;MergeSort;8976;3486;0;224421
500;80;3;CountingSort;1501;0;0;77911
500;80;3;QuickSort;17196;7692;2837;323261
500;80;3;InsertionSort;122007;40669;0;104910
500;80;3;BubbleSort;397070;118195;40170;225220
500;80;3;MergeSort;8976;3525;0;109220
500;80;3;CountingSort;1501;0;0;50291
500;80;3;QuickSort;19593;7881;3574;454771
500;80;3;InsertionSort;126216;42072;0;205520
500;80;3;BubbleSort;401272;117490;41573;265410
500;80;3;MergeSort;8976;3506;0;93640
500;80;3;CountingSort;1501;0;0;60700
500;80;3;QuickSort;18659;7886;3251;341241
500;80;3;InsertionSort;116094;38698;0;24910
500;80;3;BubbleSort;381416;114310;38199;167241
500;80;3;MergeSort;8976;3519;0;72470
500;80;3;CountingSort;1501;0;0;64150
500;80;3;QuickSort;17529;7236;3098;356861
500;80;3;InsertionSort;119163;39721;0;20260
500;80;3;BubbleSort;393506;118309;39222;180521
500;80;3;MergeSort;8976;3519;0;46880
500;80;3;CountingSort;1501;0;0;53640
500;80;3;QuickSort;17450;7328;3046;1403734
500;80;3;InsertionSort;126849;42283;0;27970
500;80;3;BubbleSort;405080;118972;41784;1186114
500;80;3;MergeSort;8976;3513;0;1085254
500;80;3;CountingSort;1501;0;0;58001
500;80;3;QuickSort;16668;7266;2803;423612
500;80;3;InsertionSort;123702;41234;0;30051
500;80;3;BubbleSort;396690;116875;40735;205730
500;80;3;MergeSort;8976;3528;0;93550
500;80;3;CountingSort;1501;0;0;58031
500;80;3;QuickSort;19935;8187;3584;343440
500;80;3;InsertionSort;114666;38222;0;32280
500;80;3;BubbleSort;389262;119185;37723;146840
500;80;3;MergeSort;8976;3509;0;41150
500;80;3;CountingSort;1501;0;0;57131
500;80;3;QuickSort;15535;6784;2577;247211
500;80;3;InsertionSort;122097;40699;0;28510
500;80;3;BubbleSort;396728;117964;40200;170810
500;80;3;MergeSort;8976;3519;0;55740
500;80;3;CountingSort;1501;0;0;55970
500;80;3;QuickSort;16124;6851;2758;26880
500;80;3;InsertionSort;120978;40326;0;22760
500;80;3;BubbleSort;394046;117369;39827;214421
500;80;3;MergeSort;8976;3511;0;86951
500;80;3;CountingSort;1501;0;0;62040
500;80;3;QuickSort;17132;6833;3089;23000
500;80;3;InsertionSort;122457;40819;0;96850
500;80;3;BubbleSort;395030;116875;40320;254131
500;80;3;MergeSort;8976;3502;0;72811
500;80;3;CountingSort;1501;0;0;67010
500;80;3;QuickSort;19079;7709;3456;24520
500;80;3;InsertionSort;119382;39794;0;35980
500;80;3;BubbleSort;392160;117490;39295;167181
500;80;3;MergeSort;8976;3527;0;55610
500;80;3;CountingSort;1501;0;0;59620
500;80;3;QuickSort;17327;7421;2955;42650
500;80;3;InsertionSort;116685;38895;0;33110
500;80;3;BubbleSort;390652;118534;38396;169511
500;80;3;MergeSort;8976;3522;0;57400
500;80;3;CountingSort;1501;0;0;75961
500;80;3;QuickSort;18936;7650;3439;41970
500;80;3;InsertionSort;125841;41947;0;37420
500;80;3;BubbleSort;400040;117124;41448;205540
500;80;3;MergeSort;8976;3489;0;86390
500;80;3;CountingSort;1501;0;0;69220
500;80;3;QuickSort;15289;6241;2687;38180
500;80;3;InsertionSort;120876;40292;0;48790
500;80;3;BubbleSort;391380;116104;39793;189471
500;80;3;MergeSort;8976;3537;0;72730
500;80;3;CountingSort;1501;0;0;25230
500;80;3;QuickSort;15902;6680;2742;22700
500;80;3;InsertionSort;117708;39236;0;41610
500;80;3;BubbleSort;388698;116875;38737;187081
500;80;3;MergeSort;8976;3514;0;61750
500;80;3;CountingSort;1501;0;0;21420
500;80;3;QuickSort;16956;6993;2979;22960
500;80;3;InsertionSort;123546;41182;0;30070
500;80;3;BubbleSort;397712;117490;40683;130591
500;80;3;MergeSort;8976;3512;0;54001
500;80;3;CountingSort;1501;0;0;12060
500;80;3;QuickSort;18219;7614;3201;25070
500;80;3;InsertionSort;119379;39793;0;19490
500;80;3;BubbleSort;393794;118309;39294;116570
500;80;3;MergeSort;8976;3503;0;59980
500;80;3;CountingSort;1501;0;0;27581
500;80;3;QuickSort;16511;6689;2942;38590
500;80;3;InsertionSort;124209;41403;0;51270
500;80;3;BubbleSort;402404;119394;40904;165090
500;80;3;MergeSort;8976;3528;0;77110
500;80;3;CountingSort;1501;0;0;13780
500;80;3;QuickSort;18199;7753;3145;18250
500;80;3;InsertionSort;123474;41158;0;95860
500;80;3;BubbleSort;398330;117847;40659;209610
500;80;3;MergeSort;8976;3499;0;92850
500;80;3;CountingSort;1501;0;0;13830
500;80;3;QuickSort;17484;7212;3091;75400
500;80;3;InsertionSort;126534;42178;0;60800
500;80;3;BubbleSort;399704;116494;41679;150371
500;80;3;MergeSort;8976;3527;0;61251
500;80;3;CountingSort;1501;0;0;12600
500;80;3;QuickSort;16015;6535;2823;18100
500;80;3;InsertionSort;118926;39642;0;27460
500;80;3;BubbleSort;396172;119800;39143;168850
500;80;3;MergeSort;8976;3508;0;66440
500;80;3;CountingSort;1501;0;0;10250
500;80;3;QuickSort;18902;7844;3350;24581
500;80;3;InsertionSort;118605;39535;0;32560
500;80;3;BubbleSort;389894;116875;39036;161600
500;80;3;MergeSort;8976;3519;0;64670
500;80;3;CountingSort;1501;0;0;9760
500;80;3;QuickSort;15978;6561;2805;31150
500;80;3;InsertionSort;117546;39182;0;24320
500;80;3;BubbleSort;389470;117369;38683;154821
500;80;3;MergeSort;8976;3527;0;65120
500;80;3;CountingSort;1501;0;0;11520
500;80;3;QuickSort;17693;7379;3110;22020
500;80;3;InsertionSort;116628;38876;0;25180
500;80;3;BubbleSort;383826;115159;38377;118220
500;80;3;MergeSort;8976;3514;0;44460
500;80;3;CountingSort;1501;0;0;15180
500;80;3;QuickSort;17147;6869;3104;23860
500;80;3;InsertionSort;122415;40805;0;19881
500;80;3;BubbleSort;398068;118422;40306;155450
500;80;3;MergeSort;8976;3523;0;53040
500;80;3;CountingSort;1501;0;0;10860
500;80;3;QuickSort;16839;7377;2814;24510
500;80;3;InsertionSort;122235;40745;0;25640
500;80;3;BubbleSort;392662;115839;40246;204290
500;80;3;MergeSort;8976;3503;0;72030
500;80;3;CountingSort;1501;0;0;19360
500;80;3;QuickSort;17563;7030;3174;24800
500;80;3;InsertionSort;125667;41889;0;25130
500;80;3;BubbleSort;401720;118080;41390;181751
500;80;3;MergeSort;8976;3508;0;73471
500;80;3;CountingSort;1501;0;0;20600
500;80;3;QuickSort;18417;7659;3251;30840
500;80;3;InsertionSort;125127;41709;0;26650
500;80;3;BubbleSort;399334;117247;41210;132860
500;80;3;MergeSort;8976;3511;0;53430
500;80;3;CountingSort;1501;0;0;14701
500;80;3;QuickSort;19997;8141;3617;21070
500;80;3;InsertionSort;120795;40265;0;24480
500;80;3;BubbleSort;390204;115570;39766;126920
500;80;3;MergeSort;8976;3510;0;75180
500;80;3;CountingSort;1501;0;0;15500
500;80;3;QuickSort;15676;6532;2722;28950
500;80;3;InsertionSort;119115;39705;0;24270
500;80;3;BubbleSort;392518;117847;39206;149550
500;80;3;MergeSort;8976;3524;0;44540
500;80;3;CountingSort;1501;0;0;12120
500;80;3;QuickSort;15683;6629;2677;19490
500;80;3;InsertionSort;122796;40932;0;20420
500;80;3;BubbleSort;394202;116235;40433;216161
500;80;3;MergeSort;8976;3512;0;78861
500;80;3;CountingSort;1501;0;0;13260
500;80;3;QuickSort;16467;6783;2903;24120
500;80;3;InsertionSort;120159;40053;0;19660
500;80;3;BubbleSort;393910;117847;39554;170100
500;80;3;MergeSort;8976;3517;0;99660
500;80;3;CountingSort;1501;0;0;20450
500;80;3;QuickSort;19213;7813;3471;24700
500;80;3;InsertionSort;119235;39745;0;24130
500;80;3;BubbleSort;391478;117247;39246;147451
500;80;3;MergeSort;8976;3514;0;45531
500;80;3;CountingSort;1501;0;0;13891
500;80;3;QuickSort;17525;7055;3169;27890
500;80;3;InsertionSort;123663;41221;0;27150
500;80;3;BubbleSort;399048;118080;40722;122490
500;80;3;MergeSort;8976;3496;0;57990
500;80;3;CountingSort;1501;0;0;20250
500;80;3;QuickSort;16455;6660;2932;32470
500;80;3;InsertionSort;130047;43349;0;25950
500;80;3;BubbleSort;408018;118309;42850;178071
500;80;3;MergeSort;8976;3497;0;74381
500;80;3;CountingSort;1501;0;0;13430
500;80;3;QuickSort;17567;7184;3127;25570
500;80;3;InsertionSort;117975;39325;0;19620
500;80;3;BubbleSort;388292;116494;38826;210751
500;80;3;MergeSort;8976;3516;0;79341
500;80;3;CountingSort;1501;0;0;13640
500;80;3;QuickSort;17107;6952;3047;25460
500;80;3;InsertionSort;121548;40516;0;24630
500;80;3;BubbleSort;395996;117964;40017;123090
500;80;3;MergeSort;8976;3511;0;57480
500;80;3;CountingSort;1501;0;0;18810
500;80;3;QuickSort;15473;6422;2690;23860
500;80;3;InsertionSort;116667;38889;0;126121
500;80;3;BubbleSort;384970;115705;38390;213651
500;80;3;MergeSort;8976;3524;0;60291
500;80;3;CountingSort;1501;0;0;11580
500;80;3;QuickSort;16323;6864;2821;24441
500;80;3;InsertionSort;121290;40430;0;29450
500;80;3;BubbleSort;392712;116494;39931;214750
500;80;3;MergeSort;8976;3504;0;55000
500;80;3;CountingSort;1501;0;0;13050
500;80;3;QuickSort;15859;6367;2832;24020
500;80;3;InsertionSort;119937;39979;0;26180
500;80;3;BubbleSort;396708;119394;39480;167391
500;80;3;MergeSort;8976;3515;0;54540
500;80;3;CountingSort;1501;0;0;13310
500;80;3;QuickSort;16048;6811;2746;24350
500;80;3;InsertionSort;119961;39987;0;19390
500;80;3;BubbleSort;385400;113724;39488;201020
500;80;3;MergeSort;8976;3523;0;75430
500;80;3;CountingSort;1501;0;0;22540
500;80;3;QuickSort;18326;7406;3304;25170
500;80;3;InsertionSort;119448;39816;0;27760
500;80;3;BubbleSort;395848;119290;39317;128901
500;80;3;MergeSort;8976;3496;0;55510
500;80;3;CountingSort;1501;0;0;11830
500;80;3;QuickSort;16447;6727;2912;19560
500;80;3;InsertionSort;125775;41925;0;33230
500;80;3;BubbleSort;402994;118645;41426;136140
500;80;3;MergeSort;8976;3516;0;46530
500;80;3;CountingSort;1501;0;0;14150
500;80;3;QuickSort;16286;6551;2914;19800
500;80;3;InsertionSort;122919;40973;0;20160
500;80;3;BubbleSort;401094;119599;40474;136341
500;80;3;MergeSort;8976;3491;0;48291
500;80;3;CountingSort;1501;0;0;17311
500;80;3;QuickSort;17905;7162;3248;24320
500;80;3;InsertionSort;122259;40753;0;19780
500;80;3;BubbleSort;395264;117124;40254;178080
500;80;3;MergeSort;8976;3495;0;57000
500;80;3;CountingSort;1501;0;0;12840
500;80;3;QuickSort;15612;6423;2728;22630
500;80;3;InsertionSort;123966;41322;0;24980
500;80;3;BubbleSort;399452;118080;40823;144521
500;80;3;MergeSort;8976;3512;0;54051
500;80;3;CountingSort;1501;0;0;12960
500;80;3;QuickSort;16019;6542;2830;29900
500;80;3;InsertionSort;118485;39495;0;52950
500;80;3;BubbleSort;387928;115972;38996;202740
500;80;3;MergeSort;8976;3488;0;72330
500;80;3;CountingSort;1501;0;0;11720
500;80;3;QuickSort;20914;8494;3814;21350
500;80;3;InsertionSort;121227;40409;0;62820
500;80;3;BubbleSort;396930;118645;39910;220351
500;80;3;MergeSort;8976;3509;0;93021
500;80;3;CountingSort;1501;0;0;10920
500;80;3;QuickSort;19921;7795;3705;21500
500;80;3;InsertionSort;119379;39793;0;111200
500;80;3;BubbleSort;386370;114597;39294;197210
500;80;3;MergeSort;8976;3495;0;43890
500;80;3;CountingSort;1501;0;0;14480
500;80;3;QuickSort;17533;7105;3140;25140
500;80;3;InsertionSort;122442;40814;0;43040
500;80;3;BubbleSort;395754;117247;40315;166051
500;80;3;MergeSort;8976;3517;0;82101
500;80;3;CountingSort;1501;0;0;13720
500;80;3;QuickSort;20497;8380;3707;28480
500;80;3;InsertionSort;123411;41137;0;36720
500;80;3;BubbleSort;397290;117369;40638;149050
500;80;3;MergeSort;8976;3510;0;76120
500;80;3;CountingSort;1501;0;0;13450
500;80;3;QuickSort;16899;6933;2997;24730
500;80;3;InsertionSort;123531;41177;0;24900
500;80;3;BubbleSort;401082;119185;40678;185331
500;80;3;MergeSort;8976;3517;0;58490
500;80;3;CountingSort;1501;0;0;13660
500;80;3;QuickSort;18372;7416;3309;30980
500;80;3;InsertionSort;124479;41493;0;22711
500;80;3;BubbleSort;401704;118864;40994;196160
500;80;3;MergeSort;8976;3502;0;73620
500;80;3;CountingSort;1501;0;0;23050
500;80;3;QuickSort;19166;7964;3413;25810
500;80;3;InsertionSort;123084;41028;0;24680
500;80;3;BubbleSort;395104;116494;40529;164201
500;80;3;MergeSort;8976;3510;0;59701
500;80;3;CountingSort;1501;0;0;13770
500;80;3;QuickSort;17304;6885;3136;24250
500;80;3;InsertionSort;127659;42553;0;38030
500;80;3;BubbleSort;399626;115705;42054;191350
500;80;3;MergeSort;8976;3516;0;67120
500;80;3;CountingSort;1501;0;0;13410
500;80;3;QuickSort;18122;7169;3317;23970
500;80;3;InsertionSort;131283;43761;0;26300
500;80;3;BubbleSort;408268;117610;43262;210481
500;80;3;MergeSort;8976;3527;0;81840
500;80;3;CountingSort;1501;0;0;12980
500;80;3;QuickSort;17395;7573;2934;24220
500;80;3;InsertionSort;125433;41811;0;58780
500;80;3;BubbleSort;399986;117369;41312;189851
500;80;3;MergeSort;8976;3520;0;60631
500;80;3;CountingSort;1501;0;0;14820
500;80;3;QuickSort;17853;7305;3183;25880
500;80;3;InsertionSort;118155;39385;0;24870
500;80;3;BubbleSort;391472;117964;38886;139880
500;80;3;MergeSort;8976;3542;0;54680
500;80;3;CountingSort;1501;0;0;13790
500;80;3;QuickSort;16680;6882;2934;24180
500;80;3;InsertionSort;131334;43778;0;45860
500;80;3;BubbleSort;412314;119599;43279;206641
500;80;3;MergeSort;8976;3528;0;70631
500;80;3;CountingSort;1501;0;0;13351
500;80;3;QuickSort;15787;6511;2754;24480
500;80;3;InsertionSort;118113;39371;0;35540
500;80;3;BubbleSort;393216;118864;38872;217550
500;80;3;MergeSort;8976;3507;0;70360
500;80;3;CountingSort;1501;0;0;13980
500;80;3;QuickSort;17527;7771;2925;25490
500;80;3;InsertionSort;124428;41476;0;26721
500;80;3;BubbleSort;394502;115297;40977;165000
500;80;3;MergeSort;8976;3517;0;75360
500;80;3;CountingSort;1501;0;0;14600
500;80;3;QuickSort;19528;7741;3593;27400
500;80;3;InsertionSort;120237;40079;0;36090
500;80;3;BubbleSort;395388;118534;39580;250181
500;80;3;MergeSort;8976;3517;0;64660
500;80;3;CountingSort;1501;0;0;12720
500;80;3;QuickSort;17757;7047;3231;24020
500;80;3;InsertionSort;121047;40349;0;19770
500;80;3;BubbleSort;396468;118534;39850;274111
500;80;3;MergeSort;8976;3500;0;77840
500;80;3;CountingSort;1501;0;0;13411
500;80;3;QuickSort;16618;7111;2840;20080
500;80;3;InsertionSort;116880;38960;0;23820
500;80;3;BubbleSort;386574;116365;38461;161770
500;80;3;MergeSort;8976;3524;0;60110
500;80;3;CountingSort;1501;0;0;13780
500;80;3;QuickSort;15326;6521;2617;24930
500;80;3;InsertionSort;118719;39573;0;23760
500;80;3;BubbleSort;392224;117964;39074;153411
500;80;3;MergeSort;8976;3501;0;63501
500;80;3;CountingSort;1501;0;0;19330
500;80;3;QuickSort;19264;7882;3465;26010
500;80;3;InsertionSort;118467;39489;0;36090
500;80;3;BubbleSort;390454;117247;38990;205220
500;80;3;MergeSort;8976;3521;0;79880
500;80;3;CountingSort;1501;0;0;13450
500;80;3;QuickSort;17291;7472;2947;30820
500;80;3;InsertionSort;124320;41440;0;69340
500;80;3;BubbleSort;402552;119394;40941;228290
500;80;3;MergeSort;8976;3500;0;77170
500;80;3;CountingSort;1501;0;0;13760
500;80;3;QuickSort;15983;6515;2821;26440
500;80;3;InsertionSort;129720;43240;0;20870
500;80;3;BubbleSort;403694;116365;42741;154281
500;80;3;MergeSort;8976;3507;0;54641
500;80;3;CountingSort;1501;0;0;13470
500;80;3;QuickSort;18063;7443;3206;20250
500;80;3;InsertionSort;122169;40723;0;21920
500;80;3;BubbleSort;392840;115972;40224;140550
500;80;3;MergeSort;8976;3497;0;44680
500;80;3;CountingSort;1501;0;0;48100
500;80;3;QuickSort;16788;7002;2938;28960
500;80;3;InsertionSort;124800;41600;0;20230
500;80;3;BubbleSort;399624;117610;41101;212631
500;80;3;MergeSort;8976;3525;0;75240
500;80;3;CountingSort;1501;0;0;12670
500;80;3;QuickSort;17229;6843;3122;19600
500;80;3;InsertionSort;116154;38718;0;23490
500;80;3;BubbleSort;391456;119290;38219;205401
500;80;3;MergeSort;8976;3508;0;74500
500;80;3;CountingSort;1501;0;0;13910
500;80;3;QuickSort;15848;6584;2756;23841
500;80;3;InsertionSort;124923;41641;0;26390
500;80;3;BubbleSort;399788;117610;41142;180380
500;80;3;MergeSort;8976;3511;0;65520
500;80;3;CountingSort;1501;0;0;13830
500;80;3;QuickSort;16050;6624;2816;23000
500;80;3;InsertionSort;124338;41446;0;36750
500;80;3;BubbleSort;397538;116875;40947;166311
500;80;3;MergeSort;8976;3505;0;61900
500;80;3;CountingSort;1501;0;0;36950
500;80;3;QuickSort;16606;6646;2988;29600
500;80;3;InsertionSort;124272;41424;0;37610
500;80;3;BubbleSort;399394;117847;40925;174570
500;80;3;MergeSort;8976;3512;0;96600
500;80;3;CountingSort;1501;0;0;12300
500;80;3;QuickSort;16864;6886;2994;20120
500;80;3;InsertionSort;121581;40527;0;19640
500;80;3;BubbleSort;396040;117964;40028;165841
500;80;3;MergeSort;8976;3503;0;61950
500;80;3;CountingSort;1501;0;0;11400
500;80;3;QuickSort;17247;7206;3014;20210
500;80;3;InsertionSort;124926;41642;0;20160
500;80;3;BubbleSort;401416;118422;41143;120720
500;80;3;MergeSort;8976;3498;0;43500
500;80;3;CountingSort;1501;0;0;13350
500;80;3;QuickSort;15471;6339;2720;24270
500;80;3;InsertionSort;126567;42189;0;20700
500;80;3;BubbleSort;402688;117964;41690;116890
500;80;3;MergeSort;8976;3497;0;64670
500;80;3;CountingSort;1501;0;0;33230
500;80;3;QuickSort;17259;7701;2851;40160
500;80;3;InsertionSort;117111;39037;0;28460
500;80;3;BubbleSort;390996;118422;38538;164060
500;80;3;MergeSort;8976;3506;0;61590
500;80;3;CountingSort;1501;0;0;62120
500;80;3;QuickSort;19759;8101;3567;34180
500;80;3;InsertionSort;120384;40128;0;62840
500;80;3;BubbleSort;392266;116875;39629;201101
500;80;3;MergeSort;8976;3515;0;61151
500;80;3;CountingSort;1501;0;0;19360
500;80;3;QuickSort;19380;7800;3520;20990
500;80;3;InsertionSort;122025;40675;0;50440
500;80;3;BubbleSort;389612;114454;40176;219320
500;80;3;MergeSort;8976;3519;0;79350
500;80;3;CountingSort;1501;0;0;13400
500;80;3;QuickSort;15839;6677;2720;25050
500;80;3;InsertionSort;125649;41883;0;28030
500;80;3;BubbleSort;398524;116494;41384;157421
500;80;3;MergeSort;8976;3511;0;68041
500;80;3;CountingSort;1501;0;0;8721
500;80;3;QuickSort;15887;7169;2576;20710
500;80;3;InsertionSort;121038;40346;0;24700
500;80;3;BubbleSort;396678;118645;39847;135890
500;80;3;MergeSort;8976;3527;0;52230
500;80;4;CountingSort;1501;0;0;102361
500;80;4;QuickSort;18638;7553;3363;766953
500;80;4;InsertionSort;119652;39884;0;3671620
500;80;4;BubbleSort;394830;118645;39385;5486935
500;80;4;MergeSort;8976;3610;0;618562
500;80;4;CountingSort;1501;0;0;59460
500;80;4;QuickSort;17432;7034;3136;118880
500;80;4;InsertionSort;125523;41841;0;2430277
500;80;4;BubbleSort;401062;117847;41342;2370987
500;80;4;MergeSort;8976;3598;0;330281
500;80;4;CountingSort;1501;0;0;68610
500;80;4;QuickSort;20375;8465;3640;81861
500;80;4;InsertionSort;125211;41737;0;1242194
500;80;4;BubbleSort;396896;115972;41238;1976915
500;80;4;MergeSort;8976;3607;0;164230
500;80;4;CountingSort;1501;0;0;57780
500;80;4;QuickSort;16688;6839;2953;90420
500;80;4;InsertionSort;118326;39442;0;1462654
500;80;4;BubbleSort;382922;113575;38943;1691475
500;80;4;MergeSort;8976;3604;0;243330
500;80;4;CountingSort;1501;0;0;71110
500;80;4;QuickSort;15607;6610;2668;72090
500;80;4;InsertionSort;131514;43838;0;410151
500;80;4;BubbleSort;406344;116494;43339;180831
500;80;4;MergeSort;8976;3618;0;95280
500;80;4;CountingSort;1501;0;0;87510
500;80;4;QuickSort;19553;7958;3528;91410
500;80;4;InsertionSort;125091;41697;0;660052
500;80;4;BubbleSort;395660;115434;41198;699202
500;80;4;MergeSort;8976;3627;0;237011
500;80;4;CountingSort;1501;0;0;64340
500;80;4;QuickSort;18311;7643;3222;100761
500;80;4;InsertionSort;120309;40103;0;231291
500;80;4;BubbleSort;394110;117847;39604;263980
500;80;4;MergeSort;8976;3614;0;147790
500;80;4;CountingSort;1501;0;0;60161
500;80;4;QuickSort;15167;6395;2587;81410
500;80;4;InsertionSort;121395;40465;0;185270
500;80;4;BubbleSort;384872;112504;39966;215840
500;80;4;MergeSort;8976;3625;0;134400
500;80;4;CountingSort;1501;0;0;55771
500;80;4;QuickSort;16661;6959;2903;70991
500;80;4;InsertionSort;128931;42977;0;465151
500;80;4;BubbleSort;403662;116875;42478;437871
500;80;4;MergeSort;8976;3609;0;178570
500;80;4;CountingSort;1501;0;0;47801
500;80;4;QuickSort;16271;6731;2846;88120
500;80;4;InsertionSort;121809;40603;0;161900
500;80;4;BubbleSort;393914;116749;40104;229870
500;80;4;MergeSort;8976;3594;0;110680
500;80;4;CountingSort;1501;0;0;59800
500;80;4;QuickSort;15219;6360;2622;50360
500;80;4;InsertionSort;120702;40234;0;545691
500;80;4;BubbleSort;394868;117964;39735;535081
500;80;4;MergeSort;8976;3610;0;112530
500;80;4;CountingSort;1501;0;0;61961
500;80;4;QuickSort;18381;7650;3248;118231
500;80;4;InsertionSort;122124;40708;0;141070
500;80;4;BubbleSort;395816;117490;40209;384891
500;80;4;MergeSort;8976;3638;0;230150
500;80;4;CountingSort;1501;0;0;62900
500;80;4;QuickSort;16885;6925;2986;95420
500;80;4;InsertionSort;120312;40104;0;152210
500;80;4;BubbleSort;388180;114880;39605;210361
500;80;4;MergeSort;8976;3631;0;122371
500;80;4;CountingSort;1501;0;0;60080
500;80;4;QuickSort;16688;6782;2971;361681
500;80;4;InsertionSort;125013;41671;0;402631
500;80;4;BubbleSort;398186;116749;41172;464252
500;80;4;MergeSort;8976;3611;0;128671
500;80;4;CountingSort;1501;0;0;48190
500;80;4;QuickSort;16429;6772;2885;304991
500;80;4;InsertionSort;125487;41829;0;153670
500;80;4;BubbleSort;403900;119290;41330;313531
500;80;4;MergeSort;8976;3592;0;209191
500;80;4;CountingSort;1501;0;0;63760
500;80;4;QuickSort;16262;6839;2811;334301
500;80;4;InsertionSort;121158;40386;0;43320
500;80;4;BubbleSort;397276;118864;39887;173151
500;80;4;MergeSort;8976;3614;0;119281
500;80;4;CountingSort;1501;0;0;45830
500;80;4;QuickSort;16317;6813;2833;339381
500;80;4;InsertionSort;127779;42593;0;82840
500;80;4;BubbleSort;403596;117610;42094;187011
500;80;4;MergeSort;8976;3614;0;127561
500;80;4;CountingSort;1501;0;0;65700
500;80;4;QuickSort;20687;8276;3799;352281
500;80;4;InsertionSort;113814;37938;0;20910
500;80;4;BubbleSort;377204;113724;37439;346021
500;80;4;MergeSort;8976;3622;0;222181
500;80;4;CountingSort;1501;0;0;49351
500;80;4;QuickSort;18557;7424;3384;323051
500;80;4;InsertionSort;127035;42345;0;42010
500;80;4;BubbleSort;404894;118755;41846;265310
500;80;4;MergeSort;8976;3626;0;136580
500;80;4;CountingSort;1501;0;0;51510
500;80;4;QuickSort;18943;7756;3400;98100
500;80;4;InsertionSort;109980;36660;0;32240
500;80;4;BubbleSort;378394;116875;36161;178290
500;80;4;MergeSort;8976;3617;0;77200
500;80;4;CountingSort;1501;0;0;66061
500;80;4;QuickSort;16148;6578;2858;23060
500;80;4;InsertionSort;119715;39905;0;32700
500;80;4;BubbleSort;390612;116494;39406;182560
500;80;4;MergeSort;8976;3616;0;135760
500;80;4;CountingSort;1501;0;0;413551
500;80;4;QuickSort;16730;7019;2902;24230
500;80;4;InsertionSort;125688;41896;0;33330
500;80;4;BubbleSort;400082;117247;41397;257961
500;80;4;MergeSort;8976;3610;0;200800
500;80;4;CountingSort;1501;0;0;69730
500;80;4;QuickSort;19139;7943;3402;40170
500;80;4;InsertionSort;118281;39427;0;38470
500;80;4;BubbleSort;392102;118195;38928;1202304
500;80;4;MergeSort;8976;3609;0;1171304
500;80;4;CountingSort;1501;0;0;62700
500;80;4;QuickSort;16684;6910;2929;28580
500;80;4;InsertionSort;116556;38852;0;22040
500;80;4;BubbleSort;386400;116494;38353;174651
500;80;4;MergeSort;8976;3618;0;43361
500;80;4;CountingSort;1501;0;0;60650
500;80;4;QuickSort;16510;6691;2932;31360
500;80;4;InsertionSort;121014;40338;0;30520
500;80;4;BubbleSort;392344;116494;39839;130161
500;80;4;MergeSort;8976;3591;0;40960
500;80;4;CountingSort;1501;0;0;51640
500;80;4;QuickSort;18229;7741;3160;24550
500;80;4;InsertionSort;114801;38267;0;38230
500;80;4;BubbleSort;384570;116749;37768;171340
500;80;4;MergeSort;8976;3617;0;71020
500;80;4;CountingSort;1501;0;0;69770
500;80;4;QuickSort;18592;7447;3376;40380
500;80;4;InsertionSort;117723;39241;0;28480
500;80;4;BubbleSort;392036;118534;38742;215891
500;80;4;MergeSort;8976;3603;0;69250
500;80;4;CountingSort;1501;0;0;46881
500;80;4;QuickSort;16243;6622;2877;27880
500;80;4;InsertionSort;118089;39363;0;38150
500;80;4;BubbleSort;382306;113425;38864;144970
500;80;4;MergeSort;8976;3613;0;53780
500;80;4;CountingSort;1501;0;0;66050
500;80;4;QuickSort;16039;6805;2738;26010
500;80;4;InsertionSort;116652;38884;0;24850
500;80;4;BubbleSort;386270;116365;38385;161890
500;80;4;MergeSort;8976;3621;0;61430
500;80;4;CountingSort;1501;0;0;60480
500;80;4;QuickSort;16128;7191;2643;25580
500;80;4;InsertionSort;119616;39872;0;51421
500;80;4;BubbleSort;393186;117847;39373;221770
500;80;4;MergeSort;8976;3610;0;68100
500;80;4;CountingSort;1501;0;0;61091
500;80;4;QuickSort;18860;7754;3371;19160
500;80;4;InsertionSort;119184;39728;0;33530
500;80;4;BubbleSort;393760;118422;39229;139410
500;80;4;MergeSort;8976;3615;0;30140
500;80;4;CountingSort;1501;0;0;45330
500;80;4;QuickSort;16685;6806;2960;18670
500;80;4;InsertionSort;130422;43474;0;212250
500;80;4;BubbleSort;408744;118422;42975;120710
500;80;4;MergeSort;8976;3606;0;45100
500;80;4;CountingSort;1501;0;0;34100
500;80;4;QuickSort;18154;7369;3261;20000
500;80;4;InsertionSort;117981;39327;0;20750
500;80;4;BubbleSort;385630;115159;38828;178380
500;80;4;MergeSort;8976;3588;0;71430
500;80;4;CountingSort;1501;0;0;15020
500;80;4;QuickSort;18012;7398;3210;19110
500;80;4;InsertionSort;115866;38622;0;35781
500;80;4;BubbleSort;382810;115159;38123;211920
500;80;4;MergeSort;8976;3604;0;46990
500;80;4;CountingSort;1501;0;0;10530
500;80;4;QuickSort;17553;7053;3163;18740
500;80;4;InsertionSort;121629;40543;0;29830
500;80;4;BubbleSort;392906;116365;40044;176211
500;80;4;MergeSort;8976;3621;0;44271
500;80;4;CountingSort;1501;0;0;12551
500;80;4;QuickSort;17252;7211;3015;17580
500;80;4;InsertionSort;120528;40176;0;159530
500;80;4;BubbleSort;393446;117369;39677;244790
500;80;4;MergeSort;8976;3617;0;42330
500;80;4;CountingSort;1501;0;0;15380
500;80;4;QuickSort;16276;7207;2693;23040
500;80;4;InsertionSort;120282;40094;0;31421
500;80;4;BubbleSort;393600;117610;39595;201690
500;80;4;MergeSort;8976;3614;0;59770
500;80;4;CountingSort;1501;0;0;11460
500;80;4;QuickSort;18689;7589;3366;23800
500;80;4;InsertionSort;122775;40925;0;30210
500;80;4;BubbleSort;399648;118972;40426;178391
500;80;4;MergeSort;8976;3606;0;45650
500;80;4;CountingSort;1501;0;0;12800
500;80;4;QuickSort;16904;7346;2848;18500
500;80;4;InsertionSort;117153;39051;0;20390
500;80;4;BubbleSort;388456;117124;38552;149461
500;80;4;MergeSort;8976;3603;0;64291
500;80;4;CountingSort;1501;0;0;18310
500;80;4;QuickSort;16722;6792;2980;27790
500;80;4;InsertionSort;121458;40486;0;33260
500;80;4;BubbleSort;394928;117490;39987;272841
500;80;4;MergeSort;8976;3616;0;99850
500;80;4;CountingSort;1501;0;0;14910
500;80;4;QuickSort;15908;6701;2744;53580
500;80;4;InsertionSort;119664;39888;0;36520
500;80;4;BubbleSort;389500;115972;39389;185990
500;80;4;MergeSort;8976;3603;0;78130
500;80;4;CountingSort;1501;0;0;11310
500;80;4;QuickSort;16463;6842;2880;20290
500;80;4;InsertionSort;119121;39707;0;39540
500;80;4;BubbleSort;389562;116365;39208;128840
500;80;4;MergeSort;8976;3606;0;57970
500;80;4;CountingSort;1501;0;0;16030
500;80;4;QuickSort;15380;6620;2585;25120
500;80;4;InsertionSort;118425;39475;0;19560
500;80;4;BubbleSort;387044;115570;38976;158321
500;80;4;MergeSort;8976;3617;0;64021
500;80;4;CountingSort;1501;0;0;18160
500;80;4;QuickSort;18847;7738;3379;20700
500;80;4;InsertionSort;118389;39463;0;25390
500;80;4;BubbleSort;391076;117610;38964;186011
500;80;4;MergeSort;8976;3618;0;62070
500;80;4;CountingSort;1501;0;0;11480
500;80;4;QuickSort;18919;7768;3386;25930
500;80;4;InsertionSort;120528;40176;0;46680
500;80;4;BubbleSort;397496;119394;39677;155331
500;80;4;MergeSort;8976;3605;0;59360
500;80;4;CountingSort;1501;0;0;13690
500;80;4;QuickSort;15954;7080;2628;19760
500;80;4;InsertionSort;115860;38620;0;35990
500;80;4;BubbleSort;384162;115839;38121;119330
500;80;4;MergeSort;8976;3612;0;74321
500;80;4;CountingSort;1501;0;0;11120
500;80;4;QuickSort;17891;7193;3234;25530
500;80;4;InsertionSort;124539;41513;0;35580
500;80;4;BubbleSort;399036;117490;41014;175511
500;80;4;MergeSort;8976;3620;0;59180
500;80;4;CountingSort;1501;0;0;15430
500;80;4;QuickSort;16549;7228;2767;25401
500;80;4;InsertionSort;124779;41593;0;33440
500;80;4;BubbleSort;401886;118755;41094;151860
500;80;4;MergeSort;8976;3623;0;59290
500;80;4;CountingSort;1501;0;0;13900
500;80;4;QuickSort;16438;6718;2900;26600
500;80;4;InsertionSort;122361;40787;0;21831
500;80;4;BubbleSort;396132;117490;40288;214760
500;80;4;MergeSort;8976;3613;0;76880
500;80;4;CountingSort;1501;0;0;13750
500;80;4;QuickSort;15403;6484;2645;23350
500;80;4;InsertionSort;120999;40333;0;19730
500;80;4;BubbleSort;396626;118645;39834;226330
500;80;4;MergeSort;8976;3614;0;81340
500;80;4;CountingSort;1501;0;0;13320
500;80;4;QuickSort;19141;7801;3441;40540
500;80;4;InsertionSort;121158;40386;0;30820
500;80;4;BubbleSort;395938;118195;39887;207180
500;80;4;MergeSort;8976;3613;0;52170
500;80;4;CountingSort;1501;0;0;16470
500;80;4;QuickSort;18471;7623;3283;24840
500;80;4;InsertionSort;123834;41278;0;43530
500;80;4;BubbleSort;400626;118755;40779;174480
500;80;4;MergeSort;8976;3618;0;66110
500;80;4;CountingSort;1501;0;0;19240
500;80;4;QuickSort;17120;7217;2973;27680
500;80;4;InsertionSort;115326;38442;0;28311
500;80;4;BubbleSort;390142;119185;37943;208210
500;80;4;MergeSort;8976;3606;0;80460
500;80;4;CountingSort;1501;0;0;23250
500;80;4;QuickSort;18514;7561;3327;20740
500;80;4;InsertionSort;126357;42119;0;46630
500;80;4;BubbleSort;396240;114880;41620;213101
500;80;4;MergeSort;8976;3600;0;84481
500;80;4;CountingSort;1501;0;0;16640
500;80;4;QuickSort;16569;6900;2895;26350
500;80;4;InsertionSort;120918;40306;0;27870
500;80;4;BubbleSort;388422;114597;39807;156681
500;80;4;MergeSort;8976;3602;0;87721
500;80;4;CountingSort;1501;0;0;16140
500;80;4;QuickSort;16878;7014;2965;32210
500;80;4;InsertionSort;123069;41023;0;32250
500;80;4;BubbleSort;393506;115705;40524;178210
500;80;4;MergeSort;8976;3601;0;83150
500;80;4;CountingSort;1501;0;0;11300
500;80;4;QuickSort;15657;6456;2731;25560
500;80;4;InsertionSort;122739;40913;0;22960
500;80;4;BubbleSort;398946;118645;40414;170230
500;80;4;MergeSort;8976;3617;0;52720
500;80;4;CountingSort;1501;0;0;11420
500;80;4;QuickSort;17185;7282;2977;21930
500;80;4;InsertionSort;123885;41295;0;27040
500;80;4;BubbleSort;399802;118309;40796;121600
500;80;4;MergeSort;8976;3633;0;44810
500;80;4;CountingSort;1501;0;0;14510
500;80;4;QuickSort;16817;7043;2922;24670
500;80;4;InsertionSort;119715;39905;0;32450
500;80;4;BubbleSort;393082;117729;39406;194911
500;80;4;MergeSort;8976;3634;0;72930
500;80;4;CountingSort;1501;0;0;16250
500;80;4;QuickSort;18072;7401;3220;30510
500;80;4;InsertionSort;123261;41087;0;37780
500;80;4;BubbleSort;390972;114310;40588;214571
500;80;4;MergeSort;8976;3608;0;80640
500;80;4;CountingSort;1501;0;0;10490
500;80;4;QuickSort;17703;7311;3129;25820
500;80;4;InsertionSort;122661;40887;0;27850
500;80;4;BubbleSort;397712;118080;40388;153460
500;80;4;MergeSort;8976;3599;0;59950
500;80;4;CountingSort;1501;0;0;11330
500;80;4;QuickSort;17686;7426;3087;25000
500;80;4;InsertionSort;120723;40241;0;36290
500;80;4;BubbleSort;387006;114019;39742;179911
500;80;4;MergeSort;8976;3609;0;65310
500;80;4;CountingSort;1501;0;0;18990
500;80;4;QuickSort;18011;7367;3209;24370
500;80;4;InsertionSort;122388;40796;0;19830
500;80;4;BubbleSort;395682;117247;40297;164200
500;80;4;MergeSort;8976;3612;0;44290
500;80;4;CountingSort;1501;0;0;36830
500;80;4;QuickSort;17010;6867;3046;38420
500;80;4;InsertionSort;120213;40071;0;38200
500;80;4;BubbleSort;391276;116494;39572;140481
500;80;4;MergeSort;8976;3612;0;55730
500;80;4;CountingSort;1501;0;0;11770
500;80;4;QuickSort;16973;6974;2998;20210
500;80;4;InsertionSort;132999;44333;0;24050
500;80;4;BubbleSort;412626;118645;43834;206740
500;80;4;MergeSort;8976;3602;0;65490
500;80;4;CountingSort;1501;0;0;11110
500;80;4;QuickSort;16555;6709;2947;81020
500;80;4;InsertionSort;119895;39965;0;19270
500;80;4;BubbleSort;390072;116104;39466;221841
500;80;4;MergeSort;8976;3614;0;74650
500;80;4;CountingSort;1501;0;0;11031
500;80;4;QuickSort;16304;6701;2870;36420
500;80;4;InsertionSort;123954;41318;0;28580
500;80;4;BubbleSort;393594;115159;40819;149190
500;80;4;MergeSort;8976;3627;0;60630
500;80;4;CountingSort;1501;0;0;15970
500;80;4;QuickSort;16101;6684;2800;19910
500;80;4;InsertionSort;119379;39793;0;19240
500;80;4;BubbleSort;390674;116749;39294;150390
500;80;4;MergeSort;8976;3614;0;50680
500;80;4;CountingSort;1501;0;0;13390
500;80;4;QuickSort;18455;7805;3216;20650
500;80;4;InsertionSort;118122;39374;0;146321
500;80;4;BubbleSort;388998;116749;38875;244321
500;80;4;MergeSort;8976;3605;0;76671
500;80;4;CountingSort;1501;0;0;16780
500;80;4;QuickSort;16946;6830;3035;24510
500;80;4;InsertionSort;122667;40889;0;29610
500;80;4;BubbleSort;398850;118645;40390;209481
500;80;4;MergeSort;8976;3613;0;65560
500;80;4;CountingSort;1501;0;0;12540
500;80;4;QuickSort;17814;7299;3174;20750
500;80;4;InsertionSort;119046;39682;0;32350
500;80;4;BubbleSort;393576;118422;39183;197680
500;80;4;MergeSort;8976;3601;0;57460
500;80;4;CountingSort;1501;0;0;14930
500;80;4;QuickSort;17466;7332;3042;20750
500;80;4;InsertionSort;117378;39126;0;28110
500;80;4;BubbleSort;383702;114597;38627;212421
500;80;4;MergeSort;8976;3613;0;77590
500;80;4;CountingSort;1501;0;0;13090
500;80;4;QuickSort;16829;6770;3025;23950
500;80;4;InsertionSort;117993;39331;0;140871
500;80;4;BubbleSort;391256;117964;38832;222130
500;80;4;MergeSort;8976;3625;0;59190
500;80;4;CountingSort;1501;0;0;12860
500;80;4;QuickSort;18967;7798;3390;23400
500;80;4;InsertionSort;123078;41026;0;25550
500;80;4;BubbleSort;393786;115839;40527;175261
500;80;4;MergeSort;8976;3604;0;72930
500;80;4;CountingSort;1501;0;0;9230
500;80;4;QuickSort;19632;7818;3601;26060
500;80;4;InsertionSort;120564;40188;0;19601
500;80;4;BubbleSort;394450;117847;39689;174620
500;80;4;MergeSort;8976;3598;0;46600
500;80;4;CountingSort;1501;0;0;13260
500;80;4;QuickSort;17017;7186;2943;20590
500;80;4;InsertionSort;127686;42562;0;30700
500;80;4;BubbleSort;405762;118755;42063;183761
500;80;4;MergeSort;8976;3621;0;44270
500;80;4;CountingSort;1501;0;0;8040
500;80;4;QuickSort;17083;7081;2999;21860
500;80;4;InsertionSort;127464;42488;0;30940
500;80;4;BubbleSort;404800;118422;41989;127080
500;80;4;MergeSort;8976;3589;0;60730
500;80;4;CountingSort;1501;0;0;6780
500;80;4;QuickSort;19818;8007;3599;20560
500;80;4;InsertionSort;123219;41073;0;19870
500;80;4;BubbleSort;401290;119497;40574;176491
500;80;4;MergeSort;8976;3605;0;55121
500;80;4;CountingSort;1501;0;0;4700
500;80;4;QuickSort;19204;7909;3424;20990
500;80;4;InsertionSort;123324;41108;0;44640
500;80;4;BubbleSort;400806;119185;40609;154970
500;80;4;MergeSort;8976;3606;0;45260
500;80;4;CountingSort;1501;0;0;8120
500;80;4;QuickSort;18861;7440;3468;20420
500;80;4;InsertionSort;116793;38931;0;31020
500;80;4;BubbleSort;388948;117610;38432;176431
500;80;4;MergeSort;8976;3610;0;76651
500;80;4;CountingSort;1501;0;0;6750
500;80;4;QuickSort;18158;7328;3285;26730
500;80;4;InsertionSort;120423;40141;0;101060
500;80;4;BubbleSort;394728;118080;39642;226771
500;80;4;MergeSort;8976;3609;0;63500
500;80;4;CountingSort;1501;0;0;6910
500;80;4;QuickSort;21875;9071;3948;22820
500;80;4;InsertionSort;121821;40607;0;36870
500;80;4;BubbleSort;399426;119497;40108;171521
500;80;4;MergeSort;8976;3633;0;65810
500;80;4;CountingSort;1501;0;0;6490
500;80;4;QuickSort;18352;7678;3230;20880
500;80;4;InsertionSort;123105;41035;0;31550
500;80;4;BubbleSort;398304;118080;40536;182210
500;80;4;MergeSort;8976;3623;0;42380
500;80;4;CountingSort;1501;0;0;6580
500;80;4;QuickSort;20119;8011;3706;20560
500;80;4;InsertionSort;124395;41465;0;21000
500;80;4;BubbleSort;399322;117729;40966;146491
500;80;4;MergeSort;8976;3583;0;46170
500;80;4;CountingSort;1501;0;0;8300
500;80;4;QuickSort;16104;6846;2748;20420
500;80;4;InsertionSort;117795;39265;0;21910
500;80;4;BubbleSort;379124;112030;38766;164621
500;80;4;MergeSort;8976;3598;0;55040
500;80;4;CountingSort;1501;0;0;6530
500;80;4;QuickSort;16399;7147;2749;22930
500;80;4;InsertionSort;124665;41555;0;36350
500;80;4;BubbleSort;393984;114880;41056;168541
500;80;4;MergeSort;8976;3624;0;46100
500;80;4;CountingSort;1501;0;0;4440
500;80;4;QuickSort;18752;7670;3363;20860
500;80;4;InsertionSort;118578;39526;0;19550
500;80;4;BubbleSort;393176;118534;39027;131940
500;80;4;MergeSort;8976;3616;0;45410
500;80;4;CountingSort;1501;0;0;6720
500;80;4;QuickSort;18382;7396;3335;20120
500;80;4;InsertionSort;120195;40065;0;26470
500;80;4;BubbleSort;393244;117490;39566;135531
500;80;4;MergeSort;8976;3594;0;47760
500;80;4;CountingSort;1501;0;0;6670
500;80;4;QuickSort;17291;7073;3072;26370
500;80;4;InsertionSort;118872;39624;0;19490
500;80;4;BubbleSort;388708;116104;39125;174580
500;80;4;MergeSort;8976;3617;0;43140
500;80;4;CountingSort;1501;0;0;11240
500;80;4;QuickSort;21393;8508;3958;21510
500;80;4;InsertionSort;115026;38342;0;59950
500;80;4;BubbleSort;382782;115705;37843;183511
500;80;4;MergeSort;8976;3619;0;47600
500;80;4;CountingSort;1501;0;0;10431
500;80;4;QuickSort;18749;7595;3379;32840
500;80;4;InsertionSort;117237;39079;0;23530
500;80;4;BubbleSort;388568;117124;38580;152840
500;80;4;MergeSort;8976;3619;0;60140
500;80;4;CountingSort;1501;0;0;6860
500;80;4;QuickSort;16757;6947;2942;20190
500;80;4;InsertionSort;112953;37651;0;33430
500;80;4;BubbleSort;385676;118534;37152;160601
500;80;4;MergeSort;8976;3587;0;59881
500;80;4;CountingSort;1501;0;0;7180
500;80;4;QuickSort;15888;6831;2681;19870
500;80;4;InsertionSort;122664;40888;0;19980
500;80;4;BubbleSort;390176;114310;40389;131040
500;80;4;MergeSort;8976;3603;0;49110
500;80;4;CountingSort;1501;0;0;6500
500;80;4;QuickSort;17150;7394;2920;27410
500;80;4;InsertionSort;122922;40974;0;24840
500;80;4;BubbleSort;396394;117247;40475;181251
500;80;4;MergeSort;8976;3624;0;56061
500;80;4;CountingSort;1501;0;0;4230
500;80;4;QuickSort;16704;6927;2915;25510
500;80;4;InsertionSort;120108;40036;0;34290
500;80;4;BubbleSort;395876;118864;39537;173850
500;80;4;MergeSort;8976;3633;0;43460
500;80;4;CountingSort;1501;0;0;6470
500;80;4;QuickSort;18102;7341;3259;26190
500;80;4;InsertionSort;117480;39160;0;55770
500;80;4;BubbleSort;379338;112347;38661;179551
500;80;4;MergeSort;8976;3630;0;59891
500;80;4;CountingSort;1501;0;0;7720
500;80;4;QuickSort;17366;7205;3053;25080
500;80;4;InsertionSort;118500;39500;0;43950
500;80;4;BubbleSort;387682;115839;39001;218900
500;80;4;MergeSort;8976;3619;0;94830
500;80;4;CountingSort;1501;0;0;6170
500;80;4;QuickSort;20641;8449;3731;27360
500;80;4;InsertionSort;118218;39406;0;33580
500;80;4;BubbleSort;385668;115020;38907;221341
500;80;4;MergeSort;8976;3600;0;89370
500;80;4;CountingSort;1501;0;0;10770
500;80;4;QuickSort;16621;6850;2924;25480
500;80;4;InsertionSort;120474;40158;0;36060
500;80;4;BubbleSort;397630;119497;39659;208481
500;80;4;MergeSort;8976;3632;0;72090
500;80;4;CountingSort;1501;0;0;7540
500;80;4;QuickSort;16029;6615;2816;24690
500;80;4;InsertionSort;116133;38711;0;32271
500;80;4;BubbleSort;389916;118534;38212;187190
500;80;4;MergeSort;8976;3594;0;59600
500;90;1;CountingSort;1501;0;0;102230
500;90;1;QuickSort;17283;7071;3076;1011373
500;90;1;InsertionSort;166476;55492;0;4606853
500;90;1;BubbleSort;468542;124285;54993;6402978
500;90;1;MergeSort;8976;3860;0;718842
500;90;1;CountingSort;1501;0;0;57740
500;90;1;QuickSort;18793;7531;3423;130301
500;90;1;InsertionSort;180663;60219;0;1699154
500;90;1;BubbleSort;488152;124630;59723;1294373
500;90;1;MergeSort;8976;3835;0;121040
500;90;1;CountingSort;1501;0;0;73390
500;90;1;QuickSort;18845;7664;3394;169600
500;90;1;InsertionSort;170766;56920;0;649792
500;90;1;BubbleSort;475176;124740;56424;1470164
500;90;1;MergeSort;8976;3850;0;188771
500;90;1;CountingSort;1501;0;0;64030
500;90;1;QuickSort;16628;6899;2903;78370
500;90;1;InsertionSort;166755;55583;0;914813
500;90;1;BubbleSort;468208;123930;55087;639062
500;90;1;MergeSort;8976;3856;0;259740
500;90;1;CountingSort;1501;0;0;79491
500;90;1;QuickSort;16842;6915;2977;92371
500;90;1;InsertionSort;172635;57541;0;556751
500;90;1;BubbleSort;477510;124659;57048;510061
500;90;1;MergeSort;8976;3854;0;262801
500;90;1;CountingSort;1501;0;0;66580
500;90;1;QuickSort;15885;6576;2761;91320
500;90;1;InsertionSort;173644;57878;0;150860
500;90;1;BubbleSort;479030;124747;57384;285351
500;90;1;MergeSort;8976;3838;0;135231
500;90;1;CountingSort;1501;0;0;89390
500;90;1;QuickSort;17020;6850;3054;74720
500;90;1;InsertionSort;175569;58523;0;178360
500;90;1;BubbleSort;480840;124372;58024;156790
500;90;1;MergeSort;8976;3837;0;123630
500;90;1;CountingSort;1501;0;0;70500
500;90;1;QuickSort;15213;6495;2573;60790
500;90;1;InsertionSort;173127;57705;0;272231
500;90;1;BubbleSort;477928;124540;57212;322271
500;90;1;MergeSort;8976;3840;0;177991
500;90;1;CountingSort;1501;0;0;74480
500;90;1;QuickSort;15800;6956;2617;72080
500;90;1;InsertionSort;175617;58539;0;275901
500;90;1;BubbleSort;479008;123424;58040;264901
500;90;1;MergeSort;8976;3843;0;150031
500;90;1;CountingSort;1501;0;0;50790
500;90;1;QuickSort;17722;7411;3103;89791
500;90;1;InsertionSort;176734;58906;0;61090
500;90;1;BubbleSort;482978;124659;58415;200080
500;90;1;MergeSort;8976;3864;0;81860
500;90;1;CountingSort;1501;0;0;83780
500;90;1;QuickSort;16913;7070;2948;84790
500;90;1;InsertionSort;179432;59808;0;58210
500;90;1;BubbleSort;486372;124560;59313;326301
500;90;1;MergeSort;8976;3865;0;155290
500;90;1;CountingSort;1501;0;0;92150
500;90;1;QuickSort;15624;6744;2623;475282
500;90;1;InsertionSort;171030;57010;0;59900
500;90;1;BubbleSort;474552;124254;56511;289041
500;90;1;MergeSort;8976;3861;0;233360
500;90;1;CountingSort;1501;0;0;74201
500;90;1;QuickSort;17645;7262;3133;442931
500;90;1;InsertionSort;173050;57682;0;44900
500;90;1;BubbleSort;476170;123715;57185;273270
500;90;1;MergeSort;8976;3847;0;132000
500;90;1;CountingSort;1501;0;0;67990
500;90;1;QuickSort;19650;8388;3422;340841
500;90;1;InsertionSort;172110;57370;0;34760
500;90;1;BubbleSort;476384;124450;56871;344601
500;90;1;MergeSort;8976;3880;0;207400
500;90;1;CountingSort;1501;0;0;71520
500;90;1;QuickSort;18484;7414;3357;328211
500;90;1;InsertionSort;171259;57083;0;46021
500;90;1;BubbleSort;474986;124315;56589;328141
500;90;1;MergeSort;8976;3856;0;202320
500;90;1;CountingSort;1501;0;0;74440
500;90;1;QuickSort;18878;7862;3338;341021
500;90;1;InsertionSort;184222;61402;0;48460
500;90;1;BubbleSort;492332;124344;60911;368701
500;90;1;MergeSort;8976;3846;0;235001
500;90;1;CountingSort;1501;0;0;60940
500;90;1;QuickSort;16265;6737;2835;62070
500;90;1;InsertionSort;178988;59658;0;75780
500;90;1;BubbleSort;485658;124497;59166;365951
500;90;1;MergeSort;8976;3848;0;197511
500;90;1;CountingSort;1501;0;0;87170
500;90;1;QuickSort;17017;6916;3035;24010
500;90;1;InsertionSort;184134;61378;0;71870
500;90;1;BubbleSort;490664;123574;60879;191561
500;90;1;MergeSort;8976;3852;0;56010
500;90;1;CountingSort;1501;0;0;62481
500;90;1;QuickSort;16966;6907;3024;33681
500;90;1;InsertionSort;171112;57036;0;43950
500;90;1;BubbleSort;474016;123930;56539;166600
500;90;1;MergeSort;8976;3876;0;66850
500;90;1;CountingSort;1501;0;0;69700
500;90;1;QuickSort;19065;7851;3405;24760
500;90;1;InsertionSort;178295;59429;0;43520
500;90;1;BubbleSort;484636;124450;58934;231701
500;90;1;MergeSort;8976;3854;0;65380
500;90;1;CountingSort;1501;0;0;72370
500;90;1;QuickSort;17300;7031;3096;32630
500;90;1;InsertionSort;176271;58755;0;44640
500;90;1;BubbleSort;482296;124630;58259;250801
500;90;1;MergeSort;8976;3869;0;83011
500;90;1;CountingSort;1501;0;0;48620
500;90;1;QuickSort;16519;7405;2701;19750
500;90;1;InsertionSort;170040;56678;0;38080
500;90;1;BubbleSort;474208;124740;56182;163491
500;90;1;MergeSort;8976;3869;0;62760
500;90;1;CountingSort;1501;0;0;53911
500;90;1;QuickSort;16445;6998;2818;29781
500;90;1;InsertionSort;183095;61027;0;50060
500;90;1;BubbleSort;489918;123889;60535;1485114
500;90;1;MergeSort;8976;3851;0;1405074
500;90;1;CountingSort;1501;0;0;46390
500;90;1;QuickSort;17406;6984;3142;30370
500;90;1;InsertionSort;172401;57461;0;42150
500;90;1;BubbleSort;473844;122980;56971;204891
500;90;1;MergeSort;8976;3855;0;65741
500;90;1;CountingSort;1501;0;0;48050
500;90;1;QuickSort;16631;6890;2921;44420
500;90;1;InsertionSort;171928;57306;0;62090
500;90;1;BubbleSort;475626;124189;56812;176801
500;90;1;MergeSort;8976;3820;0;34561
500;90;1;CountingSort;1501;0;0;69520
500;90;1;QuickSort;15677;6578;2703;24140
500;90;1;InsertionSort;175891;58629;0;34340
500;90;1;BubbleSort;478836;123154;58132;242261
500;90;1;MergeSort;8976;3845;0;60590
500;90;1;CountingSort;1501;0;0;57430
500;90;1;QuickSort;16508;6989;2842;24991
500;90;1;InsertionSort;172401;57465;0;38990
500;90;1;BubbleSort;476506;124315;56969;194750
500;90;1;MergeSort;8976;3856;0;61370
500;90;1;CountingSort;1501;0;0;46670
500;90;1;QuickSort;18782;7712;3371;31940
500;90;1;InsertionSort;187262;62418;0;45390
500;90;1;BubbleSort;496380;124344;61923;158850
500;90;1;MergeSort;8976;3853;0;48570
500;90;1;CountingSort;1501;0;0;57390
500;90;1;QuickSort;19892;7997;3636;44791
500;90;1;InsertionSort;178248;59410;0;38420
500;90;1;BubbleSort;485048;124684;58920;209610
500;90;1;MergeSort;8976;3854;0;74260
500;90;1;CountingSort;1501;0;0;47050
500;90;1;QuickSort;19172;7757;3476;25900
500;90;1;InsertionSort;177611;59201;0;42320
500;90;1;BubbleSort;484114;124645;58706;220271
500;90;1;MergeSort;8976;3868;0;49411
500;90;1;CountingSort;1501;0;0;59050
500;90;1;QuickSort;17536;7387;3055;32500
500;90;1;InsertionSort;169602;56534;0;39270
500;90;1;BubbleSort;472234;124047;56035;157150
500;90;1;MergeSort;8976;3875;0;41720
500;90;1;CountingSort;1501;0;0;65350
500;90;1;QuickSort;16228;6772;2815;27900
500;90;1;InsertionSort;180901;60299;0;39170
500;90;1;BubbleSort;487652;124222;59802;203371
500;90;1;MergeSort;8976;3852;0;56860
500;90;1;CountingSort;1501;0;0;73200
500;90;1;QuickSort;18521;7304;3398;53410
500;90;1;InsertionSort;168907;56299;0;47290
500;90;1;BubbleSort;472480;124630;55805;210931
500;90;1;MergeSort;8976;3849;0;47060
500;90;1;CountingSort;1501;0;0;62310
500;90;1;QuickSort;16147;6628;2845;39970
500;90;1;InsertionSort;179810;59932;0;52890
500;90;1;BubbleSort;486558;124399;59440;223931
500;90;1;MergeSort;8976;3825;0;46920
500;90;1;CountingSort;1501;0;0;29120
500;90;1;QuickSort;20061;8226;3616;27460
500;90;1;InsertionSort;173227;57739;0;51931
500;90;1;BubbleSort;478408;124714;57245;232500
500;90;1;MergeSort;8976;3847;0;76440
500;90;1;CountingSort;1501;0;0;32340
500;90;1;QuickSort;17084;7079;3001;25790
500;90;1;InsertionSort;177444;59144;0;37310
500;90;1;BubbleSort;482544;123970;58651;154651
500;90;1;MergeSort;8976;3847;0;79051
500;90;1;CountingSort;1501;0;0;21600
500;90;1;QuickSort;15732;6603;2706;32550
500;90;1;InsertionSort;169179;56393;0;44661
500;90;1;BubbleSort;468384;122404;55894;215590
500;90;1;MergeSort;8976;3845;0;61020
500;90;1;CountingSort;1501;0;0;16070
500;90;1;QuickSort;17190;6870;3108;29950
500;90;1;InsertionSort;182608;60866;0;40050
500;90;1;BubbleSort;490482;124497;60372;208311
500;90;1;MergeSort;8976;3836;0;58610
500;90;1;CountingSort;1501;0;0;12750
500;90;1;QuickSort;16323;6768;2856;25130
500;90;1;InsertionSort;184742;61574;0;44220
500;90;1;BubbleSort;493784;124722;61085;241421
500;90;1;MergeSort;8976;3863;0;77530
500;90;1;CountingSort;1501;0;0;26820
500;90;1;QuickSort;18021;7551;3157;34260
500;90;1;InsertionSort;170450;56814;0;33080
500;90;1;BubbleSort;473654;124189;56319;241351
500;90;1;MergeSort;8976;3825;0;69391
500;90;1;CountingSort;1501;0;0;14190
500;90;1;QuickSort;16342;6763;2862;28990
500;90;1;InsertionSort;171152;57048;0;48751
500;90;1;BubbleSort;475472;124630;56553;247330
500;90;1;MergeSort;8976;3858;0;87830
500;90;1;CountingSort;1501;0;0;10290
500;90;1;QuickSort;17854;7273;3189;33220
500;90;1;InsertionSort;171930;57310;0;35080
500;90;1;BubbleSort;476472;124614;56811;147501
500;90;1;MergeSort;8976;3825;0;48240
500;90;1;CountingSort;1501;0;0;11590
500;90;1;QuickSort;16742;7115;2878;26630
500;90;1;InsertionSort;170596;56864;0;38050
500;90;1;BubbleSort;474696;124614;56367;174051
500;90;1;MergeSort;8976;3846;0;63421
500;90;1;CountingSort;1501;0;0;10970
500;90;1;QuickSort;18146;7313;3278;29510
500;90;1;InsertionSort;180665;60219;0;51120
500;90;1;BubbleSort;488016;124560;59724;219201
500;90;1;MergeSort;8976;3853;0;69470
500;90;1;CountingSort;1501;0;0;10850
500;90;1;QuickSort;16765;7066;2898;27120
500;90;1;InsertionSort;174343;58113;0;41140
500;90;1;BubbleSort;477312;123424;57616;176981
500;90;1;MergeSort;8976;3848;0;60850
500;90;1;CountingSort;1501;0;0;13690
500;90;1;QuickSort;18274;7498;3257;36710
500;90;1;InsertionSort;178887;59625;0;52400
500;90;1;BubbleSort;485846;124659;59132;220321
500;90;1;MergeSort;8976;3853;0;53681
500;90;1;CountingSort;1501;0;0;13470
500;90;1;QuickSort;15510;6390;2702;25460
500;90;1;InsertionSort;176001;58667;0;34120
500;90;1;BubbleSort;481360;124344;58168;203161
500;90;1;MergeSort;8976;3838;0;44950
500;90;1;CountingSort;1501;0;0;10650
500;90;1;QuickSort;19073;8042;3347;21731
500;90;1;InsertionSort;168426;56138;0;121290
500;90;1;BubbleSort;468774;123097;55645;277590
500;90;1;MergeSort;8976;3838;0;87311
500;90;1;CountingSort;1501;0;0;18630
500;90;1;QuickSort;15824;6644;2729;35971
500;90;1;InsertionSort;170466;56822;0;49980
500;90;1;BubbleSort;474286;124497;56323;202790
500;90;1;MergeSort;8976;3856;0;80750
500;90;1;CountingSort;1501;0;0;15230
500;90;1;QuickSort;15706;6691;2676;32800
500;90;1;InsertionSort;172698;57560;0;53050
500;90;1;BubbleSort;476140;123930;57070;276841
500;90;1;MergeSort;8976;3849;0;75220
500;90;1;CountingSort;1501;0;0;13660
500;90;1;QuickSort;20095;8245;3620;34930
500;90;1;InsertionSort;175575;58523;0;57060
500;90;1;BubbleSort;481476;124684;58027;233431
500;90;1;MergeSort;8976;3852;0;69980
500;90;1;CountingSort;1501;0;0;15120
500;90;1;QuickSort;16429;6709;2913;24961
500;90;1;InsertionSort;179184;59724;0;54410
500;90;1;BubbleSort;486422;124749;59231;179800
500;90;1;MergeSort;8976;3845;0;69570
500;90;1;CountingSort;1501;0;0;9120
500;90;1;QuickSort;17069;7040;3008;27490
500;90;1;InsertionSort;163428;54472;0;41440
500;90;1;BubbleSort;464294;124189;53979;204760
500;90;1;MergeSort;8976;3869;0;80990
500;90;1;CountingSort;1501;0;0;20730
500;90;1;QuickSort;17926;7531;3133;26060
500;90;1;InsertionSort;171934;57310;0;42210
500;90;1;BubbleSort;475112;123930;56813;168530
500;90;1;MergeSort;8976;3841;0;56360
500;90;1;CountingSort;1501;0;0;10390
500;90;1;QuickSort;16656;6768;2969;26160
500;90;1;InsertionSort;186686;62226;0;177191
500;90;1;BubbleSort;496352;124714;61731;274380
500;90;1;MergeSort;8976;3839;0;69790
500;90;1;CountingSort;1501;0;0;19180
500;90;1;QuickSort;16889;6956;2984;24381
500;90;1;InsertionSort;174412;58132;0;57850
500;90;1;BubbleSort;479134;124285;57641;209890
500;90;1;MergeSort;8976;3854;0;66990
500;90;1;CountingSort;1501;0;0;10400
500;90;1;QuickSort;15563;7313;2421;23180
500;90;1;InsertionSort;167805;55931;0;27510
500;90;1;BubbleSort;470496;124372;55438;229661
500;90;1;MergeSort;8976;3842;0;84471
500;90;1;CountingSort;1501;0;0;19100
500;90;1;QuickSort;16510;6925;2859;24770
500;90;1;InsertionSort;176943;58979;0;64571
500;90;1;BubbleSort;483052;124560;58483;196051
500;90;1;MergeSort;8976;3846;0;49300
500;90;1;CountingSort;1501;0;0;21130
500;90;1;QuickSort;17289;6981;3110;24080
500;90;1;InsertionSort;174342;58110;0;41870
500;90;1;BubbleSort;479588;124560;57617;209021
500;90;1;MergeSort;8976;3857;0;60761
500;90;1;CountingSort;1501;0;0;9750
500;90;1;QuickSort;17767;7285;3164;21430
500;90;1;InsertionSort;174210;58068;0;30150
500;90;1;BubbleSort;479086;124399;57572;236711
500;90;1;MergeSort;8976;3841;0;63640
500;90;1;CountingSort;1501;0;0;22270
500;90;1;QuickSort;15355;6271;2697;24180
500;90;1;InsertionSort;181892;60628;0;48040
500;90;1;BubbleSort;489480;124474;60133;212691
500;90;1;MergeSort;8976;3836;0;69460
500;90;1;CountingSort;1501;0;0;18390
500;90;1;QuickSort;18518;7439;3353;27430
500;90;1;InsertionSort;176869;58951;0;39520
500;90;1;BubbleSort;482690;124425;58460;191221
500;90;1;MergeSort;8976;3831;0;71140
500;90;1;CountingSort;1501;0;0;15200
500;90;1;QuickSort;17231;7019;3076;27960
500;90;1;InsertionSort;177711;59233;0;98490
500;90;1;BubbleSort;484404;124722;58740;255170
500;90;1;MergeSort;8976;3841;0;85360
500;90;1;CountingSort;1501;0;0;14290
500;90;1;QuickSort;15575;6431;2714;27240
500;90;1;InsertionSort;184866;61620;0;41500
500;90;1;BubbleSort;493004;124254;61124;184760
500;90;1;MergeSort;8976;3862;0;73350
500;90;1;CountingSort;1501;0;0;9130
500;90;1;QuickSort;16342;6793;2853;26330
500;90;1;InsertionSort;172919;57635;0;39320
500;90;1;BubbleSort;477766;124597;57143;164360
500;90;1;MergeSort;8976;3848;0;60160
500;90;1;CountingSort;1501;0;0;44660
500;90;1;QuickSort;17658;7395;3087;31261
500;90;1;InsertionSort;187720;62568;0;38390
500;90;1;BubbleSort;497736;124714;62077;175560
500;90;1;MergeSort;8976;3847;0;62140
500;90;1;CountingSort;1501;0;0;11540
500;90;1;QuickSort;15599;6440;2718;26490
500;90;1;InsertionSort;174465;58153;0;65661
500;90;1;BubbleSort;479478;124425;57657;229970
500;90;1;MergeSort;8976;3852;0;57840
500;90;1;CountingSort;1501;0;0;10550
500;90;1;QuickSort;18535;7432;3368;26480
500;90;1;InsertionSort;171032;57008;0;44441
500;90;1;BubbleSort;475280;124614;56513;181900
500;90;1;MergeSort;8976;3865;0;131980
500;90;1;CountingSort;1501;0;0;15930
500;90;1;QuickSort;16582;6829;2916;33550
500;90;1;InsertionSort;171587;57189;0;46220
500;90;1;BubbleSort;476190;124695;56700;206051
500;90;1;MergeSort;8976;3827;0;68550
500;90;1;CountingSort;1501;0;0;13870
500;90;1;QuickSort;18014;7397;3201;35640
500;90;1;InsertionSort;178492;59496;0;40020
500;90;1;BubbleSort;485314;124659;58999;201480
500;90;1;MergeSort;8976;3875;0;53890
500;90;1;CountingSort;1501;0;0;9310
500;90;1;QuickSort;16215;6660;2856;21740
500;90;1;InsertionSort;177863;59285;0;36810
500;90;1;BubbleSort;484550;124695;58790;214241
500;90;1;MergeSort;8976;3866;0;91220
500;90;1;CountingSort;1501;0;0;11460
500;90;1;QuickSort;18065;7229;3274;21520
500;90;1;InsertionSort;171025;57007;0;42480
500;90;1;BubbleSort;475034;124497;56510;180301
500;90;1;MergeSort;8976;3852;0;67790
500;90;1;CountingSort;1501;0;0;15850
500;90;1;QuickSort;16836;7245;2863;22100
500;90;1;InsertionSort;179020;59672;0;117340
500;90;1;BubbleSort;485928;124614;59175;257720
500;90;1;MergeSort;8976;3869;0;87540
500;90;1;CountingSort;1501;0;0;13390
500;90;1;QuickSort;16961;7016;2976;26500
500;90;1;InsertionSort;177039;59011;0;34651
500;90;1;BubbleSort;482568;124254;58515;195090
500;90;1;MergeSort;8976;3861;0;60620
500;90;1;CountingSort;1501;0;0;6830
500;90;1;QuickSort;20870;8225;3877;22260
500;90;1;InsertionSort;175913;58635;0;40490
500;90;1;BubbleSort;481820;124630;58140;269330
500;90;1;MergeSort;8976;3871;0;45900
500;90;1;CountingSort;1501;0;0;4600
500;90;1;QuickSort;17010;7257;2914;26391
500;90;1;InsertionSort;180263;60081;0;52420
500;90;1;BubbleSort;487166;124399;59592;183330
500;90;1;MergeSort;8976;3848;0;63880
500;90;1;CountingSort;1501;0;0;6990
500;90;1;QuickSort;15732;6408;2777;20880
500;90;1;InsertionSort;167808;55936;0;44530
500;90;1;BubbleSort;469988;124120;55437;264511
500;90;1;MergeSort;8976;3870;0;107400
500;90;1;CountingSort;1501;0;0;12660
500;90;1;QuickSort;17997;7260;3249;28180
500;90;1;InsertionSort;165135;55041;0;25840
500;90;1;BubbleSort;465436;123622;54548;171261
500;90;1;MergeSort;8976;3849;0;64340
500;90;1;CountingSort;1501;0;0;6770
500;90;1;QuickSort;15482;6548;2643;31930
500;90;1;InsertionSort;184216;61404;0;44350
500;90;1;BubbleSort;492918;124645;60907;167851
500;90;1;MergeSort;8976;3848;0;65750
500;90;1;CountingSort;1501;0;0;7120
500;90;1;QuickSort;16507;6943;2855;21240
500;90;1;InsertionSort;168020;56004;0;52240
500;90;1;BubbleSort;471464;124714;55509;213491
500;90;1;MergeSort;8976;3849;0;74890
500;90;1;CountingSort;1501;0;0;6940
500;90;1;QuickSort;17893;7237;3212;20770
500;90;1;InsertionSort;171454;57150;0;26770
500;90;1;BubbleSort;473250;123319;56653;180691
500;90;1;MergeSort;8976;3856;0;46420
500;90;1;CountingSort;1501;0;0;4700
500;90;1;QuickSort;15867;6516;2781;22060
500;90;1;InsertionSort;178428;59476;0;34110
500;90;1;BubbleSort;485378;124735;58977;183841
500;90;1;MergeSort;8976;3862;0;45660
500;90;1;CountingSort;1501;0;0;4340
500;90;1;QuickSort;17173;7507;2888;27210
500;90;1;InsertionSort;184820;61604;0;28200
500;90;1;BubbleSort;491774;123669;61109;181411
500;90;1;MergeSort;8976;3825;0;58970
500;90;1;CountingSort;1501;0;0;7031
500;90;1;QuickSort;16310;6818;2824;22410
500;90;1;InsertionSort;178723;59569;0;39150
500;90;1;BubbleSort;485306;124497;59078;198801
500;90;1;MergeSort;8976;3843;0;53140
500;90;1;CountingSort;1501;0;0;7290
500;90;1;QuickSort;20630;8582;3691;27510
500;90;1;InsertionSort;179290;59762;0;39520
500;90;1;BubbleSort;484920;123930;59265;204801
500;90;1;MergeSort;8976;3859;0;56571
500;90;1;CountingSort;1501;0;0;6110
500;90;1;QuickSort;15137;6305;2610;25790
500;90;1;InsertionSort;173132;57708;0;69230
500;90;1;BubbleSort;478142;124645;57213;254051
500;90;1;MergeSort;8976;3874;0;70330
500;90;1;CountingSort;1501;0;0;7040
500;90;1;QuickSort;17872;7402;3160;26940
500;90;1;InsertionSort;180309;60103;0;34341
500;90;1;BubbleSort;487536;124560;59604;201890
500;90;1;MergeSort;8976;3852;0;42640
500;90;1;CountingSort;1501;0;0;6960
500;90;1;QuickSort;17376;7044;3108;26570
500;90;1;InsertionSort;177268;59088;0;101991
500;90;1;BubbleSort;483774;124705;58591;296961
500;90;1;MergeSort;8976;3869;0;105640
500;90;1;CountingSort;1501;0;0;8190
500;90;1;QuickSort;18636;7731;3303;26680
500;90;1;InsertionSort;172634;57542;0;38330
500;90;1;BubbleSort;477416;124614;57047;162031
500;90;1;MergeSort;8976;3837;0;54231
500;90;1;CountingSort;1501;0;0;7690
500;90;1;QuickSort;16199;6662;2841;28510
500;90;1;InsertionSort;179314;59768;0;31100
500;90;1;BubbleSort;486090;124497;59274;183041
500;90;1;MergeSort;8976;3877;0;58331
500;90;1;CountingSort;1501;0;0;5480
500;90;1;QuickSort;16647;6909;2916;25990
500;90;1;InsertionSort;190262;63418;0;43711
500;90;1;BubbleSort;501060;124684;62923;282720
500;90;1;MergeSort;8976;3872;0;117720
500;90;1;CountingSort;1501;0;0;4470
500;90;1;QuickSort;20185;8158;3668;32940
500;90;1;InsertionSort;177976;59324;0;41560
500;90;1;BubbleSort;483086;123889;58827;180421
500;90;1;MergeSort;8976;3845;0;57050
500;90;1;CountingSort;1501;0;0;5870
500;90;1;QuickSort;18412;7531;3296;21510
500;90;1;InsertionSort;172398;57462;0;52470
500;90;1;BubbleSort;477136;124630;56969;186601
500;90;1;MergeSort;8976;3870;0;69161
500;90;1;CountingSort;1501;0;0;5910
500;90;1;QuickSort;18983;7973;3340;21060
500;90;1;InsertionSort;170337;56777;0;110840
500;90;1;BubbleSort;474072;124474;56281;244181
500;90;1;MergeSort;8976;3847;0;112611
500;90;1;CountingSort;1501;0;0;6920
500;90;1;QuickSort;17349;7050;3100;26641
500;90;1;InsertionSort;177313;59101;0;34130
500;90;1;BubbleSort;483886;124729;58607;269990
500;90;1;MergeSort;8976;3841;0;108270
500;90;1;CountingSort;1501;0;0;7990
500;90;1;QuickSort;19290;7755;3512;27850
500;90;1;InsertionSort;177990;59326;0;46460
500;90;1;BubbleSort;484526;124597;58833;267681
500;90;1;MergeSort;8976;3846;0;108171
500;90;1;CountingSort;1501;0;0;6890
500;90;1;QuickSort;17617;7456;3061;25971
500;90;1;InsertionSort;172100;57364;0;26570
500;90;1;BubbleSort;476794;124659;56869;205400
500;90;1;MergeSort;8976;3838;0;90340
500;90;1;CountingSort;1501;0;0;8490
500;90;1;QuickSort;17527;7096;3146;21200
500;90;1;InsertionSort;170042;56678;0;32880
500;90;1;BubbleSort;474176;124722;56183;259081
500;90;1;MergeSort;8976;3853;0;86960
500;90;1;CountingSort;1501;0;0;6670
500;90;1;QuickSort;17838;7395;3148;25710
500;90;1;InsertionSort;168288;56096;0;124710
500;90;1;BubbleSort;471816;124714;55597;329541
500;90;1;MergeSort;8976;3856;0;83690
500;90;1;CountingSort;1501;0;0;5420
500;90;1;QuickSort;15787;6745;2681;26380
500;90;1;InsertionSort;178324;59440;0;181151
500;90;1;BubbleSort;484966;124597;58943;334381
500;90;1;MergeSort;8976;3862;0;55910
500;90;2;CountingSort;1501;0;0;113330
500;90;2;QuickSort;15494;6698;2603;876732
500;90;2;InsertionSort;145326;48438;0;4033851
500;90;2;BubbleSort;436990;122605;47945;6098057
500;90;2;MergeSort;8976;3615;0;729652
500;90;2;CountingSort;1501;0;0;61430
500;90;2;QuickSort;20252;8213;3675;116670
500;90;2;InsertionSort;150376;50122;0;2361977
500;90;2;BubbleSort;444352;122920;49628;2329437
500;90;2;MergeSort;8976;3600;0;172031
500;90;2;CountingSort;1501;0;0;66220
500;90;2;QuickSort;17692;7666;3015;91950
500;90;2;InsertionSort;161804;53932;0;478582
500;90;2;BubbleSort;455592;120922;53437;1075553
500;90;2;MergeSort;8976;3618;0;175951
500;90;2;CountingSort;1501;0;0;61100
500;90;2;QuickSort;16705;6892;2933;65480
500;90;2;InsertionSort;158233;52737;0;1881165
500;90;2;BubbleSort;455190;123097;52249;2051116
500;90;2;MergeSort;8976;3621;0;194841
500;90;2;CountingSort;1501;0;0;59500
500;90;2;QuickSort;15810;6864;2643;61830
500;90;2;InsertionSort;149956;49982;0;270521
500;90;2;BubbleSort;441902;121975;49488;366431
500;90;2;MergeSort;8976;3608;0;183070
500;90;2;CountingSort;1501;0;0;62190
500;90;2;QuickSort;16292;6701;2859;81920
500;90;2;InsertionSort;146464;48816;0;428051
500;90;2;BubbleSort;436948;121824;48325;522901
500;90;2;MergeSort;8976;3609;0;225030
500;90;2;CountingSort;1501;0;0;84651
500;90;2;QuickSort;15865;6757;2703;81381
500;90;2;InsertionSort;154626;51538;0;736822
500;90;2;BubbleSort;450488;123154;51045;744232
500;90;2;MergeSort;8976;3615;0;126060
500;90;2;CountingSort;1501;0;0;61790
500;90;2;QuickSort;17715;7155;3190;66450
500;90;2;InsertionSort;161857;53947;0;184190
500;90;2;BubbleSort;457004;121590;53456;201761
500;90;2;MergeSort;8976;3611;0;98100
500;90;2;CountingSort;1501;0;0;66940
500;90;2;QuickSort;15627;6804;2612;78420
500;90;2;InsertionSort;144542;48176;0;157021
500;90;2;BubbleSort;434980;122122;47684;190771
500;90;2;MergeSort;8976;3600;0;134080
500;90;2;CountingSort;1501;0;0;70840
500;90;2;QuickSort;19461;7821;3546;95241
500;90;2;InsertionSort;151864;50618;0;178000
500;90;2;BubbleSort;445166;122335;50124;271880
500;90;2;MergeSort;8976;3620;0;116880
500;90;2;CountingSort;1501;0;0;68890
500;90;2;QuickSort;15870;6657;2742;98670
500;90;2;InsertionSort;159659;53215;0;189000
500;90;2;BubbleSort;456732;122920;52723;326801
500;90;2;MergeSort;8976;3619;0;208661
500;90;2;CountingSort;1501;0;0;83150
500;90;2;QuickSort;16104;6840;2748;475681
500;90;2;InsertionSort;155155;51715;0;183641
500;90;2;BubbleSort;450224;122670;51221;318271
500;90;2;MergeSort;8976;3612;0;189071
500;90;2;CountingSort;1501;0;0;70960
500;90;2;QuickSort;18212;7712;3172;315691
500;90;2;InsertionSort;155531;51839;0;259331
500;90;2;BubbleSort;448408;121510;51347;382481
500;90;2;MergeSort;8976;3623;0;276561
500;90;2;CountingSort;1501;0;0;92660
500;90;2;QuickSort;18117;7482;3210;334610
500;90;2;InsertionSort;167271;55753;0;359271
500;90;2;BubbleSort;465284;122122;55260;433731
500;90;2;MergeSort;8976;3627;0;186050
500;90;2;CountingSort;1501;0;0;68900
500;90;2;QuickSort;18655;7525;3378;202471
500;90;2;InsertionSort;157613;52533;0;42180
500;90;2;BubbleSort;452262;122049;52041;373982
500;90;2;MergeSort;8976;3634;0;151820
500;90;2;CountingSort;1501;0;0;68230
500;90;2;QuickSort;18610;7672;3320;42010
500;90;2;InsertionSort;161068;53688;0;43920
500;90;2;BubbleSort;458842;123039;53191;259301
500;90;2;MergeSort;8976;3609;0;185541
500;90;2;CountingSort;1501;0;0;48910
500;90;2;QuickSort;17318;7034;3091;34290
500;90;2;InsertionSort;153039;51011;0;43130
500;90;2;BubbleSort;447004;122472;50515;306881
500;90;2;MergeSort;8976;3599;0;155061
500;90;2;CountingSort;1501;0;0;64900
500;90;2;QuickSort;17669;7055;3207;29520
500;90;2;InsertionSort;149243;49743;0;37850
500;90;2;BubbleSort;441534;122265;49251;326141
500;90;2;MergeSort;8976;3599;0;230031
500;90;2;CountingSort;1501;0;0;47801
500;90;2;QuickSort;17007;7188;2939;29850
500;90;2;InsertionSort;145403;48463;0;36880
500;90;2;BubbleSort;436414;122265;47971;151490
500;90;2;MergeSort;8976;3604;0;103160
500;90;2;CountingSort;1501;0;0;92480
500;90;2;QuickSort;17077;7321;2928;48500
500;90;2;InsertionSort;157080;52358;0;50640
500;90;2;BubbleSort;452392;122472;51862;299491
500;90;2;MergeSort;8976;3616;0;179591
500;90;2;CountingSort;1501;0;0;67850
500;90;2;QuickSort;17159;7163;2998;38230
500;90;2;InsertionSort;158816;52938;0;51110
500;90;2;BubbleSort;456290;123265;52440;323191
500;90;2;MergeSort;8976;3611;0;225081
500;90;2;CountingSort;1501;0;0;89480
500;90;2;QuickSort;16948;7258;2899;23460
500;90;2;InsertionSort;156482;52156;0;113340
500;90;2;BubbleSort;452616;122980;51664;250180
500;90;2;MergeSort;8976;3607;0;78250
500;90;2;CountingSort;1501;0;0;66710
500;90;2;QuickSort;17676;7374;3106;26750
500;90;2;InsertionSort;153520;51168;0;1362684
500;90;2;BubbleSort;444552;120922;50677;1427174
500;90;2;MergeSort;8976;3609;0;1253374
500;90;2;CountingSort;1501;0;0;46990
500;90;2;QuickSort;16361;6734;2878;26881
500;90;2;InsertionSort;148295;49427;0;37290
500;90;2;BubbleSort;441580;122920;48935;317971
500;90;2;MergeSort;8976;3600;0;66520
500;90;2;CountingSort;1501;0;0;49630
500;90;2;QuickSort;16263;6780;2824;25800
500;90;2;InsertionSort;154114;51368;0;55310
500;90;2;BubbleSort;446190;121347;50874;220221
500;90;2;MergeSort;8976;3620;0;34030
500;90;2;CountingSort;1501;0;0;46670
500;90;2;QuickSort;15569;6428;2715;26770
500;90;2;InsertionSort;146053;48679;0;35580
500;90;2;BubbleSort;438946;123097;48188;199161
500;90;2;MergeSort;8976;3619;0;58630
500;90;2;CountingSort;1501;0;0;65141
500;90;2;QuickSort;18539;7739;3264;54620
500;90;2;InsertionSort;151161;50383;0;47510
500;90;2;BubbleSort;444230;122335;49890;222370
500;90;2;MergeSort;8976;3618;0;62400
500;90;2;CountingSort;1501;0;0;46820
500;90;2;QuickSort;16294;6961;2777;23570
500;90;2;InsertionSort;159112;53034;0;25240
500;90;2;BubbleSort;449154;119497;52540;197260
500;90;2;MergeSort;8976;3611;0;69840
500;90;2;CountingSort;1501;0;0;80371
500;90;2;QuickSort;15762;6573;2726;22350
500;90;2;InsertionSort;155664;51882;0;43460
500;90;2;BubbleSort;450778;122605;51392;183320
500;90;2;MergeSort;8976;3625;0;61990
500;90;2;CountingSort;1501;0;0;65761
500;90;2;QuickSort;16731;7047;2895;28561
500;90;2;InsertionSort;150866;50286;0;46300
500;90;2;BubbleSort;443114;121975;49791;223520
500;90;2;MergeSort;8976;3610;0;75450
500;90;2;CountingSort;1501;0;0;70190
500;90;2;QuickSort;17106;6894;3074;48910
500;90;2;InsertionSort;158084;52692;0;54870
500;90;2;BubbleSort;452126;121669;52197;240681
500;90;2;MergeSort;8976;3606;0;61220
500;90;2;CountingSort;1501;0;0;46200
500;90;2;QuickSort;16175;6785;2795;33090
500;90;2;InsertionSort;153382;51124;0;43590
500;90;2;BubbleSort;444538;121009;50630;160121
500;90;2;MergeSort;8976;3628;0;57021
500;90;2;CountingSort;1501;0;0;20400
500;90;2;QuickSort;17204;6887;3103;25390
500;90;2;InsertionSort;149931;49973;0;23820
500;90;2;BubbleSort;444228;123154;49480;190891
500;90;2;MergeSort;8976;3623;0;77281
500;90;2;CountingSort;1501;0;0;11190
500;90;2;QuickSort;16417;6952;2823;23470
500;90;2;InsertionSort;152951;50979;0;177361
500;90;2;BubbleSort;442136;120094;50487;266671
500;90;2;MergeSort;8976;3627;0;65310
500;90;2;CountingSort;1501;0;0;11080
500;90;2;QuickSort;16146;6738;2807;19660
500;90;2;InsertionSort;155751;51915;0;28760
500;90;2;BubbleSort;447520;120922;51419;160761
500;90;2;MergeSort;8976;3631;0;64660
500;90;2;CountingSort;1501;0;0;13290
500;90;2;QuickSort;16600;6694;2967;20340
500;90;2;InsertionSort;155844;51944;0;24170
500;90;2;BubbleSort;445404;119800;51451;149830
500;90;2;MergeSort;8976;3633;0;76400
500;90;2;CountingSort;1501;0;0;13760
500;90;2;QuickSort;16807;7273;2839;21310
500;90;2;InsertionSort;151362;50450;0;45370
500;90;2;BubbleSort;445546;122859;49957;198480
500;90;2;MergeSort;8976;3619;0;106960
500;90;2;CountingSort;1501;0;0;18370
500;90;2;QuickSort;20820;8565;3747;35420
500;90;2;InsertionSort;147587;49191;0;145371
500;90;2;BubbleSort;440006;122605;48699;262641
500;90;2;MergeSort;8976;3611;0;64871
500;90;2;CountingSort;1501;0;0;14300
500;90;2;QuickSort;15897;6981;2641;27170
500;90;2;InsertionSort;159357;53115;0;150481
500;90;2;BubbleSort;455432;122472;52622;283601
500;90;2;MergeSort;8976;3596;0;69050
500;90;2;CountingSort;1501;0;0;12280
500;90;2;QuickSort;14952;6489;2484;26260
500;90;2;InsertionSort;157747;52581;0;35370
500;90;2;BubbleSort;453006;122335;52084;197590
500;90;2;MergeSort;8976;3610;0;55250
500;90;2;CountingSort;1501;0;0;10100
500;90;2;QuickSort;18752;7661;3370;25360
500;90;2;InsertionSort;155887;51959;0;40730
500;90;2;BubbleSort;452054;123097;51465;176391
500;90;2;MergeSort;8976;3595;0;83431
500;90;2;CountingSort;1501;0;0;17960
500;90;2;QuickSort;17830;7708;3034;26450
500;90;2;InsertionSort;145857;48615;0;30330
500;90;2;BubbleSort;438328;122920;48122;186331
500;90;2;MergeSort;8976;3599;0;81800
500;90;2;CountingSort;1501;0;0;12590
500;90;2;QuickSort;20128;8152;3648;21440
500;90;2;InsertionSort;159655;53213;0;96361
500;90;2;BubbleSort;455832;122472;52722;189680
500;90;2;MergeSort;8976;3624;0;44660
500;90;2;CountingSort;1501;0;0;8900
500;90;2;QuickSort;18395;7631;3253;26640
500;90;2;InsertionSort;159103;53031;0;34110
500;90;2;BubbleSort;454392;122122;52537;179381
500;90;2;MergeSort;8976;3625;0;66421
500;90;2;CountingSort;1501;0;0;10290
500;90;2;QuickSort;15902;6758;2723;22340
500;90;2;InsertionSort;158379;52787;0;39020
500;90;2;BubbleSort;455028;122920;52297;178231
500;90;2;MergeSort;8976;3633;0;66361
500;90;2;CountingSort;1501;0;0;11570
500;90;2;QuickSort;15462;6576;2625;25900
500;90;2;InsertionSort;147657;49213;0;36160
500;90;2;BubbleSort;435836;120472;48723;219141
500;90;2;MergeSort;8976;3613;0;63410
500;90;2;CountingSort;1501;0;0;12340
500;90;2;QuickSort;19925;8228;3560;22850
500;90;2;InsertionSort;154512;51502;0;36310
500;90;2;BubbleSort;446882;121429;51006;173290
500;90;2;MergeSort;8976;3612;0;68540
500;90;2;CountingSort;1501;0;0;10000
500;90;2;QuickSort;17063;7508;2853;26380
500;90;2;InsertionSort;155356;51780;0;202141
500;90;2;BubbleSort;448650;121747;51289;342961
500;90;2;MergeSort;8976;3617;0;61750
500;90;2;CountingSort;1501;0;0;10550
500;90;2;QuickSort;19172;7730;3478;22370
500;90;2;InsertionSort;150454;50148;0;231151
500;90;2;BubbleSort;443004;122194;49654;381631
500;90;2;MergeSort;8976;3610;0;52811
500;90;2;CountingSort;1501;0;0;12080
500;90;2;QuickSort;17060;7175;2961;29580
500;90;2;InsertionSort;157471;52487;0;35630
500;90;2;BubbleSort;453690;122859;51993;135850
500;90;2;MergeSort;8976;3616;0;61540
500;90;2;CountingSort;1501;0;0;18720
500;90;2;QuickSort;16156;6898;2753;20830
500;90;2;InsertionSort;143486;47826;0;31610
500;90;2;BubbleSort;430268;120472;47331;143010
500;90;2;MergeSort;8976;3608;0;45280
500;90;2;CountingSort;1501;0;0;23980
500;90;2;QuickSort;16910;6875;3011;20330
500;90;2;InsertionSort;153959;51317;0;23900
500;90;2;BubbleSort;448096;122404;50822;216040
500;90;2;MergeSort;8976;3620;0;64110
500;90;2;CountingSort;1501;0;0;14420
500;90;2;QuickSort;16303;6604;2901;19991
500;90;2;InsertionSort;152113;50699;0;45060
500;90;2;BubbleSort;446172;122670;50208;198360
500;90;2;MergeSort;8976;3625;0;76560
500;90;2;CountingSort;1501;0;0;10900
500;90;2;QuickSort;18002;7589;3141;22330
500;90;2;InsertionSort;148931;49641;0;23100
500;90;2;BubbleSort;438428;120922;49146;132591
500;90;2;MergeSort;8976;3612;0;50911
500;90;2;CountingSort;1501;0;0;10800
500;90;2;QuickSort;18102;7803;3098;22500
500;90;2;InsertionSort;149458;49814;0;38290
500;90;2;BubbleSort;441536;122122;49323;131721
500;90;2;MergeSort;8976;3606;0;49790
500;90;2;CountingSort;1501;0;0;10710
500;90;2;QuickSort;15272;6458;2602;19890
500;90;2;InsertionSort;149243;49745;0;41860
500;90;2;BubbleSort;440180;121590;49250;201671
500;90;2;MergeSort;8976;3614;0;42710
500;90;2;CountingSort;1501;0;0;9390
500;90;2;QuickSort;17565;7272;3100;25400
500;90;2;InsertionSort;148441;49477;0;30730
500;90;2;BubbleSort;441772;122920;48983;203831
500;90;2;MergeSort;8976;3615;0;45740
500;90;2;CountingSort;1501;0;0;13220
500;90;2;QuickSort;17142;7047;3033;35660
500;90;2;InsertionSort;151943;50643;0;24770
500;90;2;BubbleSort;443784;121590;50151;184921
500;90;2;MergeSort;8976;3611;0;67790
500;90;2;CountingSort;1501;0;0;11180
500;90;2;QuickSort;19541;7937;3538;24380
500;90;2;InsertionSort;164276;54754;0;25150
500;90;2;BubbleSort;460068;121510;54262;220310
500;90;2;MergeSort;8976;3613;0;61020
500;90;2;CountingSort;1501;0;0;12810
500;90;2;QuickSort;18255;7335;3305;31420
500;90;2;InsertionSort;149102;49700;0;36170
500;90;2;BubbleSort;441052;122122;49202;179701
500;90;2;MergeSort;8976;3625;0;62640
500;90;2;CountingSort;1501;0;0;10970
500;90;2;QuickSort;18718;8026;3228;21190
500;90;2;InsertionSort;147137;49039;0;23240
500;90;2;BubbleSort;435328;120564;48550;155071
500;90;2;MergeSort;8976;3600;0;46590
500;90;2;CountingSort;1501;0;0;14310
500;90;2;QuickSort;17374;7330;3017;27320
500;90;2;InsertionSort;149608;49866;0;42581
500;90;2;BubbleSort;442296;122404;49372;171650
500;90;2;MergeSort;8976;3610;0;61220
500;90;2;CountingSort;1501;0;0;10940
500;90;2;QuickSort;21328;8803;3842;21170
500;90;2;InsertionSort;158387;52793;0;31050
500;90;2;BubbleSort;449186;119997;52298;180391
500;90;2;MergeSort;8976;3609;0;61321
500;90;2;CountingSort;1501;0;0;21340
500;90;2;QuickSort;16517;6863;2886;19950
500;90;2;InsertionSort;154493;51495;0;61120
500;90;2;BubbleSort;447494;121747;51000;170351
500;90;2;MergeSort;8976;3609;0;47970
500;90;2;CountingSort;1501;0;0;14260
500;90;2;QuickSort;17263;6913;3124;21900
500;90;2;InsertionSort;152049;50679;0;41460
500;90;2;BubbleSort;447052;123154;50186;239330
500;90;2;MergeSort;8976;3598;0;77680
500;90;2;CountingSort;1501;0;0;11390
500;90;2;QuickSort;15586;6343;2755;55210
500;90;2;InsertionSort;149799;49931;0;23920
500;90;2;BubbleSort;442818;122539;49435;130261
500;90;2;MergeSort;8976;3605;0;44901
500;90;2;CountingSort;1501;0;0;11020
500;90;2;QuickSort;18496;7561;3313;20330
500;90;2;InsertionSort;150563;50183;0;215550
500;90;2;BubbleSort;440254;120745;49691;334921
500;90;2;MergeSort;8976;3602;0;62170
500;90;2;CountingSort;1501;0;0;19480
500;90;2;QuickSort;15571;6418;2724;24970
500;90;2;InsertionSort;146804;48932;0;38780
500;90;2;BubbleSort;437396;121824;48437;224800
500;90;2;MergeSort;8976;3617;0;73830
500;90;2;CountingSort;1501;0;0;13490
500;90;2;QuickSort;16869;7014;2956;25880
500;90;2;InsertionSort;140343;46781;0;33470
500;90;2;BubbleSort;426796;120834;46282;225451
500;90;2;MergeSort;8976;3618;0;73671
500;90;2;CountingSort;1501;0;0;11520
500;90;2;QuickSort;18206;7424;3266;25960
500;90;2;InsertionSort;159350;53114;0;24550
500;90;2;BubbleSort;455554;122539;52619;232671
500;90;2;MergeSort;8976;3624;0;86991
500;90;2;CountingSort;1501;0;0;11060
500;90;2;QuickSort;15856;6622;2748;25740
500;90;2;InsertionSort;152109;50699;0;34640
500;90;2;BubbleSort;441768;120472;50206;176681
500;90;2;MergeSort;8976;3636;0;75800
500;90;2;CountingSort;1501;0;0;20730
500;90;2;QuickSort;18875;7697;3394;22620
500;90;2;InsertionSort;158053;52681;0;65980
500;90;2;BubbleSort;452846;122049;52187;147141
500;90;2;MergeSort;8976;3599;0;86280
500;90;2;CountingSort;1501;0;0;14150
500;90;2;QuickSort;15873;6711;2730;25470
500;90;2;InsertionSort;155928;51972;0;50740
500;90;2;BubbleSort;450446;122265;51479;200561
500;90;2;MergeSort;8976;3602;0;72830
500;90;2;CountingSort;1501;0;0;10800
500;90;2;QuickSort;18195;7353;3276;20180
500;90;2;InsertionSort;155506;51830;0;221111
500;90;2;BubbleSort;450696;122670;51339;317231
500;90;2;MergeSort;8976;3596;0;52210
500;90;2;CountingSort;1501;0;0;12620
500;90;2;QuickSort;18287;7526;3253;25360
500;90;2;InsertionSort;150281;50091;0;40221
500;90;2;BubbleSort;442334;121975;49596;147730
500;90;2;MergeSort;8976;3609;0;64950
500;90;2;CountingSort;1501;0;0;49120
500;90;2;QuickSort;16342;7006;2775;20840
500;90;2;InsertionSort;153889;51295;0;38270
500;90;2;BubbleSort;448136;122472;50798;174400
500;90;2;MergeSort;8976;3609;0;62290
500;90;2;CountingSort;1501;0;0;15970
500;90;2;QuickSort;15292;6655;2540;25970
500;90;2;InsertionSort;149799;49931;0;29340
500;90;2;BubbleSort;444270;123265;49435;243471
500;90;2;MergeSort;8976;3624;0;84080
500;90;2;CountingSort;1501;0;0;19550
500;90;2;QuickSort;17965;7348;3199;21180
500;90;2;InsertionSort;152681;50887;0;38600
500;90;2;BubbleSort;447432;122920;50398;214971
500;90;2;MergeSort;8976;3603;0;79490
500;90;2;CountingSort;1501;0;0;20930
500;90;2;QuickSort;18072;7272;3268;20290
500;90;2;InsertionSort;153208;51066;0;41150
500;90;2;BubbleSort;447096;122404;50572;146550
500;90;2;MergeSort;8976;3591;0;69950
500;90;2;CountingSort;1501;0;0;17490
500;90;2;QuickSort;16490;6914;2851;20040
500;90;2;InsertionSort;155156;51714;0;45720
500;90;2;BubbleSort;449832;122472;51222;138011
500;90;2;MergeSort;8976;3617;0;62240
500;90;2;CountingSort;1501;0;0;14571
500;90;2;QuickSort;16593;7191;2797;31930
500;90;2;InsertionSort;152034;50674;0;43730
500;90;2;BubbleSort;443252;121264;50181;225650
500;90;2;MergeSort;8976;3597;0;75110
500;90;2;CountingSort;1501;0;0;18720
500;90;2;QuickSort;18924;8157;3259;25840
500;90;2;InsertionSort;145857;48615;0;43910
500;90;2;BubbleSort;438448;122980;48122;197231
500;90;2;MergeSort;8976;3643;0;53761
500;90;2;CountingSort;1501;0;0;10360
500;90;2;QuickSort;20477;8354;3711;26840
500;90;2;InsertionSort;159572;53186;0;36580
500;90;2;BubbleSort;457726;123475;52694;150040
500;90;2;MergeSort;8976;3599;0;69710
500;90;2;CountingSort;1501;0;0;16050
500;90;2;QuickSort;21616;8695;3977;28300
500;90;2;InsertionSort;154875;51623;0;45380
500;90;2;BubbleSort;444696;120094;51127;201061
500;90;2;MergeSort;8976;3623;0;91710
500;90;2;CountingSort;1501;0;0;9060
500;90;2;QuickSort;18272;7577;3233;20820
500;90;2;InsertionSort;151987;50659;0;34460
500;90;2;BubbleSort;446254;122797;50165;190090
500;90;2;MergeSort;8976;3617;0;64100
500;90;2;CountingSort;1501;0;0;7000
500;90;2;QuickSort;18052;7477;3187;20840
500;90;2;InsertionSort;143160;47718;0;46050
500;90;2;BubbleSort;429832;120472;47222;132961
500;90;2;MergeSort;8976;3607;0;50460
500;90;2;CountingSort;1501;0;0;6240
500;90;2;QuickSort;16495;6871;2874;26980
500;90;2;InsertionSort;149111;49699;0;23120
500;90;2;BubbleSort;441358;122265;49207;185990
500;90;2;MergeSort;8976;3615;0;82830
500;90;2;CountingSort;1501;0;0;13270
500;90;2;QuickSort;16562;6953;2881;20750
500;90;2;InsertionSort;156521;52171;0;44500
500;90;2;BubbleSort;452898;123097;51676;197811
500;90;2;MergeSort;8976;3629;0;44690
500;90;2;CountingSort;1501;0;0;5710
500;90;2;QuickSort;18383;7586;3268;20450
500;90;2;InsertionSort;142294;47426;0;84880
500;90;2;BubbleSort;430268;121264;46935;213290
500;90;2;MergeSort;8976;3593;0;66620
500;90;2;CountingSort;1501;0;0;6340
500;90;2;QuickSort;18425;7853;3187;21580
500;90;2;InsertionSort;153093;51025;0;28080
500;90;2;BubbleSort;445160;121510;50535;136011
500;90;2;MergeSort;8976;3604;0;62661
500;90;2;CountingSort;1501;0;0;6490
500;90;2;QuickSort;17487;7338;3048;20790
500;90;2;InsertionSort;150096;50026;0;40121
500;90;2;BubbleSort;438138;119997;49536;190591
500;90;2;MergeSort;8976;3604;0;67760
500;90;2;CountingSort;1501;0;0;6630
500;90;2;QuickSort;16022;6806;2744;20390
500;90;2;InsertionSort;145537;48511;0;122980
500;90;2;BubbleSort;438016;122980;48014;221841
500;90;2;MergeSort;8976;3630;0;64410
500;90;2;CountingSort;1501;0;0;6090
500;90;2;QuickSort;17466;7281;3067;19770
500;90;2;InsertionSort;150355;50111;0;78111
500;90;2;BubbleSort;443162;122335;49623;155630
500;90;2;MergeSort;8976;3596;0;47590
500;90;2;CountingSort;1501;0;0;6420
500;90;2;QuickSort;18903;8088;3273;20651
500;90;2;InsertionSort;156514;52166;0;34220
500;90;2;BubbleSort;450194;121747;51675;193230
500;90;2;MergeSort;8976;3611;0;78470
500;90;2;CountingSort;1501;0;0;7530
500;90;2;QuickSort;18565;7684;3296;20350
500;90;2;InsertionSort;139400;46460;0;36260
500;90;2;BubbleSort;430304;123210;45971;199221
500;90;2;MergeSort;8976;3601;0;45400
500;90;2;CountingSort;1501;0;0;7340
500;90;2;QuickSort;16509;6762;2914;19460
500;90;2;InsertionSort;157649;52547;0;35010
500;90;2;BubbleSort;450902;121347;52052;191911
500;90;2;MergeSort;8976;3605;0;75731
500;90;2;CountingSort;1501;0;0;4910
500;90;2;QuickSort;17398;7336;3014;25420
500;90;2;InsertionSort;154175;51389;0;38950
500;90;2;BubbleSort;448106;122265;50894;232481
500;90;2;MergeSort;8976;3604;0;66660
500;90;2;CountingSort;1501;0;0;6880
500;90;2;QuickSort;17985;7221;3248;25970
500;90;2;InsertionSort;159125;53037;0;146331
500;90;2;BubbleSort;453674;121747;52545;271180
500;90;2;MergeSort;8976;3614;0;48310
500;90;2;CountingSort;1501;0;0;6440
500;90;2;QuickSort;17467;6961;3166;24651
500;90;2;InsertionSort;155681;51891;0;50070
500;90;2;BubbleSort;449828;122122;51396;144730
500;90;2;MergeSort;8976;3633;0;53040
500;90;2;CountingSort;1501;0;0;8250
500;90;2;QuickSort;18126;7308;3270;25200
500;90;2;InsertionSort;160026;53340;0;39230
500;90;2;BubbleSort;456184;122404;52844;222751
500;90;2;MergeSort;8976;3620;0;67921
500;90;3;CountingSort;1501;0;0;154841
500;90;3;QuickSort;16462;7117;2786;943653
500;90;3;InsertionSort;155142;51714;0;3656421
500;90;3;BubbleSort;449668;122404;51215;6004457
500;90;3;MergeSort;8976;3693;0;630632
500;90;3;CountingSort;1501;0;0;57260
500;90;3;QuickSort;19111;7840;3419;98260
500;90;3;InsertionSort;151113;50371;0;1518064
500;90;3;BubbleSort;438888;119700;49872;477201
500;90;3;MergeSort;8976;3688;0;224471
500;90;3;CountingSort;1501;0;0;56400
500;90;3;QuickSort;17409;7155;3089;65761
500;90;3;InsertionSort;148806;49602;0;1719865
500;90;3;BubbleSort;441220;122404;49103;2326706
500;90;3;MergeSort;8976;3663;0;93840
500;90;3;CountingSort;1501;0;0;44990
500;90;3;QuickSort;17641;7348;3099;51350
500;90;3;InsertionSort;148572;49524;0;1847635
500;90;3;BubbleSort;438460;121180;49025;1715405
500;90;3;MergeSort;8976;3677;0;171680
500;90;3;CountingSort;1501;0;0;48050
500;90;3;QuickSort;17296;7066;3068;63161
500;90;3;InsertionSort;156009;52003;0;529621
500;90;3;BubbleSort;446960;120472;51504;469081
500;90;3;MergeSort;8976;3686;0;220170
500;90;3;CountingSort;1501;0;0;65520
500;90;3;QuickSort;17601;7065;3172;116281
500;90;3;InsertionSort;153348;51116;0;161870
500;90;3;BubbleSort;448428;122980;50617;312821
500;90;3;MergeSort;8976;3689;0;202990
500;90;3;CountingSort;1501;0;0;46001
500;90;3;QuickSort;16705;6766;2984;62620
500;90;3;InsertionSort;160281;53427;0;176910
500;90;3;BubbleSort;451510;119899;52928;310511
500;90;3;MergeSort;8976;3675;0;155040
500;90;3;CountingSort;1501;0;0;71441
500;90;3;QuickSort;18608;7379;3414;100851
500;90;3;InsertionSort;152682;50894;0;161130
500;90;3;BubbleSort;445678;122049;50395;280700
500;90;3;MergeSort;8976;3681;0;171060
500;90;3;CountingSort;1501;0;0;57480
500;90;3;QuickSort;17929;7324;3208;101590
500;90;3;InsertionSort;153906;51302;0;173671
500;90;3;BubbleSort;444340;120564;50803;213501
500;90;3;MergeSort;8976;3674;0;123771
500;90;3;CountingSort;1501;0;0;65950
500;90;3;QuickSort;15718;6538;2730;80030
500;90;3;InsertionSort;153366;51122;0;164140
500;90;3;BubbleSort;443436;120472;50623;191251
500;90;3;MergeSort;8976;3706;0;132351
500;90;3;CountingSort;1501;0;0;51560
500;90;3;QuickSort;18363;7557;3265;374721
500;90;3;InsertionSort;150192;50064;0;405451
500;90;3;BubbleSort;439750;120745;49565;476302
500;90;3;MergeSort;8976;3704;0;121951
500;90;3;CountingSort;1501;0;0;59750
500;90;3;QuickSort;16143;6681;2822;350361
500;90;3;InsertionSort;144204;48068;0;212971
500;90;3;BubbleSort;430656;120190;47569;393261
500;90;3;MergeSort;8976;3688;0;201100
500;90;3;CountingSort;1501;0;0;63030
500;90;3;QuickSort;17521;7216;3110;313101
500;90;3;InsertionSort;152142;50714;0;243060
500;90;3;BubbleSort;445530;122335;50215;365401
500;90;3;MergeSort;8976;3661;0;185561
500;90;3;CountingSort;1501;0;0;46860
500;90;3;QuickSort;16163;6668;2827;467401
500;90;3;InsertionSort;159762;53254;0;533912
500;90;3;BubbleSort;457440;123210;52755;609552
500;90;3;MergeSort;8976;3685;0;194251
500;90;3;CountingSort;1501;0;0;60510
500;90;3;QuickSort;17479;7384;3029;372811
500;90;3;InsertionSort;150288;50096;0;42130
500;90;3;BubbleSort;440748;121180;49597;288771
500;90;3;MergeSort;8976;3662;0;146220
500;90;3;CountingSort;1501;0;0;47130
500;90;3;QuickSort;20336;8432;3635;412581
500;90;3;InsertionSort;152550;50850;0;60821
500;90;3;BubbleSort;445354;121975;50351;352112
500;90;3;MergeSort;8976;3662;0;264930
500;90;3;CountingSort;1501;0;0;59160
500;90;3;QuickSort;16853;6941;2971;107450
500;90;3;InsertionSort;151944;50648;0;40660
500;90;3;BubbleSort;447016;123210;50149;309411
500;90;3;MergeSort;8976;3677;0;153191
500;90;3;CountingSort;1501;0;0;54820
500;90;3;QuickSort;16408;7015;2803;20610
500;90;3;InsertionSort;146313;48771;0;42930
500;90;3;BubbleSort;437332;122122;48272;186781
500;90;3;MergeSort;8976;3698;0;113400
500;90;3;CountingSort;1501;0;0;63400
500;90;3;QuickSort;15695;6455;2744;24300
500;90;3;InsertionSort;149625;49875;0;97170
500;90;3;BubbleSort;439522;121009;49376;300081
500;90;3;MergeSort;8976;3691;0;87871
500;90;3;CountingSort;1501;0;0;59680
500;90;3;QuickSort;15027;6462;2513;24770
500;90;3;InsertionSort;152805;50935;0;48760
500;90;3;BubbleSort;448694;123475;50436;280471
500;90;3;MergeSort;8976;3697;0;92930
500;90;3;CountingSort;1501;0;0;69571
500;90;3;QuickSort;17359;7000;3113;33821
500;90;3;InsertionSort;153645;51215;0;38490
500;90;3;BubbleSort;443992;120564;50716;273721
500;90;3;MergeSort;8976;3687;0;80240
500;90;3;CountingSort;1501;0;0;63870
500;90;3;QuickSort;18590;7688;3297;27700
500;90;3;InsertionSort;159867;53289;0;42140
500;90;3;BubbleSort;453178;121009;52790;197650
500;90;3;MergeSort;8976;3665;0;62890
500;90;3;CountingSort;1501;0;0;49530
500;90;3;QuickSort;16076;6680;2800;23650
500;90;3;InsertionSort;155244;51748;0;1387004
500;90;3;BubbleSort;450074;122539;51249;1488184
500;90;3;MergeSort;8976;3698;0;1368324
500;90;3;CountingSort;1501;0;0;56310
500;90;3;QuickSort;16351;7336;2671;29220
500;90;3;InsertionSort;162414;54138;0;41130
500;90;3;BubbleSort;460396;122920;53639;216781
500;90;3;MergeSort;8976;3675;0;51380
500;90;3;CountingSort;1501;0;0;75750
500;90;3;QuickSort;17951;7460;3161;35970
500;90;3;InsertionSort;154341;51447;0;49610
500;90;3;BubbleSort;449870;123039;50948;169711
500;90;3;MergeSort;8976;3686;0;51020
500;90;3;CountingSort;1501;0;0;74790
500;90;3;QuickSort;16291;6958;2779;36280
500;90;3;InsertionSort;151044;50348;0;40420
500;90;3;BubbleSort;445704;123154;49849;181640
500;90;3;MergeSort;8976;3660;0;58760
500;90;3;CountingSort;1501;0;0;61630
500;90;3;QuickSort;16281;6786;2836;39430
500;90;3;InsertionSort;147591;49197;0;47250
500;90;3;BubbleSort;433786;119497;48698;178660
500;90;3;MergeSort;8976;3676;0;61780
500;90;3;CountingSort;1501;0;0;61031
500;90;3;QuickSort;18702;8130;3183;38411
500;90;3;InsertionSort;159360;53120;0;49570
500;90;3;BubbleSort;454728;122122;52621;166660
500;90;3;MergeSort;8976;3695;0;51760
500;90;3;CountingSort;1501;0;0;49180
500;90;3;QuickSort;15909;6723;2744;25540
500;90;3;InsertionSort;144528;48176;0;46101
500;90;3;BubbleSort;433566;121429;47677;184031
500;90;3;MergeSort;8976;3692;0;54890
500;90;3;CountingSort;1501;0;0;47890
500;90;3;QuickSort;16925;6887;3015;27180
500;90;3;InsertionSort;150375;50125;0;46720
500;90;3;BubbleSort;443714;122605;49626;171751
500;90;3;MergeSort;8976;3683;0;61930
500;90;3;CountingSort;1501;0;0;65850
500;90;3;QuickSort;17074;7432;2882;31280
500;90;3;InsertionSort;146571;48857;0;37040
500;90;3;BubbleSort;440482;123525;48358;271371
500;90;3;MergeSort;8976;3671;0;71300
500;90;3;CountingSort;1501;0;0;61550
500;90;3;QuickSort;15329;6380;2652;33860
500;90;3;InsertionSort;151881;50627;0;42280
500;90;3;BubbleSort;445320;122404;50128;218471
500;90;3;MergeSort;8976;3696;0;78431
500;90;3;CountingSort;1501;0;0;34190
500;90;3;QuickSort;15894;6507;2794;19320
500;90;3;InsertionSort;155106;51702;0;37560
500;90;3;BubbleSort;445570;120379;51203;184411
500;90;3;MergeSort;8976;3692;0;57180
500;90;3;CountingSort;1501;0;0;27630
500;90;3;QuickSort;18113;7433;3233;24110
500;90;3;InsertionSort;150513;50171;0;46761
500;90;3;BubbleSort;443218;122265;49672;205060
500;90;3;MergeSort;8976;3686;0;59650
500;90;3;CountingSort;1501;0;0;10620
500;90;3;QuickSort;17741;7283;3150;34350
500;90;3;InsertionSort;153996;51332;0;64540
500;90;3;BubbleSort;447132;121900;50833;176441
500;90;3;MergeSort;8976;3680;0;67141
500;90;3;CountingSort;1501;0;0;12270
500;90;3;QuickSort;18572;7673;3306;30711
500;90;3;InsertionSort;160209;53403;0;44970
500;90;3;BubbleSort;456694;122539;52904;174050
500;90;3;MergeSort;8976;3697;0;56600
500;90;3;CountingSort;1501;0;0;11130
500;90;3;QuickSort;17127;7644;2831;34070
500;90;3;InsertionSort;157419;52473;0;54111
500;90;3;BubbleSort;450086;121095;51974;171590
500;90;3;MergeSort;8976;3670;0;81980
500;90;3;CountingSort;1501;0;0;13890
500;90;3;QuickSort;18337;7387;3314;21430
500;90;3;InsertionSort;154611;51537;0;65660
500;90;3;BubbleSort;447952;121900;51038;201240
500;90;3;MergeSort;8976;3679;0;69730
500;90;3;CountingSort;1501;0;0;11430
500;90;3;QuickSort;16911;6753;3050;25760
500;90;3;InsertionSort;165873;55291;0;50971
500;90;3;BubbleSort;462662;121747;54792;228240
500;90;3;MergeSort;8976;3680;0;70570
500;90;3;CountingSort;1501;0;0;10850
500;90;3;QuickSort;21693;8841;3952;27840
500;90;3;InsertionSort;147318;49106;0;75811
500;90;3;BubbleSort;436446;121009;48607;232631
500;90;3;MergeSort;8976;3709;0;64730
500;90;3;CountingSort;1501;0;0;9930
500;90;3;QuickSort;17714;7373;3124;25760
500;90;3;InsertionSort;157575;52525;0;28420
500;90;3;BubbleSort;454952;123424;52026;240691
500;90;3;MergeSort;8976;3686;0;68931
500;90;3;CountingSort;1501;0;0;10880
500;90;3;QuickSort;16604;6884;2911;25430
500;90;3;InsertionSort;156876;52292;0;84401
500;90;3;BubbleSort;446370;119599;51793;234041
500;90;3;MergeSort;8976;3705;0;81051
500;90;3;CountingSort;1501;0;0;13580
500;90;3;QuickSort;18794;7790;3339;27540
500;90;3;InsertionSort;156912;52304;0;58550
500;90;3;BubbleSort;449410;121095;51805;209201
500;90;3;MergeSort;8976;3684;0;80291
500;90;3;CountingSort;1501;0;0;10530
500;90;3;QuickSort;18589;7423;3394;29690
500;90;3;InsertionSort;159489;53163;0;25820
500;90;3;BubbleSort;456250;122797;52664;177871
500;90;3;MergeSort;8976;3661;0;78300
500;90;3;CountingSort;1501;0;0;10420
500;90;3;QuickSort;17231;7193;3006;21890
500;90;3;InsertionSort;152586;50862;0;37660
500;90;3;BubbleSort;444146;121347;50363;243831
500;90;3;MergeSort;8976;3668;0;80871
500;90;3;CountingSort;1501;0;0;16610
500;90;3;QuickSort;17908;7423;3174;20780
500;90;3;InsertionSort;158328;52776;0;31870
500;90;3;BubbleSort;452908;121900;52277;219961
500;90;3;MergeSort;8976;3695;0;75660
500;90;3;CountingSort;1501;0;0;11660
500;90;3;QuickSort;17224;7075;3057;26710
500;90;3;InsertionSort;157146;52382;0;33880
500;90;3;BubbleSort;450870;121669;51883;176820
500;90;3;MergeSort;8976;3692;0;64810
500;90;3;CountingSort;1501;0;0;11350
500;90;3;QuickSort;15974;6755;2741;20660
500;90;3;InsertionSort;151335;50445;0;42670
500;90;3;BubbleSort;437512;118864;49946;132531
500;90;3;MergeSort;8976;3662;0;48180
500;90;3;CountingSort;1501;0;0;9850
500;90;3;QuickSort;16749;6771;2998;27410
500;90;3;InsertionSort;143613;47871;0;43770
500;90;3;BubbleSort;431678;121095;47372;183371
500;90;3;MergeSort;8976;3690;0;52801
500;90;3;CountingSort;1501;0;0;15140
500;90;3;QuickSort;17592;7233;3119;27850
500;90;3;InsertionSort;149475;49825;0;26310
500;90;3;BubbleSort;441692;122194;49326;143490
500;90;3;MergeSort;8976;3690;0;72221
500;90;3;CountingSort;1501;0;0;13580
500;90;3;QuickSort;18083;7397;3233;26560
500;90;3;InsertionSort;148779;49593;0;31761
500;90;3;BubbleSort;442094;122859;49094;196000
500;90;3;MergeSort;8976;3678;0;59010
500;90;3;CountingSort;1501;0;0;23970
500;90;3;QuickSort;16402;6958;2825;37770
500;90;3;InsertionSort;144057;48019;0;45150
500;90;3;BubbleSort;432098;121009;47520;174481
500;90;3;MergeSort;8976;3685;0;70610
500;90;3;CountingSort;1501;0;0;15220
500;90;3;QuickSort;16361;6764;2865;26630
500;90;3;InsertionSort;154941;51647;0;42280
500;90;3;BubbleSort;448542;121975;51148;184470
500;90;3;MergeSort;8976;3682;0;56610
500;90;3;CountingSort;1501;0;0;13790
500;90;3;QuickSort;20449;8455;3669;28890
500;90;3;InsertionSort;151089;50363;0;42600
500;90;3;BubbleSort;445764;123154;49864;198271
500;90;3;MergeSort;8976;3663;0;63581
500;90;3;CountingSort;1501;0;0;14310
500;90;3;QuickSort;17787;7086;3237;26770
500;90;3;InsertionSort;159192;53064;0;25450
500;90;3;BubbleSort;456898;123319;52565;204021
500;90;3;MergeSort;8976;3688;0;69921
500;90;3;CountingSort;1501;0;0;11780
500;90;3;QuickSort;18009;7461;3187;21380
500;90;3;InsertionSort;156870;52290;0;64350
500;90;3;BubbleSort;450812;121824;51791;154221
500;90;3;MergeSort;8976;3685;0;71900
500;90;3;CountingSort;1501;0;0;57161
500;90;3;QuickSort;16661;7286;2794;21740
500;90;3;InsertionSort;148962;49654;0;257241
500;90;3;BubbleSort;443258;123319;49155;382561
500;90;3;MergeSort;8976;3708;0;64180
500;90;3;CountingSort;1501;0;0;11410
500;90;3;QuickSort;18683;7574;3372;25940
500;90;3;InsertionSort;156507;52169;0;86790
500;90;3;BubbleSort;450778;122049;51670;235540
500;90;3;MergeSort;8976;3701;0;86020
500;90;3;CountingSort;1501;0;0;13560
500;90;3;QuickSort;18037;7381;3226;26290
500;90;3;InsertionSort;144402;48134;0;164000
500;90;3;BubbleSort;430534;119997;47635;310780
500;90;3;MergeSort;8976;3682;0;78250
500;90;3;CountingSort;1501;0;0;17720
500;90;3;QuickSort;17688;7065;3204;26291
500;90;3;InsertionSort;148509;49503;0;58950
500;90;3;BubbleSort;441976;122980;49004;177850
500;90;3;MergeSort;8976;3690;0;75540
500;90;3;CountingSort;1501;0;0;13510
500;90;3;QuickSort;16122;6705;2809;21730
500;90;3;InsertionSort;160140;53380;0;83230
500;90;3;BubbleSort;456602;122539;52881;219331
500;90;3;MergeSort;8976;3697;0;78561
500;90;3;CountingSort;1501;0;0;17680
500;90;3;QuickSort;15398;6632;2596;20450
500;90;3;InsertionSort;153777;51259;0;55420
500;90;3;BubbleSort;447428;122194;50760;234581
500;90;3;MergeSort;8976;3671;0;74560
500;90;3;CountingSort;1501;0;0;14010
500;90;3;QuickSort;17062;6910;3053;20730
500;90;3;InsertionSort;151983;50661;0;55821
500;90;3;BubbleSort;444892;122122;50162;220940
500;90;3;MergeSort;8976;3653;0;75690
500;90;3;CountingSort;1501;0;0;35100
500;90;3;QuickSort;16479;6705;2921;21260
500;90;3;InsertionSort;150891;50297;0;169940
500;90;3;BubbleSort;446040;123424;49798;273851
500;90;3;MergeSort;8976;3677;0;60300
500;90;3;CountingSort;1501;0;0;9691
500;90;3;QuickSort;20309;8549;3582;28210
500;90;3;InsertionSort;153897;51299;0;26510
500;90;3;BubbleSort;449508;123154;50800;240791
500;90;3;MergeSort;8976;3695;0;85190
500;90;3;CountingSort;1501;0;0;13400
500;90;3;QuickSort;16584;6882;2902;26151
500;90;3;InsertionSort;150273;50091;0;115060
500;90;3;BubbleSort;440212;120922;49592;302011
500;90;3;MergeSort;8976;3683;0;78230
500;90;3;CountingSort;1501;0;0;13250
500;90;3;QuickSort;17604;7617;2992;26040
500;90;3;InsertionSort;153681;51227;0;42851
500;90;3;BubbleSort;447990;122539;50728;231130
500;90;3;MergeSort;8976;3688;0;65510
500;90;3;CountingSort;1501;0;0;12620
500;90;3;QuickSort;19089;8028;3354;31760
500;90;3;InsertionSort;152085;50695;0;38980
500;90;3;BubbleSort;446252;122734;50196;240061
500;90;3;MergeSort;8976;3682;0;90671
500;90;3;CountingSort;1501;0;0;13450
500;90;3;QuickSort;18633;7668;3312;29180
500;90;3;InsertionSort;152541;50847;0;42180
500;90;3;BubbleSort;446860;122734;50348;241930
500;90;3;MergeSort;8976;3670;0;79000
500;90;3;CountingSort;1501;0;0;18390
500;90;3;QuickSort;19863;8181;3562;25730
500;90;3;InsertionSort;154932;51644;0;30720
500;90;3;BubbleSort;448380;121900;51145;205981
500;90;3;MergeSort;8976;3688;0;74800
500;90;3;CountingSort;1501;0;0;13080
500;90;3;QuickSort;15764;6395;2794;25060
500;90;3;InsertionSort;160011;53337;0;103290
500;90;3;BubbleSort;455596;122122;52838;217691
500;90;3;MergeSort;8976;3680;0;78880
500;90;3;CountingSort;1501;0;0;11860
500;90;3;QuickSort;16699;6667;3002;28370
500;90;3;InsertionSort;155379;51793;0;31781
500;90;3;BubbleSort;450516;122670;51294;236090
500;90;3;MergeSort;8976;3690;0;90050
500;90;3;CountingSort;1501;0;0;9480
500;90;3;QuickSort;18467;7796;3220;28040
500;90;3;InsertionSort;158613;52871;0;36290
500;90;3;BubbleSort;454956;122734;52372;205951
500;90;3;MergeSort;8976;3682;0;87701
500;90;3;CountingSort;1501;0;0;10700
500;90;3;QuickSort;18593;7877;3239;27630
500;90;3;InsertionSort;143259;47753;0;41880
500;90;3;BubbleSort;432816;121900;47254;249721
500;90;3;MergeSort;8976;3683;0;60210
500;90;3;CountingSort;1501;0;0;21650
500;90;3;QuickSort;19025;7871;3392;37040
500;90;3;InsertionSort;153987;51329;0;59990
500;90;3;BubbleSort;446014;121347;50830;239220
500;90;3;MergeSort;8976;3703;0;56270
500;90;3;CountingSort;1501;0;0;22890
500;90;3;QuickSort;17097;6927;3055;29010
500;90;3;InsertionSort;160632;53544;0;39130
500;90;3;BubbleSort;456424;122122;53045;173871
500;90;3;MergeSort;8976;3668;0;64800
500;90;3;CountingSort;1501;0;0;8100
500;90;3;QuickSort;16515;6720;2933;21610
500;90;3;InsertionSort;149565;49855;0;36680
500;90;3;BubbleSort;443954;123265;49356;193031
500;90;3;MergeSort;8976;3667;0;52810
500;90;3;CountingSort;1501;0;0;6350
500;90;3;QuickSort;17034;7152;2964;21370
500;90;3;InsertionSort;159414;53138;0;37441
500;90;3;BubbleSort;453576;121510;52639;141100
500;90;3;MergeSort;8976;3684;0;54550
500;90;3;CountingSort;1501;0;0;6790
500;90;3;QuickSort;17393;7280;3041;21720
500;90;3;InsertionSort;155544;51848;0;48440
500;90;3;BubbleSort;445584;120094;51349;174151
500;90;3;MergeSort;8976;3687;0;65000
500;90;3;CountingSort;1501;0;0;6630
500;90;3;QuickSort;16553;6767;2920;21430
500;90;3;InsertionSort;149784;49928;0;38980
500;90;3;BubbleSort;441210;121747;49429;228011
500;90;3;MergeSort;8976;3702;0;66330
500;90;3;CountingSort;1501;0;0;5720
500;90;3;QuickSort;16188;7065;2710;21270
500;90;3;InsertionSort;159003;53001;0;275561
500;90;3;BubbleSort;456086;123039;52502;368851
500;90;3;MergeSort;8976;3698;0;64040
500;90;3;CountingSort;1501;0;0;8320
500;90;3;QuickSort;15989;6485;2833;26500
500;90;3;InsertionSort;150102;50034;0;76550
500;90;3;BubbleSort;443084;122472;49535;179200
500;90;3;MergeSort;8976;3674;0;64860
500;90;3;CountingSort;1501;0;0;6320
500;90;3;QuickSort;18600;7488;3367;32130
500;90;3;InsertionSort;153105;51035;0;32990
500;90;3;BubbleSort;444838;121347;50536;173511
500;90;3;MergeSort;8976;3677;0;61211
500;90;3;CountingSort;1501;0;0;6050
500;90;3;QuickSort;18183;7710;3155;27691
500;90;3;InsertionSort;153384;51128;0;33830
500;90;3;BubbleSort;447046;122265;50629;225990
500;90;3;MergeSort;8976;3688;0;82990
500;90;3;CountingSort;1501;0;0;7600
500;90;3;QuickSort;21591;8904;3894;23000
500;90;3;InsertionSort;156036;52012;0;30840
500;90;3;BubbleSort;448070;121009;51513;163891
500;90;3;MergeSort;8976;3675;0;62491
500;90;3;CountingSort;1501;0;0;7420
500;90;3;QuickSort;17338;6985;3119;20451
500;90;3;InsertionSort;155337;51779;0;44810
500;90;3;BubbleSort;451864;123372;51280;220350
500;90;3;MergeSort;8976;3686;0;76730
500;90;3;CountingSort;1501;0;0;11380
500;90;3;QuickSort;16205;6752;2820;20690
500;90;3;InsertionSort;160248;53416;0;39480
500;90;3;BubbleSort;457386;122859;52917;172821
500;90;3;MergeSort;8976;3659;0;59591
500;90;3;CountingSort;1501;0;0;5580
500;90;3;QuickSort;16646;6851;2929;21101
500;90;3;InsertionSort;149430;49810;0;33030
500;90;3;BubbleSort;443664;123210;49311;182920
500;90;3;MergeSort;8976;3693;0;71540
500;90;3;CountingSort;1501;0;0;4700
500;90;3;QuickSort;18239;7484;3256;21230
500;90;3;InsertionSort;155172;51724;0;34120
500;90;3;BubbleSort;447594;121347;51225;183460
500;90;3;MergeSort;8976;3690;0;69770
500;90;3;CountingSort;1501;0;0;6390
500;90;3;QuickSort;22332;9384;3985;28850
500;90;3;InsertionSort;157347;52449;0;27370
500;90;3;BubbleSort;453878;123039;51950;135811
500;90;3;MergeSort;8976;3689;0;75650
500;90;3;CountingSort;1501;0;0;7840
500;90;3;QuickSort;19050;7710;3445;21920
500;90;3;InsertionSort;156510;52170;0;46850
500;90;3;BubbleSort;452524;122920;51671;179350
500;90;3;MergeSort;8976;3703;0;67950
500;90;3;CountingSort;1501;0;0;7690
500;90;3;QuickSort;17052;7032;3013;27910
500;90;3;InsertionSort;150741;50247;0;39090
500;90;3;BubbleSort;434686;117847;49748;219771
500;90;3;MergeSort;8976;3681;0;82411
500;90;3;CountingSort;1501;0;0;6580
500;90;3;QuickSort;20705;8456;3750;22350
500;90;3;InsertionSort;155898;51966;0;198820
500;90;3;BubbleSort;450398;122265;51467;265061
500;90;3;MergeSort;8976;3678;0;73540
500;90;3;CountingSort;1501;0;0;6440
500;90;3;QuickSort;16546;6757;2938;21100
500;90;3;InsertionSort;151971;50657;0;146461
500;90;3;BubbleSort;446472;122920;50158;236981
500;90;3;MergeSort;8976;3704;0;63460
500;90;3;CountingSort;1501;0;0;7870
500;90;3;QuickSort;17032;6997;3016;21100
500;90;3;InsertionSort;147444;49148;0;49320
500;90;3;BubbleSort;440436;122920;48649;192890
500;90;3;MergeSort;8976;3696;0;80520
500;90;3;CountingSort;1501;0;0;5580
500;90;3;QuickSort;18839;7640;3407;20730
500;90;3;InsertionSort;151419;50473;0;266431
500;90;3;BubbleSort;440084;120094;49974;341481
500;90;3;MergeSort;8976;3712;0;49241
500;90;3;CountingSort;1501;0;0;5250
500;90;3;QuickSort;16784;7142;2882;34640
500;90;3;InsertionSort;157680;52560;0;212031
500;90;3;BubbleSort;450088;120922;52061;346391
500;90;3;MergeSort;8976;3689;0;65380
500;90;3;CountingSort;1501;0;0;7510
500;90;3;QuickSort;18848;7523;3444;21950
500;90;3;InsertionSort;156909;52303;0;63500
500;90;3;BubbleSort;453056;122920;51804;221661
500;90;3;MergeSort;8976;3674;0;57150
500;90;3;CountingSort;1501;0;0;7510
500;90;3;QuickSort;17286;7152;3049;21050
500;90;3;InsertionSort;160245;53415;0;34560
500;90;3;BubbleSort;454358;121347;52916;191900
500;90;3;MergeSort;8976;3679;0;42440
500;90;3;CountingSort;1501;0;0;9410
500;90;3;QuickSort;18342;7299;3344;26210
500;90;3;InsertionSort;153318;51106;0;42470
500;90;3;BubbleSort;444956;121264;50607;139961
500;90;3;MergeSort;8976;3675;0;44010
500;90;4;CountingSort;1501;0;0;112330
500;90;4;QuickSort;17468;7142;3103;833513
500;90;4;InsertionSort;154743;51581;0;4352863
500;90;4;BubbleSort;448572;122122;51082;5328884
500;90;4;MergeSort;8976;3751;0;663472
500;90;4;CountingSort;1501;0;0;64940
500;90;4;QuickSort;15931;7138;2602;102470
500;90;4;InsertionSort;147150;49050;0;2329196
500;90;4;BubbleSort;437062;121429;48551;2357597
500;90;4;MergeSort;8976;3767;0;216701
500;90;4;CountingSort;1501;0;0;46550
500;90;4;QuickSort;16131;6612;2841;70200
500;90;4;InsertionSort;154374;51458;0;1373934
500;90;4;BubbleSort;448366;122265;50959;1986306
500;90;4;MergeSort;8976;3753;0;162481
500;90;4;CountingSort;1501;0;0;59210
500;90;4;QuickSort;17550;7203;3114;77451
500;90;4;InsertionSort;155421;51807;0;991963
500;90;4;BubbleSort;448090;121429;51308;1794645
500;90;4;MergeSort;8976;3755;0;186490
500;90;4;CountingSort;1501;0;0;46330
500;90;4;QuickSort;18711;7668;3350;168121
500;90;4;InsertionSort;146034;48678;0;290160
500;90;4;BubbleSort;433286;120285;48179;149390
500;90;4;MergeSort;8976;3771;0;139460
500;90;4;CountingSort;1501;0;0;54061
500;90;4;QuickSort;20094;8085;3669;90410
500;90;4;InsertionSort;155598;51866;0;454541
500;90;4;BubbleSort;450412;122472;51367;571621
500;90;4;MergeSort;8976;3749;0;193270
500;90;4;CountingSort;1501;0;0;54200
500;90;4;QuickSort;15894;6558;2779;91020
500;90;4;InsertionSort;155478;51826;0;146131
500;90;4;BubbleSort;445302;119997;51327;249641
500;90;4;MergeSort;8976;3737;0;158871
500;90;4;CountingSort;1501;0;0;45110
500;90;4;QuickSort;17038;7261;2920;73390
500;90;4;InsertionSort;143076;47692;0;146680
500;90;4;BubbleSort;428172;119700;47193;139820
500;90;4;MergeSort;8976;3763;0;125981
500;90;4;CountingSort;1501;0;0;68790
500;90;4;QuickSort;17820;7674;3053;92861
500;90;4;InsertionSort;153174;51058;0;332391
500;90;4;BubbleSort;444254;121009;50559;403211
500;90;4;MergeSort;8976;3750;0;206780
500;90;4;CountingSort;1501;0;0;65690
500;90;4;QuickSort;18395;7868;3171;108340
500;90;4;InsertionSort;155643;51881;0;151890
500;90;4;BubbleSort;447372;120922;51382;274381
500;90;4;MergeSort;8976;3764;0;142121
500;90;4;CountingSort;1501;0;0;73340
500;90;4;QuickSort;17522;7274;3078;66520
500;90;4;InsertionSort;152037;50679;0;596582
500;90;4;BubbleSort;445798;122539;50180;625731
500;90;4;MergeSort;8976;3748;0;124600
500;90;4;CountingSort;1501;0;0;88391
500;90;4;QuickSort;17110;7054;3018;401081
500;90;4;InsertionSort;150225;50075;0;163840
500;90;4;BubbleSort;442402;122049;49576;316911
500;90;4;MergeSort;8976;3769;0;194091
500;90;4;CountingSort;1501;0;0;65030
500;90;4;QuickSort;16700;7112;2866;474341
500;90;4;InsertionSort;157863;52621;0;256721
500;90;4;BubbleSort;450332;120922;52122;190581
500;90;4;MergeSort;8976;3744;0;80921
500;90;4;CountingSort;1501;0;0;71960
500;90;4;QuickSort;16859;6809;3011;381601
500;90;4;InsertionSort;146583;48861;0;595922
500;90;4;BubbleSort;435808;121180;48362;617641
500;90;4;MergeSort;8976;3777;0;77760
500;90;4;CountingSort;1501;0;0;50930
500;90;4;QuickSort;16066;6808;2753;128910
500;90;4;InsertionSort;144528;48176;0;39490
500;90;4;BubbleSort;433068;121180;47677;327221
500;90;4;MergeSort;8976;3767;0;210221
500;90;4;CountingSort;1501;0;0;72490
500;90;4;QuickSort;18575;7658;3313;47920
500;90;4;InsertionSort;156882;52294;0;40190
500;90;4;BubbleSort;450980;121900;51795;259391
500;90;4;MergeSort;8976;3759;0;158050
500;90;4;CountingSort;1501;0;0;65790
500;90;4;QuickSort;20249;8186;3689;23000
500;90;4;InsertionSort;162042;54014;0;44900
500;90;4;BubbleSort;457398;121669;53515;196151
500;90;4;MergeSort;8976;3773;0;101371
500;90;4;CountingSort;1501;0;0;94820
500;90;4;QuickSort;17399;7121;3098;24720
500;90;4;InsertionSort;156513;52171;0;95161
500;90;4;BubbleSort;452766;123039;51672;370292
500;90;4;MergeSort;8976;3769;0;168390
500;90;4;CountingSort;1501;0;0;55610
500;90;4;QuickSort;16415;6710;2901;19450
500;90;4;InsertionSort;153621;51207;0;48080
500;90;4;BubbleSort;447776;122472;50708;259141
500;90;4;MergeSort;8976;3732;0;176641
500;90;4;CountingSort;1501;0;0;65360
500;90;4;QuickSort;18509;7775;3250;35980
500;90;4;InsertionSort;161064;53688;0;33540
500;90;4;BubbleSort;457144;122194;53189;172131
500;90;4;MergeSort;8976;3768;0;90480
500;90;4;CountingSort;1501;0;0;47881
500;90;4;QuickSort;19013;7862;3382;29390
500;90;4;InsertionSort;158775;52925;0;41750
500;90;4;BubbleSort;453198;121747;52426;193510
500;90;4;MergeSort;8976;3740;0;65470
500;90;4;CountingSort;1501;0;0;50680
500;90;4;QuickSort;16804;7246;2848;23680
500;90;4;InsertionSort;154239;51413;0;141200
500;90;4;BubbleSort;448186;122265;50914;275261
500;90;4;MergeSort;8976;3730;0;84831
500;90;4;CountingSort;1501;0;0;61700
500;90;4;QuickSort;17030;6905;3033;21850
500;90;4;InsertionSort;158994;52998;0;44970
500;90;4;BubbleSort;453946;121975;52499;1914696
500;90;4;MergeSort;8976;3748;0;1775374
500;90;4;CountingSort;1501;0;0;92320
500;90;4;QuickSort;19817;8144;3559;38720
500;90;4;InsertionSort;154341;51447;0;32560
500;90;4;BubbleSort;445636;120922;50948;142431
500;90;4;MergeSort;8976;3752;0;71911
500;90;4;CountingSort;1501;0;0;68740
500;90;4;QuickSort;19041;7743;3443;35700
500;90;4;InsertionSort;154515;51505;0;43650
500;90;4;BubbleSort;447362;121669;51006;173491
500;90;4;MergeSort;8976;3758;0;34740
500;90;4;CountingSort;1501;0;0;46000
500;90;4;QuickSort;16625;6923;2909;18560
500;90;4;InsertionSort;164040;54680;0;227571
500;90;4;BubbleSort;457104;120190;54181;333221
500;90;4;MergeSort;8976;3772;0;59960
500;90;4;CountingSort;1501;0;0;69830
500;90;4;QuickSort;16466;6851;2873;36980
500;90;4;InsertionSort;152646;50882;0;45420
500;90;4;BubbleSort;446476;122472;50383;218691
500;90;4;MergeSort;8976;3757;0;56020
500;90;4;CountingSort;1501;0;0;56931
500;90;4;QuickSort;15902;6857;2688;22090
500;90;4;InsertionSort;151890;50630;0;34790
500;90;4;BubbleSort;445734;122605;50131;186530
500;90;4;MergeSort;8976;3730;0;72510
500;90;4;CountingSort;1501;0;0;55201
500;90;4;QuickSort;17305;7012;3099;18591
500;90;4;InsertionSort;147372;49124;0;103210
500;90;4;BubbleSort;439030;122265;48625;196040
500;90;4;MergeSort;8976;3747;0;61530
500;90;4;CountingSort;1501;0;0;51730
500;90;4;QuickSort;16399;6745;2892;30510
500;90;4;InsertionSort;163539;54513;0;43761
500;90;4;BubbleSort;461524;122734;54014;201171
500;90;4;MergeSort;8976;3747;0;94500
500;90;4;CountingSort;1501;0;0;77100
500;90;4;QuickSort;21408;8592;3933;59470
500;90;4;InsertionSort;137202;45734;0;41610
500;90;4;BubbleSort;422068;120564;45235;185951
500;90;4;MergeSort;8976;3756;0;59930
500;90;4;CountingSort;1501;0;0;76221
500;90;4;QuickSort;20345;8135;3744;19640
500;90;4;InsertionSort;156021;52007;0;38221
500;90;4;BubbleSort;451500;122734;51508;185080
500;90;4;MergeSort;8976;3740;0;57450
500;90;4;CountingSort;1501;0;0;52850
500;90;4;QuickSort;18411;7518;3294;19170
500;90;4;InsertionSort;156072;52024;0;29900
500;90;4;BubbleSort;449280;121590;51525;169811
500;90;4;MergeSort;8976;3745;0;68160
500;90;4;CountingSort;1501;0;0;37180
500;90;4;QuickSort;19391;7640;3587;32150
500;90;4;InsertionSort;152769;50923;0;24330
500;90;4;BubbleSort;441296;119800;50424;228171
500;90;4;MergeSort;8976;3773;0;83140
500;90;4;CountingSort;1501;0;0;29220
500;90;4;QuickSort;19045;7621;3469;38660
500;90;4;InsertionSort;145257;48419;0;38990
500;90;4;BubbleSort;430050;119185;47920;174021
500;90;4;MergeSort;8976;3763;0;47360
500;90;4;CountingSort;1501;0;0;24310
500;90;4;QuickSort;16371;6645;2910;28590
500;90;4;InsertionSort;154968;51656;0;29010
500;90;4;BubbleSort;449968;122670;51157;144250
500;90;4;MergeSort;8976;3756;0;62490
500;90;4;CountingSort;1501;0;0;11090
500;90;4;QuickSort;16223;6638;2862;21951
500;90;4;InsertionSort;144288;48096;0;33770
500;90;4;BubbleSort;431698;120655;47597;171510
500;90;4;MergeSort;8976;3753;0;66570
500;90;4;CountingSort;1501;0;0;21970
500;90;4;QuickSort;16345;6835;2828;28640
500;90;4;InsertionSort;146715;48905;0;34800
500;90;4;BubbleSort;435814;121095;48406;234391
500;90;4;MergeSort;8976;3769;0;79220
500;90;4;CountingSort;1501;0;0;23671
500;90;4;QuickSort;16058;6632;2803;19980
500;90;4;InsertionSort;149541;49847;0;31760
500;90;4;BubbleSort;435336;118972;49348;220570
500;90;4;MergeSort;8976;3760;0;72930
500;90;4;CountingSort;1501;0;0;18650
500;90;4;QuickSort;17629;7540;3027;25130
500;90;4;InsertionSort;146181;48727;0;31100
500;90;4;BubbleSort;433100;120094;48228;240720
500;90;4;MergeSort;8976;3758;0;87780
500;90;4;CountingSort;1501;0;0;14580
500;90;4;QuickSort;16584;7071;2840;20950
500;90;4;InsertionSort;146799;48933;0;35331
500;90;4;BubbleSort;440480;123372;48434;143350
500;90;4;MergeSort;8976;3761;0;50760
500;90;4;CountingSort;1501;0;0;19840
500;90;4;QuickSort;22137;8721;4139;21650
500;90;4;InsertionSort;158688;52896;0;25120
500;90;4;BubbleSort;453538;121975;52397;147940
500;90;4;MergeSort;8976;3759;0;46990
500;90;4;CountingSort;1501;0;0;12590
500;90;4;QuickSort;17802;7173;3214;25650
500;90;4;InsertionSort;146085;48695;0;23800
500;90;4;BubbleSort;436278;121747;48196;233251
500;90;4;MergeSort;8976;3744;0;77000
500;90;4;CountingSort;1501;0;0;8730
500;90;4;QuickSort;16867;7102;2926;28080
500;90;4;InsertionSort;152751;50917;0;36380
500;90;4;BubbleSort;446616;122472;50418;215131
500;90;4;MergeSort;8976;3751;0;78291
500;90;4;CountingSort;1501;0;0;11980
500;90;4;QuickSort;18829;7552;3421;22430
500;90;4;InsertionSort;156939;52313;0;46510
500;90;4;BubbleSort;452850;122797;51814;210531
500;90;4;MergeSort;8976;3752;0;95420
500;90;4;CountingSort;1501;0;0;11300
500;90;4;QuickSort;16425;6900;2847;25470
500;90;4;InsertionSort;155730;51910;0;43960
500;90;4;BubbleSort;448824;121590;51411;240301
500;90;4;MergeSort;8976;3746;0;58170
500;90;4;CountingSort;1501;0;0;11980
500;90;4;QuickSort;18438;7668;3267;20300
500;90;4;InsertionSort;153570;51190;0;30870
500;90;4;BubbleSort;443708;120472;50691;146451
500;90;4;MergeSort;8976;3748;0;46951
500;90;4;CountingSort;1501;0;0;11080
500;90;4;QuickSort;17836;7171;3214;23910
500;90;4;InsertionSort;149436;49812;0;35320
500;90;4;BubbleSort;438196;120472;49313;207520
500;90;4;MergeSort;8976;3747;0;60910
500;90;4;CountingSort;1501;0;0;22171
500;90;4;QuickSort;16795;6730;3018;32100
500;90;4;InsertionSort;147081;49027;0;66150
500;90;4;BubbleSort;430502;118195;48528;160231
500;90;4;MergeSort;8976;3753;0;78730
500;90;4;CountingSort;1501;0;0;11000
500;90;4;QuickSort;17741;7265;3165;20890
500;90;4;InsertionSort;149943;49981;0;25340
500;90;4;BubbleSort;441576;121824;49482;203911
500;90;4;MergeSort;8976;3752;0;60640
500;90;4;CountingSort;1501;0;0;22720
500;90;4;QuickSort;18343;7321;3350;20840
500;90;4;InsertionSort;146004;48668;0;32680
500;90;4;BubbleSort;437064;122194;48169;187010
500;90;4;MergeSort;8976;3752;0;66200
500;90;4;CountingSort;1501;0;0;14170
500;90;4;QuickSort;17374;7399;2994;24450
500;90;4;InsertionSort;144621;48207;0;40301
500;90;4;BubbleSort;435076;122122;47708;149260
500;90;4;MergeSort;8976;3781;0;60250
500;90;4;CountingSort;1501;0;0;11260
500;90;4;QuickSort;17176;7177;3008;20090
500;90;4;InsertionSort;150498;50166;0;114080
500;90;4;BubbleSort;441688;121510;49667;229721
500;90;4;MergeSort;8976;3735;0;63390
500;90;4;CountingSort;1501;0;0;10630
500;90;4;QuickSort;16554;6810;2917;20120
500;90;4;InsertionSort;150108;50036;0;53370
500;90;4;BubbleSort;442392;122122;49537;164320
500;90;4;MergeSort;8976;3751;0;57070
500;90;4;CountingSort;1501;0;0;10530
500;90;4;QuickSort;17168;7760;2802;30170
500;90;4;InsertionSort;150894;50298;0;33871
500;90;4;BubbleSort;444536;122670;49799;194890
500;90;4;MergeSort;8976;3765;0;82150
500;90;4;CountingSort;1501;0;0;21140
500;90;4;QuickSort;17915;7151;3255;20710
500;90;4;InsertionSort;149415;49805;0;23740
500;90;4;BubbleSort;437022;119899;49306;219141
500;90;4;MergeSort;8976;3750;0;64311
500;90;4;CountingSort;1501;0;0;18460
500;90;4;QuickSort;16124;6836;2767;20260
500;90;4;InsertionSort;155658;51886;0;38480
500;90;4;BubbleSort;451266;122859;51387;187830
500;90;4;MergeSort;8976;3752;0;54220
500;90;4;CountingSort;1501;0;0;10420
500;90;4;QuickSort;17041;6787;3078;20900
500;90;4;InsertionSort;152994;50998;0;35770
500;90;4;BubbleSort;448074;123039;50499;137710
500;90;4;MergeSort;8976;3740;0;46940
500;90;4;CountingSort;1501;0;0;13280
500;90;4;QuickSort;18469;7435;3344;21070
500;90;4;InsertionSort;157329;52443;0;31060
500;90;4;BubbleSort;447176;119700;51944;182521
500;90;4;MergeSort;8976;3747;0;61100
500;90;4;CountingSort;1501;0;0;31490
500;90;4;QuickSort;17698;7240;3150;31190
500;90;4;InsertionSort;151308;50436;0;30000
500;90;4;BubbleSort;435908;118080;49937;177160
500;90;4;MergeSort;8976;3750;0;89140
500;90;4;CountingSort;1501;0;0;11300
500;90;4;QuickSort;19134;7650;3499;36861
500;90;4;InsertionSort;143112;47704;0;42950
500;90;4;BubbleSort;434538;122859;47205;183370
500;90;4;MergeSort;8976;3764;0;66820
500;90;4;CountingSort;1501;0;0;13560
500;90;4;QuickSort;17658;7107;3181;25310
500;90;4;InsertionSort;146421;48807;0;36870
500;90;4;BubbleSort;433990;120379;48308;190331
500;90;4;MergeSort;8976;3752;0;65830
500;90;4;CountingSort;1501;0;0;10010
500;90;4;QuickSort;17101;6979;3038;25100
500;90;4;InsertionSort;153339;51113;0;24720
500;90;4;BubbleSort;446986;122265;50614;264340
500;90;4;MergeSort;8976;3734;0;83860
500;90;4;CountingSort;1501;0;0;15110
500;90;4;QuickSort;20452;8692;3590;26520
500;90;4;InsertionSort;152484;50828;0;50081
500;90;4;BubbleSort;446124;122404;50329;186520
500;90;4;MergeSort;8976;3736;0;58200
500;90;4;CountingSort;1501;0;0;12800
500;90;4;QuickSort;18312;7548;3262;30040
500;90;4;InsertionSort;154479;51493;0;119060
500;90;4;BubbleSort;449444;122734;50994;286831
500;90;4;MergeSort;8976;3767;0;78151
500;90;4;CountingSort;1501;0;0;11500
500;90;4;QuickSort;19669;8002;3551;33320
500;90;4;InsertionSort;159018;53006;0;53371
500;90;4;BubbleSort;456448;123210;52507;167020
500;90;4;MergeSort;8976;3752;0;60660
500;90;4;CountingSort;1501;0;0;10810
500;90;4;QuickSort;17574;7173;3142;20770
500;90;4;InsertionSort;150915;50305;0;31640
500;90;4;BubbleSort;444168;122472;49806;189491
500;90;4;MergeSort;8976;3755;0;50491
500;90;4;CountingSort;1501;0;0;12990
500;90;4;QuickSort;19009;7549;3488;32260
500;90;4;InsertionSort;153564;51188;0;51670
500;90;4;BubbleSort;448350;122797;50689;221801
500;90;4;MergeSort;8976;3760;0;94100
500;90;4;CountingSort;1501;0;0;20270
500;90;4;QuickSort;15799;6574;2745;25010
500;90;4;InsertionSort;154782;51594;0;67091
500;90;4;BubbleSort;451228;123424;51095;239161
500;90;4;MergeSort;8976;3750;0;85610
500;90;4;CountingSort;1501;0;0;13610
500;90;4;QuickSort;17768;7364;3137;20720
500;90;4;InsertionSort;147480;49160;0;50650
500;90;4;BubbleSort;439032;122194;48661;224391
500;90;4;MergeSort;8976;3747;0;55350
500;90;4;CountingSort;1501;0;0;10720
500;90;4;QuickSort;15606;6615;2671;31520
500;90;4;InsertionSort;151728;50576;0;33310
500;90;4;BubbleSort;440688;120190;50077;141791
500;90;4;MergeSort;8976;3741;0;116690
500;90;4;CountingSort;1501;0;0;24390
500;90;4;QuickSort;16018;6610;2803;24890
500;90;4;InsertionSort;147939;49313;0;24220
500;90;4;BubbleSort;439644;122194;48814;228561
500;90;4;MergeSort;8976;3770;0;62170
500;90;4;CountingSort;1501;0;0;17971
500;90;4;QuickSort;16620;6924;2897;20520
500;90;4;InsertionSort;155898;51966;0;54040
500;90;4;BubbleSort;452398;123265;51467;200270
500;90;4;MergeSort;8976;3748;0;80180
500;90;4;CountingSort;1501;0;0;11040
500;90;4;QuickSort;17013;6861;3051;20340
500;90;4;InsertionSort;146895;48965;0;53770
500;90;4;BubbleSort;437358;121747;48466;183070
500;90;4;MergeSort;8976;3711;0;71590
500;90;4;CountingSort;1501;0;0;17400
500;90;4;QuickSort;17431;7288;3048;27180
500;90;4;InsertionSort;149850;49950;0;45810
500;90;4;BubbleSort;441754;121975;49451;213491
500;90;4;MergeSort;8976;3761;0;71541
500;90;4;CountingSort;1501;0;0;19600
500;90;4;QuickSort;18194;7412;3261;27090
500;90;4;InsertionSort;153855;51285;0;27710
500;90;4;BubbleSort;446164;121510;50786;178990
500;90;4;MergeSort;8976;3767;0;53430
500;90;4;CountingSort;1501;0;0;18250
500;90;4;QuickSort;16656;6804;2950;21410
500;90;4;InsertionSort;146805;48935;0;23330
500;90;4;BubbleSort;437392;121824;48436;178590
500;90;4;MergeSort;8976;3752;0;76660
500;90;4;CountingSort;1501;0;0;17660
500;90;4;QuickSort;16774;7087;2890;41420
500;90;4;InsertionSort;145779;48593;0;44700
500;90;4;BubbleSort;435070;121347;48094;165141
500;90;4;MergeSort;8976;3776;0;61170
500;90;4;CountingSort;1501;0;0;9170
500;90;4;QuickSort;16995;6930;3023;20030
500;90;4;InsertionSort;149517;49839;0;42640
500;90;4;BubbleSort;439378;121009;49340;133831
500;90;4;MergeSort;8976;3758;0;59890
500;90;4;CountingSort;1501;0;0;30230
500;90;4;QuickSort;18016;7423;3191;21180
500;90;4;InsertionSort;155904;51968;0;24440
500;90;4;BubbleSort;449974;122049;51469;185411
500;90;4;MergeSort;8976;3764;0;97100
500;90;4;CountingSort;1501;0;0;15380
500;90;4;QuickSort;15599;6350;2754;24690
500;90;4;InsertionSort;140055;46685;0;36921
500;90;4;BubbleSort;426588;120922;46186;228530
500;90;4;MergeSort;8976;3768;0;87210
500;90;4;CountingSort;1501;0;0;20010
500;90;4;QuickSort;16174;7321;2612;25090
500;90;4;InsertionSort;148965;49655;0;39450
500;90;4;BubbleSort;441012;122194;49156;185701
500;90;4;MergeSort;8976;3764;0;64000
500;90;4;CountingSort;1501;0;0;10990
500;90;4;QuickSort;16156;6796;2793;24780
500;90;4;InsertionSort;158928;52976;0;42470
500;90;4;BubbleSort;451398;120745;52477;193300
500;90;4;MergeSort;8976;3758;0;68520
500;90;4;CountingSort;1501;0;0;16350
500;90;4;QuickSort;19113;8139;3328;24690
500;90;4;InsertionSort;155883;51961;0;125611
500;90;4;BubbleSort;449648;121900;51462;286321
500;90;4;MergeSort;8976;3762;0;107850
500;90;4;CountingSort;1501;0;0;10880
500;90;4;QuickSort;18067;7459;3203;21160
500;90;4;InsertionSort;157659;52553;0;38050
500;90;4;BubbleSort;450576;121180;52054;177090
500;90;4;MergeSort;8976;3748;0;54860
500;90;4;CountingSort;1501;0;0;13420
500;90;4;QuickSort;16264;6679;2863;20200
500;90;4;InsertionSort;150588;50196;0;49290
500;90;4;BubbleSort;441316;121264;49697;168950
500;90;4;MergeSort;8976;3773;0;57620
500;90;4;CountingSort;1501;0;0;8980
500;90;4;QuickSort;15155;6191;2656;24980
500;90;4;InsertionSort;148968;49656;0;29460
500;90;4;BubbleSort;436622;119997;49157;187090
500;90;4;MergeSort;8976;3737;0;69660
500;90;4;CountingSort;1501;0;0;47580
500;90;4;QuickSort;17365;7093;3093;35390
500;90;4;InsertionSort;152661;50887;0;45930
500;90;4;BubbleSort;443042;120745;50388;216411
500;90;4;MergeSort;8976;3756;0;65901
500;90;4;CountingSort;1501;0;0;13901
500;90;4;QuickSort;17765;7202;3185;25720
500;90;4;InsertionSort;149310;49770;0;34450
500;90;4;BubbleSort;437842;120379;49271;188880
500;90;4;MergeSort;8976;3765;0;71360
500;90;4;CountingSort;1501;0;0;11220
500;90;4;QuickSort;17432;7172;3091;30520
500;90;4;InsertionSort;144462;48154;0;49720
500;90;4;BubbleSort;434268;121824;47655;143011
500;90;4;MergeSort;8976;3719;0;63230
500;90;4;CountingSort;1501;0;0;19850
500;90;4;QuickSort;17414;7310;3036;54940
500;90;4;InsertionSort;148935;49645;0;32100
500;90;4;BubbleSort;441662;122539;49146;236401
500;90;4;MergeSort;8976;3749;0;91351
500;90;4;CountingSort;1501;0;0;29850
500;90;4;QuickSort;18427;7384;3360;28630
500;90;4;InsertionSort;154551;51517;0;44170
500;90;4;BubbleSort;449666;122797;51018;205321
500;90;4;MergeSort;8976;3774;0;61790
500;90;4;CountingSort;1501;0;0;11020
500;90;4;QuickSort;18131;7508;3211;27200
500;90;4;InsertionSort;151983;50661;0;29920
500;90;4;BubbleSort;445592;122472;50162;215570
500;90;4;MergeSort;8976;3758;0;75870
500;90;4;CountingSort;1501;0;0;12870
500;90;4;QuickSort;17487;7311;3062;25490
500;90;4;InsertionSort;152835;50945;0;109320
500;90;4;BubbleSort;445432;121824;50446;256500
500;90;4;MergeSort;8976;3755;0;54850
500;90;4;CountingSort;1501;0;0;10920
500;90;4;QuickSort;18179;7460;3247;22950
500;90;4;InsertionSort;157008;52336;0;59131
500;90;4;BubbleSort;454092;123372;51837;192910
500;90;4;MergeSort;8976;3751;0;44460
500;90;4;CountingSort;1501;0;0;11210
500;90;4;QuickSort;16852;7210;2883;31190
500;90;4;InsertionSort;155679;51893;0;24730
500;90;4;BubbleSort;443304;118864;51394;218521
500;90;4;MergeSort;8976;3747;0;79080
500;90;4;CountingSort;1501;0;0;52531
500;90;4;QuickSort;14879;6365;2508;29230
500;90;4;InsertionSort;154959;51653;0;34690
500;90;4;BubbleSort;450694;123039;51154;192440
500;90;4;MergeSort;8976;3759;0;62750
500;90;4;CountingSort;1501;0;0;11210
500;90;4;QuickSort;15479;6293;2730;34100
500;90;4;InsertionSort;152481;50827;0;43630
500;90;4;BubbleSort;447506;123097;50328;195081
500;90;4;MergeSort;8976;3756;0;61050
500;90;4;CountingSort;1501;0;0;10900
500;90;4;QuickSort;16219;6565;2882;39930
500;90;4;InsertionSort;150735;50245;0;40410
500;90;4;BubbleSort;435374;118195;49746;195731
500;90;4;MergeSort;8976;3744;0;59730
500;90;4;CountingSort;1501;0;0;11350
500;90;4;QuickSort;16107;6810;2766;33021
500;90;4;InsertionSort;156627;52209;0;34071
500;90;4;BubbleSort;451648;122404;51710;186300
500;90;4;MergeSort;8976;3740;0;46860
500;100;1;CountingSort;1501;0;0;105380
500;100;1;QuickSort;18727;7621;3378;1040513
500;100;1;InsertionSort;193019;64335;0;5242214
500;100;1;BubbleSort;503816;124222;63843;6146877
500;100;1;MergeSort;8976;3837;0;702502
500;100;1;CountingSort;1501;0;0;50860
500;100;1;QuickSort;16736;7040;2904;125400
500;100;1;InsertionSort;191503;63831;0;770572
500;100;1;BubbleSort;502146;124399;63337;470281
500;100;1;MergeSort;8976;3836;0;178940
500;100;1;CountingSort;1501;0;0;65591
500;100;1;QuickSort;18206;7544;3224;83720
500;100;1;InsertionSort;180025;60005;0;2183396
500;100;1;BubbleSort;486552;124254;59511;2873248
500;100;1;MergeSort;8976;3854;0;109250
500;100;1;CountingSort;1501;0;0;63851
500;100;1;QuickSort;18963;7734;3409;102820
500;100;1;InsertionSort;195073;65021;0;343251
500;100;1;BubbleSort;507566;124729;64527;427071
500;100;1;MergeSort;8976;3864;0;207231
500;100;1;CountingSort;1501;0;0;87140
500;100;1;QuickSort;17759;7109;3213;84700
500;100;1;InsertionSort;186719;62233;0;231261
500;100;1;BubbleSort;495216;124120;61744;389051
500;100;1;MergeSort;8976;3872;0;231761
500;100;1;CountingSort;1501;0;0;63070
500;100;1;QuickSort;17459;7379;3026;72910
500;100;1;InsertionSort;186110;62034;0;124021
500;100;1;BubbleSort;493934;123889;61539;330531
500;100;1;MergeSort;8976;3842;0;197981
500;100;1;CountingSort;1501;0;0;72000
500;100;1;QuickSort;16303;6964;2781;93550
500;100;1;InsertionSort;178489;59491;0;55920
500;100;1;BubbleSort;483694;123847;59000;305981
500;100;1;MergeSort;8976;3842;0;207770
500;100;1;CountingSort;1501;0;0;49670
500;100;1;QuickSort;16609;6727;2962;374531
500;100;1;InsertionSort;194969;64983;0;49660
500;100;1;BubbleSort;506826;124425;64494;190761
500;100;1;MergeSort;8976;3862;0;97161
500;100;1;CountingSort;1501;0;0;72440
500;100;1;QuickSort;16755;6774;2992;396171
500;100;1;InsertionSort;194547;64847;0;50961
500;100;1;BubbleSort;506524;124560;64351;210770
500;100;1;MergeSort;8976;3837;0;105430
500;100;1;CountingSort;1501;0;0;73700
500;100;1;QuickSort;17638;6952;3224;400791
500;100;1;InsertionSort;179788;59926;0;29110
500;100;1;BubbleSort;486922;124597;59432;210261
500;100;1;MergeSort;8976;3851;0;128961
500;100;1;CountingSort;1501;0;0;46860
500;100;1;QuickSort;16220;6950;2760;57780
500;100;1;InsertionSort;191226;63738;0;54450
500;100;1;BubbleSort;501610;124315;63245;208611
500;100;1;MergeSort;8976;3862;0;127351
500;100;1;CountingSort;1501;0;0;57530
500;100;1;QuickSort;16893;6855;3007;32240
500;100;1;InsertionSort;189719;63237;0;155251
500;100;1;BubbleSort;499766;124399;62742;234521
500;100;1;MergeSort;8976;3866;0;80510
500;100;1;CountingSort;1501;0;0;61360
500;100;1;QuickSort;16553;6872;2898;29850
500;100;1;InsertionSort;191400;63796;0;51410
500;100;1;BubbleSort;501720;124254;63303;214141
500;100;1;MergeSort;8976;3862;0;60340
500;100;1;CountingSort;1501;0;0;48840
500;100;1;QuickSort;19665;7947;3572;28670
500;100;1;InsertionSort;184363;61453;0;28690
500;100;1;BubbleSort;492568;124372;60956;247280
500;100;1;MergeSort;8976;3842;0;63370
500;100;1;CountingSort;1501;0;0;59800
500;100;1;QuickSort;17791;7090;3237;34340
500;100;1;InsertionSort;202960;67650;0;53481
500;100;1;BubbleSort;517068;124222;67156;213320
500;100;1;MergeSort;8976;3845;0;78120
500;100;1;CountingSort;1501;0;0;75580
500;100;1;QuickSort;17599;7387;3068;56090
500;100;1;InsertionSort;187944;62646;0;51190
500;100;1;BubbleSort;497828;124614;62150;257161
500;100;1;MergeSort;8976;3851;0;66860
500;100;1;CountingSort;1501;0;0;61670
500;100;1;QuickSort;16088;7055;2678;25340
500;100;1;InsertionSort;182455;60811;0;49750
500;100;1;BubbleSort;490142;124425;60323;256911
500;100;1;MergeSort;8976;3883;0;86360
500;100;1;CountingSort;1501;0;0;60091
500;100;1;QuickSort;17096;6989;3028;31450
500;100;1;InsertionSort;180389;60125;0;124710
500;100;1;BubbleSort;487382;124425;59633;284151
500;100;1;MergeSort;8976;3884;0;82980
500;100;1;CountingSort;1501;0;0;71860
500;100;1;QuickSort;18906;7677;3406;40060
500;100;1;InsertionSort;183580;61192;0;59971
500;100;1;BubbleSort;492008;124614;60695;241701
500;100;1;MergeSort;8976;3859;0;74820
500;100;1;CountingSort;1501;0;0;94941
500;100;1;QuickSort;21106;8797;3771;27050
500;100;1;InsertionSort;191600;63862;0;29330
500;100;1;BubbleSort;502924;124722;63370;260181
500;100;1;MergeSort;8976;3845;0;65560
500;100;1;CountingSort;1501;0;0;71820
500;100;1;QuickSort;19304;7748;3528;73730
500;100;1;InsertionSort;187755;62581;0;76360
500;100;1;BubbleSort;497696;124672;62088;236091
500;100;1;MergeSort;8976;3864;0;74080
500;100;1;CountingSort;1501;0;0;1488144
500;100;1;QuickSort;15652;7159;2492;35980
500;100;1;InsertionSort;192494;64162;0;1399614
500;100;1;BubbleSort;503112;124222;63667;178210
500;100;1;MergeSort;8976;3851;0;65290
500;100;1;CountingSort;1501;0;0;85720
500;100;1;QuickSort;15895;7066;2615;28110
500;100;1;InsertionSort;195200;65062;0;42890
500;100;1;BubbleSort;507724;124722;64570;197191
500;100;1;MergeSort;8976;3830;0;66791
500;100;1;CountingSort;1501;0;0;47810
500;100;1;QuickSort;17618;7424;3066;47130
500;100;1;InsertionSort;182858;60950;0;66511
500;100;1;BubbleSort;491188;124684;60455;183661
500;100;1;MergeSort;8976;3855;0;63800
500;100;1;CountingSort;1501;0;0;62650
500;100;1;QuickSort;19412;8294;3371;28250
500;100;1;InsertionSort;187951;62645;0;33940
500;100;1;BubbleSort;497810;124597;62154;185570
500;100;1;MergeSort;8976;3868;0;44970
500;100;1;CountingSort;1501;0;0;67990
500;100;1;QuickSort;19124;7844;3427;28460
500;100;1;InsertionSort;203358;67782;0;49970
500;100;1;BubbleSort;518314;124579;67289;201701
500;100;1;MergeSort;8976;3870;0;72761
500;100;1;CountingSort;1501;0;0;65840
500;100;1;QuickSort;20611;8338;3755;33380
500;100;1;InsertionSort;185770;61920;0;42260
500;100;1;BubbleSort;495184;124740;61426;203701
500;100;1;MergeSort;8976;3875;0;53750
500;100;1;CountingSort;1501;0;0;69131
500;100;1;QuickSort;18192;7728;3153;32870
500;100;1;InsertionSort;190957;63649;0;44760
500;100;1;BubbleSort;500788;124084;63155;205481
500;100;1;MergeSort;8976;3864;0;76640
500;100;1;CountingSort;1501;0;0;77320
500;100;1;QuickSort;18286;7408;3300;26890
500;100;1;InsertionSort;185268;61752;0;40200
500;100;1;BubbleSort;492280;123622;61259;249291
500;100;1;MergeSort;8976;3857;0;85360
500;100;1;CountingSort;1501;0;0;66370
500;100;1;QuickSort;17746;7081;3228;28860
500;100;1;InsertionSort;192764;64248;0;53130
500;100;1;BubbleSort;504230;124597;63759;250471
500;100;1;MergeSort;8976;3842;0;78200
500;100;1;CountingSort;1501;0;0;85350
500;100;1;QuickSort;18109;7609;3159;41270
500;100;1;InsertionSort;182120;60700;0;38600
500;100;1;BubbleSort;490002;124579;60211;252450
500;100;1;MergeSort;8976;3868;0;81180
500;100;1;CountingSort;1501;0;0;66901
500;100;1;QuickSort;16942;6937;2996;51191
500;100;1;InsertionSort;184685;61559;0;55240
500;100;1;BubbleSort;493376;124560;61064;237570
500;100;1;MergeSort;8976;3857;0;63900
500;100;1;CountingSort;1501;0;0;49660
500;100;1;QuickSort;17425;7627;2935;45090
500;100;1;InsertionSort;185324;61774;0;40360
500;100;1;BubbleSort;493414;124155;61276;200431
500;100;1;MergeSort;8976;3867;0;62500
500;100;1;CountingSort;1501;0;0;31070
500;100;1;QuickSort;18553;7393;3384;23240
500;100;1;InsertionSort;190170;63384;0;43200
500;100;1;BubbleSort;500264;124344;62894;201310
500;100;1;MergeSort;8976;3870;0;47120
500;100;1;CountingSort;1501;0;0;22590
500;100;1;QuickSort;18549;8025;3176;43820
500;100;1;InsertionSort;183896;61294;0;28850
500;100;1;BubbleSort;491376;124084;60802;229341
500;100;1;MergeSort;8976;3843;0;69831
500;100;1;CountingSort;1501;0;0;10240
500;100;1;QuickSort;17373;7185;3055;23580
500;100;1;InsertionSort;184963;61649;0;89591
500;100;1;BubbleSort;492492;123930;61158;277000
500;100;1;MergeSort;8976;3856;0;48050
500;100;1;CountingSort;1501;0;0;19630
500;100;1;QuickSort;19131;7776;3456;27760
500;100;1;InsertionSort;192312;64098;0;139900
500;100;1;BubbleSort;503332;124450;63608;284721
500;100;1;MergeSort;8976;3869;0;87071
500;100;1;CountingSort;1501;0;0;14070
500;100;1;QuickSort;16723;6880;2941;24450
500;100;1;InsertionSort;193682;64556;0;41410
500;100;1;BubbleSort;505054;124399;64064;169030
500;100;1;MergeSort;8976;3855;0;60630
500;100;1;CountingSort;1501;0;0;13570
500;100;1;QuickSort;17714;7412;3100;28760
500;100;1;InsertionSort;179986;59992;0;105091
500;100;1;BubbleSort;486010;124009;59498;271590
500;100;1;MergeSort;8976;3853;0;80120
500;100;1;CountingSort;1501;0;0;17880
500;100;1;QuickSort;16265;6848;2795;25050
500;100;1;InsertionSort;178950;59646;0;38000
500;100;1;BubbleSort;485560;124474;59153;231821
500;100;1;MergeSort;8976;3880;0;68400
500;100;1;CountingSort;1501;0;0;12060
500;100;1;QuickSort;17730;7155;3193;26490
500;100;1;InsertionSort;185542;61844;0;170820
500;100;1;BubbleSort;494088;124344;61350;298131
500;100;1;MergeSort;8976;3868;0;69291
500;100;1;CountingSort;1501;0;0;15060
500;100;1;QuickSort;16804;7180;2871;26380
500;100;1;InsertionSort;192539;64175;0;42000
500;100;1;BubbleSort;503992;124630;63683;251761
500;100;1;MergeSort;8976;3842;0;72810
500;100;1;CountingSort;1501;0;0;14690
500;100;1;QuickSort;17578;7153;3141;22041
500;100;1;InsertionSort;183919;61305;0;41200
500;100;1;BubbleSort;492576;124672;60808;207320
500;100;1;MergeSort;8976;3837;0;49650
500;100;1;CountingSort;1501;0;0;11260
500;100;1;QuickSort;15173;6269;2637;26300
500;100;1;InsertionSort;189691;63227;0;267211
500;100;1;BubbleSort;500276;124672;62733;337841
500;100;1;MergeSort;8976;3850;0;47640
500;100;1;CountingSort;1501;0;0;11260
500;100;1;QuickSort;17596;7351;3083;40750
500;100;1;InsertionSort;196234;65408;0;54060
500;100;1;BubbleSort;508226;124285;64914;166271
500;100;1;MergeSort;8976;3862;0;52710
500;100;1;CountingSort;1501;0;0;11660
500;100;1;QuickSort;18475;7588;3285;22320
500;100;1;InsertionSort;186853;62277;0;29110
500;100;1;BubbleSort;494676;123760;61789;160681
500;100;1;MergeSort;8976;3859;0;60031
500;100;1;CountingSort;1501;0;0;15130
500;100;1;QuickSort;16743;6768;2991;21590
500;100;1;InsertionSort;187026;62340;0;211861
500;100;1;BubbleSort;495946;124285;61844;322001
500;100;1;MergeSort;8976;3863;0;79310
500;100;1;CountingSort;1501;0;0;10200
500;100;1;QuickSort;19017;7893;3377;21890
500;100;1;InsertionSort;190552;63514;0;164130
500;100;1;BubbleSort;498388;123154;63020;315931
500;100;1;MergeSort;8976;3849;0;49430
500;100;1;CountingSort;1501;0;0;17630
500;100;1;QuickSort;16460;6836;2875;34870
500;100;1;InsertionSort;195087;65023;0;51281
500;100;1;BubbleSort;507326;124597;64533;204851
500;100;1;MergeSort;8976;3840;0;79990
500;100;1;CountingSort;1501;0;0;11920
500;100;1;QuickSort;16437;6801;2875;26350
500;100;1;InsertionSort;181785;60591;0;43641
500;100;1;BubbleSort;489430;124519;60098;152710
500;100;1;MergeSort;8976;3855;0;58380
500;100;1;CountingSort;1501;0;0;20710
500;100;1;QuickSort;16975;6805;3055;25590
500;100;1;InsertionSort;189029;63007;0;43011
500;100;1;BubbleSort;499128;124540;62512;253390
500;100;1;MergeSort;8976;3876;0;48270
500;100;1;CountingSort;1501;0;0;15530
500;100;1;QuickSort;15998;6581;2801;40380
500;100;1;InsertionSort;184898;61630;0;163781
500;100;1;BubbleSort;492558;124009;61135;308191
500;100;1;MergeSort;8976;3836;0;95030
500;100;1;CountingSort;1501;0;0;11110
500;100;1;QuickSort;16647;6924;2905;21540
500;100;1;InsertionSort;191733;63905;0;44870
500;100;1;BubbleSort;502950;124645;63415;216340
500;100;1;MergeSort;8976;3838;0;66040
500;100;1;CountingSort;1501;0;0;10330
500;100;1;QuickSort;16677;7155;2840;27320
500;100;1;InsertionSort;195195;65059;0;45580
500;100;1;BubbleSort;507594;124659;64569;223491
500;100;1;MergeSort;8976;3856;0;113441
500;100;1;CountingSort;1501;0;0;11380
500;100;1;QuickSort;16989;7101;2969;26290
500;100;1;InsertionSort;180243;60077;0;37880
500;100;1;BubbleSort;484414;123039;59584;150390
500;100;1;MergeSort;8976;3873;0;46070
500;100;1;CountingSort;1501;0;0;19230
500;100;1;QuickSort;15927;6672;2747;26880
500;100;1;InsertionSort;190775;63587;0;50180
500;100;1;BubbleSort;499330;123475;63095;206560
500;100;1;MergeSort;8976;3846;0;47510
500;100;1;CountingSort;1501;0;0;26820
500;100;1;QuickSort;17447;7196;3077;46990
500;100;1;InsertionSort;189725;63237;0;85391
500;100;1;BubbleSort;500298;124659;62745;235491
500;100;1;MergeSort;8976;3838;0;61341
500;100;1;CountingSort;1501;0;0;13840
500;100;1;QuickSort;16163;6650;2832;27450
500;100;1;InsertionSort;190475;63487;0;57950
500;100;1;BubbleSort;501270;124645;62995;197631
500;100;1;MergeSort;8976;3866;0;60541
500;100;1;CountingSort;1501;0;0;14470
500;100;1;QuickSort;16251;6951;2766;22000
500;100;1;InsertionSort;190221;63403;0;36230
500;100;1;BubbleSort;496718;122539;62910;220420
500;100;1;MergeSort;8976;3860;0;57800
500;100;1;CountingSort;1501;0;0;12260
500;100;1;QuickSort;14967;6132;2623;26080
500;100;1;InsertionSort;192676;64222;0;37790
500;100;1;BubbleSort;503950;124519;63728;220271
500;100;1;MergeSort;8976;3870;0;110010
500;100;1;CountingSort;1501;0;0;12760
500;100;1;QuickSort;16971;7239;2908;27290
500;100;1;InsertionSort;193853;64613;0;46620
500;100;1;BubbleSort;505478;124497;64121;254791
500;100;1;MergeSort;8976;3859;0;118331
500;100;1;CountingSort;1501;0;0;33221
500;100;1;QuickSort;16106;6497;2875;46260
500;100;1;InsertionSort;186668;62220;0;51400
500;100;1;BubbleSort;496160;124630;61725;180821
500;100;1;MergeSort;8976;3850;0;59771
500;100;1;CountingSort;1501;0;0;12670
500;100;1;QuickSort;18632;7586;3348;26490
500;100;1;InsertionSort;182383;60791;0;35350
500;100;1;BubbleSort;489932;124372;60297;265751
500;100;1;MergeSort;8976;3872;0;111540
500;100;1;CountingSort;1501;0;0;111930
500;100;1;QuickSort;18806;8084;3237;29860
500;100;1;InsertionSort;191268;63754;0;47700
500;100;1;BubbleSort;502292;124630;63258;142430
500;100;1;MergeSort;8976;3859;0;62460
500;100;1;CountingSort;1501;0;0;14080
500;100;1;QuickSort;17904;7128;3267;21500
500;100;1;InsertionSort;182211;60735;0;56780
500;100;1;BubbleSort;488200;123622;60239;241620
500;100;1;MergeSort;8976;3857;0;112580
500;100;1;CountingSort;1501;0;0;13360
500;100;1;QuickSort;17507;7499;3008;31000
500;100;1;InsertionSort;181495;60495;0;49760
500;100;1;BubbleSort;488854;124425;60001;234911
500;100;1;MergeSort;8976;3864;0;62101
500;100;1;CountingSort;1501;0;0;14690
500;100;1;QuickSort;16742;6722;3004;27100
500;100;1;InsertionSort;196080;65358;0;50510
500;100;1;BubbleSort;508792;124672;64862;212860
500;100;1;MergeSort;8976;3861;0;88190
500;100;1;CountingSort;1501;0;0;44890
500;100;1;QuickSort;17605;7141;3155;27640
500;100;1;InsertionSort;192893;64293;0;44351
500;100;1;BubbleSort;504594;124695;63801;186930
500;100;1;MergeSort;8976;3847;0;59390
500;100;1;CountingSort;1501;0;0;11270
500;100;1;QuickSort;16770;6951;2934;26920
500;100;1;InsertionSort;200578;66856;0;70080
500;100;1;BubbleSort;513826;124189;66362;282461
500;100;1;MergeSort;8976;3859;0;108631
500;100;1;CountingSort;1501;0;0;9460
500;100;1;QuickSort;16193;6728;2821;21260
500;100;1;InsertionSort;192861;64281;0;38470
500;100;1;BubbleSort;502942;123889;63791;184931
500;100;1;MergeSort;8976;3860;0;45460
500;100;1;CountingSort;1501;0;0;5700
500;100;1;QuickSort;18502;7705;3270;22280
500;100;1;InsertionSort;185405;61799;0;35460
500;100;1;BubbleSort;494116;124450;61304;184870
500;100;1;MergeSort;8976;3859;0;68100
500;100;1;CountingSort;1501;0;0;8260
500;100;1;QuickSort;21330;8682;3878;28510
500;100;1;InsertionSort;182119;60703;0;36580
500;100;1;BubbleSort;490294;124729;60209;190881
500;100;1;MergeSort;8976;3839;0;54270
500;100;1;CountingSort;1501;0;0;7740
500;100;1;QuickSort;15060;6306;2575;25740
500;100;1;InsertionSort;190533;63507;0;43830
500;100;1;BubbleSort;501346;124645;63014;182180
500;100;1;MergeSort;8976;3842;0;73700
500;100;1;CountingSort;1501;0;0;6820
500;100;1;QuickSort;16630;6868;2923;34060
500;100;1;InsertionSort;185773;61921;0;62130
500;100;1;BubbleSort;495188;124740;61427;239711
500;100;1;MergeSort;8976;3848;0;50000
500;100;1;CountingSort;1501;0;0;8130
500;100;1;QuickSort;16406;6761;2881;21040
500;100;1;InsertionSort;194089;64691;0;71240
500;100;1;BubbleSort;506210;124705;64200;256931
500;100;1;MergeSort;8976;3860;0;79990
500;100;1;CountingSort;1501;0;0;5730
500;100;1;QuickSort;19676;8048;3541;26250
500;100;1;InsertionSort;191922;63970;0;41810
500;100;1;BubbleSort;502706;124399;63477;192030
500;100;1;MergeSort;8976;3860;0;53580
500;100;1;CountingSort;1501;0;0;9400
500;100;1;QuickSort;15322;6376;2648;25961
500;100;1;InsertionSort;188084;62694;0;177590
500;100;1;BubbleSort;497528;124372;62196;289491
500;100;1;MergeSort;8976;3849;0;85310
500;100;1;CountingSort;1501;0;0;15440
500;100;1;QuickSort;16348;6976;2788;43281
500;100;1;InsertionSort;187345;62445;0;53571
500;100;1;BubbleSort;496602;124399;61951;193550
500;100;1;MergeSort;8976;3849;0;56180
500;100;1;CountingSort;1501;0;0;7450
500;100;1;QuickSort;19234;7612;3550;27770
500;100;1;InsertionSort;178831;59607;0;36470
500;100;1;BubbleSort;482292;122920;59113;245241
500;100;1;MergeSort;8976;3860;0;97901
500;100;1;CountingSort;1501;0;0;11970
500;100;1;QuickSort;17985;7305;3229;40491
500;100;1;InsertionSort;194762;64914;0;52340
500;100;1;BubbleSort;506990;124645;64425;233320
500;100;1;MergeSort;8976;3844;0;111590
500;100;1;CountingSort;1501;0;0;8480
500;100;1;QuickSort;17786;7337;3156;26070
500;100;1;InsertionSort;196828;65606;0;108031
500;100;1;BubbleSort;509676;124614;65112;286021
500;100;1;MergeSort;8976;3847;0;104030
500;100;1;CountingSort;1501;0;0;7130
500;100;1;QuickSort;17623;7501;3044;27570
500;100;1;InsertionSort;183992;61328;0;38610
500;100;1;BubbleSort;489526;123097;60833;202911
500;100;1;MergeSort;8976;3851;0;53891
500;100;1;CountingSort;1501;0;0;7640
500;100;1;QuickSort;17644;7108;3183;26590
500;100;1;InsertionSort;191833;63941;0;153201
500;100;1;BubbleSort;503216;124714;63447;293170
500;100;1;MergeSort;8976;3849;0;56040
500;100;1;CountingSort;1501;0;0;7720
500;100;1;QuickSort;17731;7093;3214;25900
500;100;1;InsertionSort;183616;61202;0;91360
500;100;1;BubbleSort;491000;124084;60708;313161
500;100;1;MergeSort;8976;3868;0;103940
500;100;1;CountingSort;1501;0;0;7030
500;100;1;QuickSort;17637;7164;3151;27680
500;100;1;InsertionSort;184003;61327;0;56710
500;100;1;BubbleSort;492746;124695;60839;187000
500;100;1;MergeSort;8976;3871;0;71750
500;100;1;CountingSort;1501;0;0;7650
500;100;1;QuickSort;19610;8030;3525;33380
500;100;1;InsertionSort;190911;63633;0;60931
500;100;1;BubbleSort;502030;124735;63140;188811
500;100;1;MergeSort;8976;3852;0;66160
500;100;1;CountingSort;1501;0;0;5171
500;100;1;QuickSort;16990;7108;2965;26910
500;100;1;InsertionSort;180003;59997;0;74270
500;100;1;BubbleSort;487054;124519;59504;278261
500;100;1;MergeSort;8976;3857;0;101220
500;100;1;CountingSort;1501;0;0;9230
500;100;1;QuickSort;17020;6940;3018;21500
500;100;1;InsertionSort;178474;59486;0;47530
500;100;1;BubbleSort;482828;123424;58995;180120
500;100;1;MergeSort;8976;3852;0;53240
500;100;1;CountingSort;1501;0;0;7780
500;100;1;QuickSort;17156;7079;3021;26560
500;100;1;InsertionSort;194005;64667;0;40630
500;100;1;BubbleSort;506108;124714;64170;230341
500;100;1;MergeSort;8976;3846;0;56380
500;100;1;CountingSort;1501;0;0;8650
500;100;1;QuickSort;20752;8338;3799;28330
500;100;1;InsertionSort;187709;62567;0;55081
500;100;1;BubbleSort;495718;123715;62072;226491
500;100;1;MergeSort;8976;3842;0;62930
500;100;1;CountingSort;1501;0;0;8620
500;100;1;QuickSort;16535;6908;2878;26380
500;100;1;InsertionSort;194397;64793;0;283521
500;100;1;BubbleSort;506682;124735;64303;426471
500;100;1;MergeSort;8976;3842;0;52560
500;100;1;CountingSort;1501;0;0;7850
500;100;1;QuickSort;15392;6875;2498;27600
500;100;1;InsertionSort;180294;60094;0;36410
500;100;1;BubbleSort;487352;124474;59601;184391
500;100;1;MergeSort;8976;3867;0;52601
500;100;1;CountingSort;1501;0;0;6790
500;100;1;QuickSort;16627;6934;2894;25880
500;100;1;InsertionSort;198582;66186;0;95610
500;100;1;BubbleSort;512024;124614;65699;340771
500;100;1;MergeSort;8976;3870;0;104861
500;100;1;CountingSort;1501;0;0;8160
500;100;1;QuickSort;17132;7304;2946;26820
500;100;1;InsertionSort;193255;64415;0;39270
500;100;1;BubbleSort;504944;124630;63921;189210
500;100;1;MergeSort;8976;3854;0;55030
500;100;1;CountingSort;1501;0;0;6990
500;100;1;QuickSort;15352;6475;2629;25800
500;100;1;InsertionSort;191846;63946;0;29970
500;100;1;BubbleSort;502884;124540;63451;260411
500;100;1;MergeSort;8976;3831;0;102670
500;100;1;CountingSort;1501;0;0;6090
500;100;1;QuickSort;16932;6969;2988;27460
500;100;1;InsertionSort;183792;61260;0;47220
500;100;1;BubbleSort;490498;123715;60767;182350
500;100;1;MergeSort;8976;3863;0;63280
500;100;1;CountingSort;1501;0;0;9400
500;100;1;QuickSort;15400;6457;2651;23820
500;100;1;InsertionSort;189815;63267;0;46640
500;100;1;BubbleSort;499844;124372;62775;256461
500;100;1;MergeSort;8976;3844;0;58770
500;100;1;CountingSort;1501;0;0;8660
500;100;1;QuickSort;19336;7819;3505;27320
500;100;1;InsertionSort;189066;63016;0;49080
500;100;1;BubbleSort;499332;124614;62526;194581
500;100;1;MergeSort;8976;3861;0;75580
500;100;1;CountingSort;1501;0;0;5900
500;100;1;QuickSort;17138;7139;2998;27140
500;100;1;InsertionSort;183173;61053;0;68450
500;100;1;BubbleSort;490554;124155;60561;267291
500;100;1;MergeSort;8976;3842;0;81020
500;100;1;CountingSort;1501;0;0;8080
500;100;1;QuickSort;17404;7405;2998;28330
500;100;1;InsertionSort;178084;59358;0;130681
500;100;1;BubbleSort;484614;124579;58864;232461
500;100;1;MergeSort;8976;3866;0;54250
500;100;2;CountingSort;1501;0;0;111090
500;100;2;QuickSort;15480;6324;2717;869412
500;100;2;InsertionSort;184939;61643;0;4973524
500;100;2;BubbleSort;493544;124474;61149;6544459
500;100;2;MergeSort;8976;3867;0;765732
500;100;2;CountingSort;1501;0;0;65180
500;100;2;QuickSort;18030;7557;3160;407671
500;100;2;InsertionSort;180736;60244;0;1827945
500;100;2;BubbleSort;487888;124450;59747;1853365
500;100;2;MergeSort;8976;3865;0;174501
500;100;2;CountingSort;1501;0;0;62130
500;100;2;QuickSort;17905;7354;3182;58720
500;100;2;InsertionSort;187469;62487;0;1747465
500;100;2;BubbleSort;497426;124729;61992;2303946
500;100;2;MergeSort;8976;3845;0;129620
500;100;2;CountingSort;1501;0;0;48920
500;100;2;QuickSort;19068;7743;3437;75220
500;100;2;InsertionSort;190361;63447;0;475971
500;100;2;BubbleSort;500072;124120;62958;1535264
500;100;2;MergeSort;8976;3868;0;238581
500;100;2;CountingSort;1501;0;0;63430
500;100;2;QuickSort;15139;6364;2586;108540
500;100;2;InsertionSort;188507;62833;0;276141
500;100;2;BubbleSort;497130;123889;62338;201301
500;100;2;MergeSort;8976;3873;0;124301
500;100;2;CountingSort;1501;0;0;80650
500;100;2;QuickSort;17400;7524;2959;72730
500;100;2;InsertionSort;196581;65525;0;687502
500;100;2;BubbleSort;509434;124659;65029;759992
500;100;2;MergeSort;8976;3838;0;202301
500;100;2;CountingSort;1501;0;0;60560
500;100;2;QuickSort;16624;6619;2993;324391
500;100;2;InsertionSort;183886;61290;0;280671
500;100;2;BubbleSort;490890;123847;60799;336761
500;100;2;MergeSort;8976;3869;0;203760
500;100;2;CountingSort;1501;0;0;72031
500;100;2;QuickSort;15966;6597;2791;395371
500;100;2;InsertionSort;196366;65448;0;175560
500;100;2;BubbleSort;509298;124729;64960;162200
500;100;2;MergeSort;8976;3850;0;132410
500;100;2;CountingSort;1501;0;0;58640
500;100;2;QuickSort;16746;6870;2960;398451
500;100;2;InsertionSort;185793;61923;0;308531
500;100;2;BubbleSort;494542;124399;61436;425631
500;100;2;MergeSort;8976;3867;0;108690
500;100;2;CountingSort;1501;0;0;92460
500;100;2;QuickSort;19994;8090;3635;360411
500;100;2;InsertionSort;183436;61144;0;205961
500;100;2;BubbleSort;491158;124285;60647;245271
500;100;2;MergeSort;8976;3819;0;136981
500;100;2;CountingSort;1501;0;0;64880
500;100;2;QuickSort;17919;7560;3120;336711
500;100;2;InsertionSort;191348;63778;0;370501
500;100;2;BubbleSort;502434;124645;63286;409112
500;100;2;MergeSort;8976;3876;0;107630
500;100;2;CountingSort;1501;0;0;49470
500;100;2;QuickSort;15906;6630;2756;296761
500;100;2;InsertionSort;192258;64082;0;40060
500;100;2;BubbleSort;502296;123970;63589;383841
500;100;2;MergeSort;8976;3843;0;229261
500;100;2;CountingSort;1501;0;0;63640
500;100;2;QuickSort;16937;6854;3018;293331
500;100;2;InsertionSort;189737;63239;0;37110
500;100;2;BubbleSort;500444;124722;62750;310691
500;100;2;MergeSort;8976;3818;0;176250
500;100;2;CountingSort;1501;0;0;47210
500;100;2;QuickSort;16964;6989;3003;269161
500;100;2;InsertionSort;197902;65962;0;44220
500;100;2;BubbleSort;510878;124497;65471;163841
500;100;2;MergeSort;8976;3840;0;89721
500;100;2;CountingSort;1501;0;0;51460
500;100;2;QuickSort;17365;7363;3004;25390
500;100;2;InsertionSort;189532;63174;0;29710
500;100;2;BubbleSort;499800;124540;62680;290361
500;100;2;MergeSort;8976;3844;0;162050
500;100;2;CountingSort;1501;0;0;51050
500;100;2;QuickSort;16603;7378;2732;37240
500;100;2;InsertionSort;188788;62928;0;61631
500;100;2;BubbleSort;498882;124579;62431;287961
500;100;2;MergeSort;8976;3851;0;200200
500;100;2;CountingSort;1501;0;0;70010
500;100;2;QuickSort;21056;8579;3822;33320
500;100;2;InsertionSort;178970;59650;0;42630
500;100;2;BubbleSort;485904;124630;59161;145661
500;100;2;MergeSort;8976;3863;0;87590
500;100;2;CountingSort;1501;0;0;53410
500;100;2;QuickSort;16082;6962;2710;26230
500;100;2;InsertionSort;191924;63972;0;234791
500;100;2;BubbleSort;502596;124344;63477;289681
500;100;2;MergeSort;8976;3864;0;182340
500;100;2;CountingSort;1501;0;0;88510
500;100;2;QuickSort;17656;7477;3052;38500
500;100;2;InsertionSort;192185;64059;0;61751
500;100;2;BubbleSort;503106;124425;63564;335661
500;100;2;MergeSort;8976;3860;0;208720
500;100;2;CountingSort;1501;0;0;68430
500;100;2;QuickSort;18196;7558;3210;49040
500;100;2;InsertionSort;190023;63339;0;56560
500;100;2;BubbleSort;498616;123622;62843;303761
500;100;2;MergeSort;8976;3868;0;123880
500;100;2;CountingSort;1501;0;0;53840
500;100;2;QuickSort;16522;6706;2945;26930
500;100;2;InsertionSort;192264;64080;0;46940
500;100;2;BubbleSort;502466;124047;63593;216421
500;100;2;MergeSort;8976;3841;0;78421
500;100;2;CountingSort;1501;0;0;47690
500;100;2;QuickSort;15153;6180;2661;21980
500;100;2;InsertionSort;188614;62868;0;147731
500;100;2;BubbleSort;496446;123475;62374;373791
500;100;2;MergeSort;8976;3858;0;160630
500;100;2;CountingSort;1501;0;0;63150
500;100;2;QuickSort;18157;7225;3313;32480
500;100;2;InsertionSort;187436;62476;0;55520
500;100;2;BubbleSort;497214;124645;61981;1415624
500;100;2;MergeSort;8976;3863;0;1284553
500;100;2;CountingSort;1501;0;0;65150
500;100;2;QuickSort;20591;8564;3672;38140
500;100;2;InsertionSort;198161;66051;0;31201
500;100;2;BubbleSort;511484;124630;65556;287521
500;100;2;MergeSort;8976;3869;0;112620
500;100;2;CountingSort;1501;0;0;68220
500;100;2;QuickSort;15679;6541;2713;27120
500;100;2;InsertionSort;187355;62447;0;45080
500;100;2;BubbleSort;495064;123622;61955;191261
500;100;2;MergeSort;8976;3845;0;43180
500;100;2;CountingSort;1501;0;0;72260
500;100;2;QuickSort;17232;7338;2960;35580
500;100;2;InsertionSort;182668;60884;0;129871
500;100;2;BubbleSort;489002;123715;60393;262141
500;100;2;MergeSort;8976;3857;0;83901
500;100;2;CountingSort;1501;0;0;69891
500;100;2;QuickSort;16908;6885;3011;40781
500;100;2;InsertionSort;186774;62252;0;47481
500;100;2;BubbleSort;494988;123970;61762;231590
500;100;2;MergeSort;8976;3864;0;79110
500;100;2;CountingSort;1501;0;0;48841
500;100;2;QuickSort;18487;7558;3303;27630
500;100;2;InsertionSort;191041;63675;0;48840
500;100;2;BubbleSort;501244;124254;63184;210051
500;100;2;MergeSort;8976;3867;0;65280
500;100;2;CountingSort;1501;0;0;51741
500;100;2;QuickSort;16366;6739;2873;28100
500;100;2;InsertionSort;188390;62792;0;197700
500;100;2;BubbleSort;498698;124749;62300;339801
500;100;2;MergeSort;8976;3875;0;64420
500;100;2;CountingSort;1501;0;0;52060
500;100;2;QuickSort;18207;7320;3296;41940
500;100;2;InsertionSort;185624;61872;0;38600
500;100;2;BubbleSort;494702;124597;61377;249601
500;100;2;MergeSort;8976;3852;0;70660
500;100;2;CountingSort;1501;0;0;79850
500;100;2;QuickSort;15898;6886;2665;42060
500;100;2;InsertionSort;194933;64973;0;42720
500;100;2;BubbleSort;507004;124540;64481;207431
500;100;2;MergeSort;8976;3876;0;39390
500;100;2;CountingSort;1501;0;0;59390
500;100;2;QuickSort;19181;7724;3486;24650
500;100;2;InsertionSort;196246;65410;0;54770
500;100;2;BubbleSort;508994;124659;64919;251381
500;100;2;MergeSort;8976;3856;0;62060
500;100;2;CountingSort;1501;0;0;28830
500;100;2;QuickSort;17284;7090;3069;27471
500;100;2;InsertionSort;191023;63671;0;62250
500;100;2;BubbleSort;501828;124560;63177;224620
500;100;2;MergeSort;8976;3848;0;65300
500;100;2;CountingSort;1501;0;0;19720
500;100;2;QuickSort;16818;6900;2981;32780
500;100;2;InsertionSort;188691;62893;0;38960
500;100;2;BubbleSort;498170;124285;62400;197781
500;100;2;MergeSort;8976;3850;0;58210
500;100;2;CountingSort;1501;0;0;9960
500;100;2;QuickSort;21963;8793;4059;21850
500;100;2;InsertionSort;182949;60981;0;28250
500;100;2;BubbleSort;491060;124560;60485;200431
500;100;2;MergeSort;8976;3848;0;52310
500;100;2;CountingSort;1501;0;0;12141
500;100;2;QuickSort;15174;6339;2615;21090
500;100;2;InsertionSort;184120;61370;0;29490
500;100;2;BubbleSort;492624;124560;60876;198100
500;100;2;MergeSort;8976;3839;0;48000
500;100;2;CountingSort;1501;0;0;11160
500;100;2;QuickSort;15704;6491;2736;26370
500;100;2;InsertionSort;186964;62320;0;321491
500;100;2;BubbleSort;495800;124254;61823;371421
500;100;2;MergeSort;8976;3834;0;67961
500;100;2;CountingSort;1501;0;0;13670
500;100;2;QuickSort;18469;7567;3310;25850
500;100;2;InsertionSort;185965;61985;0;35960
500;100;2;BubbleSort;494958;124497;61491;237351
500;100;2;MergeSort;8976;3854;0;74410
500;100;2;CountingSort;1501;0;0;12490
500;100;2;QuickSort;16848;6930;2980;25690
500;100;2;InsertionSort;181234;60410;0;35560
500;100;2;BubbleSort;488846;124597;59913;247491
500;100;2;MergeSort;8976;3846;0;80600
500;100;2;CountingSort;1501;0;0;12650
500;100;2;QuickSort;18885;7737;3381;35380
500;100;2;InsertionSort;196355;65445;0;37770
500;100;2;BubbleSort;508268;124222;64956;244841
500;100;2;MergeSort;8976;3844;0;61060
500;100;2;CountingSort;1501;0;0;11180
500;100;2;QuickSort;16436;7343;2697;21100
500;100;2;InsertionSort;199604;66532;0;44150
500;100;2;BubbleSort;513408;124630;66037;203251
500;100;2;MergeSort;8976;3843;0;65720
500;100;2;CountingSort;1501;0;0;13440
500;100;2;QuickSort;16222;6652;2859;25461
500;100;2;InsertionSort;189853;63281;0;44560
500;100;2;BubbleSort;500438;124645;62787;243290
500;100;2;MergeSort;8976;3849;0;94180
500;100;2;CountingSort;1501;0;0;11610
500;100;2;QuickSort;17559;7572;3001;36670
500;100;2;InsertionSort;186253;62083;0;47930
500;100;2;BubbleSort;493492;123574;61586;187810
500;100;2;MergeSort;8976;3841;0;64240
500;100;2;CountingSort;1501;0;0;12331
500;100;2;QuickSort;16660;6799;2948;21130
500;100;2;InsertionSort;193154;64380;0;31180
500;100;2;BubbleSort;502700;123574;63888;191120
500;100;2;MergeSort;8976;3830;0;60700
500;100;2;CountingSort;1501;0;0;13610
500;100;2;QuickSort;17149;7213;2983;22650
500;100;2;InsertionSort;189500;63162;0;41591
500;100;2;BubbleSort;499530;124425;62670;197270
500;100;2;MergeSort;8976;3874;0;53180
500;100;2;CountingSort;1501;0;0;12980
500;100;2;QuickSort;16096;6727;2793;21530
500;100;2;InsertionSort;193870;64618;0;39520
500;100;2;BubbleSort;505798;124645;64127;200151
500;100;2;MergeSort;8976;3839;0;50770
500;100;2;CountingSort;1501;0;0;10340
500;100;2;QuickSort;17084;7028;3018;20700
500;100;2;InsertionSort;191243;63745;0;52940
500;100;2;BubbleSort;502428;124714;63250;194891
500;100;2;MergeSort;8976;3856;0;64790
500;100;2;CountingSort;1501;0;0;12340
500;100;2;QuickSort;16402;6751;2878;21740
500;100;2;InsertionSort;194918;64968;0;30140
500;100;2;BubbleSort;505242;123669;64476;152311
500;100;2;MergeSort;8976;3866;0;48360
500;100;2;CountingSort;1501;0;0;17590
500;100;2;QuickSort;17812;7411;3129;27020
500;100;2;InsertionSort;194026;64668;0;60260
500;100;2;BubbleSort;506178;124729;64180;261481
500;100;2;MergeSort;8976;3863;0;88060
500;100;2;CountingSort;1501;0;0;11610
500;100;2;QuickSort;17393;7286;3031;34810
500;100;2;InsertionSort;187569;62521;0;38810
500;100;2;BubbleSort;495960;123930;62025;243701
500;100;2;MergeSort;8976;3841;0;68241
500;100;2;CountingSort;1501;0;0;13560
500;100;2;QuickSort;15191;6392;2602;29790
500;100;2;InsertionSort;187337;62441;0;45380
500;100;2;BubbleSort;497206;124705;61949;153331
500;100;2;MergeSort;8976;3847;0;51170
500;100;2;CountingSort;1501;0;0;40151
500;100;2;QuickSort;16201;6925;2758;21510
500;100;2;InsertionSort;184836;61608;0;39000
500;100;2;BubbleSort;490990;123265;61115;204130
500;100;2;MergeSort;8976;3863;0;78190
500;100;2;CountingSort;1501;0;0;21920
500;100;2;QuickSort;18590;7739;3279;21980
500;100;2;InsertionSort;187526;62506;0;192841
500;100;2;BubbleSort;496138;124047;62011;317501
500;100;2;MergeSort;8976;3877;0;80031
500;100;2;CountingSort;1501;0;0;11160
500;100;2;QuickSort;16891;7234;2879;32890
500;100;2;InsertionSort;189901;63295;0;66820
500;100;2;BubbleSort;500336;124560;62804;265081
500;100;2;MergeSort;8976;3854;0;83000
500;100;2;CountingSort;1501;0;0;10420
500;100;2;QuickSort;17129;7121;3003;26080
500;100;2;InsertionSort;180267;60083;0;35740
500;100;2;BubbleSort;487860;124744;59593;252841
500;100;2;MergeSort;8976;3847;0;80490
500;100;2;CountingSort;1501;0;0;15340
500;100;2;QuickSort;16969;6829;3050;26031
500;100;2;InsertionSort;191641;63875;0;53330
500;100;2;BubbleSort;502764;124614;63384;235340
500;100;2;MergeSort;8976;3842;0;70140
500;100;2;CountingSort;1501;0;0;10880
500;100;2;QuickSort;16221;6726;2837;25480
500;100;2;InsertionSort;192573;64189;0;41750
500;100;2;BubbleSort;503852;124540;63693;208901
500;100;2;MergeSort;8976;3866;0;57521
500;100;2;CountingSort;1501;0;0;11210
500;100;2;QuickSort;16976;6773;3063;28100
500;100;2;InsertionSort;187331;62439;0;39590
500;100;2;BubbleSort;494318;123265;61947;207910
500;100;2;MergeSort;8976;3830;0;57840
500;100;2;CountingSort;1501;0;0;13510
500;100;2;QuickSort;15793;6430;2785;25510
500;100;2;InsertionSort;189730;63240;0;35970
500;100;2;BubbleSort;500328;124672;62746;251441
500;100;2;MergeSort;8976;3855;0;78670
500;100;2;CountingSort;1501;0;0;20490
500;100;2;QuickSort;16166;7040;2711;22140
500;100;2;InsertionSort;192198;64062;0;53120
500;100;2;BubbleSort;503566;124645;63569;205151
500;100;2;MergeSort;8976;3841;0;66861
500;100;2;CountingSort;1501;0;0;14410
500;100;2;QuickSort;16772;7112;2885;21370
500;100;2;InsertionSort;184419;61467;0;49200
500;100;2;BubbleSort;493198;124645;60977;152440
500;100;2;MergeSort;8976;3856;0;64040
500;100;2;CountingSort;1501;0;0;14150
500;100;2;QuickSort;19147;7780;3450;21190
500;100;2;InsertionSort;193118;64368;0;46511
500;100;2;BubbleSort;503598;124047;63876;176470
500;100;2;MergeSort;8976;3848;0;49250
500;100;2;CountingSort;1501;0;0;12820
500;100;2;QuickSort;16093;6676;2809;21010
500;100;2;InsertionSort;193262;64418;0;29750
500;100;2;BubbleSort;505060;124684;63923;206191
500;100;2;MergeSort;8976;3839;0;64360
500;100;2;CountingSort;1501;0;0;44381
500;100;2;QuickSort;18875;7637;3412;21421
500;100;2;InsertionSort;193455;64481;0;29760
500;100;2;BubbleSort;504990;124519;63988;178820
500;100;2;MergeSort;8976;3854;0;50360
500;100;2;CountingSort;1501;0;0;11060
500;100;2;QuickSort;15706;6592;2715;20860
500;100;2;InsertionSort;192069;64017;0;41330
500;100;2;BubbleSort;503188;124540;63527;236681
500;100;2;MergeSort;8976;3875;0;64940
500;100;2;CountingSort;1501;0;0;10870
500;100;2;QuickSort;15506;6554;2651;27740
500;100;2;InsertionSort;185236;61740;0;38680
500;100;2;BubbleSort;491844;123424;61249;247230
500;100;2;MergeSort;8976;3843;0;87660
500;100;2;CountingSort;1501;0;0;11420
500;100;2;QuickSort;17631;7146;3152;25710
500;100;2;InsertionSort;189578;63190;0;35390
500;100;2;BubbleSort;499818;124519;62695;209881
500;100;2;MergeSort;8976;3857;0;58291
500;100;2;CountingSort;1501;0;0;18110
500;100;2;QuickSort;16455;6684;2915;24820
500;100;2;InsertionSort;179201;59733;0;49020
500;100;2;BubbleSort;486410;124735;59235;217240
500;100;2;MergeSort;8976;3862;0;56310
500;100;2;CountingSort;1501;0;0;11160
500;100;2;QuickSort;17485;7156;3107;36410
500;100;2;InsertionSort;188881;62957;0;45420
500;100;2;BubbleSort;499170;124659;62463;197611
500;100;2;MergeSort;8976;3872;0;70561
500;100;2;CountingSort;1501;0;0;17790
500;100;2;QuickSort;18242;7394;3281;27040
500;100;2;InsertionSort;199721;66571;0;143970
500;100;2;BubbleSort;511452;123574;66076;344671
500;100;2;MergeSort;8976;3852;0;83751
500;100;2;CountingSort;1501;0;0;11280
500;100;2;QuickSort;20492;8144;3776;21960
500;100;2;InsertionSort;185380;61790;0;57271
500;100;2;BubbleSort;492962;123889;61296;176391
500;100;2;MergeSort;8976;3861;0;67100
500;100;2;CountingSort;1501;0;0;15060
500;100;2;QuickSort;16607;6746;2943;28750
500;100;2;InsertionSort;188945;62979;0;31800
500;100;2;BubbleSort;498624;124344;62484;209150
500;100;2;MergeSort;8976;3850;0;70810
500;100;2;CountingSort;1501;0;0;13720
500;100;2;QuickSort;17504;7085;3133;26150
500;100;2;InsertionSort;181113;60367;0;35011
500;100;2;BubbleSort;488924;124714;59874;251270
500;100;2;MergeSort;8976;3864;0;84090
500;100;2;CountingSort;1501;0;0;8670
500;100;2;QuickSort;20314;8230;3691;26150
500;100;2;InsertionSort;180744;60246;0;34710
500;100;2;BubbleSort;488228;124614;59750;245201
500;100;2;MergeSort;8976;3849;0;72390
500;100;2;CountingSort;1501;0;0;9310
500;100;2;QuickSort;16533;6819;2912;26390
500;100;2;InsertionSort;185047;61681;0;64590
500;100;2;BubbleSort;494146;124705;61184;250611
500;100;2;MergeSort;8976;3882;0;72251
500;100;2;CountingSort;1501;0;0;8750
500;100;2;QuickSort;18567;7443;3386;31680
500;100;2;InsertionSort;194066;64686;0;80441
500;100;2;BubbleSort;505614;124425;64191;204461
500;100;2;MergeSort;8976;3846;0;62100
500;100;2;CountingSort;1501;0;0;12080
500;100;2;QuickSort;18032;7307;3239;26380
500;100;2;InsertionSort;186275;62089;0;41070
500;100;2;BubbleSort;495694;124659;61594;205881
500;100;2;MergeSort;8976;3851;0;78211
500;100;2;CountingSort;1501;0;0;10860
500;100;2;QuickSort;19205;7997;3406;27640
500;100;2;InsertionSort;188238;62742;0;41780
500;100;2;BubbleSort;498314;124659;62249;150121
500;100;2;MergeSort;8976;3858;0;48350
500;100;2;CountingSort;1501;0;0;6050
500;100;2;QuickSort;16732;7177;2852;21620
500;100;2;InsertionSort;192932;64306;0;42750
500;100;2;BubbleSort;504546;124645;63814;189571
500;100;2;MergeSort;8976;3856;0;61050
500;100;2;CountingSort;1501;0;0;6880
500;100;2;QuickSort;15531;6402;2712;20841
500;100;2;InsertionSort;191049;63677;0;42140
500;100;2;BubbleSort;501742;124497;63187;194760
500;100;2;MergeSort;8976;3855;0;57080
500;100;2;CountingSort;1501;0;0;9960
500;100;2;QuickSort;16749;6774;2994;35610
500;100;2;InsertionSort;192437;64143;0;31550
500;100;2;BubbleSort;503786;124597;63648;200721
500;100;2;MergeSort;8976;3873;0;52920
500;100;2;CountingSort;1501;0;0;10330
500;100;2;QuickSort;17152;7270;2953;22050
500;100;2;InsertionSort;189859;63279;0;54910
500;100;2;BubbleSort;499258;124047;62791;165240
500;100;2;MergeSort;8976;3866;0;66800
500;100;2;CountingSort;1501;0;0;9240
500;100;2;QuickSort;17797;7414;3119;21260
500;100;2;InsertionSort;186786;62258;0;221881
500;100;2;BubbleSort;496428;124684;61765;340861
500;100;2;MergeSort;8976;3858;0;62751
500;100;2;CountingSort;1501;0;0;7340
500;100;2;QuickSort;16233;6537;2907;20550
500;100;2;InsertionSort;182597;60859;0;32290
500;100;2;BubbleSort;489258;123889;60370;247141
500;100;2;MergeSort;8976;3843;0;61960
500;100;2;CountingSort;1501;0;0;6670
500;100;2;QuickSort;17832;7290;3182;21780
500;100;2;InsertionSort;188216;62736;0;48540
500;100;2;BubbleSort;496824;123930;62241;225431
500;100;2;MergeSort;8976;3843;0;64390
500;100;2;CountingSort;1501;0;0;7870
500;100;2;QuickSort;19848;8235;3541;22160
500;100;2;InsertionSort;198434;66138;0;34390
500;100;2;BubbleSort;510690;124047;65649;160070
500;100;2;MergeSort;8976;3860;0;69920
500;100;2;CountingSort;1501;0;0;4520
500;100;2;QuickSort;17251;7045;3068;26670
500;100;2;InsertionSort;200575;66855;0;37700
500;100;2;BubbleSort;514014;124285;66361;182190
500;100;2;MergeSort;8976;3865;0;66240
500;100;2;CountingSort;1501;0;0;7250
500;100;2;QuickSort;17649;7386;3086;24640
500;100;2;InsertionSort;185411;61801;0;56180
500;100;2;BubbleSort;493854;124315;61306;193541
500;100;2;MergeSort;8976;3870;0;51721
500;100;2;CountingSort;1501;0;0;6900
500;100;2;QuickSort;17006;6959;3021;21150
500;100;2;InsertionSort;190638;63542;0;52200
500;100;2;BubbleSort;499890;123847;63049;170371
500;100;2;MergeSort;8976;3853;0;48740
500;100;2;CountingSort;1501;0;0;7080
500;100;2;QuickSort;17315;7184;3054;21410
500;100;2;InsertionSort;194676;64886;0;78490
500;100;2;BubbleSort;506622;124519;64396;232761
500;100;2;MergeSort;8976;3876;0;89930
500;100;2;CountingSort;1501;0;0;7390
500;100;2;QuickSort;19031;7592;3479;22090
500;100;2;InsertionSort;181352;60448;0;28621
500;100;2;BubbleSort;486232;123210;59953;236580
500;100;2;MergeSort;8976;3851;0;128900
500;100;2;CountingSort;1501;0;0;7770
500;100;2;QuickSort;16535;6824;2910;20360
500;100;2;InsertionSort;183753;61247;0;50220
500;100;2;BubbleSort;491256;124120;60754;241961
500;100;2;MergeSort;8976;3845;0;126980
500;100;2;CountingSort;1501;0;0;7610
500;100;2;QuickSort;15478;6364;2702;25520
500;100;2;InsertionSort;189709;63231;0;84350
500;100;2;BubbleSort;499810;124425;62740;205741
500;100;2;MergeSort;8976;3847;0;83401
500;100;2;CountingSort;1501;0;0;7070
500;100;2;QuickSort;15499;6184;2776;20770
500;100;2;InsertionSort;189884;63292;0;45220
500;100;2;BubbleSort;500308;124560;62797;154100
500;100;2;MergeSort;8976;3861;0;59180
500;100;2;CountingSort;1501;0;0;5440
500;100;2;QuickSort;16751;7136;2872;20890
500;100;2;InsertionSort;200297;66761;0;96181
500;100;2;BubbleSort;514196;124560;66269;238681
500;100;2;MergeSort;8976;3861;0;82591
500;100;2;CountingSort;1501;0;0;7280
500;100;2;QuickSort;17557;7270;3097;25990
500;100;2;InsertionSort;188846;62946;0;29290
500;100;2;BubbleSort;498842;124519;62451;243231
500;100;2;MergeSort;8976;3856;0;89140
500;100;2;CountingSort;1501;0;0;17780
500;100;2;QuickSort;17105;6827;3092;33870
500;100;2;InsertionSort;184722;61568;0;45920
500;100;2;BubbleSort;493722;124705;61078;245580
500;100;2;MergeSort;8976;3851;0;79210
500;100;2;CountingSort;1501;0;0;6430
500;100;2;QuickSort;17358;7191;3060;20760
500;100;2;InsertionSort;188772;62920;0;57730
500;100;2;BubbleSort;498608;124450;62427;164160
500;100;2;MergeSort;8976;3860;0;51060
500;100;2;CountingSort;1501;0;0;8150
500;100;2;QuickSort;18984;8229;3244;22750
500;100;2;InsertionSort;184585;61523;0;46960
500;100;2;BubbleSort;493388;124630;61032;207431
500;100;2;MergeSort;8976;3871;0;48981
500;100;2;CountingSort;1501;0;0;6710
500;100;2;QuickSort;16208;6632;2864;20120
500;100;2;InsertionSort;187593;62527;0;28580
500;100;2;BubbleSort;497480;124672;62034;216851
500;100;2;MergeSort;8976;3838;0;54981
500;100;3;CountingSort;1501;0;0;102000
500;100;3;QuickSort;15899;6671;2747;777512
500;100;3;InsertionSort;187731;62575;0;5047624
500;100;3;BubbleSort;497576;124630;62079;6320288
500;100;3;MergeSort;8976;3849;0;788023
500;100;3;CountingSort;1501;0;0;66790
500;100;3;QuickSort;15993;6786;2732;111560
500;100;3;InsertionSort;185707;61901;0;2814168
500;100;3;BubbleSort;495110;124747;61404;2790118
500;100;3;MergeSort;8976;3849;0;161481
500;100;3;CountingSort;1501;0;0;57931
500;100;3;QuickSort;19277;7790;3493;76781
500;100;3;InsertionSort;179335;59773;0;709792
500;100;3;BubbleSort;486598;124735;59282;1402304
500;100;3;MergeSort;8976;3852;0;127230
500;100;3;CountingSort;1501;0;0;60510
500;100;3;QuickSort;16331;7100;2745;71130
500;100;3;InsertionSort;197620;65870;0;923273
500;100;3;BubbleSort;511004;124750;65376;1885106
500;100;3;MergeSort;8976;3845;0;184171
500;100;3;CountingSort;1501;0;0;62710
500;100;3;QuickSort;17894;7274;3200;96290
500;100;3;InsertionSort;181442;60478;0;247001
500;100;3;BubbleSort;488620;124344;59983;317771
500;100;3;MergeSort;8976;3843;0;178411
500;100;3;CountingSort;1501;0;0;69730
500;100;3;QuickSort;19680;8124;3511;100121
500;100;3;InsertionSort;188803;62929;0;633822
500;100;3;BubbleSort;498602;124425;62438;653751
500;100;3;MergeSort;8976;3862;0;115560
500;100;3;CountingSort;1501;0;0;77550
500;100;3;QuickSort;17234;7310;2969;96670
500;100;3;InsertionSort;189562;63186;0;486542
500;100;3;BubbleSort;498364;123804;62689;351431
500;100;3;MergeSort;8976;3871;0;221141
500;100;3;CountingSort;1501;0;0;63980
500;100;3;QuickSort;18490;7423;3356;86300
500;100;3;InsertionSort;185832;61942;0;143600
500;100;3;BubbleSort;495212;124714;61446;206981
500;100;3;MergeSort;8976;3832;0;114091
500;100;3;CountingSort;1501;0;0;60850
500;100;3;QuickSort;18074;7307;3249;80950
500;100;3;InsertionSort;195339;65107;0;410591
500;100;3;BubbleSort;507368;124450;64617;535991
500;100;3;MergeSort;8976;3868;0;213561
500;100;3;CountingSort;1501;0;0;57420
500;100;3;QuickSort;17276;7106;3055;77480
500;100;3;InsertionSort;180040;60008;0;201681
500;100;3;BubbleSort;484028;122980;59517;292301
500;100;3;MergeSort;8976;3855;0;154111
500;100;3;CountingSort;1501;0;0;65641
500;100;3;QuickSort;17982;7329;3225;114920
500;100;3;InsertionSort;185448;61814;0;156150
500;100;3;BubbleSort;494562;124645;61318;211210
500;100;3;MergeSort;8976;3861;0;134320
500;100;3;CountingSort;1501;0;0;83380
500;100;3;QuickSort;18105;7707;3131;358031
500;100;3;InsertionSort;195195;65061;0;443641
500;100;3;BubbleSort;507266;124497;64568;501391
500;100;3;MergeSort;8976;3854;0;204721
500;100;3;CountingSort;1501;0;0;59910
500;100;3;QuickSort;19167;7710;3483;353531
500;100;3;InsertionSort;179026;59672;0;196781
500;100;3;BubbleSort;485832;124560;59178;333361
500;100;3;MergeSort;8976;3857;0;212600
500;100;3;CountingSort;1501;0;0;63530
500;100;3;QuickSort;18020;7712;3107;395371
500;100;3;InsertionSort;182661;60883;0;631762
500;100;3;BubbleSort;489338;123889;60390;630652
500;100;3;MergeSort;8976;3846;0;134870
500;100;3;CountingSort;1501;0;0;48220
500;100;3;QuickSort;18498;7548;3321;351621
500;100;3;InsertionSort;190089;63361;0;43780
500;100;3;BubbleSort;500940;124740;62865;332561
500;100;3;MergeSort;8976;3834;0;170301
500;100;3;CountingSort;1501;0;0;66630
500;100;3;QuickSort;20302;8404;3631;77190
500;100;3;InsertionSort;184621;61537;0;57050
500;100;3;BubbleSort;493330;124579;61043;242231
500;100;3;MergeSort;8976;3874;0;131110
500;100;3;CountingSort;1501;0;0;68890
500;100;3;QuickSort;17005;6967;3016;21800
500;100;3;InsertionSort;193908;64634;0;31221
500;100;3;BubbleSort;505746;124597;64138;154800
500;100;3;MergeSort;8976;3832;0;78400
500;100;3;CountingSort;1501;0;0;50811
500;100;3;QuickSort;16956;6858;3029;26320
500;100;3;InsertionSort;183857;61283;0;54070
500;100;3;BubbleSort;490582;123715;60788;308801
500;100;3;MergeSort;8976;3849;0;170591
500;100;3;CountingSort;1501;0;0;70950
500;100;3;QuickSort;17667;7548;3050;40290
500;100;3;InsertionSort;182907;60965;0;47200
500;100;3;BubbleSort;491232;124672;60472;315771
500;100;3;MergeSort;8976;3849;0;216801
500;100;3;CountingSort;1501;0;0;90680
500;100;3;QuickSort;17203;6973;3073;41550
500;100;3;InsertionSort;180092;60030;0;46470
500;100;3;BubbleSort;485078;123475;59532;321691
500;100;3;MergeSort;8976;3864;0;191270
500;100;3;CountingSort;1501;0;0;65461
500;100;3;QuickSort;18533;7523;3333;28570
500;100;3;InsertionSort;187237;62407;0;49490
500;100;3;BubbleSort;496108;124222;61916;232580
500;100;3;MergeSort;8976;3834;0;79360
500;100;3;CountingSort;1501;0;0;50780
500;100;3;QuickSort;15865;6520;2785;25200
500;100;3;InsertionSort;192281;64089;0;114940
500;100;3;BubbleSort;503678;124645;63597;409951
500;100;3;MergeSort;8976;3859;0;216971
500;100;3;CountingSort;1501;0;0;51790
500;100;3;QuickSort;17177;6956;3081;36030
500;100;3;InsertionSort;194369;64787;0;61931
500;100;3;BubbleSort;506116;124474;64292;1249293
500;100;3;MergeSort;8976;3862;0;1162073
500;100;3;CountingSort;1501;0;0;47100
500;100;3;QuickSort;17804;7376;3138;33750
500;100;3;InsertionSort;189886;63292;0;49841
500;100;3;BubbleSort;499822;124315;62798;147140
500;100;3;MergeSort;8976;3863;0;63860
500;100;3;CountingSort;1501;0;0;74911
500;100;3;QuickSort;16542;6687;2952;23990
500;100;3;InsertionSort;190689;63557;0;46111
500;100;3;BubbleSort;500208;123970;63067;215690
500;100;3;MergeSort;8976;3849;0;45400
500;100;3;CountingSort;1501;0;0;50080
500;100;3;QuickSort;16615;6760;2947;27130
500;100;3;InsertionSort;183056;61012;0;79670
500;100;3;BubbleSort;491320;124614;60523;256490
500;100;3;MergeSort;8976;3857;0;68280
500;100;3;CountingSort;1501;0;0;67200
500;100;3;QuickSort;17883;7764;3045;35080
500;100;3;InsertionSort;186733;62239;0;43271
500;100;3;BubbleSort;495892;124450;61748;282300
500;100;3;MergeSort;8976;3867;0;76490
500;100;3;CountingSort;1501;0;0;48830
500;100;3;QuickSort;17672;7676;2993;30840
500;100;3;InsertionSort;195198;65060;0;41110
500;100;3;BubbleSort;507274;124497;64570;194811
500;100;3;MergeSort;8976;3861;0;58930
500;100;3;CountingSort;1501;0;0;61180
500;100;3;QuickSort;17600;7079;3181;19880
500;100;3;InsertionSort;187131;62375;0;43680
500;100;3;BubbleSort;496674;124579;61879;224581
500;100;3;MergeSort;8976;3840;0;88611
500;100;3;CountingSort;1501;0;0;66400
500;100;3;QuickSort;16593;6867;2909;24230
500;100;3;InsertionSort;188180;62718;0;68520
500;100;3;BubbleSort;497876;124474;62232;224421
500;100;3;MergeSort;8976;3842;0;98880
500;100;3;CountingSort;1501;0;0;74750
500;100;3;QuickSort;18143;7259;3289;42930
500;100;3;InsertionSort;188618;62868;0;62880
500;100;3;BubbleSort;498662;124579;62376;191721
500;100;3;MergeSort;8976;3854;0;63131
500;100;3;CountingSort;1501;0;0;52570
500;100;3;QuickSort;16215;6816;2800;22830
500;100;3;InsertionSort;193441;64477;0;95830
500;100;3;BubbleSort;505192;124630;63983;203190
500;100;3;MergeSort;8976;3846;0;62480
500;100;3;CountingSort;1501;0;0;34011
500;100;3;QuickSort;17337;7050;3093;33440
500;100;3;InsertionSort;187174;62388;0;161480
500;100;3;BubbleSort;495594;124009;61894;353001
500;100;3;MergeSort;8976;3848;0;65140
500;100;3;CountingSort;1501;0;0;20520
500;100;3;QuickSort;18933;7764;3390;22660
500;100;3;InsertionSort;192319;64101;0;45110
500;100;3;BubbleSort;502380;123970;63610;224711
500;100;3;MergeSort;8976;3877;0;62480
500;100;3;CountingSort;1501;0;0;11380
500;100;3;QuickSort;15265;6523;2582;28080
500;100;3;InsertionSort;193360;64448;0;45520
500;100;3;BubbleSort;505238;124705;63957;198300
500;100;3;MergeSort;8976;3854;0;50380
500;100;3;CountingSort;1501;0;0;13420
500;100;3;QuickSort;16276;7009;2754;29370
500;100;3;InsertionSort;183376;61122;0;96820
500;100;3;BubbleSort;492012;124750;60628;231111
500;100;3;MergeSort;8976;3858;0;65661
500;100;3;CountingSort;1501;0;0;13270
500;100;3;QuickSort;19715;8486;3406;28740
500;100;3;InsertionSort;189788;63260;0;115190
500;100;3;BubbleSort;500054;124497;62765;285361
500;100;3;MergeSort;8976;3876;0;74831
500;100;3;CountingSort;1501;0;0;13690
500;100;3;QuickSort;19721;7910;3598;26920
500;100;3;InsertionSort;179058;59682;0;54501
500;100;3;BubbleSort;485950;124597;59189;204290
500;100;3;MergeSort;8976;3874;0;65450
500;100;3;CountingSort;1501;0;0;13870
500;100;3;QuickSort;16468;6865;2859;21930
500;100;3;InsertionSort;181668;60552;0;170411
500;100;3;BubbleSort;488924;124344;60059;340471
500;100;3;MergeSort;8976;3859;0;63630
500;100;3;CountingSort;1501;0;0;13250
500;100;3;QuickSort;19604;7874;3582;32450
500;100;3;InsertionSort;194820;64936;0;66640
500;100;3;BubbleSort;506622;124425;64443;293421
500;100;3;MergeSort;8976;3857;0;83040
500;100;3;CountingSort;1501;0;0;11670
500;100;3;QuickSort;19771;7834;3638;67980
500;100;3;InsertionSort;183278;61088;0;57310
500;100;3;BubbleSort;489532;123574;60596;203141
500;100;3;MergeSort;8976;3870;0;54961
500;100;3;CountingSort;1501;0;0;9330
500;100;3;QuickSort;17569;6991;3187;21990
500;100;3;InsertionSort;189659;63217;0;113921
500;100;3;BubbleSort;499836;124474;62722;277561
500;100;3;MergeSort;8976;3854;0;67011
500;100;3;CountingSort;1501;0;0;17570
500;100;3;QuickSort;16474;6694;2933;27130
500;100;3;InsertionSort;183952;61312;0;49230
500;100;3;BubbleSort;491728;124222;60821;236041
500;100;3;MergeSort;8976;3855;0;80450
500;100;3;CountingSort;1501;0;0;11330
500;100;3;QuickSort;16376;6779;2882;28440
500;100;3;InsertionSort;187684;62556;0;52710
500;100;3;BubbleSort;497298;124519;62065;241161
500;100;3;MergeSort;8976;3859;0;83211
500;100;3;CountingSort;1501;0;0;23700
500;100;3;QuickSort;18393;7398;3334;21550
500;100;3;InsertionSort;198403;66129;0;45740
500;100;3;BubbleSort;512052;124750;65638;203071
500;100;3;MergeSort;8976;3837;0;53550
500;100;3;CountingSort;1501;0;0;13060
500;100;3;QuickSort;18800;7934;3287;22310
500;100;3;InsertionSort;194342;64776;0;89670
500;100;3;BubbleSort;506616;124740;64284;203120
500;100;3;MergeSort;8976;3853;0;64480
500;100;3;CountingSort;1501;0;0;14500
500;100;3;QuickSort;17587;7261;3112;22230
500;100;3;InsertionSort;195577;65189;0;32180
500;100;3;BubbleSort;508238;124729;64695;160161
500;100;3;MergeSort;8976;3878;0;62831
500;100;3;CountingSort;1501;0;0;51210
500;100;3;QuickSort;18167;7277;3298;21720
500;100;3;InsertionSort;188065;62685;0;36120
500;100;3;BubbleSort;497884;124560;62191;182081
500;100;3;MergeSort;8976;3846;0;52160
500;100;3;CountingSort;1501;0;0;14320
500;100;3;QuickSort;16690;7474;2737;21400
500;100;3;InsertionSort;178409;59463;0;277921
500;100;3;BubbleSort;483674;123889;58974;404001
500;100;3;MergeSort;8976;3865;0;71590
500;100;3;CountingSort;1501;0;0;11390
500;100;3;QuickSort;17857;7576;3092;27670
500;100;3;InsertionSort;191163;63717;0;60530
500;100;3;BubbleSort;502214;124659;63224;227771
500;100;3;MergeSort;8976;3854;0;60250
500;100;3;CountingSort;1501;0;0;38311
500;100;3;QuickSort;19695;8058;3547;32181
500;100;3;InsertionSort;180888;60292;0;37160
500;100;3;BubbleSort;488456;124630;59799;186240
500;100;3;MergeSort;8976;3856;0;64940
500;100;3;CountingSort;1501;0;0;13960
500;100;3;QuickSort;15988;7135;2621;41021
500;100;3;InsertionSort;177853;59281;0;247600
500;100;3;BubbleSort;484096;124474;58787;376381
500;100;3;MergeSort;8976;3878;0;71770
500;100;3;CountingSort;1501;0;0;10910
500;100;3;QuickSort;17019;6915;3041;26990
500;100;3;InsertionSort;191608;63868;0;32560
500;100;3;BubbleSort;502334;124425;63371;285551
500;100;3;MergeSort;8976;3856;0;83030
500;100;3;CountingSort;1501;0;0;11900
500;100;3;QuickSort;15205;6274;2649;26110
500;100;3;InsertionSort;193342;64444;0;30640
500;100;3;BubbleSort;505028;124614;63950;276481
500;100;3;MergeSort;8976;3842;0;67370
500;100;3;CountingSort;1501;0;0;13290
500;100;3;QuickSort;16710;6921;2935;21590
500;100;3;InsertionSort;184433;61473;0;28540
500;100;3;BubbleSort;492018;124047;60981;185771
500;100;3;MergeSort;8976;3870;0;62700
500;100;3;CountingSort;1501;0;0;20340
500;100;3;QuickSort;19542;8037;3499;27420
500;100;3;InsertionSort;191680;63892;0;47480
500;100;3;BubbleSort;502660;124540;63395;197220
500;100;3;MergeSort;8976;3838;0;78740
500;100;3;CountingSort;1501;0;0;15710
500;100;3;QuickSort;15887;6479;2806;21630
500;100;3;InsertionSort;182775;60921;0;35450
500;100;3;BubbleSort;490612;124450;60428;196031
500;100;3;MergeSort;8976;3859;0;64941
500;100;3;CountingSort;1501;0;0;13500
500;100;3;QuickSort;17919;7560;3112;27910
500;100;3;InsertionSort;188845;62943;0;41011
500;100;3;BubbleSort;499098;124645;62452;241150
500;100;3;MergeSort;8976;3859;0;60470
500;100;3;CountingSort;1501;0;0;19550
500;100;3;QuickSort;17004;7071;2986;21500
500;100;3;InsertionSort;187024;62336;0;51530
500;100;3;BubbleSort;496230;124425;61845;254971
500;100;3;MergeSort;8976;3848;0;85290
500;100;3;CountingSort;1501;0;0;16060
500;100;3;QuickSort;18787;7681;3374;32860
500;100;3;InsertionSort;189647;63213;0;41890
500;100;3;BubbleSort;500262;124695;62718;249071
500;100;3;MergeSort;8976;3840;0;81420
500;100;3;CountingSort;1501;0;0;10701
500;100;3;QuickSort;17045;7184;2948;27070
500;100;3;InsertionSort;184838;61608;0;53260
500;100;3;BubbleSort;493544;124540;61116;207551
500;100;3;MergeSort;8976;3858;0;62860
500;100;3;CountingSort;1501;0;0;13320
500;100;3;QuickSort;16481;6785;2907;27250
500;100;3;InsertionSort;186679;62223;0;57360
500;100;3;BubbleSort;495226;124155;61729;201920
500;100;3;MergeSort;8976;3848;0;66370
500;100;3;CountingSort;1501;0;0;10940
500;100;3;QuickSort;18975;7812;3390;27480
500;100;3;InsertionSort;181541;60511;0;51300
500;100;3;BubbleSort;489534;124735;60016;205761
500;100;3;MergeSort;8976;3828;0;61110
500;100;3;CountingSort;1501;0;0;12461
500;100;3;QuickSort;17218;7207;3005;30560
500;100;3;InsertionSort;192721;64235;0;47280
500;100;3;BubbleSort;504470;124747;63744;244250
500;100;3;MergeSort;8976;3837;0;82480
500;100;3;CountingSort;1501;0;0;14410
500;100;3;QuickSort;17377;6988;3136;32761
500;100;3;InsertionSort;177802;59266;0;40371
500;100;3;BubbleSort;484534;124729;58769;238250
500;100;3;MergeSort;8976;3862;0;69860
500;100;3;CountingSort;1501;0;0;11450
500;100;3;QuickSort;17120;7082;3011;27870
500;100;3;InsertionSort;189301;63097;0;32270
500;100;3;BubbleSort;498790;124189;62603;193940
500;100;3;MergeSort;8976;3865;0;63490
500;100;3;CountingSort;1501;0;0;11220
500;100;3;QuickSort;17533;7195;3113;22480
500;100;3;InsertionSort;192129;64039;0;58190
500;100;3;BubbleSort;503642;124729;63546;147011
500;100;3;MergeSort;8976;3881;0;53980
500;100;3;CountingSort;1501;0;0;12110
500;100;3;QuickSort;18831;7653;3395;21670
500;100;3;InsertionSort;185744;61912;0;43820
500;100;3;BubbleSort;495036;124684;61417;201040
500;100;3;MergeSort;8976;3860;0;52660
500;100;3;CountingSort;1501;0;0;11110
500;100;3;QuickSort;15469;6301;2726;32120
500;100;3;InsertionSort;188860;62952;0;40120
500;100;3;BubbleSort;497914;124047;62455;169670
500;100;3;MergeSort;8976;3852;0;63450
500;100;3;CountingSort;1501;0;0;10910
500;100;3;QuickSort;17947;7306;3217;21770
500;100;3;InsertionSort;186420;62136;0;110020
500;100;3;BubbleSort;494350;123889;61643;264341
500;100;3;MergeSort;8976;3865;0;62711
500;100;3;CountingSort;1501;0;0;9790
500;100;3;QuickSort;16318;7222;2700;24020
500;100;3;InsertionSort;189934;63308;0;47600
500;100;3;BubbleSort;495786;122265;62814;186860
500;100;3;MergeSort;8976;3844;0;67990
500;100;3;CountingSort;1501;0;0;20610
500;100;3;QuickSort;15693;6528;2729;22350
500;100;3;InsertionSort;195906;65298;0;31771
500;100;3;BubbleSort;506650;123715;64805;209690
500;100;3;MergeSort;8976;3866;0;47590
500;100;3;CountingSort;1501;0;0;11220
500;100;3;QuickSort;18721;7987;3252;22110
500;100;3;InsertionSort;193639;64541;0;97760
500;100;3;BubbleSort;505280;124540;64050;244011
500;100;3;MergeSort;8976;3867;0;49550
500;100;3;CountingSort;1501;0;0;11020
500;100;3;QuickSort;17072;6902;3053;22390
500;100;3;InsertionSort;199922;66636;0;205610
500;100;3;BubbleSort;513986;124705;66144;288531
500;100;3;MergeSort;8976;3850;0;80600
500;100;3;CountingSort;1501;0;0;17160
500;100;3;QuickSort;18553;7699;3284;25710
500;100;3;InsertionSort;186784;62256;0;67390
500;100;3;BubbleSort;496288;124614;61765;341381
500;100;3;MergeSort;8976;3865;0;62940
500;100;3;CountingSort;1501;0;0;18530
500;100;3;QuickSort;16717;6958;2915;23670
500;100;3;InsertionSort;189456;63146;0;50270
500;100;3;BubbleSort;499194;124285;62656;209801
500;100;3;MergeSort;8976;3877;0;56060
500;100;3;CountingSort;1501;0;0;17380
500;100;3;QuickSort;17091;7461;2869;29840
500;100;3;InsertionSort;195466;65150;0;118500
500;100;3;BubbleSort;507630;124497;64659;300541
500;100;3;MergeSort;8976;3870;0;80030
500;100;3;CountingSort;1501;0;0;18460
500;100;3;QuickSort;16862;7232;2875;32860
500;100;3;InsertionSort;191292;63758;0;48100
500;100;3;BubbleSort;502300;124614;63268;234511
500;100;3;MergeSort;8976;3851;0;59240
500;100;3;CountingSort;1501;0;0;16271
500;100;3;QuickSort;18527;7667;3282;31300
500;100;3;InsertionSort;189154;63048;0;56040
500;100;3;BubbleSort;499014;124399;62554;188500
500;100;3;MergeSort;8976;3880;0;57680
500;100;3;CountingSort;1501;0;0;16700
500;100;3;QuickSort;17147;7250;2965;29340
500;100;3;InsertionSort;181899;60629;0;42170
500;100;3;BubbleSort;489232;124344;60136;174751
500;100;3;MergeSort;8976;3861;0;68981
500;100;3;CountingSort;1501;0;0;11281
500;100;3;QuickSort;15692;6323;2792;22150
500;100;3;InsertionSort;194030;64672;0;237790
500;100;3;BubbleSort;506208;124744;64180;261961
500;100;3;MergeSort;8976;3850;0;47260
500;100;3;CountingSort;1501;0;0;12930
500;100;3;QuickSort;18599;7601;3335;22440
500;100;3;InsertionSort;190337;63443;0;32310
500;100;3;BubbleSort;499960;124084;62948;169950
500;100;3;MergeSort;8976;3856;0;52500
500;100;3;CountingSort;1501;0;0;11680
500;100;3;QuickSort;18009;7200;3261;31800
500;100;3;InsertionSort;194203;64733;0;41480
500;100;3;BubbleSort;506204;124630;64236;203771
500;100;3;MergeSort;8976;3879;0;59450
500;100;3;CountingSort;1501;0;0;43240
500;100;3;QuickSort;18380;7673;3225;28390
500;100;3;InsertionSort;189939;63311;0;37580
500;100;3;BubbleSort;500160;124450;62815;206990
500;100;3;MergeSort;8976;3856;0;63730
500;100;3;CountingSort;1501;0;0;13980
500;100;3;QuickSort;18795;7917;3299;35120
500;100;3;InsertionSort;179610;59864;0;44451
500;100;3;BubbleSort;485806;124155;59374;252770
500;100;3;MergeSort;8976;3842;0;64590
500;100;3;CountingSort;1501;0;0;12150
500;100;3;QuickSort;20797;8449;3781;35800
500;100;3;InsertionSort;194315;64765;0;46830
500;100;3;BubbleSort;506262;124579;64276;284131
500;100;3;MergeSort;8976;3848;0;99850
500;100;3;CountingSort;1501;0;0;12540
500;100;3;QuickSort;18015;7191;3270;22230
500;100;3;InsertionSort;191104;63696;0;31410
500;100;3;BubbleSort;501670;124425;63205;201021
500;100;3;MergeSort;8976;3859;0;58590
500;100;3;CountingSort;1501;0;0;24640
500;100;3;QuickSort;18208;7558;3222;27930
500;100;3;InsertionSort;193195;64395;0;64360
500;100;3;BubbleSort;505102;124749;63901;154951
500;100;3;MergeSort;8976;3851;0;69460
500;100;3;CountingSort;1501;0;0;15050
500;100;3;QuickSort;16297;6868;2814;27050
500;100;3;InsertionSort;199224;66402;0;31260
500;100;3;BubbleSort;512966;124659;65912;224641
500;100;3;MergeSort;8976;3853;0;102301
500;100;3;CountingSort;1501;0;0;11550
500;100;3;QuickSort;16094;6737;2786;27200
500;100;3;InsertionSort;180653;60211;0;46970
500;100;3;BubbleSort;488008;124560;59722;216641
500;100;3;MergeSort;8976;3844;0;63450
500;100;3;CountingSort;1501;0;0;11170
500;100;3;QuickSort;16088;6578;2839;22000
500;100;3;InsertionSort;199147;66379;0;46500
500;100;3;BubbleSort;512698;124579;65885;166830
500;100;3;MergeSort;8976;3867;0;48180
500;100;3;CountingSort;1501;0;0;25220
500;100;3;QuickSort;14887;6250;2544;27020
500;100;3;InsertionSort;194976;64988;0;225391
500;100;3;BubbleSort;507348;124684;64495;339181
500;100;3;MergeSort;8976;3845;0;61520
500;100;3;CountingSort;1501;0;0;11460
500;100;3;QuickSort;18319;7411;3304;53660
500;100;3;InsertionSort;186677;62223;0;43180
500;100;3;BubbleSort;496256;124672;61728;211721
500;100;3;MergeSort;8976;3846;0;86170
500;100;3;CountingSort;1501;0;0;11200
500;100;3;QuickSort;16973;7427;2846;22390
500;100;3;InsertionSort;187291;62425;0;34620
500;100;3;BubbleSort;494884;123574;61934;203520
500;100;3;MergeSort;8976;3858;0;49910
500;100;3;CountingSort;1501;0;0;5540
500;100;3;QuickSort;18219;7734;3162;22830
500;100;3;InsertionSort;193340;64442;0;33290
500;100;3;BubbleSort;504308;124254;63950;268041
500;100;3;MergeSort;8976;3863;0;96860
500;100;3;CountingSort;1501;0;0;7470
500;100;3;QuickSort;16262;6656;2866;26920
500;100;3;InsertionSort;190078;63354;0;44600
500;100;3;BubbleSort;500400;124474;62863;198630
500;100;3;MergeSort;8976;3858;0;59470
500;100;3;CountingSort;1501;0;0;7610
500;100;3;QuickSort;18084;7320;3253;27430
500;100;3;InsertionSort;195651;65213;0;44360
500;100;3;BubbleSort;507828;124474;64720;206291
500;100;3;MergeSort;8976;3855;0;53121
500;100;3;CountingSort;1501;0;0;7310
500;100;3;QuickSort;18536;7550;3335;26290
500;100;3;InsertionSort;189948;63312;0;43240
500;100;3;BubbleSort;499294;124009;62819;205950
500;100;3;MergeSort;8976;3849;0;52090
500;100;3;CountingSort;1501;0;0;14930
500;100;3;QuickSort;17660;7124;3183;26370
500;100;3;InsertionSort;181729;60571;0;41770
500;100;3;BubbleSort;489664;124672;60080;206471
500;100;3;MergeSort;8976;3854;0;61730
500;100;3;CountingSort;1501;0;0;7750
500;100;3;QuickSort;17696;7007;3229;26060
500;100;3;InsertionSort;185732;61908;0;41170
500;100;3;BubbleSort;493172;123760;61413;307951
500;100;3;MergeSort;8976;3849;0;161290
500;100;4;CountingSort;1501;0;0;133870
500;100;4;QuickSort;16372;6769;2873;808742
500;100;4;InsertionSort;194165;64717;0;4961774
500;100;4;BubbleSort;506128;124614;64225;6401598
500;100;4;MergeSort;8976;3861;0;750862
500;100;4;CountingSort;1501;0;0;49910
500;100;4;QuickSort;17551;7351;3058;208520
500;100;4;InsertionSort;194433;64809;0;2086735
500;100;4;BubbleSort;506596;124672;64313;2112566
500;100;4;MergeSort;8976;3850;0;179091
500;100;4;CountingSort;1501;0;0;48030
500;100;4;QuickSort;18969;7839;3372;87140
500;100;4;InsertionSort;189199;63059;0;1687755
500;100;4;BubbleSort;499742;124729;62571;2510897
500;100;4;MergeSort;8976;3854;0;103991
500;100;4;CountingSort;1501;0;0;60450
500;100;4;QuickSort;16699;7399;2764;88210
500;100;4;InsertionSort;186258;62080;0;266511
500;100;4;BubbleSort;495588;124614;61590;367341
500;100;4;MergeSort;8976;3848;0;236171
500;100;4;CountingSort;1501;0;0;62160
500;100;4;QuickSort;17057;7019;3006;76470
500;100;4;InsertionSort;186462;62148;0;282871
500;100;4;BubbleSort;495790;124579;61658;204391
500;100;4;MergeSort;8976;3859;0;136221
500;100;4;CountingSort;1501;0;0;62220
500;100;4;QuickSort;18196;7705;3152;71440
500;100;4;InsertionSort;178640;59542;0;542932
500;100;4;BubbleSort;485194;124497;59050;607622
500;100;4;MergeSort;8976;3835;0;152200
500;100;4;CountingSort;1501;0;0;45091
500;100;4;QuickSort;17539;7450;3028;100880
500;100;4;InsertionSort;186953;62311;0;227210
500;100;4;BubbleSort;496138;124425;61822;249701
500;100;4;MergeSort;8976;3857;0;180131
500;100;4;CountingSort;1501;0;0;47820
500;100;4;QuickSort;18623;7529;3362;58680
500;100;4;InsertionSort;189617;63203;0;168571
500;100;4;BubbleSort;498926;124047;62708;169201
500;100;4;MergeSort;8976;3861;0;78160
500;100;4;CountingSort;1501;0;0;81631
500;100;4;QuickSort;16444;6640;2934;88160
500;100;4;InsertionSort;188255;62747;0;362141
500;100;4;BubbleSort;498410;124695;62255;404751
500;100;4;MergeSort;8976;3832;0;224941
500;100;4;CountingSort;1501;0;0;63900
500;100;4;QuickSort;16993;7003;2999;120021
500;100;4;InsertionSort;196647;65545;0;173851
500;100;4;BubbleSort;509498;124645;65052;283061
500;100;4;MergeSort;8976;3846;0;119460
500;100;4;CountingSort;1501;0;0;60090
500;100;4;QuickSort;17379;7182;3059;99220
500;100;4;InsertionSort;189304;63098;0;596182
500;100;4;BubbleSort;498584;124084;62604;610742
500;100;4;MergeSort;8976;3851;0;135911
500;100;4;CountingSort;1501;0;0;72751
500;100;4;QuickSort;18068;7346;3243;361231
500;100;4;InsertionSort;185316;61770;0;295010
500;100;4;BubbleSort;494324;124614;61274;363201
500;100;4;MergeSort;8976;3858;0;252270
500;100;4;CountingSort;1501;0;0;65720
500;100;4;QuickSort;16553;6824;2913;384281
500;100;4;InsertionSort;182479;60823;0;203331
500;100;4;BubbleSort;488654;123669;60329;214451
500;100;4;MergeSort;8976;3857;0;103630
500;100;4;CountingSort;1501;0;0;88401
500;100;4;QuickSort;16241;6857;2788;323930
500;100;4;InsertionSort;194545;64847;0;805372
500;100;4;BubbleSort;506348;124474;64350;768262
500;100;4;MergeSort;8976;3858;0;131890
500;100;4;CountingSort;1501;0;0;92630
500;100;4;QuickSort;19021;7888;3383;336031
500;100;4;InsertionSort;189586;63190;0;31180
500;100;4;BubbleSort;499106;124155;62699;369091
500;100;4;MergeSort;8976;3846;0;220940
500;100;4;CountingSort;1501;0;0;79151
500;100;4;QuickSort;19458;8121;3443;354111
500;100;4;InsertionSort;188235;62739;0;66110
500;100;4;BubbleSort;498494;124749;62249;336931
500;100;4;MergeSort;8976;3842;0;186861
500;100;4;CountingSort;1501;0;0;87660
500;100;4;QuickSort;17063;6974;3024;259050
500;100;4;InsertionSort;187591;62527;0;61980
500;100;4;BubbleSort;496442;124155;62033;211621
500;100;4;MergeSort;8976;3880;0;138390
500;100;4;CountingSort;1501;0;0;64440
500;100;4;QuickSort;17368;7042;3114;26990
500;100;4;InsertionSort;193561;64517;0;144930
500;100;4;BubbleSort;503240;123574;64023;363311
500;100;4;MergeSort;8976;3854;0;195571
500;100;4;CountingSort;1501;0;0;88220
500;100;4;QuickSort;18210;7428;3260;24661
500;100;4;InsertionSort;191404;63798;0;70990
500;100;4;BubbleSort;501234;124009;63304;207520
500;100;4;MergeSort;8976;3837;0;79031
500;100;4;CountingSort;1501;0;0;60530
500;100;4;QuickSort;16081;6628;2819;30010
500;100;4;InsertionSort;188111;62701;0;48330
500;100;4;BubbleSort;498234;124705;62206;207961
500;100;4;MergeSort;8976;3863;0;66410
500;100;4;CountingSort;1501;0;0;73871
500;100;4;QuickSort;18551;7850;3228;25770
500;100;4;InsertionSort;193942;64642;0;75190
500;100;4;BubbleSort;505292;124344;64151;228240
500;100;4;MergeSort;8976;3853;0;75810
500;100;4;CountingSort;1501;0;0;50060
500;100;4;QuickSort;15626;6398;2740;23740
500;100;4;InsertionSort;180490;60160;0;46550
500;100;4;BubbleSort;483874;122605;59666;243730
500;100;4;MergeSort;8976;3862;0;78210
500;100;4;CountingSort;1501;0;0;67750
500;100;4;QuickSort;18918;7497;3467;39170
500;100;4;InsertionSort;186113;62035;0;55560
500;100;4;BubbleSort;492580;123210;61540;1210714
500;100;4;MergeSort;8976;3855;0;1101104
500;100;4;CountingSort;1501;0;0;46340
500;100;4;QuickSort;18961;7633;3444;20370
500;100;4;InsertionSort;191464;63816;0;39870
500;100;4;BubbleSort;502098;124399;63325;162420
500;100;4;MergeSort;8976;3834;0;48700
500;100;4;CountingSort;1501;0;0;48630
500;100;4;QuickSort;15477;6873;2538;22970
500;100;4;InsertionSort;193760;64582;0;50840
500;100;4;BubbleSort;504054;123847;64090;176251
500;100;4;MergeSort;8976;3855;0;45061
500;100;4;CountingSort;1501;0;0;52840
500;100;4;QuickSort;17597;7103;3160;20150
500;100;4;InsertionSort;187870;62620;0;42680
500;100;4;BubbleSort;497822;124659;62126;249511
500;100;4;MergeSort;8976;3839;0;66790
500;100;4;CountingSort;1501;0;0;70420
500;100;4;QuickSort;15564;6408;2715;32890
500;100;4;InsertionSort;180910;60298;0;36170
500;100;4;BubbleSort;488308;124540;59807;251631
500;100;4;MergeSort;8976;3842;0;77051
500;100;4;CountingSort;1501;0;0;47520
500;100;4;QuickSort;18358;7474;3305;34020
500;100;4;InsertionSort;189265;63087;0;40890
500;100;4;BubbleSort;499588;124614;62590;198051
500;100;4;MergeSort;8976;3870;0;57491
500;100;4;CountingSort;1501;0;0;67800
500;100;4;QuickSort;17141;7052;3030;34920
500;100;4;InsertionSort;194443;64809;0;55690
500;100;4;BubbleSort;505960;124344;64318;164650
500;100;4;MergeSort;8976;3881;0;64100
500;100;4;CountingSort;1501;0;0;62000
500;100;4;QuickSort;16963;7033;2973;23060
500;100;4;InsertionSort;182415;60803;0;28781
500;100;4;BubbleSort;489396;124084;60307;193040
500;100;4;MergeSort;8976;3866;0;62470
500;100;4;CountingSort;1501;0;0;79250
500;100;4;QuickSort;18418;7573;3277;47370
500;100;4;InsertionSort;189427;63139;0;45470
500;100;4;BubbleSort;498100;123760;62645;209851
500;100;4;MergeSort;8976;3869;0;47251
500;100;4;CountingSort;1501;0;0;73010
500;100;4;QuickSort;17286;7275;2999;28610
500;100;4;InsertionSort;188683;62891;0;44110
500;100;4;BubbleSort;498932;124672;62397;163740
500;100;4;MergeSort;8976;3845;0;73270
500;100;4;CountingSort;1501;0;0;49250
500;100;4;QuickSort;19510;7912;3531;20950
500;100;4;InsertionSort;190609;63533;0;113200
500;100;4;BubbleSort;501546;124695;63039;246851
500;100;4;MergeSort;8976;3858;0;61410
500;100;4;CountingSort;1501;0;0;21160
500;100;4;QuickSort;15370;6289;2697;18960
500;100;4;InsertionSort;194526;64838;0;54780
500;100;4;BubbleSort;506124;124372;64345;189950
500;100;4;MergeSort;8976;3852;0;54140
500;100;4;CountingSort;1501;0;0;11010
500;100;4;QuickSort;17306;7283;3005;32181
500;100;4;InsertionSort;189389;63127;0;53630
500;100;4;BubbleSort;499522;124497;62632;192230
500;100;4;MergeSort;8976;3868;0;97040
500;100;4;CountingSort;1501;0;0;11340
500;100;4;QuickSort;18184;7297;3291;31170
500;100;4;InsertionSort;193727;64571;0;290701
500;100;4;BubbleSort;505684;124684;64079;403161
500;100;4;MergeSort;8976;3863;0;56121
500;100;4;CountingSort;1501;0;0;11660
500;100;4;QuickSort;19209;7896;3440;21280
500;100;4;InsertionSort;187460;62484;0;41370
500;100;4;BubbleSort;497076;124560;61989;211080
500;100;4;MergeSort;8976;3852;0;62310
500;100;4;CountingSort;1501;0;0;19110
500;100;4;QuickSort;17013;7485;2848;21120
500;100;4;InsertionSort;192022;64006;0;29411
500;100;4;BubbleSort;502666;124315;63509;152710
500;100;4;MergeSort;8976;3866;0;58520
500;100;4;CountingSort;1501;0;0;14540
500;100;4;QuickSort;15681;6666;2671;27390
500;100;4;InsertionSort;190244;63414;0;29180
500;100;4;BubbleSort;500514;124425;62916;249281
500;100;4;MergeSort;8976;3849;0;80030
500;100;4;CountingSort;1501;0;0;11030
500;100;4;QuickSort;17115;7065;3020;27340
500;100;4;InsertionSort;190533;63509;0;38130
500;100;4;BubbleSort;499002;123475;63013;251060
500;100;4;MergeSort;8976;3832;0;89360
500;100;4;CountingSort;1501;0;0;11050
500;100;4;QuickSort;18953;7595;3452;26750
500;100;4;InsertionSort;194148;64714;0;46760
500;100;4;BubbleSort;505722;124425;64218;193961
500;100;4;MergeSort;8976;3815;0;70040
500;100;4;CountingSort;1501;0;0;14480
500;100;4;QuickSort;16969;6961;3000;25340
500;100;4;InsertionSort;194661;64883;0;47810
500;100;4;BubbleSort;506190;124315;64390;180811
500;100;4;MergeSort;8976;3843;0;73090
500;100;4;CountingSort;1501;0;0;15030
500;100;4;QuickSort;22185;8661;4179;27940
500;100;4;InsertionSort;184769;61589;0;39680
500;100;4;BubbleSort;492142;123889;61091;252151
500;100;4;MergeSort;8976;3850;0;74831
500;100;4;CountingSort;1501;0;0;14050
500;100;4;QuickSort;15526;6817;2576;25610
500;100;4;InsertionSort;199033;66339;0;43070
500;100;4;BubbleSort;512682;124645;65848;205570
500;100;4;MergeSort;8976;3851;0;117230
500;100;4;CountingSort;1501;0;0;11320
500;100;4;QuickSort;17129;6935;3058;25800
500;100;4;InsertionSort;187790;62594;0;35400
500;100;4;BubbleSort;496004;123804;62099;208560
500;100;4;MergeSort;8976;3864;0;63770
500;100;4;CountingSort;1501;0;0;16331
500;100;4;QuickSort;14975;6260;2574;31760
500;100;4;InsertionSort;184809;61599;0;43000
500;100;4;BubbleSort;491168;123372;61106;218010
500;100;4;MergeSort;8976;3872;0;59670
500;100;4;CountingSort;1501;0;0;13940
500;100;4;QuickSort;19661;8156;3509;46841
500;100;4;InsertionSort;196797;65595;0;56600
500;100;4;BubbleSort;509836;124714;65102;172480
500;100;4;MergeSort;8976;3854;0;58220
500;100;4;CountingSort;1501;0;0;11200
500;100;4;QuickSort;17474;7424;3025;20690
500;100;4;InsertionSort;185927;61971;0;54010
500;100;4;BubbleSort;494996;124540;61479;152590
500;100;4;MergeSort;8976;3836;0;47090
500;100;4;CountingSort;1501;0;0;14630
500;100;4;QuickSort;15364;6667;2564;25841
500;100;4;InsertionSort;184408;61466;0;162640
500;100;4;BubbleSort;491828;123970;60972;333721
500;100;4;MergeSort;8976;3848;0;73731
500;100;4;CountingSort;1501;0;0;11270
500;100;4;QuickSort;18193;7381;3277;25780
500;100;4;InsertionSort;183916;61304;0;53090
500;100;4;BubbleSort;492422;124597;60807;234330
500;100;4;MergeSort;8976;3865;0;88290
500;100;4;CountingSort;1501;0;0;16020
500;100;4;QuickSort;16723;6901;2946;21000
500;100;4;InsertionSort;190264;63416;0;44780
500;100;4;BubbleSort;499794;124047;62925;212731
500;100;4;MergeSort;8976;3866;0;51160
500;100;4;CountingSort;1501;0;0;16200
500;100;4;QuickSort;17081;7142;2975;26760
500;100;4;InsertionSort;190989;63661;0;111180
500;100;4;BubbleSort;501560;124450;63165;317461
500;100;4;MergeSort;8976;3835;0;49680
500;100;4;CountingSort;1501;0;0;13150
500;100;4;QuickSort;19387;7909;3494;27550
500;100;4;InsertionSort;184861;61617;0;31130
500;100;4;BubbleSort;493572;124540;61123;239861
500;100;4;MergeSort;8976;3842;0;65451
500;100;4;CountingSort;1501;0;0;10910
500;100;4;QuickSort;16656;7107;2849;21780
500;100;4;InsertionSort;181273;60423;0;39530
500;100;4;BubbleSort;488082;124189;59926;203261
500;100;4;MergeSort;8976;3862;0;46070
500;100;4;CountingSort;1501;0;0;10980
500;100;4;QuickSort;16809;6879;2979;20760
500;100;4;InsertionSort;186302;62098;0;28801
500;100;4;BubbleSort;495262;124425;61603;200790
500;100;4;MergeSort;8976;3857;0;65630
500;100;4;CountingSort;1501;0;0;27470
500;100;4;QuickSort;17890;7105;3255;22570
500;100;4;InsertionSort;188521;62833;0;46470
500;100;4;BubbleSort;497950;124285;62345;229990
500;100;4;MergeSort;8976;3877;0;76960
500;100;4;CountingSort;1501;0;0;10940
500;100;4;QuickSort;16280;6812;2825;26180
500;100;4;InsertionSort;188592;62860;0;55161
500;100;4;BubbleSort;498758;124645;62367;186720
500;100;4;MergeSort;8976;3854;0;62530
500;100;4;CountingSort;1501;0;0;24680
500;100;4;QuickSort;17171;6950;3072;27720
500;100;4;InsertionSort;190992;63660;0;29030
500;100;4;BubbleSort;501412;124372;63167;222510
500;100;4;MergeSort;8976;3874;0;48020
500;100;4;CountingSort;1501;0;0;11200
500;100;4;QuickSort;19462;7774;3557;28650
500;100;4;InsertionSort;199231;66409;0;39410
500;100;4;BubbleSort;511078;123715;65912;276171
500;100;4;MergeSort;8976;3840;0;81080
500;100;4;CountingSort;1501;0;0;15550
500;100;4;QuickSort;19259;8030;3406;22010
500;100;4;InsertionSort;186811;62265;0;44070
500;100;4;BubbleSort;495666;124285;61774;258921
500;100;4;MergeSort;8976;3835;0;72010
500;100;4;CountingSort;1501;0;0;11000
500;100;4;QuickSort;21495;8595;3973;21760
500;100;4;InsertionSort;190070;63354;0;37270
500;100;4;BubbleSort;500664;124614;62859;211430
500;100;4;MergeSort;8976;3855;0;66740
500;100;4;CountingSort;1501;0;0;10910
500;100;4;QuickSort;19310;7790;3506;21210
500;100;4;InsertionSort;196692;65560;0;37860
500;100;4;BubbleSort;509612;124672;65067;200361
500;100;4;MergeSort;8976;3847;0;45850
500;100;4;CountingSort;1501;0;0;32230
500;100;4;QuickSort;16226;6740;2819;53620
500;100;4;InsertionSort;188395;62797;0;40510
500;100;4;BubbleSort;497888;124344;62300;201130
500;100;4;MergeSort;8976;3865;0;66610
500;100;4;CountingSort;1501;0;0;15200
500;100;4;QuickSort;16577;6650;2974;20780
500;100;4;InsertionSort;196402;65462;0;39331
500;100;4;BubbleSort;509328;124722;64971;162970
500;100;4;MergeSort;8976;3871;0;60360
500;100;4;CountingSort;1501;0;0;22050
500;100;4;QuickSort;16935;7146;2931;27480
500;100;4;InsertionSort;190055;63347;0;36700
500;100;4;BubbleSort;499588;124084;62855;242790
500;100;4;MergeSort;8976;3838;0;69950
500;100;4;CountingSort;1501;0;0;11710
500;100;4;QuickSort;16314;6744;2856;21000
500;100;4;InsertionSort;187059;62349;0;28760
500;100;4;BubbleSort;496768;124672;61856;143051
500;100;4;MergeSort;8976;3865;0;48990
500;100;4;CountingSort;1501;0;0;11310
500;100;4;QuickSort;17493;7371;3042;22460
500;100;4;InsertionSort;195939;65311;0;45900
500;100;4;BubbleSort;508380;124560;64815;221691
500;100;4;MergeSort;8976;3830;0;80011
500;100;4;CountingSort;1501;0;0;22170
500;100;4;QuickSort;16097;6554;2842;35780
500;100;4;InsertionSort;178512;59500;0;44230
500;100;4;BubbleSort;484658;124315;59007;204500
500;100;4;MergeSort;8976;3837;0;57620
500;100;4;CountingSort;1501;0;0;13990
500;100;4;QuickSort;20772;8331;3804;27070
500;100;4;InsertionSort;199068;66352;0;51991
500;100;4;BubbleSort;512286;124425;65859;239410
500;100;4;MergeSort;8976;3858;0;81310
500;100;4;CountingSort;1501;0;0;13490
500;100;4;QuickSort;15363;6585;2589;27240
500;100;4;InsertionSort;188507;62831;0;37060
500;100;4;BubbleSort;497596;124120;62339;244781
500;100;4;MergeSort;8976;3871;0;76441
500;100;4;CountingSort;1501;0;0;18430
500;100;4;QuickSort;18538;7519;3333;47720
500;100;4;InsertionSort;186571;62185;0;32510
500;100;4;BubbleSort;494020;123622;61694;163501
500;100;4;MergeSort;8976;3867;0;58771
500;100;4;CountingSort;1501;0;0;12020
500;100;4;QuickSort;15915;6594;2776;25890
500;100;4;InsertionSort;185446;61812;0;36350
500;100;4;BubbleSort;493650;124189;61318;200841
500;100;4;MergeSort;8976;3867;0;61881
500;100;4;CountingSort;1501;0;0;22410
500;100;4;QuickSort;16906;6871;3008;25890
500;100;4;InsertionSort;192900;64296;0;58890
500;100;4;BubbleSort;503842;124315;63803;263341
500;100;4;MergeSort;8976;3841;0;74020
500;100;4;CountingSort;1501;0;0;11110
500;100;4;QuickSort;17927;7103;3270;26260
500;100;4;InsertionSort;191130;63704;0;50430
500;100;4;BubbleSort;499494;123319;63214;245320
500;100;4;MergeSort;8976;3856;0;66780
500;100;4;CountingSort;1501;0;0;16360
500;100;4;QuickSort;15854;6614;2749;28520
500;100;4;InsertionSort;180575;60187;0;45790
500;100;4;BubbleSort;487350;124285;59695;187971
500;100;4;MergeSort;8976;3839;0;69381
500;100;4;CountingSort;1501;0;0;19381
500;100;4;QuickSort;16600;6916;2896;27090
500;100;4;InsertionSort;193157;64383;0;57170
500;100;4;BubbleSort;502296;123372;63888;185980
500;100;4;MergeSort;8976;3877;0;62170
500;100;4;CountingSort;1501;0;0;17060
500;100;4;QuickSort;17955;7485;3161;25400
500;100;4;InsertionSort;180423;60137;0;87670
500;100;4;BubbleSort;486594;124009;59644;263780
500;100;4;MergeSort;8976;3867;0;67960
500;100;4;CountingSort;1501;0;0;17180
500;100;4;QuickSort;18033;7608;3140;25661
500;100;4;InsertionSort;190547;63509;0;46020
500;100;4;BubbleSort;501448;124684;63020;144450
500;100;4;MergeSort;8976;3849;0;72950
500;100;4;CountingSort;1501;0;0;17071
500;100;4;QuickSort;15769;6385;2797;30370
500;100;4;InsertionSort;188930;62970;0;52780
500;100;4;BubbleSort;499152;124614;62481;196690
500;100;4;MergeSort;8976;3852;0;71730
500;100;4;CountingSort;1501;0;0;43720
500;100;4;QuickSort;16808;6983;2944;23940
500;100;4;InsertionSort;186587;62191;0;44820
500;100;4;BubbleSort;496024;124614;61699;187741
500;100;4;MergeSort;8976;3862;0;68671
500;100;4;CountingSort;1501;0;0;17761
500;100;4;QuickSort;16988;6902;3040;29630
500;100;4;InsertionSort;175140;58376;0;168020
500;100;4;BubbleSort;481020;124744;57883;291661
500;100;4;MergeSort;8976;3859;0;47130
500;100;4;CountingSort;1501;0;0;11430
500;100;4;QuickSort;16236;6723;2842;25691
500;100;4;InsertionSort;199396;66462;0;57440
500;100;4;BubbleSort;513330;124729;65968;222660
500;100;4;MergeSort;8976;3876;0;70160
500;100;4;CountingSort;1501;0;0;13920
500;100;4;QuickSort;18368;7751;3203;29150
500;100;4;InsertionSort;193654;64544;0;56021
500;100;4;BubbleSort;503654;123715;64056;173710
500;100;4;MergeSort;8976;3850;0;55620
500;100;4;CountingSort;1501;0;0;35430
500;100;4;QuickSort;16739;6854;2952;26520
500;100;4;InsertionSort;194496;64826;0;50860
500;100;4;BubbleSort;506634;124645;64336;156370
500;100;4;MergeSort;8976;3874;0;86520
500;100;4;CountingSort;1501;0;0;11590
500;100;4;QuickSort;17296;7183;3046;21180
500;100;4;InsertionSort;188557;62849;0;45210
500;100;4;BubbleSort;498050;124315;62355;223481
500;100;4;MergeSort;8976;3863;0;76240
500;100;4;CountingSort;1501;0;0;11200
500;100;4;QuickSort;17158;7078;3025;20770
500;100;4;InsertionSort;189109;63031;0;39060
500;100;4;BubbleSort;498470;124155;62540;269811
500;100;4;MergeSort;8976;3819;0;92740
500;100;4;CountingSort;1501;0;0;8810
500;100;4;QuickSort;16935;6891;3022;20360
500;100;4;InsertionSort;183590;61192;0;45340
500;100;4;BubbleSort;490408;123804;60700;220741
500;100;4;MergeSort;8976;3840;0;53560
500;100;4;CountingSort;1501;0;0;25910
500;100;4;QuickSort;18188;7427;3254;21510
500;100;4;InsertionSort;183435;61141;0;29370
500;100;4;BubbleSort;491100;124254;60648;194260
500;100;4;MergeSort;8976;3861;0;45160
500;100;4;CountingSort;1501;0;0;13940
500;100;4;QuickSort;18492;7713;3263;61900
500;100;4;InsertionSort;196349;65447;0;300031
500;100;4;BubbleSort;508496;124344;64952;423751
500;100;4;MergeSort;8976;3847;0;108291
500;100;4;CountingSort;1501;0;0;10870
500;100;4;QuickSort;16136;6680;2821;26300
500;100;4;InsertionSort;189999;63327;0;55050
500;100;4;BubbleSort;500542;124597;62837;186991
500;100;4;MergeSort;8976;3854;0;59780
500;100;4;CountingSort;1501;0;0;8010
500;100;4;QuickSort;18397;7450;3314;21190
500;100;4;InsertionSort;190750;63578;0;36400
500;100;4;BubbleSort;501608;124630;63087;181281
500;100;4;MergeSort;8976;3861;0;44030
500;100;4;CountingSort;1501;0;0;7920
500;100;4;QuickSort;19478;7952;3511;27660
500;100;4;InsertionSort;187613;62535;0;41700
500;100;4;BubbleSort;496178;124009;62040;180030
500;100;4;MergeSort;8976;3868;0;60350
500;100;4;CountingSort;1501;0;0;6480
500;100;4;QuickSort;21855;8730;4043;22690
500;100;4;InsertionSort;193898;64630;0;161031
500;100;4;BubbleSort;505984;124722;64135;258281
500;100;4;MergeSort;8976;3852;0;49670
500;100;4;CountingSort;1501;0;0;6300
500;100;4;QuickSort;17929;8023;2960;21810
500;100;4;InsertionSort;188039;62677;0;140290
500;100;4;BubbleSort;495366;123319;62182;244081
500;100;4;MergeSort;8976;3850;0;66870
500;100;4;CountingSort;1501;0;0;5020
500;100;4;QuickSort;16405;6562;2946;26590
500;100;4;InsertionSort;188957;62983;0;36000
500;100;4;BubbleSort;497730;123889;62488;165280
500;100;4;MergeSort;8976;3871;0;55210
500;100;4;CountingSort;1501;0;0;6450
500;100;4;QuickSort;20244;8247;3659;31920
500;100;4;InsertionSort;190032;63340;0;154920
500;100;4;BubbleSort;497106;122859;62847;262441
500;100;4;MergeSort;8976;3839;0;74410
500;100;4;CountingSort;1501;0;0;6440
500;100;4;QuickSort;16380;6714;2890;25440
500;100;4;InsertionSort;185387;61793;0;73490
500;100;4;BubbleSort;493570;124189;61298;274651
500;100;4;MergeSort;8976;3860;0;128421
500;100;4;CountingSort;1501;0;0;12700
500;100;4;QuickSort;17254;7576;2891;27180
500;100;4;InsertionSort;189441;63141;0;38220
500;100;4;BubbleSort;500014;124705;62651;279601
500;100;4;MergeSort;8976;3837;0;119400
500;100;4;CountingSort;1501;0;0;7200
500;100;4;QuickSort;18277;7450;3278;26100
500;100;4;InsertionSort;194403;64795;0;38380
500;100;4;BubbleSort;506414;124597;64305;197330
500;100;4;MergeSort;8976;3847;0;53500
500;100;4;CountingSort;1501;0;0;9540
500;100;4;QuickSort;16313;6701;2872;40290
500;100;4;InsertionSort;184903;61629;0;51030
500;100;4;BubbleSort;492996;124222;61138;166541
500;100;4;MergeSort;8976;3852;0;66530
