taille;desordre;typeDesordre;algo;accesses;comparisons;swaps;timeNano
1000;0;1;CountingSort;3001;0;0;213680
1000;0;1;QuickSort;42506;17534;7666;1226733
1000;0;1;InsertionSort;2997;999;0;194641
1000;0;1;BubbleSort;1998;999;0;135381
1000;0;1;MergeSort;19952;5044;0;761733
1000;0;1;CountingSort;3001;0;0;85240
1000;0;1;QuickSort;39412;16762;6875;160110
1000;0;1;InsertionSort;2997;999;0;99750
1000;0;1;BubbleSort;1998;999;0;81270
1000;0;1;MergeSort;19952;5044;0;112041
1000;0;1;CountingSort;3001;0;0;124600
1000;0;1;QuickSort;43319;18011;7778;226520
1000;0;1;InsertionSort;2997;999;0;81620
1000;0;1;BubbleSort;1998;999;0;63510
1000;0;1;MergeSort;19952;5044;0;95210
1000;0;1;CountingSort;3001;0;0;105971
1000;0;1;QuickSort;36354;15012;6464;162570
1000;0;1;InsertionSort;2997;999;0;92310
1000;0;1;BubbleSort;1998;999;0;80560
1000;0;1;MergeSort;19952;5044;0;104621
1000;0;1;CountingSort;3001;0;0;138190
1000;0;1;QuickSort;37912;16237;6554;224680
1000;0;1;InsertionSort;2997;999;0;101810
1000;0;1;BubbleSort;1998;999;0;76700
1000;0;1;MergeSort;19952;5044;0;111541
1000;0;1;CountingSort;3001;0;0;128610
1000;0;1;QuickSort;36014;15461;6188;243201
1000;0;1;InsertionSort;2997;999;0;105091
1000;0;1;BubbleSort;1998;999;0;52910
1000;0;1;MergeSort;19952;5044;0;90881
1000;0;1;CountingSort;3001;0;0;159211
1000;0;1;QuickSort;38856;16254;6865;199821
1000;0;1;InsertionSort;2997;999;0;87811
1000;0;1;BubbleSort;1998;999;0;81941
1000;0;1;MergeSort;19952;5044;0;90350
1000;0;1;CountingSort;3001;0;0;113941
1000;0;1;QuickSort;36950;15230;6571;127981
1000;0;1;InsertionSort;2997;999;0;101751
1000;0;1;BubbleSort;1998;999;0;54501
1000;0;1;MergeSort;19952;5044;0;130350
1000;0;1;CountingSort;3001;0;0;150741
1000;0;1;QuickSort;36113;15155;6329;626562
1000;0;1;InsertionSort;2997;999;0;78571
1000;0;1;BubbleSort;1998;999;0;67961
1000;0;1;MergeSort;19952;5044;0;90580
1000;0;1;CountingSort;3001;0;0;99600
1000;0;1;QuickSort;40141;16987;7063;676732
1000;0;1;InsertionSort;2997;999;0;134251
1000;0;1;BubbleSort;1998;999;0;78551
1000;0;1;MergeSort;19952;5044;0;91091
1000;0;1;CountingSort;3001;0;0;108260
1000;0;1;QuickSort;39190;15976;7077;849013
1000;0;1;InsertionSort;2997;999;0;87980
1000;0;1;BubbleSort;1998;999;0;111721
1000;0;1;MergeSort;19952;5044;0;79371
1000;0;1;CountingSort;3001;0;0;113460
1000;0;1;QuickSort;37125;15876;6409;221341
1000;0;1;InsertionSort;2997;999;0;96900
1000;0;1;BubbleSort;1998;999;0;98911
1000;0;1;MergeSort;19952;5044;0;66690
1000;0;1;CountingSort;3001;0;0;155090
1000;0;1;QuickSort;41698;17542;7392;104160
1000;0;1;InsertionSort;2997;999;0;121420
1000;0;1;BubbleSort;1998;999;0;92700
1000;0;1;MergeSort;19952;5044;0;93110
1000;0;1;CountingSort;3001;0;0;163591
1000;0;1;QuickSort;33511;14629;5626;76530
1000;0;1;InsertionSort;2997;999;0;138041
1000;0;1;BubbleSort;1998;999;0;109021
1000;0;1;MergeSort;19952;5044;0;117660
1000;0;1;CountingSort;3001;0;0;88810
1000;0;1;QuickSort;36996;15705;6437;44940
1000;0;1;InsertionSort;2997;999;0;99350
1000;0;1;BubbleSort;1998;999;0;86920
1000;0;1;MergeSort;19952;5044;0;62511
1000;0;1;CountingSort;3001;0;0;164450
1000;0;1;QuickSort;36892;15379;6504;34770
1000;0;1;InsertionSort;2997;999;0;108660
1000;0;1;BubbleSort;1998;999;0;58810
1000;0;1;MergeSort;19952;5044;0;107991
1000;0;1;CountingSort;3001;0;0;52860
1000;0;1;QuickSort;40233;16557;7217;46930
1000;0;1;InsertionSort;2997;999;0;105020
1000;0;1;BubbleSort;1998;999;0;72850
1000;0;1;MergeSort;19952;5044;0;59110
1000;0;1;CountingSort;3001;0;0;93421
1000;0;1;QuickSort;37145;15794;6456;72421
1000;0;1;InsertionSort;2997;999;0;80710
1000;0;1;BubbleSort;1998;999;0;62150
1000;0;1;MergeSort;19952;5044;0;90130
1000;0;1;CountingSort;3001;0;0;18760
1000;0;1;QuickSort;39345;16695;6870;38160
1000;0;1;InsertionSort;2997;999;0;96310
1000;0;1;BubbleSort;1998;999;0;87090
1000;0;1;MergeSort;19952;5044;0;63791
1000;0;1;CountingSort;3001;0;0;27000
1000;0;1;QuickSort;40278;16815;7156;26921
1000;0;1;InsertionSort;2997;999;0;72500
1000;0;1;BubbleSort;1998;999;0;52880
1000;0;1;MergeSort;19952;5044;0;71110
1000;0;1;CountingSort;3001;0;0;16390
1000;0;1;QuickSort;36961;15595;6457;26610
1000;0;1;InsertionSort;2997;999;0;93191
1000;0;1;BubbleSort;1998;999;0;51561
1000;0;1;MergeSort;19952;5044;0;55980
1000;0;1;CountingSort;3001;0;0;17410
1000;0;1;QuickSort;41060;17135;7314;36541
1000;0;1;InsertionSort;2997;999;0;122920
1000;0;1;BubbleSort;1998;999;0;99330
1000;0;1;MergeSort;19952;5044;0;120430
1000;0;1;CountingSort;3001;0;0;25010
1000;0;1;QuickSort;41642;17843;7273;32460
1000;0;1;InsertionSort;2997;999;0;117541
1000;0;1;BubbleSort;1998;999;0;96441
1000;0;1;MergeSort;19952;5044;0;68610
1000;0;1;CountingSort;3001;0;0;17730
1000;0;1;QuickSort;39459;16380;7025;136260
1000;0;1;InsertionSort;2997;999;0;80050
1000;0;1;BubbleSort;1998;999;0;51290
1000;0;1;MergeSort;19952;5044;0;1172993
1000;0;1;CountingSort;3001;0;0;24930
1000;0;1;QuickSort;36708;15753;6329;89860
1000;0;1;InsertionSort;2997;999;0;78860
1000;0;1;BubbleSort;1998;999;0;55700
1000;0;1;MergeSort;19952;5044;0;65320
1000;0;1;CountingSort;3001;0;0;21400
1000;0;1;QuickSort;37262;16385;6289;27970
1000;0;1;InsertionSort;2997;999;0;105240
1000;0;1;BubbleSort;1998;999;0;88120
1000;0;1;MergeSort;19952;5044;0;25940
1000;0;1;CountingSort;3001;0;0;16040
1000;0;1;QuickSort;40956;17982;6993;30430
1000;0;1;InsertionSort;2997;999;0;95811
1000;0;1;BubbleSort;1998;999;0;50010
1000;0;1;MergeSort;19952;5044;0;36090
1000;0;1;CountingSort;3001;0;0;16020
1000;0;1;QuickSort;41238;17556;7226;41240
1000;0;1;InsertionSort;2997;999;0;88680
1000;0;1;BubbleSort;1998;999;0;86390
1000;0;1;MergeSort;19952;5044;0;47100
1000;0;1;CountingSort;3001;0;0;14570
1000;0;1;QuickSort;34335;15027;5773;53140
1000;0;1;InsertionSort;2997;999;0;87110
1000;0;1;BubbleSort;1998;999;0;67260
1000;0;1;MergeSort;19952;5044;0;58850
1000;0;1;CountingSort;3001;0;0;16070
1000;0;1;QuickSort;42016;18331;7237;28290
1000;0;1;InsertionSort;2997;999;0;83400
1000;0;1;BubbleSort;1998;999;0;89081
1000;0;1;MergeSort;19952;5044;0;29861
1000;0;1;CountingSort;3001;0;0;17290
1000;0;1;QuickSort;44963;18719;8083;45220
1000;0;1;InsertionSort;2997;999;0;102541
1000;0;1;BubbleSort;1998;999;0;62471
1000;0;1;MergeSort;19952;5044;0;44671
1000;0;1;CountingSort;3001;0;0;17030
1000;0;1;QuickSort;37544;16037;6501;28010
1000;0;1;InsertionSort;2997;999;0;106980
1000;0;1;BubbleSort;1998;999;0;126481
1000;0;1;MergeSort;19952;5044;0;92281
1000;0;1;CountingSort;3001;0;0;17290
1000;0;1;QuickSort;36933;15486;6480;27370
1000;0;1;InsertionSort;2997;999;0;85380
1000;0;1;BubbleSort;1998;999;0;78360
1000;0;1;MergeSort;19952;5044;0;66460
1000;0;1;CountingSort;3001;0;0;19150
1000;0;1;QuickSort;39126;16758;6791;43510
1000;0;1;InsertionSort;2997;999;0;136740
1000;0;1;BubbleSort;1998;999;0;93050
1000;0;1;MergeSort;19952;5044;0;29150
1000;0;1;CountingSort;3001;0;0;26120
1000;0;1;QuickSort;39298;16471;6951;40040
1000;0;1;InsertionSort;2997;999;0;119021
1000;0;1;BubbleSort;1998;999;0;81200
1000;0;1;MergeSort;19952;5044;0;35620
1000;0;1;CountingSort;3001;0;0;26750
1000;0;1;QuickSort;36234;15597;6214;36480
1000;0;1;InsertionSort;2997;999;0;109810
1000;0;1;BubbleSort;1998;999;0;68180
1000;0;1;MergeSort;19952;5044;0;74600
1000;0;1;CountingSort;3001;0;0;17670
1000;0;1;QuickSort;41137;17227;7298;33570
1000;0;1;InsertionSort;2997;999;0;93040
1000;0;1;BubbleSort;1998;999;0;82811
1000;0;1;MergeSort;19952;5044;0;40671
1000;0;1;CountingSort;3001;0;0;25140
1000;0;1;QuickSort;36199;15403;6274;33220
1000;0;1;InsertionSort;2997;999;0;79300
1000;0;1;BubbleSort;1998;999;0;74631
1000;0;1;MergeSort;19952;5044;0;48271
1000;0;1;CountingSort;3001;0;0;21680
1000;0;1;QuickSort;39159;16335;6938;42960
1000;0;1;InsertionSort;2997;999;0;81770
1000;0;1;BubbleSort;1998;999;0;65700
1000;0;1;MergeSort;19952;5044;0;63460
1000;0;1;CountingSort;3001;0;0;29350
1000;0;1;QuickSort;35588;15125;6166;38740
1000;0;1;InsertionSort;2997;999;0;116151
1000;0;1;BubbleSort;1998;999;0;89450
1000;0;1;MergeSort;19952;5044;0;101220
1000;0;1;CountingSort;3001;0;0;28590
1000;0;1;QuickSort;41647;17440;7391;39390
1000;0;1;InsertionSort;2997;999;0;85730
1000;0;1;BubbleSort;1998;999;0;56050
1000;0;1;MergeSort;19952;5044;0;55711
1000;0;1;CountingSort;3001;0;0;75501
1000;0;1;QuickSort;38473;15823;6871;51470
1000;0;1;InsertionSort;2997;999;0;75320
1000;0;1;BubbleSort;1998;999;0;56830
1000;0;1;MergeSort;19952;5044;0;52300
1000;0;1;CountingSort;3001;0;0;14940
1000;0;1;QuickSort;42993;17871;7707;28610
1000;0;1;InsertionSort;2997;999;0;75640
1000;0;1;BubbleSort;1998;999;0;67530
1000;0;1;MergeSort;19952;5044;0;60130
1000;0;1;CountingSort;3001;0;0;18160
1000;0;1;QuickSort;38147;16484;6549;29740
1000;0;1;InsertionSort;2997;999;0;79860
1000;0;1;BubbleSort;1998;999;0;76840
1000;0;1;MergeSort;19952;5044;0;63550
1000;0;1;CountingSort;3001;0;0;16950
1000;0;1;QuickSort;36501;16026;6155;27920
1000;0;1;InsertionSort;2997;999;0;105050
1000;0;1;BubbleSort;1998;999;0;72730
1000;0;1;MergeSort;19952;5044;0;78000
1000;0;1;CountingSort;3001;0;0;18340
1000;0;1;QuickSort;35803;14962;6276;53960
1000;0;1;InsertionSort;2997;999;0;84080
1000;0;1;BubbleSort;1998;999;0;77831
1000;0;1;MergeSort;19952;5044;0;86431
1000;0;1;CountingSort;3001;0;0;22060
1000;0;1;QuickSort;38261;15527;6911;37531
1000;0;1;InsertionSort;2997;999;0;87080
1000;0;1;BubbleSort;1998;999;0;84950
1000;0;1;MergeSort;19952;5044;0;91850
1000;0;1;CountingSort;3001;0;0;16680
1000;0;1;QuickSort;34861;15037;5939;27180
1000;0;1;InsertionSort;2997;999;0;97010
1000;0;1;BubbleSort;1998;999;0;120030
1000;0;1;MergeSort;19952;5044;0;52640
1000;0;1;CountingSort;3001;0;0;23560
1000;0;1;QuickSort;41904;17358;7520;48260
1000;0;1;InsertionSort;2997;999;0;103180
1000;0;1;BubbleSort;1998;999;0;86710
1000;0;1;MergeSort;19952;5044;0;53410
1000;0;1;CountingSort;3001;0;0;20770
1000;0;1;QuickSort;40962;16902;7355;49970
1000;0;1;InsertionSort;2997;999;0;99960
1000;0;1;BubbleSort;1998;999;0;135591
1000;0;1;MergeSort;19952;5044;0;105351
1000;0;1;CountingSort;3001;0;0;30590
1000;0;1;QuickSort;36630;15207;6473;32720
1000;0;1;InsertionSort;2997;999;0;104310
1000;0;1;BubbleSort;1998;999;0;95890
1000;0;1;MergeSort;19952;5044;0;77600
1000;0;1;CountingSort;3001;0;0;23310
1000;0;1;QuickSort;43212;18222;7670;62710
1000;0;1;InsertionSort;2997;999;0;123261
1000;0;1;BubbleSort;1998;999;0;82810
1000;0;1;MergeSort;19952;5044;0;86800
1000;0;1;CountingSort;3001;0;0;24770
1000;0;1;QuickSort;38414;17243;6385;67050
1000;0;1;InsertionSort;2997;999;0;74890
1000;0;1;BubbleSort;1998;999;0;62080
1000;0;1;MergeSort;19952;5044;0;81060
1000;0;1;CountingSort;3001;0;0;16390
1000;0;1;QuickSort;37506;16077;6473;31650
1000;0;1;InsertionSort;2997;999;0;84000
1000;0;1;BubbleSort;1998;999;0;59490
1000;0;1;MergeSort;19952;5044;0;83051
1000;0;1;CountingSort;3001;0;0;18160
1000;0;1;QuickSort;36186;16275;5958;29660
1000;0;1;InsertionSort;2997;999;0;86621
1000;0;1;BubbleSort;1998;999;0;64421
1000;0;1;MergeSort;19952;5044;0;69290
1000;0;1;CountingSort;3001;0;0;10270
1000;0;1;QuickSort;38860;16288;6858;31180
1000;0;1;InsertionSort;2997;999;0;91051
1000;0;1;BubbleSort;1998;999;0;80391
1000;0;1;MergeSort;19952;5044;0;93750
1000;0;1;CountingSort;3001;0;0;7420
1000;0;1;QuickSort;42238;17119;7695;31710
1000;0;1;InsertionSort;2997;999;0;106950
1000;0;1;BubbleSort;1998;999;0;56360
1000;0;1;MergeSort;19952;5044;0;81690
1000;0;1;CountingSort;3001;0;0;7750
1000;0;1;QuickSort;39500;16808;6886;38530
1000;0;1;InsertionSort;2997;999;0;81601
1000;0;1;BubbleSort;1998;999;0;60091
1000;0;1;MergeSort;19952;5044;0;86680
1000;0;1;CountingSort;3001;0;0;8000
1000;0;1;QuickSort;38758;16744;6678;30021
1000;0;1;InsertionSort;2997;999;0;100740
1000;0;1;BubbleSort;1998;999;0;63230
1000;0;1;MergeSort;19952;5044;0;55220
1000;0;1;CountingSort;3001;0;0;9680
1000;0;1;QuickSort;35713;14719;6334;31230
1000;0;1;InsertionSort;2997;999;0;68390
1000;0;1;BubbleSort;1998;999;0;71180
1000;0;1;MergeSort;19952;5044;0;62950
1000;0;1;CountingSort;3001;0;0;7610
1000;0;1;QuickSort;35922;15267;6234;38830
1000;0;1;InsertionSort;2997;999;0;74050
1000;0;1;BubbleSort;1998;999;0;65630
1000;0;1;MergeSort;19952;5044;0;93971
1000;0;1;CountingSort;3001;0;0;8950
1000;0;1;QuickSort;36900;15462;6477;29200
1000;0;1;InsertionSort;2997;999;0;86091
1000;0;1;BubbleSort;1998;999;0;76061
1000;0;1;MergeSort;19952;5044;0;54810
1000;0;1;CountingSort;3001;0;0;7950
1000;0;1;QuickSort;40280;16949;7129;43231
1000;0;1;InsertionSort;2997;999;0;74551
1000;0;1;BubbleSort;1998;999;0;77410
1000;0;1;MergeSort;19952;5044;0;77090
1000;0;1;CountingSort;3001;0;0;6210
1000;0;1;QuickSort;40885;17206;7213;41910
1000;0;1;InsertionSort;2997;999;0;91950
1000;0;1;BubbleSort;1998;999;0;87280
1000;0;1;MergeSort;19952;5044;0;68470
1000;0;1;CountingSort;3001;0;0;8970
1000;0;1;QuickSort;40640;17534;7031;38120
1000;0;1;InsertionSort;2997;999;0;29680
1000;0;1;BubbleSort;1998;999;0;73690
1000;0;1;MergeSort;19952;5044;0;78201
1000;0;1;CountingSort;3001;0;0;9820
1000;0;1;QuickSort;36049;15778;6092;35461
1000;0;1;InsertionSort;2997;999;0;39020
1000;0;1;BubbleSort;1998;999;0;25220
1000;0;1;MergeSort;19952;5044;0;67660
1000;0;1;CountingSort;3001;0;0;10010
1000;0;1;QuickSort;47712;19515;8742;46880
1000;0;1;InsertionSort;2997;999;0;41790
1000;0;1;BubbleSort;1998;999;0;10880
1000;0;1;MergeSort;19952;5044;0;83991
1000;0;1;CountingSort;3001;0;0;7470
1000;0;1;QuickSort;39408;17004;6811;36010
1000;0;1;InsertionSort;2997;999;0;22830
1000;0;1;BubbleSort;1998;999;0;23540
1000;0;1;MergeSort;19952;5044;0;66481
1000;0;1;CountingSort;3001;0;0;10130
1000;0;1;QuickSort;40568;16871;7236;35490
1000;0;1;InsertionSort;2997;999;0;24310
1000;0;1;BubbleSort;1998;999;0;24931
1000;0;1;MergeSort;19952;5044;0;134440
1000;0;1;CountingSort;3001;0;0;9090
1000;0;1;QuickSort;36843;15441;6467;42690
1000;0;1;InsertionSort;2997;999;0;26320
1000;0;1;BubbleSort;1998;999;0;37810
1000;0;1;MergeSort;19952;5044;0;72650
1000;0;1;CountingSort;3001;0;0;7120
1000;0;1;QuickSort;36020;15383;6208;34850
1000;0;1;InsertionSort;2997;999;0;11930
1000;0;1;BubbleSort;1998;999;0;23180
1000;0;1;MergeSort;19952;5044;0;69060
1000;0;1;CountingSort;3001;0;0;8220
1000;0;1;QuickSort;39291;16341;7006;35350
1000;0;1;InsertionSort;2997;999;0;18360
1000;0;1;BubbleSort;1998;999;0;10791
1000;0;1;MergeSort;19952;5044;0;60610
1000;0;1;CountingSort;3001;0;0;8540
1000;0;1;QuickSort;44062;18043;7996;40160
1000;0;1;InsertionSort;2997;999;0;25380
1000;0;1;BubbleSort;1998;999;0;11620
1000;0;1;MergeSort;19952;5044;0;67840
1000;0;1;CountingSort;3001;0;0;13770
1000;0;1;QuickSort;41383;17587;7267;43420
1000;0;1;InsertionSort;2997;999;0;14710
1000;0;1;BubbleSort;1998;999;0;15470
1000;0;1;MergeSort;19952;5044;0;84421
1000;0;1;CountingSort;3001;0;0;10700
1000;0;1;QuickSort;34820;14540;6084;46730
1000;0;1;InsertionSort;2997;999;0;11510
1000;0;1;BubbleSort;1998;999;0;14420
1000;0;1;MergeSort;19952;5044;0;85340
1000;0;1;CountingSort;3001;0;0;9450
1000;0;1;QuickSort;32977;14737;5412;35330
1000;0;1;InsertionSort;2997;999;0;19450
1000;0;1;BubbleSort;1998;999;0;11810
1000;0;1;MergeSort;19952;5044;0;74960
1000;0;1;CountingSort;3001;0;0;9060
1000;0;1;QuickSort;38965;17350;6544;41970
1000;0;1;InsertionSort;2997;999;0;13630
1000;0;1;BubbleSort;1998;999;0;12780
1000;0;1;MergeSort;19952;5044;0;53610
1000;0;1;CountingSort;3001;0;0;7590
1000;0;1;QuickSort;37682;16022;6560;35470
1000;0;1;InsertionSort;2997;999;0;11860
1000;0;1;BubbleSort;1998;999;0;14440
1000;0;1;MergeSort;19952;5044;0;55830
1000;0;1;CountingSort;3001;0;0;9020
1000;0;1;QuickSort;39955;16981;6996;31020
1000;0;1;InsertionSort;2997;999;0;10760
1000;0;1;BubbleSort;1998;999;0;9870
1000;0;1;MergeSort;19952;5044;0;56240
1000;0;1;CountingSort;3001;0;0;9530
1000;0;1;QuickSort;38008;16633;6462;29241
1000;0;1;InsertionSort;2997;999;0;11190
1000;0;1;BubbleSort;1998;999;0;8760
1000;0;1;MergeSort;19952;5044;0;69320
1000;0;1;CountingSort;3001;0;0;14000
1000;0;1;QuickSort;35014;15451;5869;43201
1000;0;1;InsertionSort;2997;999;0;17890
1000;0;1;BubbleSort;1998;999;0;15410
1000;0;1;MergeSort;19952;5044;0;51390
1000;0;1;CountingSort;3001;0;0;7630
1000;0;1;QuickSort;43335;17760;7850;47100
1000;0;1;InsertionSort;2997;999;0;16470
1000;0;1;BubbleSort;1998;999;0;8630
1000;0;1;MergeSort;19952;5044;0;61120
1000;0;1;CountingSort;3001;0;0;8440
1000;0;1;QuickSort;38243;15875;6782;41750
1000;0;1;InsertionSort;2997;999;0;12670
1000;0;1;BubbleSort;1998;999;0;13500
1000;0;1;MergeSort;19952;5044;0;61510
1000;0;1;CountingSort;3001;0;0;8110
1000;0;1;QuickSort;36764;15470;6427;37730
1000;0;1;InsertionSort;2997;999;0;20970
1000;0;1;BubbleSort;1998;999;0;14021
1000;0;1;MergeSort;19952;5044;0;60250
1000;0;1;CountingSort;3001;0;0;7350
1000;0;1;QuickSort;37028;16562;6148;44071
1000;0;1;InsertionSort;2997;999;0;18450
1000;0;1;BubbleSort;1998;999;0;15850
1000;0;1;MergeSort;19952;5044;0;70030
1000;0;1;CountingSort;3001;0;0;9500
1000;0;1;QuickSort;34951;14809;6050;41881
1000;0;1;InsertionSort;2997;999;0;16500
1000;0;1;BubbleSort;1998;999;0;10010
1000;0;1;MergeSort;19952;5044;0;67810
1000;0;1;CountingSort;3001;0;0;12531
1000;0;1;QuickSort;40683;17079;7192;40740
1000;0;1;InsertionSort;2997;999;0;14940
1000;0;1;BubbleSort;1998;999;0;14330
1000;0;1;MergeSort;19952;5044;0;85480
1000;0;1;CountingSort;3001;0;0;9450
1000;0;1;QuickSort;36641;16112;6189;42600
1000;0;1;InsertionSort;2997;999;0;16140
1000;0;1;BubbleSort;1998;999;0;33460
1000;0;1;MergeSort;19952;5044;0;53140
1000;0;1;CountingSort;3001;0;0;9700
1000;0;1;QuickSort;39098;16160;6982;37170
1000;0;1;InsertionSort;2997;999;0;11720
1000;0;1;BubbleSort;1998;999;0;11570
1000;0;1;MergeSort;19952;5044;0;65230
1000;0;1;CountingSort;3001;0;0;9300
1000;0;1;QuickSort;38914;16633;6760;42750
1000;0;1;InsertionSort;2997;999;0;15480
1000;0;1;BubbleSort;1998;999;0;9940
1000;0;1;MergeSort;19952;5044;0;67320
1000;0;1;CountingSort;3001;0;0;9160
1000;0;1;QuickSort;38031;15768;6743;36550
1000;0;1;InsertionSort;2997;999;0;11750
1000;0;1;BubbleSort;1998;999;0;9620
1000;0;1;MergeSort;19952;5044;0;85251
1000;0;1;CountingSort;3001;0;0;7250
1000;0;1;QuickSort;38164;16267;6626;45360
1000;0;1;InsertionSort;2997;999;0;16960
1000;0;1;BubbleSort;1998;999;0;14150
1000;0;1;MergeSort;19952;5044;0;61171
1000;0;1;CountingSort;3001;0;0;17950
1000;0;1;QuickSort;49276;20512;8923;54351
1000;0;1;InsertionSort;2997;999;0;17150
1000;0;1;BubbleSort;1998;999;0;8620
1000;0;1;MergeSort;19952;5044;0;77810
1000;0;1;CountingSort;3001;0;0;10460
1000;0;1;QuickSort;38321;16082;6760;29770
1000;0;1;InsertionSort;2997;999;0;16110
1000;0;1;BubbleSort;1998;999;0;11960
1000;0;1;MergeSort;19952;5044;0;56591
1000;0;1;CountingSort;3001;0;0;8240
1000;0;1;QuickSort;38804;16106;6904;37291
1000;0;1;InsertionSort;2997;999;0;14760
1000;0;1;BubbleSort;1998;999;0;15670
1000;0;1;MergeSort;19952;5044;0;57160
1000;0;1;CountingSort;3001;0;0;7960
1000;0;1;QuickSort;36096;15663;6139;41551
1000;0;1;InsertionSort;2997;999;0;17530
1000;0;1;BubbleSort;1998;999;0;6910
1000;0;1;MergeSort;19952;5044;0;65530
1000;0;1;CountingSort;3001;0;0;7670
1000;0;1;QuickSort;38914;15931;6989;35630
1000;0;1;InsertionSort;2997;999;0;11600
1000;0;1;BubbleSort;1998;999;0;8210
1000;0;1;MergeSort;19952;5044;0;73850
1000;0;1;CountingSort;3001;0;0;7180
1000;0;1;QuickSort;38302;16171;6713;38180
1000;0;1;InsertionSort;2997;999;0;13640
1000;0;1;BubbleSort;1998;999;0;6840
1000;0;1;MergeSort;19952;5044;0;66200
1000;0;1;CountingSort;3001;0;0;7090
1000;0;1;QuickSort;40063;16975;7032;35920
1000;0;1;InsertionSort;2997;999;0;11680
1000;0;1;BubbleSort;1998;999;0;10070
1000;0;1;MergeSort;19952;5044;0;53850
1000;0;1;CountingSort;3001;0;0;8970
1000;0;1;QuickSort;39330;16164;7063;60860
1000;0;1;InsertionSort;2997;999;0;21340
1000;0;1;BubbleSort;1998;999;0;8600
1000;0;1;MergeSort;19952;5044;0;68890
1000;0;2;CountingSort;3001;0;0;196780
1000;0;2;QuickSort;40895;16931;7325;1154293
1000;0;2;InsertionSort;2997;999;0;149980
1000;0;2;BubbleSort;1998;999;0;164361
1000;0;2;MergeSort;19952;5044;0;798373
1000;0;2;CountingSort;3001;0;0;138531
1000;0;2;QuickSort;35916;15327;6193;186351
1000;0;2;InsertionSort;2997;999;0;79950
1000;0;2;BubbleSort;1998;999;0;62990
1000;0;2;MergeSort;19952;5044;0;97271
1000;0;2;CountingSort;3001;0;0;92710
1000;0;2;QuickSort;35431;14893;6176;244931
1000;0;2;InsertionSort;2997;999;0;81341
1000;0;2;BubbleSort;1998;999;0;85580
1000;0;2;MergeSort;19952;5044;0;80280
1000;0;2;CountingSort;3001;0;0;107611
1000;0;2;QuickSort;38388;16338;6690;145871
1000;0;2;InsertionSort;2997;999;0;125711
1000;0;2;BubbleSort;1998;999;0;72790
1000;0;2;MergeSort;19952;5044;0;119090
1000;0;2;CountingSort;3001;0;0;116970
1000;0;2;QuickSort;35485;15328;6056;141960
1000;0;2;InsertionSort;2997;999;0;112340
1000;0;2;BubbleSort;1998;999;0;100850
1000;0;2;MergeSort;19952;5044;0;101460
1000;0;2;CountingSort;3001;0;0;126820
1000;0;2;QuickSort;36009;15324;6227;156890
1000;0;2;InsertionSort;2997;999;0;98350
1000;0;2;BubbleSort;1998;999;0;66330
1000;0;2;MergeSort;19952;5044;0;110461
1000;0;2;CountingSort;3001;0;0;124031
1000;0;2;QuickSort;36041;15326;6229;138740
1000;0;2;InsertionSort;2997;999;0;105480
1000;0;2;BubbleSort;1998;999;0;77200
1000;0;2;MergeSort;19952;5044;0;128760
1000;0;2;CountingSort;3001;0;0;86790
1000;0;2;QuickSort;42303;17640;7559;241630
1000;0;2;InsertionSort;2997;999;0;92350
1000;0;2;BubbleSort;1998;999;0;62160
1000;0;2;MergeSort;19952;5044;0;137841
1000;0;2;CountingSort;3001;0;0;110590
1000;0;2;QuickSort;37517;15968;6511;162650
1000;0;2;InsertionSort;2997;999;0;114200
1000;0;2;BubbleSort;1998;999;0;92850
1000;0;2;MergeSort;19952;5044;0;88070
1000;0;2;CountingSort;3001;0;0;99710
1000;0;2;QuickSort;37687;15709;6665;221621
1000;0;2;InsertionSort;2997;999;0;78690
1000;0;2;BubbleSort;1998;999;0;121050
1000;0;2;MergeSort;19952;5044;0;60161
1000;0;2;CountingSort;3001;0;0;106600
1000;0;2;QuickSort;35144;15347;5943;124481
1000;0;2;InsertionSort;2997;999;0;76821
1000;0;2;BubbleSort;1998;999;0;72660
1000;0;2;MergeSort;19952;5044;0;109050
1000;0;2;CountingSort;3001;0;0;120190
1000;0;2;QuickSort;40226;17000;7073;632351
1000;0;2;InsertionSort;2997;999;0;96690
1000;0;2;BubbleSort;1998;999;0;72210
1000;0;2;MergeSort;19952;5044;0;89650
1000;0;2;CountingSort;3001;0;0;123690
1000;0;2;QuickSort;38148;16125;6673;699162
1000;0;2;InsertionSort;2997;999;0;69010
1000;0;2;BubbleSort;1998;999;0;69510
1000;0;2;MergeSort;19952;5044;0;103621
1000;0;2;CountingSort;3001;0;0;161401
1000;0;2;QuickSort;34408;15202;5729;618662
1000;0;2;InsertionSort;2997;999;0;116241
1000;0;2;BubbleSort;1998;999;0;74720
1000;0;2;MergeSort;19952;5044;0;94910
1000;0;2;CountingSort;3001;0;0;97660
1000;0;2;QuickSort;36504;15681;6277;641312
1000;0;2;InsertionSort;2997;999;0;84531
1000;0;2;BubbleSort;1998;999;0;97871
1000;0;2;MergeSort;19952;5044;0;112490
1000;0;2;CountingSort;3001;0;0;94930
1000;0;2;QuickSort;43689;18675;7670;744962
1000;0;2;InsertionSort;2997;999;0;98510
1000;0;2;BubbleSort;1998;999;0;71770
1000;0;2;MergeSort;19952;5044;0;87230
1000;0;2;CountingSort;3001;0;0;38480
1000;0;2;QuickSort;39819;17778;6677;252951
1000;0;2;InsertionSort;2997;999;0;88780
1000;0;2;BubbleSort;1998;999;0;88980
1000;0;2;MergeSort;19952;5044;0;64190
1000;0;2;CountingSort;3001;0;0;30750
1000;0;2;QuickSort;36380;15479;6302;36710
1000;0;2;InsertionSort;2997;999;0;72140
1000;0;2;BubbleSort;1998;999;0;51060
1000;0;2;MergeSort;19952;5044;0;54010
1000;0;2;CountingSort;3001;0;0;36790
1000;0;2;QuickSort;37144;15331;6604;37050
1000;0;2;InsertionSort;2997;999;0;92340
1000;0;2;BubbleSort;1998;999;0;71820
1000;0;2;MergeSort;19952;5044;0;68370
1000;0;2;CountingSort;3001;0;0;21351
1000;0;2;QuickSort;41494;17485;7335;41490
1000;0;2;InsertionSort;2997;999;0;72890
1000;0;2;BubbleSort;1998;999;0;67020
1000;0;2;MergeSort;19952;5044;0;86820
1000;0;2;CountingSort;3001;0;0;16580
1000;0;2;QuickSort;38230;16462;6582;152640
1000;0;2;InsertionSort;2997;999;0;129700
1000;0;2;BubbleSort;1998;999;0;76850
1000;0;2;MergeSort;19952;5044;0;59060
1000;0;2;CountingSort;3001;0;0;17460
1000;0;2;QuickSort;38246;16358;6618;45140
1000;0;2;InsertionSort;2997;999;0;81321
1000;0;2;BubbleSort;1998;999;0;61370
1000;0;2;MergeSort;19952;5044;0;53450
1000;0;2;CountingSort;3001;0;0;18871
1000;0;2;QuickSort;36186;15000;6404;58910
1000;0;2;InsertionSort;2997;999;0;97520
1000;0;2;BubbleSort;1998;999;0;82410
1000;0;2;MergeSort;19952;5044;0;87790
1000;0;2;CountingSort;3001;0;0;16880
1000;0;2;QuickSort;37255;15961;6430;43930
1000;0;2;InsertionSort;2997;999;0;75450
1000;0;2;BubbleSort;1998;999;0;52460
1000;0;2;MergeSort;19952;5044;0;1016303
1000;0;2;CountingSort;3001;0;0;20960
1000;0;2;QuickSort;34201;14821;5795;42020
1000;0;2;InsertionSort;2997;999;0;120471
1000;0;2;BubbleSort;1998;999;0;69631
1000;0;2;MergeSort;19952;5044;0;82080
1000;0;2;CountingSort;3001;0;0;21810
1000;0;2;QuickSort;37736;16499;6421;48990
1000;0;2;InsertionSort;2997;999;0;90340
1000;0;2;BubbleSort;1998;999;0;91520
1000;0;2;MergeSort;19952;5044;0;31580
1000;0;2;CountingSort;3001;0;0;18160
1000;0;2;QuickSort;41589;17784;7270;36700
1000;0;2;InsertionSort;2997;999;0;98801
1000;0;2;BubbleSort;1998;999;0;93541
1000;0;2;MergeSort;19952;5044;0;45081
1000;0;2;CountingSort;3001;0;0;39311
1000;0;2;QuickSort;35638;15754;5970;26590
1000;0;2;InsertionSort;2997;999;0;82790
1000;0;2;BubbleSort;1998;999;0;62020
1000;0;2;MergeSort;19952;5044;0;29160
1000;0;2;CountingSort;3001;0;0;14840
1000;0;2;QuickSort;44223;17748;8149;29560
1000;0;2;InsertionSort;2997;999;0;90490
1000;0;2;BubbleSort;1998;999;0;90930
1000;0;2;MergeSort;19952;5044;0;72510
1000;0;2;CountingSort;3001;0;0;31130
1000;0;2;QuickSort;38357;16160;6737;49430
1000;0;2;InsertionSort;2997;999;0;83480
1000;0;2;BubbleSort;1998;999;0;79111
1000;0;2;MergeSort;19952;5044;0;37260
1000;0;2;CountingSort;3001;0;0;23540
1000;0;2;QuickSort;40476;17298;7059;45760
1000;0;2;InsertionSort;2997;999;0;88751
1000;0;2;BubbleSort;1998;999;0;83961
1000;0;2;MergeSort;19952;5044;0;34590
1000;0;2;CountingSort;3001;0;0;87231
1000;0;2;QuickSort;36404;15140;6414;34900
1000;0;2;InsertionSort;2997;999;0;86291
1000;0;2;BubbleSort;1998;999;0;84040
1000;0;2;MergeSort;19952;5044;0;76490
1000;0;2;CountingSort;3001;0;0;23850
1000;0;2;QuickSort;36268;15787;6157;25790
1000;0;2;InsertionSort;2997;999;0;85030
1000;0;2;BubbleSort;1998;999;0;85570
1000;0;2;MergeSort;19952;5044;0;100730
1000;0;2;CountingSort;3001;0;0;16540
1000;0;2;QuickSort;35976;15726;6081;27690
1000;0;2;InsertionSort;2997;999;0;105741
1000;0;2;BubbleSort;1998;999;0;66430
1000;0;2;MergeSort;19952;5044;0;26410
1000;0;2;CountingSort;3001;0;0;15300
1000;0;2;QuickSort;40860;17232;7207;34510
1000;0;2;InsertionSort;2997;999;0;80680
1000;0;2;BubbleSort;1998;999;0;76010
1000;0;2;MergeSort;19952;5044;0;34030
1000;0;2;CountingSort;3001;0;0;17270
1000;0;2;QuickSort;36922;15406;6511;27630
1000;0;2;InsertionSort;2997;999;0;80060
1000;0;2;BubbleSort;1998;999;0;78490
1000;0;2;MergeSort;19952;5044;0;56310
1000;0;2;CountingSort;3001;0;0;15150
1000;0;2;QuickSort;40612;16675;7306;28360
1000;0;2;InsertionSort;2997;999;0;94351
1000;0;2;BubbleSort;1998;999;0;88071
1000;0;2;MergeSort;19952;5044;0;60000
1000;0;2;CountingSort;3001;0;0;21240
1000;0;2;QuickSort;44389;18724;7893;27760
1000;0;2;InsertionSort;2997;999;0;89931
1000;0;2;BubbleSort;1998;999;0;81160
1000;0;2;MergeSort;19952;5044;0;54430
1000;0;2;CountingSort;3001;0;0;19270
1000;0;2;QuickSort;40302;16683;7208;39330
1000;0;2;InsertionSort;2997;999;0;83461
1000;0;2;BubbleSort;1998;999;0;80180
1000;0;2;MergeSort;19952;5044;0;103850
1000;0;2;CountingSort;3001;0;0;26750
1000;0;2;QuickSort;45021;19440;7863;50630
1000;0;2;InsertionSort;2997;999;0;99730
1000;0;2;BubbleSort;1998;999;0;71000
1000;0;2;MergeSort;19952;5044;0;59040
1000;0;2;CountingSort;3001;0;0;26380
1000;0;2;QuickSort;42817;18313;7509;41790
1000;0;2;InsertionSort;2997;999;0;69431
1000;0;2;BubbleSort;1998;999;0;69540
1000;0;2;MergeSort;19952;5044;0;69480
1000;0;2;CountingSort;3001;0;0;18120
1000;0;2;QuickSort;35793;14925;6281;37790
1000;0;2;InsertionSort;2997;999;0;107920
1000;0;2;BubbleSort;1998;999;0;61990
1000;0;2;MergeSort;19952;5044;0;94181
1000;0;2;CountingSort;3001;0;0;14850
1000;0;2;QuickSort;35794;16117;5890;28981
1000;0;2;InsertionSort;2997;999;0;136400
1000;0;2;BubbleSort;1998;999;0;82510
1000;0;2;MergeSort;19952;5044;0;58800
1000;0;2;CountingSort;3001;0;0;43380
1000;0;2;QuickSort;50690;21029;9229;61670
1000;0;2;InsertionSort;2997;999;0;80710
1000;0;2;BubbleSort;1998;999;0;65120
1000;0;2;MergeSort;19952;5044;0;70590
1000;0;2;CountingSort;3001;0;0;17890
1000;0;2;QuickSort;38486;15824;6896;26320
1000;0;2;InsertionSort;2997;999;0;71551
1000;0;2;BubbleSort;1998;999;0;86850
1000;0;2;MergeSort;19952;5044;0;49300
1000;0;2;CountingSort;3001;0;0;9980
1000;0;2;QuickSort;40301;16967;7117;39511
1000;0;2;InsertionSort;2997;999;0;88251
1000;0;2;BubbleSort;1998;999;0;91500
1000;0;2;MergeSort;19952;5044;0;57870
1000;0;2;CountingSort;3001;0;0;9860
1000;0;2;QuickSort;38702;16286;6801;31410
1000;0;2;InsertionSort;2997;999;0;86410
1000;0;2;BubbleSort;1998;999;0;64630
1000;0;2;MergeSort;19952;5044;0;64240
1000;0;2;CountingSort;3001;0;0;8340
1000;0;2;QuickSort;39026;16592;6817;42970
1000;0;2;InsertionSort;2997;999;0;84340
1000;0;2;BubbleSort;1998;999;0;61040
1000;0;2;MergeSort;19952;5044;0;81850
1000;0;2;CountingSort;3001;0;0;7140
1000;0;2;QuickSort;47408;19748;8552;34070
1000;0;2;InsertionSort;2997;999;0;74460
1000;0;2;BubbleSort;1998;999;0;94820
1000;0;2;MergeSort;19952;5044;0;71020
1000;0;2;CountingSort;3001;0;0;6010
1000;0;2;QuickSort;36467;15380;6357;29160
1000;0;2;InsertionSort;2997;999;0;70530
1000;0;2;BubbleSort;1998;999;0;50410
1000;0;2;MergeSort;19952;5044;0;55320
1000;0;2;CountingSort;3001;0;0;10660
1000;0;2;QuickSort;38061;16461;6541;29621
1000;0;2;InsertionSort;2997;999;0;79300
1000;0;2;BubbleSort;1998;999;0;63640
1000;0;2;MergeSort;19952;5044;0;67750
1000;0;2;CountingSort;3001;0;0;9390
1000;0;2;QuickSort;36322;15433;6293;31080
1000;0;2;InsertionSort;2997;999;0;98530
1000;0;2;BubbleSort;1998;999;0;67590
1000;0;2;MergeSort;19952;5044;0;67690
1000;0;2;CountingSort;3001;0;0;9370
1000;0;2;QuickSort;36205;15145;6347;36150
1000;0;2;InsertionSort;2997;999;0;89010
1000;0;2;BubbleSort;1998;999;0;77460
1000;0;2;MergeSort;19952;5044;0;69421
1000;0;2;CountingSort;3001;0;0;8500
1000;0;2;QuickSort;36342;16080;6090;42640
1000;0;2;InsertionSort;2997;999;0;87700
1000;0;2;BubbleSort;1998;999;0;61050
1000;0;2;MergeSort;19952;5044;0;66620
1000;0;2;CountingSort;3001;0;0;9070
1000;0;2;QuickSort;39007;16813;6744;38020
1000;0;2;InsertionSort;2997;999;0;98030
1000;0;2;BubbleSort;1998;999;0;78900
1000;0;2;MergeSort;19952;5044;0;76580
1000;0;2;CountingSort;3001;0;0;8470
1000;0;2;QuickSort;34832;14984;5954;28540
1000;0;2;InsertionSort;2997;999;0;94930
1000;0;2;BubbleSort;1998;999;0;77180
1000;0;2;MergeSort;19952;5044;0;72860
1000;0;2;CountingSort;3001;0;0;5530
1000;0;2;QuickSort;41492;17297;7398;46040
1000;0;2;InsertionSort;2997;999;0;122360
1000;0;2;BubbleSort;1998;999;0;52330
1000;0;2;MergeSort;19952;5044;0;102860
1000;0;2;CountingSort;3001;0;0;6580
1000;0;2;QuickSort;35233;14833;6128;41550
1000;0;2;InsertionSort;2997;999;0;78780
1000;0;2;BubbleSort;1998;999;0;94740
1000;0;2;MergeSort;19952;5044;0;104261
1000;0;2;CountingSort;3001;0;0;7510
1000;0;2;QuickSort;40949;17114;7281;31060
1000;0;2;InsertionSort;2997;999;0;100931
1000;0;2;BubbleSort;1998;999;0;78531
1000;0;2;MergeSort;19952;5044;0;57460
1000;0;2;CountingSort;3001;0;0;7380
1000;0;2;QuickSort;36984;16074;6296;35631
1000;0;2;InsertionSort;2997;999;0;95530
1000;0;2;BubbleSort;1998;999;0;88120
1000;0;2;MergeSort;19952;5044;0;96240
1000;0;2;CountingSort;3001;0;0;7020
1000;0;2;QuickSort;38266;16111;6722;49180
1000;0;2;InsertionSort;2997;999;0;125400
1000;0;2;BubbleSort;1998;999;0;85940
1000;0;2;MergeSort;19952;5044;0;61460
1000;0;2;CountingSort;3001;0;0;17560
1000;0;2;QuickSort;37773;16179;6532;29400
1000;0;2;InsertionSort;2997;999;0;104340
1000;0;2;BubbleSort;1998;999;0;64490
1000;0;2;MergeSort;19952;5044;0;66890
1000;0;2;CountingSort;3001;0;0;8320
1000;0;2;QuickSort;38538;16182;6785;39470
1000;0;2;InsertionSort;2997;999;0;120610
1000;0;2;BubbleSort;1998;999;0;87190
1000;0;2;MergeSort;19952;5044;0;90830
1000;0;2;CountingSort;3001;0;0;7030
1000;0;2;QuickSort;37791;16626;6390;65830
1000;0;2;InsertionSort;2997;999;0;98940
1000;0;2;BubbleSort;1998;999;0;79270
1000;0;2;MergeSort;19952;5044;0;85420
1000;0;2;CountingSort;3001;0;0;8140
1000;0;2;QuickSort;41846;17804;7351;52800
1000;0;2;InsertionSort;2997;999;0;96770
1000;0;2;BubbleSort;1998;999;0;88910
1000;0;2;MergeSort;19952;5044;0;60550
1000;0;2;CountingSort;3001;0;0;9490
1000;0;2;QuickSort;38190;16158;6679;41690
1000;0;2;InsertionSort;2997;999;0;29660
1000;0;2;BubbleSort;1998;999;0;52631
1000;0;2;MergeSort;19952;5044;0;103670
1000;0;2;CountingSort;3001;0;0;7610
1000;0;2;QuickSort;37569;15882;6577;40021
1000;0;2;InsertionSort;2997;999;0;23440
1000;0;2;BubbleSort;1998;999;0;67910
1000;0;2;MergeSort;19952;5044;0;70300
1000;0;2;CountingSort;3001;0;0;8790
1000;0;2;QuickSort;34227;15384;5637;56020
1000;0;2;InsertionSort;2997;999;0;39630
1000;0;2;BubbleSort;1998;999;0;52440
1000;0;2;MergeSort;19952;5044;0;84390
1000;0;2;CountingSort;3001;0;0;9610
1000;0;2;QuickSort;36592;15532;6346;36800
1000;0;2;InsertionSort;2997;999;0;24230
1000;0;2;BubbleSort;1998;999;0;20200
1000;0;2;MergeSort;19952;5044;0;64850
1000;0;2;CountingSort;3001;0;0;12930
1000;0;2;QuickSort;37305;15810;6492;29740
1000;0;2;InsertionSort;2997;999;0;24010
1000;0;2;BubbleSort;1998;999;0;28010
1000;0;2;MergeSort;19952;5044;0;59590
1000;0;2;CountingSort;3001;0;0;8310
1000;0;2;QuickSort;38097;15618;6820;33280
1000;0;2;InsertionSort;2997;999;0;13320
1000;0;2;BubbleSort;1998;999;0;18220
1000;0;2;MergeSort;19952;5044;0;79091
1000;0;2;CountingSort;3001;0;0;7190
1000;0;2;QuickSort;40050;17292;6925;33940
1000;0;2;InsertionSort;2997;999;0;9300
1000;0;2;BubbleSort;1998;999;0;9970
1000;0;2;MergeSort;19952;5044;0;59990
1000;0;2;CountingSort;3001;0;0;7610
1000;0;2;QuickSort;36859;15421;6484;28300
1000;0;2;InsertionSort;2997;999;0;10690
1000;0;2;BubbleSort;1998;999;0;12270
1000;0;2;MergeSort;19952;5044;0;76240
1000;0;2;CountingSort;3001;0;0;8230
1000;0;2;QuickSort;38103;16407;6566;30500
1000;0;2;InsertionSort;2997;999;0;12540
1000;0;2;BubbleSort;1998;999;0;11110
1000;0;2;MergeSort;19952;5044;0;53620
1000;0;2;CountingSort;3001;0;0;9320
1000;0;2;QuickSort;41566;17632;7307;39600
1000;0;2;InsertionSort;2997;999;0;22960
1000;0;2;BubbleSort;1998;999;0;12740
1000;0;2;MergeSort;19952;5044;0;163791
1000;0;2;CountingSort;3001;0;0;9880
1000;0;2;QuickSort;42370;18295;7369;34670
1000;0;2;InsertionSort;2997;999;0;15000
1000;0;2;BubbleSort;1998;999;0;10160
1000;0;2;MergeSort;19952;5044;0;58100
1000;0;2;CountingSort;3001;0;0;9020
1000;0;2;QuickSort;39050;16544;6835;29920
1000;0;2;InsertionSort;2997;999;0;14621
1000;0;2;BubbleSort;1998;999;0;19620
1000;0;2;MergeSort;19952;5044;0;69300
1000;0;2;CountingSort;3001;0;0;14260
1000;0;2;QuickSort;40361;16895;7145;51120
1000;0;2;InsertionSort;2997;999;0;14130
1000;0;2;BubbleSort;1998;999;0;12050
1000;0;2;MergeSort;19952;5044;0;52410
1000;0;2;CountingSort;3001;0;0;8860
1000;0;2;QuickSort;39973;16276;7231;42240
1000;0;2;InsertionSort;2997;999;0;14980
1000;0;2;BubbleSort;1998;999;0;8720
1000;0;2;MergeSort;19952;5044;0;64530
1000;0;2;CountingSort;3001;0;0;8560
1000;0;2;QuickSort;39832;16732;7011;45350
1000;0;2;InsertionSort;2997;999;0;20690
1000;0;2;BubbleSort;1998;999;0;8620
1000;0;2;MergeSort;19952;5044;0;51081
1000;0;2;CountingSort;3001;0;0;9560
1000;0;2;QuickSort;39194;16286;6974;30620
1000;0;2;InsertionSort;2997;999;0;19510
1000;0;2;BubbleSort;1998;999;0;8770
1000;0;2;MergeSort;19952;5044;0;65111
1000;0;2;CountingSort;3001;0;0;8560
1000;0;2;QuickSort;34453;14626;5947;34370
1000;0;2;InsertionSort;2997;999;0;21530
1000;0;2;BubbleSort;1998;999;0;17681
1000;0;2;MergeSort;19952;5044;0;67030
1000;0;2;CountingSort;3001;0;0;10660
1000;0;2;QuickSort;39592;16435;7064;36291
1000;0;2;InsertionSort;2997;999;0;14460
1000;0;2;BubbleSort;1998;999;0;12270
1000;0;2;MergeSort;19952;5044;0;55780
1000;0;2;CountingSort;3001;0;0;8790
1000;0;2;QuickSort;38097;16008;6700;41420
1000;0;2;InsertionSort;2997;999;0;20650
1000;0;2;BubbleSort;1998;999;0;14270
1000;0;2;MergeSort;19952;5044;0;65600
1000;0;2;CountingSort;3001;0;0;7210
1000;0;2;QuickSort;35841;15015;6275;34940
1000;0;2;InsertionSort;2997;999;0;14980
1000;0;2;BubbleSort;1998;999;0;8660
1000;0;2;MergeSort;19952;5044;0;67160
1000;0;2;CountingSort;3001;0;0;8850
1000;0;2;QuickSort;37312;15571;6589;29190
1000;0;2;InsertionSort;2997;999;0;11370
1000;0;2;BubbleSort;1998;999;0;6930
1000;0;2;MergeSort;19952;5044;0;62321
1000;0;2;CountingSort;3001;0;0;20360
1000;0;2;QuickSort;37978;15823;6722;40571
1000;0;2;InsertionSort;2997;999;0;9110
1000;0;2;BubbleSort;1998;999;0;6900
1000;0;2;MergeSort;19952;5044;0;51590
1000;0;2;CountingSort;3001;0;0;8570
1000;0;2;QuickSort;38149;16039;6709;28880
1000;0;2;InsertionSort;2997;999;0;14770
1000;0;2;BubbleSort;1998;999;0;8640
1000;0;2;MergeSort;19952;5044;0;61650
1000;0;2;CountingSort;3001;0;0;7840
1000;0;2;QuickSort;38337;16185;6726;60330
1000;0;2;InsertionSort;2997;999;0;18510
1000;0;2;BubbleSort;1998;999;0;9850
1000;0;2;MergeSort;19952;5044;0;67860
1000;0;2;CountingSort;3001;0;0;7580
1000;0;2;QuickSort;39258;16287;6996;47750
1000;0;2;InsertionSort;2997;999;0;18120
1000;0;2;BubbleSort;1998;999;0;10960
1000;0;2;MergeSort;19952;5044;0;70260
1000;0;2;CountingSort;3001;0;0;8450
1000;0;2;QuickSort;38812;16342;6814;39350
1000;0;2;InsertionSort;2997;999;0;11550
1000;0;2;BubbleSort;1998;999;0;8490
1000;0;2;MergeSort;19952;5044;0;67790
1000;0;2;CountingSort;3001;0;0;10260
1000;0;2;QuickSort;40075;16834;7084;51290
1000;0;2;InsertionSort;2997;999;0;17110
1000;0;2;BubbleSort;1998;999;0;12480
1000;0;2;MergeSort;19952;5044;0;70510
1000;0;2;CountingSort;3001;0;0;8610
1000;0;2;QuickSort;36863;15773;6368;43060
1000;0;2;InsertionSort;2997;999;0;16300
1000;0;2;BubbleSort;1998;999;0;9820
1000;0;2;MergeSort;19952;5044;0;63750
1000;0;2;CountingSort;3001;0;0;9440
1000;0;2;QuickSort;39377;16937;6802;29840
1000;0;2;InsertionSort;2997;999;0;11400
1000;0;2;BubbleSort;1998;999;0;9810
1000;0;2;MergeSort;19952;5044;0;54500
1000;0;2;CountingSort;3001;0;0;15100
1000;0;2;QuickSort;40087;16627;7153;29330
1000;0;2;InsertionSort;2997;999;0;12530
1000;0;2;BubbleSort;1998;999;0;14030
1000;0;2;MergeSort;19952;5044;0;63090
1000;0;2;CountingSort;3001;0;0;7210
1000;0;2;QuickSort;38287;15793;6826;29360
1000;0;2;InsertionSort;2997;999;0;11390
1000;0;2;BubbleSort;1998;999;0;13490
1000;0;2;MergeSort;19952;5044;0;62491
1000;0;2;CountingSort;3001;0;0;7980
1000;0;2;QuickSort;36303;15429;6297;27450
1000;0;2;InsertionSort;2997;999;0;12780
1000;0;2;BubbleSort;1998;999;0;10420
1000;0;2;MergeSort;19952;5044;0;75220
1000;0;2;CountingSort;3001;0;0;7100
1000;0;2;QuickSort;41410;17062;7464;35270
1000;0;2;InsertionSort;2997;999;0;15500
1000;0;2;BubbleSort;1998;999;0;9871
1000;0;2;MergeSort;19952;5044;0;93510
1000;0;2;CountingSort;3001;0;0;5560
1000;0;2;QuickSort;35889;14958;6314;27860
1000;0;2;InsertionSort;2997;999;0;11230
1000;0;2;BubbleSort;1998;999;0;12551
1000;0;2;MergeSort;19952;5044;0;56680
1000;0;2;CountingSort;3001;0;0;7130
1000;0;2;QuickSort;40255;16819;7147;29711
1000;0;2;InsertionSort;2997;999;0;18230
1000;0;2;BubbleSort;1998;999;0;8270
1000;0;2;MergeSort;19952;5044;0;59270
1000;0;3;CountingSort;3001;0;0;155770
1000;0;3;QuickSort;40632;16848;7250;1245633
1000;0;3;InsertionSort;2997;999;0;153800
1000;0;3;BubbleSort;1998;999;0;160891
1000;0;3;MergeSort;19952;5044;0;704082
1000;0;3;CountingSort;3001;0;0;117651
1000;0;3;QuickSort;45003;18942;8024;252761
1000;0;3;InsertionSort;2997;999;0;127510
1000;0;3;BubbleSort;1998;999;0;86160
1000;0;3;MergeSort;19952;5044;0;123670
1000;0;3;CountingSort;3001;0;0;118680
1000;0;3;QuickSort;38229;16245;6663;243571
1000;0;3;InsertionSort;2997;999;0;69730
1000;0;3;BubbleSort;1998;999;0;86951
1000;0;3;MergeSort;19952;5044;0;94380
1000;0;3;CountingSort;3001;0;0;114630
1000;0;3;QuickSort;38363;16532;6627;200201
1000;0;3;InsertionSort;2997;999;0;83540
1000;0;3;BubbleSort;1998;999;0;78671
1000;0;3;MergeSort;19952;5044;0;118650
1000;0;3;CountingSort;3001;0;0;113020
1000;0;3;QuickSort;36755;15920;6270;176741
1000;0;3;InsertionSort;2997;999;0;88750
1000;0;3;BubbleSort;1998;999;0;63700
1000;0;3;MergeSort;19952;5044;0;70461
1000;0;3;CountingSort;3001;0;0;130920
1000;0;3;QuickSort;39828;16713;7045;254701
1000;0;3;InsertionSort;2997;999;0;79120
1000;0;3;BubbleSort;1998;999;0;74340
1000;0;3;MergeSort;19952;5044;0;115951
1000;0;3;CountingSort;3001;0;0;141100
1000;0;3;QuickSort;38101;15754;6788;144540
1000;0;3;InsertionSort;2997;999;0;111950
1000;0;3;BubbleSort;1998;999;0;90380
1000;0;3;MergeSort;19952;5044;0;86760
1000;0;3;CountingSort;3001;0;0;159151
1000;0;3;QuickSort;39589;16831;6912;145431
1000;0;3;InsertionSort;2997;999;0;112490
1000;0;3;BubbleSort;1998;999;0;93010
1000;0;3;MergeSort;19952;5044;0;121630
1000;0;3;CountingSort;3001;0;0;152451
1000;0;3;QuickSort;37707;15582;6702;119001
1000;0;3;InsertionSort;2997;999;0;111191
1000;0;3;BubbleSort;1998;999;0;100200
1000;0;3;MergeSort;19952;5044;0;106840
1000;0;3;CountingSort;3001;0;0;133071
1000;0;3;QuickSort;35640;15354;6088;663102
1000;0;3;InsertionSort;2997;999;0;99711
1000;0;3;BubbleSort;1998;999;0;50291
1000;0;3;MergeSort;19952;5044;0;98900
1000;0;3;CountingSort;3001;0;0;90020
1000;0;3;QuickSort;38043;15969;6696;900333
1000;0;3;InsertionSort;2997;999;0;128411
1000;0;3;BubbleSort;1998;999;0;89671
1000;0;3;MergeSort;19952;5044;0;111830
1000;0;3;CountingSort;3001;0;0;130330
1000;0;3;QuickSort;38517;17028;6498;940033
1000;0;3;InsertionSort;2997;999;0;115721
1000;0;3;BubbleSort;1998;999;0;76980
1000;0;3;MergeSort;19952;5044;0;100840
1000;0;3;CountingSort;3001;0;0;117220
1000;0;3;QuickSort;42182;18299;7290;820082
1000;0;3;InsertionSort;2997;999;0;76420
1000;0;3;BubbleSort;1998;999;0;77750
1000;0;3;MergeSort;19952;5044;0;138271
1000;0;3;CountingSort;3001;0;0;91831
1000;0;3;QuickSort;42060;18003;7364;964913
1000;0;3;InsertionSort;2997;999;0;111520
1000;0;3;BubbleSort;1998;999;0;67770
1000;0;3;MergeSort;19952;5044;0;91510
1000;0;3;CountingSort;3001;0;0;121181
1000;0;3;QuickSort;38632;16429;6736;906243
1000;0;3;InsertionSort;2997;999;0;103530
1000;0;3;BubbleSort;1998;999;0;71610
1000;0;3;MergeSort;19952;5044;0;98460
1000;0;3;CountingSort;3001;0;0;146590
1000;0;3;QuickSort;41817;17430;7456;975102
1000;0;3;InsertionSort;2997;999;0;98430
1000;0;3;BubbleSort;1998;999;0;71940
1000;0;3;MergeSort;19952;5044;0;123111
1000;0;3;CountingSort;3001;0;0;43340
1000;0;3;QuickSort;34736;15080;5892;845823
1000;0;3;InsertionSort;2997;999;0;111651
1000;0;3;BubbleSort;1998;999;0;78070
1000;0;3;MergeSort;19952;5044;0;101070
1000;0;3;CountingSort;3001;0;0;50030
1000;0;3;QuickSort;41367;17406;7324;983233
1000;0;3;InsertionSort;2997;999;0;94950
1000;0;3;BubbleSort;1998;999;0;87790
1000;0;3;MergeSort;19952;5044;0;115741
1000;0;3;CountingSort;3001;0;0;16380
1000;0;3;QuickSort;40319;16694;7215;745172
1000;0;3;InsertionSort;2997;999;0;135420
1000;0;3;BubbleSort;1998;999;0;87870
1000;0;3;MergeSort;19952;5044;0;95670
1000;0;3;CountingSort;3001;0;0;18870
1000;0;3;QuickSort;42160;17521;7542;894922
1000;0;3;InsertionSort;2997;999;0;86420
1000;0;3;BubbleSort;1998;999;0;90440
1000;0;3;MergeSort;19952;5044;0;82170
1000;0;3;CountingSort;3001;0;0;20570
1000;0;3;QuickSort;41976;17169;7608;749942
1000;0;3;InsertionSort;2997;999;0;100851
1000;0;3;BubbleSort;1998;999;0;77281
1000;0;3;MergeSort;19952;5044;0;94390
1000;0;3;CountingSort;3001;0;0;21990
1000;0;3;QuickSort;38388;16002;6791;28300
1000;0;3;InsertionSort;2997;999;0;99011
1000;0;3;BubbleSort;1998;999;0;77940
1000;0;3;MergeSort;19952;5044;0;69780
1000;0;3;CountingSort;3001;0;0;20640
1000;0;3;QuickSort;42611;17978;7544;36720
1000;0;3;InsertionSort;2997;999;0;89961
1000;0;3;BubbleSort;1998;999;0;85320
1000;0;3;MergeSort;19952;5044;0;98220
1000;0;3;CountingSort;3001;0;0;17630
1000;0;3;QuickSort;42309;17379;7640;37390
1000;0;3;InsertionSort;2997;999;0;1675335
1000;0;3;BubbleSort;1998;999;0;65550
1000;0;3;MergeSort;19952;5044;0;1638964
1000;0;3;CountingSort;3001;0;0;27140
1000;0;3;QuickSort;38649;15996;6883;35380
1000;0;3;InsertionSort;2997;999;0;105641
1000;0;3;BubbleSort;1998;999;0;62251
1000;0;3;MergeSort;19952;5044;0;68690
1000;0;3;CountingSort;3001;0;0;22560
1000;0;3;QuickSort;35501;15497;6002;46570
1000;0;3;InsertionSort;2997;999;0;88570
1000;0;3;BubbleSort;1998;999;0;84460
1000;0;3;MergeSort;19952;5044;0;40830
1000;0;3;CountingSort;3001;0;0;22600
1000;0;3;QuickSort;37024;15748;6418;40661
1000;0;3;InsertionSort;2997;999;0;100861
1000;0;3;BubbleSort;1998;999;0;80290
1000;0;3;MergeSort;19952;5044;0;40000
1000;0;3;CountingSort;3001;0;0;19480
1000;0;3;QuickSort;38078;15800;6756;34950
1000;0;3;InsertionSort;2997;999;0;106030
1000;0;3;BubbleSort;1998;999;0;57430
1000;0;3;MergeSort;19952;5044;0;56970
1000;0;3;CountingSort;3001;0;0;14810
1000;0;3;QuickSort;36271;15634;6223;29470
1000;0;3;InsertionSort;2997;999;0;89410
1000;0;3;BubbleSort;1998;999;0;87050
1000;0;3;MergeSort;19952;5044;0;90490
1000;0;3;CountingSort;3001;0;0;15790
1000;0;3;QuickSort;35348;15221;6044;34430
1000;0;3;InsertionSort;2997;999;0;81151
1000;0;3;BubbleSort;1998;999;0;93531
1000;0;3;MergeSort;19952;5044;0;36080
1000;0;3;CountingSort;3001;0;0;35710
1000;0;3;QuickSort;38392;16009;6789;32480
1000;0;3;InsertionSort;2997;999;0;111210
1000;0;3;BubbleSort;1998;999;0;90120
1000;0;3;MergeSort;19952;5044;0;43660
1000;0;3;CountingSort;3001;0;0;28900
1000;0;3;QuickSort;36739;15361;6461;42430
1000;0;3;InsertionSort;2997;999;0;87691
1000;0;3;BubbleSort;1998;999;0;82031
1000;0;3;MergeSort;19952;5044;0;74970
1000;0;3;CountingSort;3001;0;0;16230
1000;0;3;QuickSort;38968;16435;6837;36920
1000;0;3;InsertionSort;2997;999;0;75390
1000;0;3;BubbleSort;1998;999;0;51150
1000;0;3;MergeSort;19952;5044;0;77490
1000;0;3;CountingSort;3001;0;0;15780
1000;0;3;QuickSort;40792;17515;7103;39580
1000;0;3;InsertionSort;2997;999;0;93820
1000;0;3;BubbleSort;1998;999;0;98140
1000;0;3;MergeSort;19952;5044;0;71000
1000;0;3;CountingSort;3001;0;0;16310
1000;0;3;QuickSort;37785;16440;6442;35250
1000;0;3;InsertionSort;2997;999;0;78750
1000;0;3;BubbleSort;1998;999;0;87871
1000;0;3;MergeSort;19952;5044;0;63031
1000;0;3;CountingSort;3001;0;0;19560
1000;0;3;QuickSort;38151;16266;6617;36010
1000;0;3;InsertionSort;2997;999;0;105781
1000;0;3;BubbleSort;1998;999;0;79841
1000;0;3;MergeSort;19952;5044;0;76400
1000;0;3;CountingSort;3001;0;0;19540
1000;0;3;QuickSort;38286;16407;6635;29230
1000;0;3;InsertionSort;2997;999;0;119490
1000;0;3;BubbleSort;1998;999;0;74890
1000;0;3;MergeSort;19952;5044;0;82030
1000;0;3;CountingSort;3001;0;0;22120
1000;0;3;QuickSort;38040;16710;6433;26931
1000;0;3;InsertionSort;2997;999;0;113120
1000;0;3;BubbleSort;1998;999;0;54290
1000;0;3;MergeSort;19952;5044;0;71170
1000;0;3;CountingSort;3001;0;0;22380
1000;0;3;QuickSort;40531;16834;7239;52170
1000;0;3;InsertionSort;2997;999;0;102620
1000;0;3;BubbleSort;1998;999;0;75380
1000;0;3;MergeSort;19952;5044;0;85051
1000;0;3;CountingSort;3001;0;0;23160
1000;0;3;QuickSort;35660;15380;6102;39141
1000;0;3;InsertionSort;2997;999;0;103260
1000;0;3;BubbleSort;1998;999;0;55210
1000;0;3;MergeSort;19952;5044;0;85700
1000;0;3;CountingSort;3001;0;0;25570
1000;0;3;QuickSort;37378;15754;6541;33960
1000;0;3;InsertionSort;2997;999;0;112880
1000;0;3;BubbleSort;1998;999;0;93290
1000;0;3;MergeSort;19952;5044;0;110480
1000;0;3;CountingSort;3001;0;0;17520
1000;0;3;QuickSort;39316;16609;6895;72860
1000;0;3;InsertionSort;2997;999;0;85410
1000;0;3;BubbleSort;1998;999;0;71290
1000;0;3;MergeSort;19952;5044;0;86310
1000;0;3;CountingSort;3001;0;0;15090
1000;0;3;QuickSort;36854;15683;6383;27380
1000;0;3;InsertionSort;2997;999;0;99860
1000;0;3;BubbleSort;1998;999;0;80330
1000;0;3;MergeSort;19952;5044;0;82301
1000;0;3;CountingSort;3001;0;0;16680
1000;0;3;QuickSort;38341;16759;6536;39661
1000;0;3;InsertionSort;2997;999;0;104680
1000;0;3;BubbleSort;1998;999;0;85100
1000;0;3;MergeSort;19952;5044;0;104330
1000;0;3;CountingSort;3001;0;0;18500
1000;0;3;QuickSort;48588;20043;8851;31700
1000;0;3;InsertionSort;2997;999;0;102620
1000;0;3;BubbleSort;1998;999;0;74750
1000;0;3;MergeSort;19952;5044;0;55020
1000;0;3;CountingSort;3001;0;0;41410
1000;0;3;QuickSort;44704;19402;7771;30031
1000;0;3;InsertionSort;2997;999;0;89410
1000;0;3;BubbleSort;1998;999;0;69850
1000;0;3;MergeSort;19952;5044;0;95350
1000;0;3;CountingSort;3001;0;0;19560
1000;0;3;QuickSort;39122;16151;7000;55600
1000;0;3;InsertionSort;2997;999;0;93511
1000;0;3;BubbleSort;1998;999;0;72521
1000;0;3;MergeSort;19952;5044;0;129410
1000;0;3;CountingSort;3001;0;0;17260
1000;0;3;QuickSort;36954;15438;6492;29590
1000;0;3;InsertionSort;2997;999;0;99141
1000;0;3;BubbleSort;1998;999;0;84461
1000;0;3;MergeSort;19952;5044;0;97661
1000;0;3;CountingSort;3001;0;0;24441
1000;0;3;QuickSort;37810;15565;6752;44360
1000;0;3;InsertionSort;2997;999;0;92370
1000;0;3;BubbleSort;1998;999;0;72930
1000;0;3;MergeSort;19952;5044;0;70480
1000;0;3;CountingSort;3001;0;0;23280
1000;0;3;QuickSort;40429;16735;7235;49110
1000;0;3;InsertionSort;2997;999;0;116171
1000;0;3;BubbleSort;1998;999;0;97471
1000;0;3;MergeSort;19952;5044;0;89211
1000;0;3;CountingSort;3001;0;0;18010
1000;0;3;QuickSort;37018;15436;6519;30391
1000;0;3;InsertionSort;2997;999;0;104960
1000;0;3;BubbleSort;1998;999;0;62630
1000;0;3;MergeSort;19952;5044;0;87410
1000;0;3;CountingSort;3001;0;0;17620
1000;0;3;QuickSort;41345;17447;7294;37140
1000;0;3;InsertionSort;2997;999;0;95341
1000;0;3;BubbleSort;1998;999;0;52550
1000;0;3;MergeSort;19952;5044;0;81670
1000;0;3;CountingSort;3001;0;0;33180
1000;0;3;QuickSort;39121;16453;6898;36190
1000;0;3;InsertionSort;2997;999;0;104560
1000;0;3;BubbleSort;1998;999;0;64830
1000;0;3;MergeSort;19952;5044;0;61421
1000;0;3;CountingSort;3001;0;0;16870
1000;0;3;QuickSort;42006;17754;7419;46521
1000;0;3;InsertionSort;2997;999;0;71721
1000;0;3;BubbleSort;1998;999;0;89310
1000;0;3;MergeSort;19952;5044;0;87080
1000;0;3;CountingSort;3001;0;0;18400
1000;0;3;QuickSort;37144;15925;6408;30670
1000;0;3;InsertionSort;2997;999;0;84810
1000;0;3;BubbleSort;1998;999;0;81920
1000;0;3;MergeSort;19952;5044;0;83440
1000;0;3;CountingSort;3001;0;0;16260
1000;0;3;QuickSort;35169;15441;5907;30730
1000;0;3;InsertionSort;2997;999;0;84490
1000;0;3;BubbleSort;1998;999;0;51180
1000;0;3;MergeSort;19952;5044;0;80870
1000;0;3;CountingSort;3001;0;0;16830
1000;0;3;QuickSort;40146;16806;7116;31580
1000;0;3;InsertionSort;2997;999;0;97730
1000;0;3;BubbleSort;1998;999;0;70901
1000;0;3;MergeSort;19952;5044;0;65291
1000;0;3;CountingSort;3001;0;0;16950
1000;0;3;QuickSort;41736;17577;7383;31090
1000;0;3;InsertionSort;2997;999;0;81680
1000;0;3;BubbleSort;1998;999;0;72481
1000;0;3;MergeSort;19952;5044;0;67611
1000;0;3;CountingSort;3001;0;0;19020
1000;0;3;QuickSort;37888;15844;6677;30551
1000;0;3;InsertionSort;2997;999;0;80720
1000;0;3;BubbleSort;1998;999;0;53060
1000;0;3;MergeSort;19952;5044;0;72300
1000;0;3;CountingSort;3001;0;0;19540
1000;0;3;QuickSort;40846;17506;7109;29180
1000;0;3;InsertionSort;2997;999;0;98690
1000;0;3;BubbleSort;1998;999;0;79160
1000;0;3;MergeSort;19952;5044;0;73470
1000;0;3;CountingSort;3001;0;0;29850
1000;0;3;QuickSort;39639;16719;6968;29920
1000;0;3;InsertionSort;2997;999;0;92600
1000;0;3;BubbleSort;1998;999;0;74950
1000;0;3;MergeSort;19952;5044;0;77690
1000;0;3;CountingSort;3001;0;0;24500
1000;0;3;QuickSort;36212;15104;6370;34010
1000;0;3;InsertionSort;2997;999;0;89470
1000;0;3;BubbleSort;1998;999;0;82171
1000;0;3;MergeSort;19952;5044;0;102871
1000;0;3;CountingSort;3001;0;0;32040
1000;0;3;QuickSort;38797;16840;6652;53850
1000;0;3;InsertionSort;2997;999;0;83160
1000;0;3;BubbleSort;1998;999;0;48961
1000;0;3;MergeSort;19952;5044;0;87060
1000;0;3;CountingSort;3001;0;0;14800
1000;0;3;QuickSort;45398;18644;8237;38510
1000;0;3;InsertionSort;2997;999;0;83131
1000;0;3;BubbleSort;1998;999;0;89191
1000;0;3;MergeSort;19952;5044;0;80570
1000;0;3;CountingSort;3001;0;0;17120
1000;0;3;QuickSort;42549;17505;7683;36451
1000;0;3;InsertionSort;2997;999;0;46730
1000;0;3;BubbleSort;1998;999;0;73950
1000;0;3;MergeSort;19952;5044;0;81690
1000;0;3;CountingSort;3001;0;0;17520
1000;0;3;QuickSort;37941;16176;6589;30340
1000;0;3;InsertionSort;2997;999;0;39270
1000;0;3;BubbleSort;1998;999;0;33680
1000;0;3;MergeSort;19952;5044;0;65750
1000;0;3;CountingSort;3001;0;0;18060
1000;0;3;QuickSort;36142;15370;6262;28660
1000;0;3;InsertionSort;2997;999;0;29030
1000;0;3;BubbleSort;1998;999;0;23760
1000;0;3;MergeSort;19952;5044;0;60310
1000;0;3;CountingSort;3001;0;0;15990
1000;0;3;QuickSort;37260;15552;6563;28190
1000;0;3;InsertionSort;2997;999;0;28830
1000;0;3;BubbleSort;1998;999;0;24341
1000;0;3;MergeSort;19952;5044;0;62350
1000;0;3;CountingSort;3001;0;0;17700
1000;0;3;QuickSort;38324;16973;6456;29561
1000;0;3;InsertionSort;2997;999;0;33070
1000;0;3;BubbleSort;1998;999;0;36470
1000;0;3;MergeSort;19952;5044;0;66950
1000;0;3;CountingSort;3001;0;0;17660
1000;0;3;QuickSort;40641;16950;7229;33020
1000;0;3;InsertionSort;2997;999;0;11050
1000;0;3;BubbleSort;1998;999;0;24760
1000;0;3;MergeSort;19952;5044;0;59300
1000;0;3;CountingSort;3001;0;0;25920
1000;0;3;QuickSort;43846;18739;7691;32300
1000;0;3;InsertionSort;2997;999;0;14500
1000;0;3;BubbleSort;1998;999;0;6930
1000;0;3;MergeSort;19952;5044;0;70140
1000;0;3;CountingSort;3001;0;0;16290
1000;0;3;QuickSort;40758;17577;7058;36640
1000;0;3;InsertionSort;2997;999;0;12250
1000;0;3;BubbleSort;1998;999;0;8580
1000;0;3;MergeSort;19952;5044;0;55870
1000;0;3;CountingSort;3001;0;0;38000
1000;0;3;QuickSort;37230;15507;6577;46590
1000;0;3;InsertionSort;2997;999;0;19730
1000;0;3;BubbleSort;1998;999;0;17770
1000;0;3;MergeSort;19952;5044;0;91691
1000;0;3;CountingSort;3001;0;0;20680
1000;0;3;QuickSort;36694;15898;6267;35870
1000;0;3;InsertionSort;2997;999;0;14760
1000;0;3;BubbleSort;1998;999;0;6900
1000;0;3;MergeSort;19952;5044;0;76060
1000;0;3;CountingSort;3001;0;0;17880
1000;0;3;QuickSort;37804;16039;6582;40960
1000;0;3;InsertionSort;2997;999;0;16730
1000;0;3;BubbleSort;1998;999;0;11010
1000;0;3;MergeSort;19952;5044;0;71770
1000;0;3;CountingSort;3001;0;0;17090
1000;0;3;QuickSort;38008;15649;6797;34090
1000;0;3;InsertionSort;2997;999;0;22500
1000;0;3;BubbleSort;1998;999;0;16010
1000;0;3;MergeSort;19952;5044;0;81680
1000;0;3;CountingSort;3001;0;0;50220
1000;0;3;QuickSort;44807;18791;8011;46570
1000;0;3;InsertionSort;2997;999;0;23890
1000;0;3;BubbleSort;1998;999;0;15130
1000;0;3;MergeSort;19952;5044;0;59100
1000;0;3;CountingSort;3001;0;0;24970
1000;0;3;QuickSort;40002;17142;6952;39790
1000;0;3;InsertionSort;2997;999;0;22120
1000;0;3;BubbleSort;1998;999;0;21380
1000;0;3;MergeSort;19952;5044;0;64120
1000;0;3;CountingSort;3001;0;0;50470
1000;0;3;QuickSort;40104;16548;7179;52880
1000;0;3;InsertionSort;2997;999;0;19580
1000;0;3;BubbleSort;1998;999;0;12110
1000;0;3;MergeSort;19952;5044;0;126191
1000;0;3;CountingSort;3001;0;0;21050
1000;0;3;QuickSort;37845;16140;6569;29030
1000;0;3;InsertionSort;2997;999;0;17060
1000;0;3;BubbleSort;1998;999;0;13150
1000;0;3;MergeSort;19952;5044;0;71550
1000;0;3;CountingSort;3001;0;0;38510
1000;0;3;QuickSort;39537;16830;6901;44251
1000;0;3;InsertionSort;2997;999;0;16340
1000;0;3;BubbleSort;1998;999;0;20240
1000;0;3;MergeSort;19952;5044;0;68740
1000;0;3;CountingSort;3001;0;0;20180
1000;0;3;QuickSort;45287;18875;8140;45100
1000;0;3;InsertionSort;2997;999;0;16610
1000;0;3;BubbleSort;1998;999;0;14060
1000;0;3;MergeSort;19952;5044;0;66080
1000;0;3;CountingSort;3001;0;0;33730
1000;0;3;QuickSort;38987;16133;6956;36370
1000;0;3;InsertionSort;2997;999;0;11690
1000;0;3;BubbleSort;1998;999;0;8660
1000;0;3;MergeSort;19952;5044;0;70231
1000;0;3;CountingSort;3001;0;0;20520
1000;0;3;QuickSort;40893;16722;7389;40371
1000;0;3;InsertionSort;2997;999;0;24140
1000;0;3;BubbleSort;1998;999;0;17750
1000;0;3;MergeSort;19952;5044;0;76730
1000;0;3;CountingSort;3001;0;0;23570
1000;0;3;QuickSort;38630;16148;6832;43790
1000;0;3;InsertionSort;2997;999;0;17580
1000;0;3;BubbleSort;1998;999;0;9770
1000;0;3;MergeSort;19952;5044;0;59750
1000;0;3;CountingSort;3001;0;0;76470
1000;0;3;QuickSort;35701;16117;5856;36800
1000;0;3;InsertionSort;2997;999;0;11360
1000;0;3;BubbleSort;1998;999;0;6860
1000;0;3;MergeSort;19952;5044;0;74320
1000;0;3;CountingSort;3001;0;0;17040
1000;0;3;QuickSort;36412;15109;6418;36140
1000;0;3;InsertionSort;2997;999;0;12490
1000;0;3;BubbleSort;1998;999;0;8600
1000;0;3;MergeSort;19952;5044;0;53590
1000;0;3;CountingSort;3001;0;0;57931
1000;0;3;QuickSort;39314;16604;6912;69321
1000;0;3;InsertionSort;2997;999;0;22830
1000;0;3;BubbleSort;1998;999;0;9740
1000;0;3;MergeSort;19952;5044;0;79350
1000;0;3;CountingSort;3001;0;0;9690
1000;0;3;QuickSort;38153;16046;6699;36250
1000;0;3;InsertionSort;2997;999;0;11330
1000;0;3;BubbleSort;1998;999;0;25800
1000;0;3;MergeSort;19952;5044;0;75850
1000;0;3;CountingSort;3001;0;0;10070
1000;0;3;QuickSort;44103;18231;7964;30920
1000;0;3;InsertionSort;2997;999;0;12690
1000;0;3;BubbleSort;1998;999;0;8660
1000;0;3;MergeSort;19952;5044;0;65700
1000;0;3;CountingSort;3001;0;0;7200
1000;0;3;QuickSort;36182;15545;6208;28810
1000;0;3;InsertionSort;2997;999;0;11550
1000;0;3;BubbleSort;1998;999;0;8790
1000;0;3;MergeSort;19952;5044;0;63810
1000;0;3;CountingSort;3001;0;0;6200
1000;0;3;QuickSort;39488;16511;6988;31210
1000;0;3;InsertionSort;2997;999;0;20230
1000;0;3;BubbleSort;1998;999;0;17790
1000;0;3;MergeSort;19952;5044;0;74730
1000;0;3;CountingSort;3001;0;0;7330
1000;0;3;QuickSort;35532;16179;5791;28840
1000;0;3;InsertionSort;2997;999;0;11510
1000;0;3;BubbleSort;1998;999;0;10970
1000;0;3;MergeSort;19952;5044;0;56030
1000;0;3;CountingSort;3001;0;0;8020
1000;0;3;QuickSort;37532;16499;6333;45770
1000;0;3;InsertionSort;2997;999;0;33400
1000;0;3;BubbleSort;1998;999;0;13500
1000;0;3;MergeSort;19952;5044;0;54490
1000;0;3;CountingSort;3001;0;0;10221
1000;0;3;QuickSort;38503;15988;6838;35620
1000;0;3;InsertionSort;2997;999;0;10620
1000;0;3;BubbleSort;1998;999;0;41490
1000;0;3;MergeSort;19952;5044;0;79020
1000;0;3;CountingSort;3001;0;0;22560
1000;0;3;QuickSort;38755;17170;6531;63950
1000;0;3;InsertionSort;2997;999;0;13590
1000;0;3;BubbleSort;1998;999;0;8580
1000;0;3;MergeSort;19952;5044;0;54431
1000;0;3;CountingSort;3001;0;0;7890
1000;0;3;QuickSort;36642;15336;6438;28380
1000;0;3;InsertionSort;2997;999;0;26020
1000;0;3;BubbleSort;1998;999;0;16710
1000;0;3;MergeSort;19952;5044;0;66230
1000;0;3;CountingSort;3001;0;0;8960
1000;0;3;QuickSort;39701;16856;6959;34660
1000;0;3;InsertionSort;2997;999;0;15070
1000;0;3;BubbleSort;1998;999;0;18700
1000;0;3;MergeSort;19952;5044;0;65720
1000;0;3;CountingSort;3001;0;0;7370
1000;0;3;QuickSort;36217;15406;6269;38250
1000;0;3;InsertionSort;2997;999;0;15150
1000;0;3;BubbleSort;1998;999;0;6910
1000;0;3;MergeSort;19952;5044;0;60500
1000;0;3;CountingSort;3001;0;0;8660
1000;0;3;QuickSort;39834;16533;7090;45540
1000;0;3;InsertionSort;2997;999;0;16800
1000;0;3;BubbleSort;1998;999;0;8680
1000;0;3;MergeSort;19952;5044;0;64980
1000;0;4;CountingSort;3001;0;0;189350
1000;0;4;QuickSort;38769;16455;6769;1307324
1000;0;4;InsertionSort;2997;999;0;138431
1000;0;4;BubbleSort;1998;999;0;113641
1000;0;4;MergeSort;19952;5044;0;1040933
1000;0;4;CountingSort;3001;0;0;108780
1000;0;4;QuickSort;46069;18679;8453;214511
1000;0;4;InsertionSort;2997;999;0;87331
1000;0;4;BubbleSort;1998;999;0;72581
1000;0;4;MergeSort;19952;5044;0;107890
1000;0;4;CountingSort;3001;0;0;147991
1000;0;4;QuickSort;35847;14985;6277;155471
1000;0;4;InsertionSort;2997;999;0;93231
1000;0;4;BubbleSort;1998;999;0;48861
1000;0;4;MergeSort;19952;5044;0;103140
1000;0;4;CountingSort;3001;0;0;96890
1000;0;4;QuickSort;40223;17513;6913;145890
1000;0;4;InsertionSort;2997;999;0;101740
1000;0;4;BubbleSort;1998;999;0;64670
1000;0;4;MergeSort;19952;5044;0;65941
1000;0;4;CountingSort;3001;0;0;101250
1000;0;4;QuickSort;36753;15813;6327;163180
1000;0;4;InsertionSort;2997;999;0;95100
1000;0;4;BubbleSort;1998;999;0;70090
1000;0;4;MergeSort;19952;5044;0;94080
1000;0;4;CountingSort;3001;0;0;128660
1000;0;4;QuickSort;36764;16160;6210;261171
1000;0;4;InsertionSort;2997;999;0;142621
1000;0;4;BubbleSort;1998;999;0;91401
1000;0;4;MergeSort;19952;5044;0;93100
1000;0;4;CountingSort;3001;0;0;93170
1000;0;4;QuickSort;37101;15462;6534;170141
1000;0;4;InsertionSort;2997;999;0;138211
1000;0;4;BubbleSort;1998;999;0;88611
1000;0;4;MergeSort;19952;5044;0;62770
1000;0;4;CountingSort;3001;0;0;101740
1000;0;4;QuickSort;37687;16450;6409;135420
1000;0;4;InsertionSort;2997;999;0;126191
1000;0;4;BubbleSort;1998;999;0;59790
1000;0;4;MergeSort;19952;5044;0;97541
1000;0;4;CountingSort;3001;0;0;109040
1000;0;4;QuickSort;39186;16500;6894;132850
1000;0;4;InsertionSort;2997;999;0;123020
1000;0;4;BubbleSort;1998;999;0;93060
1000;0;4;MergeSort;19952;5044;0;102141
1000;0;4;CountingSort;3001;0;0;178601
1000;0;4;QuickSort;33869;14873;5678;182640
1000;0;4;InsertionSort;2997;999;0;142450
1000;0;4;BubbleSort;1998;999;0;67770
1000;0;4;MergeSort;19952;5044;0;126460
1000;0;4;CountingSort;3001;0;0;184331
1000;0;4;QuickSort;41783;18296;7163;145931
1000;0;4;InsertionSort;2997;999;0;143311
1000;0;4;BubbleSort;1998;999;0;70991
1000;0;4;MergeSort;19952;5044;0;94430
1000;0;4;CountingSort;3001;0;0;126280
1000;0;4;QuickSort;44583;18867;7924;479871
1000;0;4;InsertionSort;2997;999;0;134381
1000;0;4;BubbleSort;1998;999;0;86441
1000;0;4;MergeSort;19952;5044;0;102571
1000;0;4;CountingSort;3001;0;0;121540
1000;0;4;QuickSort;45161;19325;7950;917132
1000;0;4;InsertionSort;2997;999;0;80270
1000;0;4;BubbleSort;1998;999;0;68890
1000;0;4;MergeSort;19952;5044;0;116180
1000;0;4;CountingSort;3001;0;0;153820
1000;0;4;QuickSort;35693;15266;6141;739672
1000;0;4;InsertionSort;2997;999;0;107811
1000;0;4;BubbleSort;1998;999;0;92411
1000;0;4;MergeSort;19952;5044;0;73001
1000;0;4;CountingSort;3001;0;0;140251
1000;0;4;QuickSort;40196;16859;7122;820893
1000;0;4;InsertionSort;2997;999;0;96411
1000;0;4;BubbleSort;1998;999;0;48331
1000;0;4;MergeSort;19952;5044;0;90131
1000;0;4;CountingSort;3001;0;0;276570
1000;0;4;QuickSort;38635;17365;6418;669841
1000;0;4;InsertionSort;2997;999;0;87220
1000;0;4;BubbleSort;1998;999;0;51100
1000;0;4;MergeSort;19952;5044;0;103210
1000;0;4;CountingSort;3001;0;0;44550
1000;0;4;QuickSort;41464;18640;6947;872603
1000;0;4;InsertionSort;2997;999;0;111000
1000;0;4;BubbleSort;1998;999;0;81450
1000;0;4;MergeSort;19952;5044;0;96050
1000;0;4;CountingSort;3001;0;0;60000
1000;0;4;QuickSort;37382;16004;6458;731932
1000;0;4;InsertionSort;2997;999;0;100570
1000;0;4;BubbleSort;1998;999;0;78140
1000;0;4;MergeSort;19952;5044;0;90310
1000;0;4;CountingSort;3001;0;0;16050
1000;0;4;QuickSort;35901;15609;6089;798812
1000;0;4;InsertionSort;2997;999;0;121510
1000;0;4;BubbleSort;1998;999;0;76060
1000;0;4;MergeSort;19952;5044;0;88710
1000;0;4;CountingSort;3001;0;0;22910
1000;0;4;QuickSort;38898;16185;6908;766862
1000;0;4;InsertionSort;2997;999;0;81690
1000;0;4;BubbleSort;1998;999;0;79070
1000;0;4;MergeSort;19952;5044;0;125131
1000;0;4;CountingSort;3001;0;0;20650
1000;0;4;QuickSort;44122;18319;7938;685962
1000;0;4;InsertionSort;2997;999;0;95700
1000;0;4;BubbleSort;1998;999;0;93180
1000;0;4;MergeSort;19952;5044;0;72100
1000;0;4;CountingSort;3001;0;0;17650
1000;0;4;QuickSort;40135;16525;7209;38210
1000;0;4;InsertionSort;2997;999;0;101120
1000;0;4;BubbleSort;1998;999;0;88290
1000;0;4;MergeSort;19952;5044;0;83430
1000;0;4;CountingSort;3001;0;0;22710
1000;0;4;QuickSort;36178;15127;6341;29750
1000;0;4;InsertionSort;2997;999;0;88991
1000;0;4;BubbleSort;1998;999;0;75380
1000;0;4;MergeSort;19952;5044;0;84860
1000;0;4;CountingSort;3001;0;0;22000
1000;0;4;QuickSort;38624;16040;6859;38570
1000;0;4;InsertionSort;2997;999;0;93000
1000;0;4;BubbleSort;1998;999;0;80730
1000;0;4;MergeSort;19952;5044;0;1371834
1000;0;4;CountingSort;3001;0;0;20330
1000;0;4;QuickSort;38342;15854;6831;32870
1000;0;4;InsertionSort;2997;999;0;107610
1000;0;4;BubbleSort;1998;999;0;59770
1000;0;4;MergeSort;19952;5044;0;65721
1000;0;4;CountingSort;3001;0;0;18020
1000;0;4;QuickSort;36796;15412;6460;29590
1000;0;4;InsertionSort;2997;999;0;74360
1000;0;4;BubbleSort;1998;999;0;61420
1000;0;4;MergeSort;19952;5044;0;39070
1000;0;4;CountingSort;3001;0;0;22280
1000;0;4;QuickSort;42932;17708;7748;41920
1000;0;4;InsertionSort;2997;999;0;106510
1000;0;4;BubbleSort;1998;999;0;81740
1000;0;4;MergeSort;19952;5044;0;44080
1000;0;4;CountingSort;3001;0;0;28990
1000;0;4;QuickSort;35421;14721;6244;29180
1000;0;4;InsertionSort;2997;999;0;84230
1000;0;4;BubbleSort;1998;999;0;72090
1000;0;4;MergeSort;19952;5044;0;52510
1000;0;4;CountingSort;3001;0;0;18510
1000;0;4;QuickSort;37734;15546;6716;36050
1000;0;4;InsertionSort;2997;999;0;104650
1000;0;4;BubbleSort;1998;999;0;87880
1000;0;4;MergeSort;19952;5044;0;78950
1000;0;4;CountingSort;3001;0;0;39090
1000;0;4;QuickSort;39129;16335;6933;45070
1000;0;4;InsertionSort;2997;999;0;105400
1000;0;4;BubbleSort;1998;999;0;71830
1000;0;4;MergeSort;19952;5044;0;35510
1000;0;4;CountingSort;3001;0;0;20130
1000;0;4;QuickSort;38234;15875;6776;31050
1000;0;4;InsertionSort;2997;999;0;86100
1000;0;4;BubbleSort;1998;999;0;84821
1000;0;4;MergeSort;19952;5044;0;37430
1000;0;4;CountingSort;3001;0;0;70990
1000;0;4;QuickSort;39554;16181;7125;38410
1000;0;4;InsertionSort;2997;999;0;112310
1000;0;4;BubbleSort;1998;999;0;86020
1000;0;4;MergeSort;19952;5044;0;109670
1000;0;4;CountingSort;3001;0;0;16040
1000;0;4;QuickSort;40377;16899;7152;39000
1000;0;4;InsertionSort;2997;999;0;79021
1000;0;4;BubbleSort;1998;999;0;99651
1000;0;4;MergeSort;19952;5044;0;82540
1000;0;4;CountingSort;3001;0;0;29850
1000;0;4;QuickSort;37160;16118;6354;39221
1000;0;4;InsertionSort;2997;999;0;120750
1000;0;4;BubbleSort;1998;999;0;88900
1000;0;4;MergeSort;19952;5044;0;82120
1000;0;4;CountingSort;3001;0;0;18950
1000;0;4;QuickSort;40604;17075;7178;37640
1000;0;4;InsertionSort;2997;999;0;79790
1000;0;4;BubbleSort;1998;999;0;74420
1000;0;4;MergeSort;19952;5044;0;40750
1000;0;4;CountingSort;3001;0;0;20110
1000;0;4;QuickSort;37509;15768;6577;31380
1000;0;4;InsertionSort;2997;999;0;92230
1000;0;4;BubbleSort;1998;999;0;81771
1000;0;4;MergeSort;19952;5044;0;62901
1000;0;4;CountingSort;3001;0;0;20160
1000;0;4;QuickSort;39205;16852;6792;33700
1000;0;4;InsertionSort;2997;999;0;129060
1000;0;4;BubbleSort;1998;999;0;90480
1000;0;4;MergeSort;19952;5044;0;71470
1000;0;4;CountingSort;3001;0;0;23890
1000;0;4;QuickSort;36517;15427;6366;41720
1000;0;4;InsertionSort;2997;999;0;143420
1000;0;4;BubbleSort;1998;999;0;83130
1000;0;4;MergeSort;19952;5044;0;61711
1000;0;4;CountingSort;3001;0;0;17650
1000;0;4;QuickSort;33922;14719;5736;28490
1000;0;4;InsertionSort;2997;999;0;90631
1000;0;4;BubbleSort;1998;999;0;65881
1000;0;4;MergeSort;19952;5044;0;93440
1000;0;4;CountingSort;3001;0;0;21940
1000;0;4;QuickSort;36360;15573;6260;37171
1000;0;4;InsertionSort;2997;999;0;99490
1000;0;4;BubbleSort;1998;999;0;92320
1000;0;4;MergeSort;19952;5044;0;99480
1000;0;4;CountingSort;3001;0;0;23270
1000;0;4;QuickSort;38482;16816;6561;40370
1000;0;4;InsertionSort;2997;999;0;73940
1000;0;4;BubbleSort;1998;999;0;74210
1000;0;4;MergeSort;19952;5044;0;81031
1000;0;4;CountingSort;3001;0;0;21840
1000;0;4;QuickSort;37763;16907;6285;51160
1000;0;4;InsertionSort;2997;999;0;90950
1000;0;4;BubbleSort;1998;999;0;75500
1000;0;4;MergeSort;19952;5044;0;90060
1000;0;4;CountingSort;3001;0;0;14970
1000;0;4;QuickSort;38027;15776;6760;57030
1000;0;4;InsertionSort;2997;999;0;110820
1000;0;4;BubbleSort;1998;999;0;74810
1000;0;4;MergeSort;19952;5044;0;76431
1000;0;4;CountingSort;3001;0;0;19950
1000;0;4;QuickSort;38094;15909;6727;29630
1000;0;4;InsertionSort;2997;999;0;93731
1000;0;4;BubbleSort;1998;999;0;73650
1000;0;4;MergeSort;19952;5044;0;104540
1000;0;4;CountingSort;3001;0;0;36301
1000;0;4;QuickSort;40840;17086;7236;38330
1000;0;4;InsertionSort;2997;999;0;80600
1000;0;4;BubbleSort;1998;999;0;73770
1000;0;4;MergeSort;19952;5044;0;94160
1000;0;4;CountingSort;3001;0;0;20770
1000;0;4;QuickSort;39124;16387;6920;28950
1000;0;4;InsertionSort;2997;999;0;87000
1000;0;4;BubbleSort;1998;999;0;81100
1000;0;4;MergeSort;19952;5044;0;62170
1000;0;4;CountingSort;3001;0;0;33810
1000;0;4;QuickSort;41380;16927;7486;45080
1000;0;4;InsertionSort;2997;999;0;114070
1000;0;4;BubbleSort;1998;999;0;70300
1000;0;4;MergeSort;19952;5044;0;62470
1000;0;4;CountingSort;3001;0;0;18500
1000;0;4;QuickSort;35272;15460;5945;28700
1000;0;4;InsertionSort;2997;999;0;84860
1000;0;4;BubbleSort;1998;999;0;78711
1000;0;4;MergeSort;19952;5044;0;73221
1000;0;4;CountingSort;3001;0;0;8510
1000;0;4;QuickSort;37487;16109;6455;34310
1000;0;4;InsertionSort;2997;999;0;74520
1000;0;4;BubbleSort;1998;999;0;71060
1000;0;4;MergeSort;19952;5044;0;97900
1000;0;4;CountingSort;3001;0;0;5870
1000;0;4;QuickSort;41177;17399;7260;32360
1000;0;4;InsertionSort;2997;999;0;76461
1000;0;4;BubbleSort;1998;999;0;49920
1000;0;4;MergeSort;19952;5044;0;72950
1000;0;4;CountingSort;3001;0;0;11320
1000;0;4;QuickSort;36457;15184;6425;35940
1000;0;4;InsertionSort;2997;999;0;109290
1000;0;4;BubbleSort;1998;999;0;77530
1000;0;4;MergeSort;19952;5044;0;67051
1000;0;4;CountingSort;3001;0;0;10450
1000;0;4;QuickSort;35810;15623;6068;50870
1000;0;4;InsertionSort;2997;999;0;92420
1000;0;4;BubbleSort;1998;999;0;76010
1000;0;4;MergeSort;19952;5044;0;91200
1000;0;4;CountingSort;3001;0;0;15800
1000;0;4;QuickSort;39209;16736;6831;40410
1000;0;4;InsertionSort;2997;999;0;89240
1000;0;4;BubbleSort;1998;999;0;91010
1000;0;4;MergeSort;19952;5044;0;98151
1000;0;4;CountingSort;3001;0;0;9890
1000;0;4;QuickSort;36466;15262;6403;32230
1000;0;4;InsertionSort;2997;999;0;97620
1000;0;4;BubbleSort;1998;999;0;92440
1000;0;4;MergeSort;19952;5044;0;103490
1000;0;4;CountingSort;3001;0;0;10050
1000;0;4;QuickSort;34637;14591;6018;28920
1000;0;4;InsertionSort;2997;999;0;96761
1000;0;4;BubbleSort;1998;999;0;90041
1000;0;4;MergeSort;19952;5044;0;74530
1000;0;4;CountingSort;3001;0;0;8520
1000;0;4;QuickSort;36901;16066;6287;29621
1000;0;4;InsertionSort;2997;999;0;85860
1000;0;4;BubbleSort;1998;999;0;50650
1000;0;4;MergeSort;19952;5044;0;65560
1000;0;4;CountingSort;3001;0;0;6880
1000;0;4;QuickSort;34574;15284;5769;28650
1000;0;4;InsertionSort;2997;999;0;93510
1000;0;4;BubbleSort;1998;999;0;85250
1000;0;4;MergeSort;19952;5044;0;72300
1000;0;4;CountingSort;3001;0;0;8560
1000;0;4;QuickSort;47669;19955;8573;34570
1000;0;4;InsertionSort;2997;999;0;93230
1000;0;4;BubbleSort;1998;999;0;87930
1000;0;4;MergeSort;19952;5044;0;62740
1000;0;4;CountingSort;3001;0;0;8121
1000;0;4;QuickSort;38582;16223;6789;38580
1000;0;4;InsertionSort;2997;999;0;78260
1000;0;4;BubbleSort;1998;999;0;62111
1000;0;4;MergeSort;19952;5044;0;78180
1000;0;4;CountingSort;3001;0;0;9930
1000;0;4;QuickSort;35812;15787;6001;48681
1000;0;4;InsertionSort;2997;999;0;91421
1000;0;4;BubbleSort;1998;999;0;65710
1000;0;4;MergeSort;19952;5044;0;97150
1000;0;4;CountingSort;3001;0;0;8750
1000;0;4;QuickSort;34661;15113;5852;36030
1000;0;4;InsertionSort;2997;999;0;105731
1000;0;4;BubbleSort;1998;999;0;57661
1000;0;4;MergeSort;19952;5044;0;70880
1000;0;4;CountingSort;3001;0;0;8990
1000;0;4;QuickSort;36877;15484;6462;46021
1000;0;4;InsertionSort;2997;999;0;98871
1000;0;4;BubbleSort;1998;999;0;72850
1000;0;4;MergeSort;19952;5044;0;91490
1000;0;4;CountingSort;3001;0;0;8550
1000;0;4;QuickSort;38907;15879;7009;37000
1000;0;4;InsertionSort;2997;999;0;98280
1000;0;4;BubbleSort;1998;999;0;64280
1000;0;4;MergeSort;19952;5044;0;83880
1000;0;4;CountingSort;3001;0;0;6710
1000;0;4;QuickSort;40576;16459;7367;42790
1000;0;4;InsertionSort;2997;999;0;101170
1000;0;4;BubbleSort;1998;999;0;68330
1000;0;4;MergeSort;19952;5044;0;87410
1000;0;4;CountingSort;3001;0;0;8770
1000;0;4;QuickSort;36660;15969;6224;30421
1000;0;4;InsertionSort;2997;999;0;79630
1000;0;4;BubbleSort;1998;999;0;67320
1000;0;4;MergeSort;19952;5044;0;61720
1000;0;4;CountingSort;3001;0;0;8170
1000;0;4;QuickSort;41126;17303;7269;37330
1000;0;4;InsertionSort;2997;999;0;62720
1000;0;4;BubbleSort;1998;999;0;99450
1000;0;4;MergeSort;19952;5044;0;98861
1000;0;4;CountingSort;3001;0;0;10340
1000;0;4;QuickSort;37478;16403;6343;34430
1000;0;4;InsertionSort;2997;999;0;22221
1000;0;4;BubbleSort;1998;999;0;73050
1000;0;4;MergeSort;19952;5044;0;89040
1000;0;4;CountingSort;3001;0;0;6940
1000;0;4;QuickSort;41480;17237;7412;31710
1000;0;4;InsertionSort;2997;999;0;19740
1000;0;4;BubbleSort;1998;999;0;81030
1000;0;4;MergeSort;19952;5044;0;55150
1000;0;4;CountingSort;3001;0;0;7890
1000;0;4;QuickSort;38028;15858;6726;30320
1000;0;4;InsertionSort;2997;999;0;19210
1000;0;4;BubbleSort;1998;999;0;82920
1000;0;4;MergeSort;19952;5044;0;78470
1000;0;4;CountingSort;3001;0;0;6820
1000;0;4;QuickSort;37550;16199;6438;41360
1000;0;4;InsertionSort;2997;999;0;12920
1000;0;4;BubbleSort;1998;999;0;49370
1000;0;4;MergeSort;19952;5044;0;87420
1000;0;4;CountingSort;3001;0;0;7120
1000;0;4;QuickSort;35848;15601;6084;36240
1000;0;4;InsertionSort;2997;999;0;16760
1000;0;4;BubbleSort;1998;999;0;34710
1000;0;4;MergeSort;19952;5044;0;54510
1000;0;4;CountingSort;3001;0;0;6810
1000;0;4;QuickSort;36564;15642;6304;29380
1000;0;4;InsertionSort;2997;999;0;12630
1000;0;4;BubbleSort;1998;999;0;34020
1000;0;4;MergeSort;19952;5044;0;61650
1000;0;4;CountingSort;3001;0;0;15430
1000;0;4;QuickSort;36712;15691;6334;29000
1000;0;4;InsertionSort;2997;999;0;13070
1000;0;4;BubbleSort;1998;999;0;21540
1000;0;4;MergeSort;19952;5044;0;59280
1000;0;4;CountingSort;3001;0;0;9840
1000;0;4;QuickSort;47069;19850;8406;33940
1000;0;4;InsertionSort;2997;999;0;15730
1000;0;4;BubbleSort;1998;999;0;6920
1000;0;4;MergeSort;19952;5044;0;55390
1000;0;4;CountingSort;3001;0;0;7760
1000;0;4;QuickSort;35749;15604;6037;46971
1000;0;4;InsertionSort;2997;999;0;21840
1000;0;4;BubbleSort;1998;999;0;19370
1000;0;4;MergeSort;19952;5044;0;82810
1000;0;4;CountingSort;3001;0;0;7630
1000;0;4;QuickSort;41842;17362;7496;44830
1000;0;4;InsertionSort;2997;999;0;16370
1000;0;4;BubbleSort;1998;999;0;23730
1000;0;4;MergeSort;19952;5044;0;84670
1000;0;4;CountingSort;3001;0;0;8660
1000;0;4;QuickSort;46949;19211;8590;44070
1000;0;4;InsertionSort;2997;999;0;14150
1000;0;4;BubbleSort;1998;999;0;8650
1000;0;4;MergeSort;19952;5044;0;72930
1000;0;4;CountingSort;3001;0;0;7350
1000;0;4;QuickSort;39438;16551;6963;38020
1000;0;4;InsertionSort;2997;999;0;10230
1000;0;4;BubbleSort;1998;999;0;16390
1000;0;4;MergeSort;19952;5044;0;67500
1000;0;4;CountingSort;3001;0;0;7490
1000;0;4;QuickSort;36712;15499;6392;49130
1000;0;4;InsertionSort;2997;999;0;14420
1000;0;4;BubbleSort;1998;999;0;13980
1000;0;4;MergeSort;19952;5044;0;83951
1000;0;4;CountingSort;3001;0;0;7480
1000;0;4;QuickSort;35461;15037;6157;35181
1000;0;4;InsertionSort;2997;999;0;25930
1000;0;4;BubbleSort;1998;999;0;17360
1000;0;4;MergeSort;19952;5044;0;68950
1000;0;4;CountingSort;3001;0;0;8740
1000;0;4;QuickSort;36916;15361;6512;29410
1000;0;4;InsertionSort;2997;999;0;12890
1000;0;4;BubbleSort;1998;999;0;10430
1000;0;4;MergeSort;19952;5044;0;72140
1000;0;4;CountingSort;3001;0;0;7650
1000;0;4;QuickSort;42370;18607;7246;31400
1000;0;4;InsertionSort;2997;999;0;14470
1000;0;4;BubbleSort;1998;999;0;9850
1000;0;4;MergeSort;19952;5044;0;56531
1000;0;4;CountingSort;3001;0;0;7450
1000;0;4;QuickSort;37623;16668;6320;33050
1000;0;4;InsertionSort;2997;999;0;11230
1000;0;4;BubbleSort;1998;999;0;6900
1000;0;4;MergeSort;19952;5044;0;62970
1000;0;4;CountingSort;3001;0;0;7100
1000;0;4;QuickSort;40092;17037;7018;30870
1000;0;4;InsertionSort;2997;999;0;10950
1000;0;4;BubbleSort;1998;999;0;22311
1000;0;4;MergeSort;19952;5044;0;79271
1000;0;4;CountingSort;3001;0;0;11200
1000;0;4;QuickSort;38775;17178;6538;53631
1000;0;4;InsertionSort;2997;999;0;23770
1000;0;4;BubbleSort;1998;999;0;6910
1000;0;4;MergeSort;19952;5044;0;55770
1000;0;4;CountingSort;3001;0;0;8650
1000;0;4;QuickSort;35515;15007;6159;36670
1000;0;4;InsertionSort;2997;999;0;14550
1000;0;4;BubbleSort;1998;999;0;12410
1000;0;4;MergeSort;19952;5044;0;57510
1000;0;4;CountingSort;3001;0;0;6730
1000;0;4;QuickSort;43113;17838;7765;51010
1000;0;4;InsertionSort;2997;999;0;20770
1000;0;4;BubbleSort;1998;999;0;11880
1000;0;4;MergeSort;19952;5044;0;77390
1000;0;4;CountingSort;3001;0;0;9610
1000;0;4;QuickSort;38112;16113;6675;30600
1000;0;4;InsertionSort;2997;999;0;11360
1000;0;4;BubbleSort;1998;999;0;8080
1000;0;4;MergeSort;19952;5044;0;59070
1000;0;4;CountingSort;3001;0;0;7770
1000;0;4;QuickSort;41971;16858;7697;38950
1000;0;4;InsertionSort;2997;999;0;15980
1000;0;4;BubbleSort;1998;999;0;8950
1000;0;4;MergeSort;19952;5044;0;60811
1000;0;4;CountingSort;3001;0;0;7410
1000;0;4;QuickSort;36812;16262;6175;29450
1000;0;4;InsertionSort;2997;999;0;11310
1000;0;4;BubbleSort;1998;999;0;16740
1000;0;4;MergeSort;19952;5044;0;63350
1000;0;4;CountingSort;3001;0;0;7000
1000;0;4;QuickSort;39662;16916;6910;30260
1000;0;4;InsertionSort;2997;999;0;11370
1000;0;4;BubbleSort;1998;999;0;11860
1000;0;4;MergeSort;19952;5044;0;63500
1000;0;4;CountingSort;3001;0;0;6870
1000;0;4;QuickSort;41538;17466;7362;43640
1000;0;4;InsertionSort;2997;999;0;17640
1000;0;4;BubbleSort;1998;999;0;9880
1000;0;4;MergeSort;19952;5044;0;69800
1000;0;4;CountingSort;3001;0;0;8460
1000;0;4;QuickSort;42645;18057;7514;45880
1000;0;4;InsertionSort;2997;999;0;17630
1000;0;4;BubbleSort;1998;999;0;11880
1000;0;4;MergeSort;19952;5044;0;66250
1000;0;4;CountingSort;3001;0;0;7440
1000;0;4;QuickSort;40191;17025;7046;51970
1000;0;4;InsertionSort;2997;999;0;20720
1000;0;4;BubbleSort;1998;999;0;10320
1000;0;4;MergeSort;19952;5044;0;81130
1000;0;4;CountingSort;3001;0;0;10760
1000;0;4;QuickSort;39120;16329;6923;48370
1000;0;4;InsertionSort;2997;999;0;11790
1000;0;4;BubbleSort;1998;999;0;6940
1000;0;4;MergeSort;19952;5044;0;65491
1000;0;4;CountingSort;3001;0;0;9000
1000;0;4;QuickSort;43953;18465;7833;38280
1000;0;4;InsertionSort;2997;999;0;11710
1000;0;4;BubbleSort;1998;999;0;10040
1000;0;4;MergeSort;19952;5044;0;64830
1000;0;4;CountingSort;3001;0;0;9640
1000;0;4;QuickSort;35658;15120;6174;36431
1000;0;4;InsertionSort;2997;999;0;14760
1000;0;4;BubbleSort;1998;999;0;13050
1000;0;4;MergeSort;19952;5044;0;93500
1000;0;4;CountingSort;3001;0;0;8630
1000;0;4;QuickSort;34698;14733;5997;34860
1000;0;4;InsertionSort;2997;999;0;11380
1000;0;4;BubbleSort;1998;999;0;10010
1000;0;4;MergeSort;19952;5044;0;64230
1000;0;4;CountingSort;3001;0;0;7070
1000;0;4;QuickSort;37149;15900;6406;42451
1000;0;4;InsertionSort;2997;999;0;15110
1000;0;4;BubbleSort;1998;999;0;18260
1000;0;4;MergeSort;19952;5044;0;80490
1000;0;4;CountingSort;3001;0;0;12090
1000;0;4;QuickSort;42364;18145;7404;37680
1000;0;4;InsertionSort;2997;999;0;11820
1000;0;4;BubbleSort;1998;999;0;11000
1000;0;4;MergeSort;19952;5044;0;59440
1000;10;1;CountingSort;3001;0;0;298771
1000;10;1;QuickSort;34504;14596;5971;1523624
1000;10;1;InsertionSort;101133;33711;0;2869978
1000;10;1;BubbleSort;1127092;498122;32712;7747231
1000;10;1;MergeSort;19952;7580;0;1174553
1000;10;1;CountingSort;3001;0;0;162290
1000;10;1;QuickSort;37548;15588;6649;193520
1000;10;1;InsertionSort;114676;38224;0;2930688
1000;10;1;BubbleSort;1144486;497789;37227;3200919
1000;10;1;MergeSort;19952;7664;0;144411
1000;10;1;CountingSort;3001;0;0;160240
1000;10;1;QuickSort;38454;15981;6826;596581
1000;10;1;InsertionSort;86481;28827;0;753492
1000;10;1;BubbleSort;1085506;487097;27828;1589254
1000;10;1;MergeSort;19952;7826;0;134591
1000;10;1;CountingSort;3001;0;0;135470
1000;10;1;QuickSort;36753;15270;6499;774712
1000;10;1;InsertionSort;88146;29382;0;291481
1000;10;1;BubbleSort;1106680;496574;28383;612582
1000;10;1;MergeSort;19952;7899;0;81261
1000;10;1;CountingSort;3001;0;0;110811
1000;10;1;QuickSort;38539;16477;6694;160831
1000;10;1;InsertionSort;98343;32781;0;1112774
1000;10;1;BubbleSort;1109872;491372;31782;1088104
1000;10;1;MergeSort;19952;7868;0;134990
1000;10;1;CountingSort;3001;0;0;119000
1000;10;1;QuickSort;39616;16261;7110;43250
1000;10;1;InsertionSort;100162;33386;0;300561
1000;10;1;BubbleSort;1111786;491115;32389;592762
1000;10;1;MergeSort;19952;7686;0;105701
1000;10;1;CountingSort;3001;0;0;146740
1000;10;1;QuickSort;38003;16439;6530;31510
1000;10;1;InsertionSort;102066;34022;0;1190343
1000;10;1;BubbleSort;1110500;489204;33023;1196724
1000;10;1;MergeSort;19952;7544;0;143221
1000;10;1;CountingSort;3001;0;0;136850
1000;10;1;QuickSort;36528;15348;6389;37370
1000;10;1;InsertionSort;93078;31026;0;852373
1000;10;1;BubbleSort;1104102;491997;30027;1302894
1000;10;1;MergeSort;19952;7529;0;93091
1000;10;1;CountingSort;3001;0;0;161351
1000;10;1;QuickSort;39565;16453;7038;75180
1000;10;1;InsertionSort;98847;32949;0;268191
1000;10;1;BubbleSort;1116294;494247;31950;430332
1000;10;1;MergeSort;19952;7721;0;142211
1000;10;1;CountingSort;3001;0;0;160390
1000;10;1;QuickSort;37728;16014;6568;41220
1000;10;1;InsertionSort;102267;34089;0;946363
1000;10;1;BubbleSort;1109010;488325;33090;952793
1000;10;1;MergeSort;19952;7781;0;110721
1000;10;1;CountingSort;3001;0;0;173151
1000;10;1;QuickSort;41990;17228;7580;70730
1000;10;1;InsertionSort;105891;35297;0;245771
1000;10;1;BubbleSort;1127072;494940;34298;412061
1000;10;1;MergeSort;19952;7508;0;113611
1000;10;1;CountingSort;3001;0;0;109580
1000;10;1;QuickSort;42937;18115;7602;35650
1000;10;1;InsertionSort;95263;31753;0;116231
1000;10;1;BubbleSort;1102002;489489;30756;337051
1000;10;1;MergeSort;19952;7710;0;96480
1000;10;1;CountingSort;3001;0;0;150190
1000;10;1;QuickSort;39805;16483;7101;111400
1000;10;1;InsertionSort;88644;29548;0;140750
1000;10;1;BubbleSort;1097696;491750;28549;546992
1000;10;1;MergeSort;19952;7813;0;127261
1000;10;1;CountingSort;3001;0;0;149490
1000;10;1;QuickSort;37230;15663;6538;72270
1000;10;1;InsertionSort;98517;32839;0;104350
1000;10;1;BubbleSort;1107454;490047;31840;362401
1000;10;1;MergeSort;19952;7665;0;91600
1000;10;1;CountingSort;3001;0;0;107780
1000;10;1;QuickSort;37484;15590;6632;109560
1000;10;1;InsertionSort;99474;33158;0;130421
1000;10;1;BubbleSort;1112874;492119;32159;509092
1000;10;1;MergeSort;19952;7620;0;130401
1000;10;1;CountingSort;3001;0;0;162060
1000;10;1;QuickSort;37889;16217;6546;38770
1000;10;1;InsertionSort;95808;31936;0;25910
1000;10;1;BubbleSort;1103288;489770;30937;355671
1000;10;1;MergeSort;19952;7831;0;86531
1000;10;1;CountingSort;3001;0;0;51390
1000;10;1;QuickSort;38543;16097;6827;51240
1000;10;1;InsertionSort;99516;33172;0;27080
1000;10;1;BubbleSort;1094020;482664;32173;441292
1000;10;1;MergeSort;19952;7756;0;63541
1000;10;1;CountingSort;3001;0;0;36710
1000;10;1;QuickSort;38042;16595;6477;43740
1000;10;1;InsertionSort;96924;32308;0;25890
1000;10;1;BubbleSort;1120330;497547;31309;432591
1000;10;1;MergeSort;19952;7856;0;148651
1000;10;1;CountingSort;3001;0;0;21560
1000;10;1;QuickSort;36169;15604;6188;53060
1000;10;1;InsertionSort;97566;32522;0;93541
1000;10;1;BubbleSort;1108062;490985;31523;400401
1000;10;1;MergeSort;19952;7751;0;99450
1000;10;1;CountingSort;3001;0;0;21580
1000;10;1;QuickSort;40576;17029;7186;59850
1000;10;1;InsertionSort;106803;35601;0;26730
1000;10;1;BubbleSort;1131402;496497;34602;331531
1000;10;1;MergeSort;19952;7498;0;105590
1000;10;1;CountingSort;3001;0;0;20030
1000;10;1;QuickSort;39629;16634;6995;56291
1000;10;1;InsertionSort;89292;29764;0;174670
1000;10;1;BubbleSort;1105504;495222;28765;448091
1000;10;1;MergeSort;19952;7662;0;103230
1000;10;1;CountingSort;3001;0;0;21330
1000;10;1;QuickSort;36471;15102;6443;36470
1000;10;1;InsertionSort;101598;33866;0;33030
1000;10;1;BubbleSort;1114718;491625;32867;397271
1000;10;1;MergeSort;19952;7689;0;79191
1000;10;1;CountingSort;3001;0;0;20070
1000;10;1;QuickSort;35912;16202;5912;33870
1000;10;1;InsertionSort;111921;37307;0;39010
1000;10;1;BubbleSort;1138830;496799;36308;2276027
1000;10;1;MergeSort;19952;7665;0;1962556
1000;10;1;CountingSort;3001;0;0;18500
1000;10;1;QuickSort;36546;15216;6452;66630
1000;10;1;InsertionSort;92646;30882;0;21120
1000;10;1;BubbleSort;1080312;480390;29883;368860
1000;10;1;MergeSort;19952;7523;0;94420
1000;10;1;CountingSort;3001;0;0;25971
1000;10;1;QuickSort;34281;14667;5868;55240
1000;10;1;InsertionSort;103551;34517;0;37200
1000;10;1;BubbleSort;1112480;489204;33518;388311
1000;10;1;MergeSort;19952;7697;0;72560
1000;10;1;CountingSort;3001;0;0;25890
1000;10;1;QuickSort;42233;18320;7303;37591
1000;10;1;InsertionSort;87861;29287;0;32300
1000;10;1;BubbleSort;1110892;498870;28288;545131
1000;10;1;MergeSort;19952;7772;0;174050
1000;10;1;CountingSort;3001;0;0;20220
1000;10;1;QuickSort;38798;16223;6849;35950
1000;10;1;InsertionSort;99966;33322;0;17360
1000;10;1;BubbleSort;1123036;496872;32323;386591
1000;10;1;MergeSort;19952;7895;0;102281
1000;10;1;CountingSort;3001;0;0;19530
1000;10;1;QuickSort;36596;15464;6370;34490
1000;10;1;InsertionSort;84924;28308;0;24960
1000;10;1;BubbleSort;1031784;461274;27309;419551
1000;10;1;MergeSort;19952;7498;0;74180
1000;10;1;CountingSort;3001;0;0;24560
1000;10;1;QuickSort;39356;16271;7034;72050
1000;10;1;InsertionSort;86052;28684;0;40360
1000;10;1;BubbleSort;1104484;496872;27685;451651
1000;10;1;MergeSort;19952;7681;0;91210
1000;10;1;CountingSort;3001;0;0;21520
1000;10;1;QuickSort;37498;15247;6746;42240
1000;10;1;InsertionSort;99858;33286;0;34660
1000;10;1;BubbleSort;1124608;497730;32287;423562
1000;10;1;MergeSort;19952;7807;0;92421
1000;10;1;CountingSort;3001;0;0;29061
1000;10;1;QuickSort;43783;17977;7932;51160
1000;10;1;InsertionSort;100552;33516;0;27720
1000;10;1;BubbleSort;1107614;488769;32519;404641
1000;10;1;MergeSort;19952;7678;0;104200
1000;10;1;CountingSort;3001;0;0;36870
1000;10;1;QuickSort;39268;16516;6906;64870
1000;10;1;InsertionSort;101397;33799;0;36590
1000;10;1;BubbleSort;1123060;495930;32800;383811
1000;10;1;MergeSort;19952;7520;0;95101
1000;10;1;CountingSort;3001;0;0;20550
1000;10;1;QuickSort;37540;16084;6484;35840
1000;10;1;InsertionSort;102570;34190;0;21260
1000;10;1;BubbleSort;1061804;464520;33191;389461
1000;10;1;MergeSort;19952;7604;0;140321
1000;10;1;CountingSort;3001;0;0;20160
1000;10;1;QuickSort;37759;16237;6504;45700
1000;10;1;InsertionSort;97017;32339;0;25240
1000;10;1;BubbleSort;1113230;493935;31340;439021
1000;10;1;MergeSort;19952;7695;0;75640
1000;10;1;CountingSort;3001;0;0;20270
1000;10;1;QuickSort;38967;16137;6952;43990
1000;10;1;InsertionSort;99949;33315;0;23540
1000;10;1;BubbleSort;1127892;499310;32318;418391
1000;10;1;MergeSort;19952;7829;0;146930
1000;10;1;CountingSort;3001;0;0;64840
1000;10;1;QuickSort;38363;16001;6794;70220
1000;10;1;InsertionSort;92538;30846;0;40050
1000;10;1;BubbleSort;1113132;496872;29847;673352
1000;10;1;MergeSort;19952;7740;0;109430
1000;10;1;CountingSort;3001;0;0;21671
1000;10;1;QuickSort;37423;15640;6591;48460
1000;10;1;InsertionSort;82632;27544;0;17930
1000;10;1;BubbleSort;1055228;474524;26545;408801
1000;10;1;MergeSort;19952;7467;0;85500
1000;10;1;CountingSort;3001;0;0;22710
1000;10;1;QuickSort;37514;15698;6613;41461
1000;10;1;InsertionSort;92229;30743;0;19881
1000;10;1;BubbleSort;1086470;483747;29744;452021
1000;10;1;MergeSort;19952;7722;0;134610
1000;10;1;CountingSort;3001;0;0;17300
1000;10;1;QuickSort;41016;17274;7247;53770
1000;10;1;InsertionSort;100245;33415;0;33550
1000;10;1;BubbleSort;1077362;473849;32416;350021
1000;10;1;MergeSort;19952;7742;0;82650
1000;10;1;CountingSort;3001;0;0;29350
1000;10;1;QuickSort;40938;17202;7241;77910
1000;10;1;InsertionSort;107184;35728;0;50010
1000;10;1;BubbleSort;1123154;492119;34729;432851
1000;10;1;MergeSort;19952;7749;0;104951
1000;10;1;CountingSort;3001;0;0;21290
1000;10;1;QuickSort;36259;15493;6257;55090
1000;10;1;InsertionSort;94108;31368;0;66830
1000;10;1;BubbleSort;1120064;499290;30371;460661
1000;10;1;MergeSort;19952;7775;0;123720
1000;10;1;CountingSort;3001;0;0;18380
1000;10;1;QuickSort;42327;17796;7528;48571
1000;10;1;InsertionSort;100695;33565;0;39840
1000;10;1;BubbleSort;1121782;495759;32566;414961
1000;10;1;MergeSort;19952;7709;0;165330
1000;10;1;CountingSort;3001;0;0;8700
1000;10;1;QuickSort;39453;16683;6930;44360
1000;10;1;InsertionSort;119328;39776;0;19890
1000;10;1;BubbleSort;1116666;480779;38777;464261
1000;10;1;MergeSort;19952;7555;0;111540
1000;10;1;CountingSort;3001;0;0;9560
1000;10;1;QuickSort;36354;15903;6151;42000
1000;10;1;InsertionSort;86640;28880;0;19240
1000;10;1;BubbleSort;1101782;495129;27881;456202
1000;10;1;MergeSort;19952;7817;0;142100
1000;10;1;CountingSort;3001;0;0;10580
1000;10;1;QuickSort;37790;16019;6582;40180
1000;10;1;InsertionSort;97818;32606;0;17460
1000;10;1;BubbleSort;1113218;493395;31607;610441
1000;10;1;MergeSort;19952;7526;0;104070
1000;10;1;CountingSort;3001;0;0;8390
1000;10;1;QuickSort;38035;15985;6682;48661
1000;10;1;InsertionSort;97173;32391;0;28421
1000;10;1;BubbleSort;1100076;487254;31392;472581
1000;10;1;MergeSort;19952;7704;0;106280
1000;10;1;CountingSort;3001;0;0;8070
1000;10;1;QuickSort;36152;15434;6246;43820
1000;10;1;InsertionSort;96687;32229;0;36220
1000;10;1;BubbleSort;1109878;492479;31230;344841
1000;10;1;MergeSort;19952;7935;0;78861
1000;10;1;CountingSort;3001;0;0;9570
1000;10;1;QuickSort;35408;15944;5816;50300
1000;10;1;InsertionSort;101376;33792;0;55510
1000;10;1;BubbleSort;1113660;491244;32793;371141
1000;10;1;MergeSort;19952;7591;0;84221
1000;10;1;CountingSort;3001;0;0;12350
1000;10;1;QuickSort;37029;15396;6549;54230
1000;10;1;InsertionSort;90456;30152;0;31810
1000;10;1;BubbleSort;1050842;467115;29153;451992
1000;10;1;MergeSort;19952;7753;0;124231
1000;10;1;CountingSort;3001;0;0;10300
1000;10;1;QuickSort;39911;16172;7247;64400
1000;10;1;InsertionSort;93720;31240;0;42650
1000;10;1;BubbleSort;1044064;461550;30241;487481
1000;10;1;MergeSort;19952;7500;0;93620
1000;10;1;CountingSort;3001;0;0;9800
1000;10;1;QuickSort;42753;18000;7584;53441
1000;10;1;InsertionSort;115404;38468;0;23870
1000;10;1;BubbleSort;1146014;498069;37469;545881
1000;10;1;MergeSort;19952;7709;0;187670
1000;10;1;CountingSort;3001;0;0;9700
1000;10;1;QuickSort;37852;16408;6472;35660
1000;10;1;InsertionSort;99655;33217;0;30730
1000;10;1;BubbleSort;1084408;477764;32220;373661
1000;10;1;MergeSort;19952;7534;0;135511
1000;10;1;CountingSort;3001;0;0;10200
1000;10;1;QuickSort;38533;16741;6590;36010
1000;10;1;InsertionSort;104031;34677;0;28180
1000;10;1;BubbleSort;1109220;487254;33678;608961
1000;10;1;MergeSort;19952;7606;0;65870
1000;10;1;CountingSort;3001;0;0;9650
1000;10;1;QuickSort;40938;17427;7174;45810
1000;10;1;InsertionSort;101508;33836;0;32021
1000;10;1;BubbleSort;1128626;498639;32837;500561
1000;10;1;MergeSort;19952;7649;0;138620
1000;10;1;CountingSort;3001;0;0;9880
1000;10;1;QuickSort;37122;16035;6354;44990
1000;10;1;InsertionSort;101883;33961;0;74860
1000;10;1;BubbleSort;1114592;491372;32962;535481
1000;10;1;MergeSort;19952;7700;0;135491
1000;10;1;CountingSort;3001;0;0;9110
1000;10;1;QuickSort;34955;14813;6057;41281
1000;10;1;InsertionSort;103020;34340;0;29590
1000;10;1;BubbleSort;1118322;492479;33341;499291
1000;10;1;MergeSort;19952;7502;0;116380
1000;10;1;CountingSort;3001;0;0;9470
1000;10;1;QuickSort;40089;16467;7211;43691
1000;10;1;InsertionSort;103023;34341;0;35790
1000;10;1;BubbleSort;1118088;492360;33342;338701
1000;10;1;MergeSort;19952;7728;0;68800
1000;10;1;CountingSort;3001;0;0;8250
1000;10;1;QuickSort;38787;16614;6733;51900
1000;10;1;InsertionSort;102150;34050;0;41080
1000;10;1;BubbleSort;1130698;499247;33051;404101
1000;10;1;MergeSort;19952;7860;0;122780
1000;10;1;CountingSort;3001;0;0;10160
1000;10;1;QuickSort;38414;16310;6708;57820
1000;10;1;InsertionSort;92814;30938;0;46200
1000;10;1;BubbleSort;1096406;488325;29939;461581
1000;10;1;MergeSort;19952;7726;0;128720
1000;10;1;CountingSort;3001;0;0;10440
1000;10;1;QuickSort;38910;16263;6883;42300
1000;10;1;InsertionSort;93033;31011;0;20800
1000;10;1;BubbleSort;1014396;447174;30012;476021
1000;10;1;MergeSort;19952;7518;0;111870
1000;10;1;CountingSort;3001;0;0;10390
1000;10;1;QuickSort;36377;15863;6176;43170
1000;10;1;InsertionSort;90342;30114;0;23260
1000;10;1;BubbleSort;1101418;492479;29115;569112
1000;10;1;MergeSort;19952;7366;0;124841
1000;10;1;CountingSort;3001;0;0;9040
1000;10;1;QuickSort;36573;16080;6161;34470
1000;10;1;InsertionSort;91978;30658;0;27001
1000;10;1;BubbleSort;1074588;477972;29661;424251
1000;10;1;MergeSort;19952;7784;0;99390
1000;10;1;CountingSort;3001;0;0;10180
1000;10;1;QuickSort;37304;15434;6627;43950
1000;10;1;InsertionSort;85062;28354;0;17970
1000;10;1;BubbleSort;1083928;487254;27355;384401
1000;10;1;MergeSort;19952;7603;0;76430
1000;10;1;CountingSort;3001;0;0;10440
1000;10;1;QuickSort;36940;15646;6434;59250
1000;10;1;InsertionSort;100890;33630;0;31500
1000;10;1;BubbleSort;1125234;497355;32631;437661
1000;10;1;MergeSort;19952;7450;0;85660
1000;10;1;CountingSort;3001;0;0;10480
1000;10;1;QuickSort;36907;15331;6532;46790
1000;10;1;InsertionSort;101253;33751;0;25800
1000;10;1;BubbleSort;1127252;498122;32752;421891
1000;10;1;MergeSort;19952;7611;0;76311
1000;10;1;CountingSort;3001;0;0;9810
1000;10;1;QuickSort;40143;17034;7045;43300
1000;10;1;InsertionSort;100383;33461;0;20950
1000;10;1;BubbleSort;1105286;487719;32462;545581
1000;10;1;MergeSort;19952;7637;0;126020
1000;10;1;CountingSort;3001;0;0;10450
1000;10;1;QuickSort;37300;16486;6268;52500
1000;10;1;InsertionSort;95070;31690;0;27910
1000;10;1;BubbleSort;1110422;493829;30691;393431
1000;10;1;MergeSort;19952;7750;0;76510
1000;10;1;CountingSort;3001;0;0;18790
1000;10;1;QuickSort;37121;15869;6422;54420
1000;10;1;InsertionSort;88455;29485;0;110340
1000;10;1;BubbleSort;1077412;481734;28486;506632
1000;10;1;MergeSort;19952;7753;0;78120
1000;10;1;CountingSort;3001;0;0;9210
1000;10;1;QuickSort;38449;16336;6708;44330
1000;10;1;InsertionSort;99135;33045;0;21010
1000;10;1;BubbleSort;1111932;491874;32046;458291
1000;10;1;MergeSort;19952;7627;0;147420
1000;10;1;CountingSort;3001;0;0;9960
1000;10;1;QuickSort;34838;15065;5921;42970
1000;10;1;InsertionSort;103782;34594;0;27900
1000;10;1;BubbleSort;1118128;491874;33595;473911
1000;10;1;MergeSort;19952;7650;0;177251
1000;10;1;CountingSort;3001;0;0;10320
1000;10;1;QuickSort;36645;15354;6427;50100
1000;10;1;InsertionSort;100084;33360;0;29350
1000;10;1;BubbleSort;1126970;498759;32363;417231
1000;10;1;MergeSort;19952;7825;0;76870
1000;10;1;CountingSort;3001;0;0;9710
1000;10;1;QuickSort;40282;16945;7108;59420
1000;10;1;InsertionSort;98583;32861;0;42820
1000;10;1;BubbleSort;1120596;496574;31862;449441
1000;10;1;MergeSort;19952;7703;0;80951
1000;10;1;CountingSort;3001;0;0;10130
1000;10;1;QuickSort;41951;17192;7586;43880
1000;10;1;InsertionSort;95592;31864;0;22830
1000;10;1;BubbleSort;1114978;495759;30865;507791
1000;10;1;MergeSort;19952;7473;0;129020
1000;10;1;CountingSort;3001;0;0;10410
1000;10;1;QuickSort;37457;15647;6612;47280
1000;10;1;InsertionSort;92334;30778;0;26760
1000;10;1;BubbleSort;1087666;484275;29779;376341
1000;10;1;MergeSort;19952;7725;0;74410
1000;10;1;CountingSort;3001;0;0;9070
1000;10;1;QuickSort;40902;17070;7278;43140
1000;10;1;InsertionSort;103089;34363;0;17670
1000;10;1;BubbleSort;1108276;487410;33364;626172
1000;10;1;MergeSort;19952;7544;0;150011
1000;10;1;CountingSort;3001;0;0;9860
1000;10;1;QuickSort;36592;16543;6015;85330
1000;10;1;InsertionSort;106206;35402;0;34660
1000;10;1;BubbleSort;1133190;497789;34403;407761
1000;10;1;MergeSort;19952;7808;0;75890
1000;10;1;CountingSort;3001;0;0;9920
1000;10;1;QuickSort;44250;18237;8015;44710
1000;10;1;InsertionSort;105018;35006;0;19751
1000;10;1;BubbleSort;1127888;495930;34007;509821
1000;10;1;MergeSort;19952;7625;0;157650
1000;10;1;CountingSort;3001;0;0;9320
1000;10;1;QuickSort;38293;16432;6609;50610
1000;10;1;InsertionSort;104799;34933;0;29350
1000;10;1;BubbleSort;1128416;496340;33934;414191
1000;10;1;MergeSort;19952;7691;0;114611
1000;10;1;CountingSort;3001;0;0;10190
1000;10;1;QuickSort;35857;15274;6196;40780
1000;10;1;InsertionSort;95263;31753;0;35850
1000;10;1;BubbleSort;1090162;483569;30756;498392
1000;10;1;MergeSort;19952;7468;0;168900
1000;10;1;CountingSort;3001;0;0;10290
1000;10;1;QuickSort;39154;16399;6925;44561
1000;10;1;InsertionSort;106254;35418;0;29070
1000;10;1;BubbleSort;1112806;487565;34419;527721
1000;10;1;MergeSort;19952;7750;0;135200
1000;10;1;CountingSort;3001;0;0;9810
1000;10;1;QuickSort;40409;16937;7166;54910
1000;10;1;InsertionSort;97785;32595;0;33540
1000;10;1;BubbleSort;1112502;493059;31596;429911
1000;10;1;MergeSort;19952;7757;0;82590
1000;10;1;CountingSort;3001;0;0;8810
1000;10;1;QuickSort;39727;16612;7038;54100
1000;10;1;InsertionSort;100533;33511;0;31880
1000;10;1;BubbleSort;1128586;499269;32512;479911
1000;10;1;MergeSort;19952;7391;0;109210
1000;10;1;CountingSort;3001;0;0;10470
1000;10;1;QuickSort;43549;18016;7849;57720
1000;10;1;InsertionSort;88977;29659;0;81301
1000;10;1;BubbleSort;1068908;477134;28660;609622
1000;10;1;MergeSort;19952;7582;0;110160
1000;10;1;CountingSort;3001;0;0;21730
1000;10;1;QuickSort;39749;16433;7102;35590
1000;10;1;InsertionSort;99162;33054;0;20920
1000;10;1;BubbleSort;1123914;497847;32055;457352
1000;10;1;MergeSort;19952;7783;0;121991
1000;10;1;CountingSort;3001;0;0;10350
1000;10;1;QuickSort;39254;16439;6926;44100
1000;10;1;InsertionSort;91750;30582;0;19690
1000;10;1;BubbleSort;1117034;499347;29585;452522
1000;10;1;MergeSort;19952;7854;0;200500
1000;10;1;CountingSort;3001;0;0;9570
1000;10;1;QuickSort;33961;14932;5675;44301
1000;10;1;InsertionSort;95856;31952;0;20560
1000;10;1;BubbleSort;1117842;497015;30953;363891
1000;10;1;MergeSort;19952;7788;0;77760
1000;10;1;CountingSort;3001;0;0;9900
1000;10;1;QuickSort;41184;17415;7249;57641
1000;10;1;InsertionSort;103555;34517;0;36151
1000;10;1;BubbleSort;1084460;475190;33520;341660
1000;10;1;MergeSort;19952;7830;0;96240
1000;10;1;CountingSort;3001;0;0;9380
1000;10;1;QuickSort;39705;16527;7050;59110
1000;10;1;InsertionSort;91695;30565;0;46140
1000;10;1;BubbleSort;1111258;496497;29566;424131
1000;10;1;MergeSort;19952;7632;0;97020
1000;10;1;CountingSort;3001;0;0;8670
1000;10;1;QuickSort;33878;14420;5824;52120
1000;10;1;InsertionSort;84477;28159;0;39490
1000;10;1;BubbleSort;1071730;481545;27160;387701
1000;10;1;MergeSort;19952;7619;0;135051
1000;10;1;CountingSort;3001;0;0;10110
1000;10;1;QuickSort;34296;14550;5909;43250
1000;10;1;InsertionSort;103494;34498;0;24960
1000;10;1;BubbleSort;1103240;484622;33499;311861
1000;10;1;MergeSort;19952;7833;0;96430
1000;10;1;CountingSort;3001;0;0;9460
1000;10;1;QuickSort;39138;16098;7012;44520
1000;10;1;InsertionSort;93492;31164;0;21460
1000;10;1;BubbleSort;1101028;490184;30165;324071
1000;10;1;MergeSort;19952;7623;0;81590
1000;10;1;CountingSort;3001;0;0;9350
1000;10;1;QuickSort;35764;15706;6017;41050
1000;10;1;InsertionSort;95217;31739;0;20820
1000;10;1;BubbleSort;1070658;473849;30740;417461
1000;10;1;MergeSort;19952;7659;0;129320
1000;10;1;CountingSort;3001;0;0;9780
1000;10;1;QuickSort;37135;16084;6351;49501
1000;10;1;InsertionSort;87255;29085;0;27340
1000;10;1;BubbleSort;1098234;492945;28086;356201
1000;10;1;MergeSort;19952;7654;0;94950
1000;10;1;CountingSort;3001;0;0;9100
1000;10;1;QuickSort;41970;17748;7392;43710
1000;10;1;InsertionSort;109848;36616;0;22980
1000;10;1;BubbleSort;1117906;487719;35617;409942
1000;10;1;MergeSort;19952;7424;0;150690
1000;10;1;CountingSort;3001;0;0;14520
1000;10;1;QuickSort;43043;17918;7709;44790
1000;10;1;InsertionSort;99630;33210;0;20440
1000;10;1;BubbleSort;1114734;492945;32211;405691
1000;10;1;MergeSort;19952;7572;0;137670
1000;10;1;CountingSort;3001;0;0;10680
1000;10;1;QuickSort;39336;16536;6934;35930
1000;10;1;InsertionSort;113013;37671;0;26130
1000;10;1;BubbleSort;1143432;498372;36672;456511
1000;10;1;MergeSort;19952;7832;0;100870
1000;10;1;CountingSort;3001;0;0;10320
1000;10;1;QuickSort;39929;16649;7099;51180
1000;10;1;InsertionSort;84102;28034;0;22920
1000;10;1;BubbleSort;1042878;467369;27035;563961
1000;10;1;MergeSort;19952;7683;0;81320
1000;10;1;CountingSort;3001;0;0;8420
1000;10;1;QuickSort;38793;16227;6867;48080
1000;10;1;InsertionSort;85782;28594;0;31320
1000;10;1;BubbleSort;1096948;493284;27595;718572
1000;10;1;MergeSort;19952;7505;0;75630
1000;10;1;CountingSort;3001;0;0;9700
1000;10;1;QuickSort;39777;16731;7018;49690
1000;10;1;InsertionSort;95874;31958;0;25260
1000;10;1;BubbleSort;1117580;496872;30959;448391
1000;10;1;MergeSort;19952;7447;0;113641
1000;10;1;CountingSort;3001;0;0;10400
1000;10;1;QuickSort;37801;15529;6753;69630
1000;10;1;InsertionSort;116154;38718;0;112720
1000;10;1;BubbleSort;1128996;489060;37719;510082
1000;10;1;MergeSort;19952;7842;0;85990
1000;10;2;CountingSort;3001;0;0;209400
1000;10;2;QuickSort;39638;16538;7025;1615945
1000;10;2;InsertionSort;9569;3189;0;440001
1000;10;2;BubbleSort;169624;80430;2191;3937771
1000;10;2;MergeSort;19952;5236;0;878202
1000;10;2;CountingSort;3001;0;0;113510
1000;10;2;QuickSort;38684;16127;6864;205091
1000;10;2;InsertionSort;10850;3614;0;301821
1000;10;2;BubbleSort;184104;86814;2619;1033733
1000;10;2;MergeSort;19952;5237;0;763842
1000;10;2;CountingSort;3001;0;0;121020
1000;10;2;QuickSort;41372;17015;7456;180681
1000;10;2;InsertionSort;9910;3298;0;317481
1000;10;2;BubbleSort;155376;73074;2307;903213
1000;10;2;MergeSort;19952;5231;0;259880
1000;10;2;CountingSort;3001;0;0;126410
1000;10;2;QuickSort;39818;16337;7157;175600
1000;10;2;InsertionSort;10012;3330;0;300311
1000;10;2;BubbleSort;162888;76760;2342;1182973
1000;10;2;MergeSort;19952;5240;0;456791
1000;10;2;CountingSort;3001;0;0;155110
1000;10;2;QuickSort;36808;15583;6402;702582
1000;10;2;InsertionSort;10522;3504;0;303051
1000;10;2;BubbleSort;183668;86814;2510;1064483
1000;10;2;MergeSort;19952;5233;0;368321
1000;10;2;CountingSort;3001;0;0;122401
1000;10;2;QuickSort;41044;17626;7145;878522
1000;10;2;InsertionSort;10623;3539;0;304190
1000;10;2;BubbleSort;180162;84995;2543;476421
1000;10;2;MergeSort;19952;5239;0;328691
1000;10;2;CountingSort;3001;0;0;152501
1000;10;2;QuickSort;40595;17423;7063;843923
1000;10;2;InsertionSort;10817;3603;0;323621
1000;10;2;BubbleSort;182242;85905;2608;469901
1000;10;2;MergeSort;19952;5227;0;348031
1000;10;2;CountingSort;3001;0;0;124750
1000;10;2;QuickSort;39630;16959;6883;98240
1000;10;2;InsertionSort;11350;3782;0;362901
1000;10;2;BubbleSort;195634;92247;2785;524922
1000;10;2;MergeSort;19952;5243;0;375901
1000;10;2;CountingSort;3001;0;0;116481
1000;10;2;QuickSort;40139;16433;7225;85370
1000;10;2;InsertionSort;10890;3628;0;346961
1000;10;2;BubbleSort;178696;84084;2632;512011
1000;10;2;MergeSort;19952;5236;0;386581
1000;10;2;CountingSort;3001;0;0;124911
1000;10;2;QuickSort;37121;16679;6153;108021
1000;10;2;InsertionSort;9951;3313;0;373621
1000;10;2;BubbleSort;181090;85905;2320;518541
1000;10;2;MergeSort;19952;5229;0;408571
1000;10;2;CountingSort;3001;0;0;151081
1000;10;2;QuickSort;40315;16816;7165;82160
1000;10;2;InsertionSort;10811;3601;0;254661
1000;10;2;BubbleSort;174942;82259;2606;207361
1000;10;2;MergeSort;19952;5233;0;273610
1000;10;2;CountingSort;3001;0;0;102801
1000;10;2;QuickSort;39738;16773;6988;107330
1000;10;2;InsertionSort;9934;3310;0;306190
1000;10;2;BubbleSort;166446;78597;2313;50110
1000;10;2;MergeSort;19952;5230;0;180990
1000;10;2;CountingSort;3001;0;0;89310
1000;10;2;QuickSort;41440;17773;7221;53020
1000;10;2;InsertionSort;10841;3611;0;331151
1000;10;2;BubbleSort;182274;85905;2616;323721
1000;10;2;MergeSort;19952;5235;0;336411
1000;10;2;CountingSort;3001;0;0;115580
1000;10;2;QuickSort;42708;18867;7278;47700
1000;10;2;InsertionSort;10230;3408;0;348181
1000;10;2;BubbleSort;175992;83172;2412;310091
1000;10;2;MergeSort;19952;5237;0;341821
1000;10;2;CountingSort;3001;0;0;147110
1000;10;2;QuickSort;39529;16435;7027;38660
1000;10;2;InsertionSort;10072;3356;0;306571
1000;10;2;BubbleSort;190316;90440;2359;352931
1000;10;2;MergeSort;19952;5231;0;344121
1000;10;2;CountingSort;3001;0;0;117110
1000;10;2;QuickSort;33165;13983;5736;26830
1000;10;2;InsertionSort;10475;3489;0;328371
1000;10;2;BubbleSort;170836;80430;2494;211291
1000;10;2;MergeSort;19952;5227;0;165981
1000;10;2;CountingSort;3001;0;0;47650
1000;10;2;QuickSort;35977;15142;6281;28040
1000;10;2;InsertionSort;9906;3298;0;340351
1000;10;2;BubbleSort;179210;84995;2305;181611
1000;10;2;MergeSort;19952;5232;0;139771
1000;10;2;CountingSort;3001;0;0;29970
1000;10;2;QuickSort;42111;17646;7487;58970
1000;10;2;InsertionSort;11119;3703;0;392521
1000;10;2;BubbleSort;180826;84995;2709;204021
1000;10;2;MergeSort;19952;5241;0;167341
1000;10;2;CountingSort;3001;0;0;21160
1000;10;2;QuickSort;37664;15662;6661;28730
1000;10;2;InsertionSort;9982;3324;0;178271
1000;10;2;BubbleSort;192008;91344;2330;220351
1000;10;2;MergeSort;19952;5240;0;161260
1000;10;2;CountingSort;3001;0;0;23050
1000;10;2;QuickSort;39343;16459;6972;27540
1000;10;2;InsertionSort;9882;3292;0;152151
1000;10;2;BubbleSort;184628;87722;2296;187391
1000;10;2;MergeSort;19952;5237;0;125180
1000;10;2;CountingSort;3001;0;0;34600
1000;10;2;QuickSort;35421;15093;6116;27730
1000;10;2;InsertionSort;9781;3259;0;72690
1000;10;2;BubbleSort;164406;77679;2262;105720
1000;10;2;MergeSort;19952;5223;0;161550
1000;10;2;CountingSort;3001;0;0;39510
1000;10;2;QuickSort;37895;15944;6660;36650
1000;10;2;InsertionSort;10965;3651;0;70160
1000;10;2;BubbleSort;191512;90440;2658;215351
1000;10;2;MergeSort;19952;5236;0;139771
1000;10;2;CountingSort;3001;0;0;20290
1000;10;2;QuickSort;40263;17211;7019;44710
1000;10;2;InsertionSort;9563;3187;0;41820
1000;10;2;BubbleSort;171446;81345;2189;107911
1000;10;2;MergeSort;19952;5231;0;126371
1000;10;2;CountingSort;3001;0;0;17410
1000;10;2;QuickSort;42611;17654;7643;31000
1000;10;2;InsertionSort;11034;3674;0;82710
1000;10;2;BubbleSort;186168;87722;2681;1997705
1000;10;2;MergeSort;19952;5229;0;1982955
1000;10;2;CountingSort;3001;0;0;20931
1000;10;2;QuickSort;36553;15667;6302;56580
1000;10;2;InsertionSort;9769;3253;0;57950
1000;10;2;BubbleSort;164394;77679;2259;150311
1000;10;2;MergeSort;19952;5222;0;148621
1000;10;2;CountingSort;3001;0;0;17261
1000;10;2;QuickSort;37030;15829;6404;34670
1000;10;2;InsertionSort;10340;3446;0;82840
1000;10;2;BubbleSort;161472;75840;2448;216450
1000;10;2;MergeSort;19952;5227;0;161900
1000;10;2;CountingSort;3001;0;0;14600
1000;10;2;QuickSort;34585;14737;5950;42590
1000;10;2;InsertionSort;9270;3088;0;63540
1000;10;2;BubbleSort;181996;86814;2092;47450
1000;10;2;MergeSort;19952;5238;0;44760
1000;10;2;CountingSort;3001;0;0;16740
1000;10;2;QuickSort;38623;16297;6790;34270
1000;10;2;InsertionSort;9742;3244;0;38710
1000;10;2;BubbleSort;180810;85905;2250;233471
1000;10;2;MergeSort;19952;5242;0;165971
1000;10;2;CountingSort;3001;0;0;18640
1000;10;2;QuickSort;40587;16713;7291;52240
1000;10;2;InsertionSort;10434;3474;0;45180
1000;10;2;BubbleSort;176268;83172;2481;92630
1000;10;2;MergeSort;19952;5231;0;130780
1000;10;2;CountingSort;3001;0;0;35521
1000;10;2;QuickSort;37525;15880;6546;71070
1000;10;2;InsertionSort;10423;3473;0;79940
1000;10;2;BubbleSort;194398;92247;2476;119460
1000;10;2;MergeSort;19952;5233;0;70281
1000;10;2;CountingSort;3001;0;0;16630
1000;10;2;QuickSort;37636;15445;6723;29980
1000;10;2;InsertionSort;11168;3720;0;51910
1000;10;2;BubbleSort;177244;83172;2725;67460
1000;10;2;MergeSort;19952;5233;0;71130
1000;10;2;CountingSort;3001;0;0;23720
1000;10;2;QuickSort;39033;16644;6799;30770
1000;10;2;InsertionSort;10951;3647;0;70010
1000;10;2;BubbleSort;193300;91344;2653;230221
1000;10;2;MergeSort;19952;5236;0;202941
1000;10;2;CountingSort;3001;0;0;20770
1000;10;2;QuickSort;33148;14713;5473;35880
1000;10;2;InsertionSort;9958;3316;0;78670
1000;10;2;BubbleSort;168316;79514;2322;197491
1000;10;2;MergeSort;19952;5244;0;203541
1000;10;2;CountingSort;3001;0;0;28910
1000;10;2;QuickSort;38277;16389;6635;40830
1000;10;2;InsertionSort;10953;3649;0;116620
1000;10;2;BubbleSort;184240;86814;2653;234301
1000;10;2;MergeSort;19952;5231;0;129980
1000;10;2;CountingSort;3001;0;0;19280
1000;10;2;QuickSort;40960;16888;7351;38430
1000;10;2;InsertionSort;9928;3308;0;74371
1000;10;2;BubbleSort;175588;83172;2311;223320
1000;10;2;MergeSort;19952;5245;0;158560
1000;10;2;CountingSort;3001;0;0;44380
1000;10;2;QuickSort;40005;16827;7069;45340
1000;10;2;InsertionSort;10572;3522;0;54370
1000;10;2;BubbleSort;180094;84995;2526;113781
1000;10;2;MergeSort;19952;5234;0;108470
1000;10;2;CountingSort;3001;0;0;15550
1000;10;2;QuickSort;36656;15317;6459;37290
1000;10;2;InsertionSort;10541;3511;0;50441
1000;10;2;BubbleSort;165422;77679;2516;184320
1000;10;2;MergeSort;19952;5243;0;161570
1000;10;2;CountingSort;3001;0;0;17660
1000;10;2;QuickSort;41844;17466;7457;30670
1000;10;2;InsertionSort;11665;3887;0;70961
1000;10;2;BubbleSort;194248;91344;2890;197730
1000;10;2;MergeSort;19952;5238;0;140510
1000;10;2;CountingSort;3001;0;0;17730
1000;10;2;QuickSort;37446;15633;6603;43040
1000;10;2;InsertionSort;10517;3503;0;35020
1000;10;2;BubbleSort;169060;79514;2508;185131
1000;10;2;MergeSort;19952;5235;0;179891
1000;10;2;CountingSort;3001;0;0;29080
1000;10;2;QuickSort;45098;19214;7967;71470
1000;10;2;InsertionSort;11069;3689;0;71170
1000;10;2;BubbleSort;189834;89535;2691;175541
1000;10;2;MergeSort;19952;5242;0;168901
1000;10;2;CountingSort;3001;0;0;23640
1000;10;2;QuickSort;38843;16496;6771;74780
1000;10;2;InsertionSort;9917;3303;0;223181
1000;10;2;BubbleSort;177400;84084;2308;249771
1000;10;2;MergeSort;19952;5235;0;64680
1000;10;2;CountingSort;3001;0;0;33290
1000;10;2;QuickSort;38247;15858;6793;39790
1000;10;2;InsertionSort;9649;3215;0;109850
1000;10;2;BubbleSort;178862;84995;2218;213931
1000;10;2;MergeSort;19952;5236;0;174321
1000;10;2;CountingSort;3001;0;0;17260
1000;10;2;QuickSort;37748;15887;6624;30750
1000;10;2;InsertionSort;10644;3546;0;128580
1000;10;2;BubbleSort;198300;94050;2550;201400
1000;10;2;MergeSort;19952;5235;0;157280
1000;10;2;CountingSort;3001;0;0;35670
1000;10;2;QuickSort;39072;16401;6889;37500
1000;10;2;InsertionSort;10816;3602;0;35060
1000;10;2;BubbleSort;194926;92247;2608;77981
1000;10;2;MergeSort;19952;5234;0;86051
1000;10;2;CountingSort;3001;0;0;18310
1000;10;2;QuickSort;38677;16120;6863;29660
1000;10;2;InsertionSort;9801;3265;0;66611
1000;10;2;BubbleSort;147820;69372;2269;86700
1000;10;2;MergeSort;19952;5228;0;81950
1000;10;2;CountingSort;3001;0;0;17850
1000;10;2;QuickSort;47789;19250;8845;32260
1000;10;2;InsertionSort;10093;3363;0;41300
1000;10;2;BubbleSort;173982;82259;2366;75290
1000;10;2;MergeSort;19952;5240;0;58810
1000;10;2;CountingSort;3001;0;0;17910
1000;10;2;QuickSort;36291;15774;6180;40420
1000;10;2;InsertionSort;10930;3640;0;33980
1000;10;2;BubbleSort;187842;88629;2646;68520
1000;10;2;MergeSort;19952;5232;0;83350
1000;10;2;CountingSort;3001;0;0;9310
1000;10;2;QuickSort;36575;15512;6361;30230
1000;10;2;InsertionSort;10755;3583;0;54130
1000;10;2;BubbleSort;191228;90440;2587;80390
1000;10;2;MergeSort;19952;5236;0;73490
1000;10;2;CountingSort;3001;0;0;10010
1000;10;2;QuickSort;38983;16249;6908;40550
1000;10;2;InsertionSort;10135;3375;0;105440
1000;10;2;BubbleSort;190404;90440;2381;89910
1000;10;2;MergeSort;19952;5242;0;90071
1000;10;2;CountingSort;3001;0;0;6220
1000;10;2;QuickSort;37569;16083;6504;30280
1000;10;2;InsertionSort;10715;3569;0;74780
1000;10;2;BubbleSort;180286;84995;2574;95910
1000;10;2;MergeSort;19952;5240;0;58930
1000;10;2;CountingSort;3001;0;0;7290
1000;10;2;QuickSort;35955;15393;6194;35820
1000;10;2;InsertionSort;10688;3558;0;84470
1000;10;2;BubbleSort;194758;92247;2566;47920
1000;10;2;MergeSort;19952;5229;0;87730
1000;10;2;CountingSort;3001;0;0;10000
1000;10;2;QuickSort;39620;16949;6883;79170
1000;10;2;InsertionSort;10036;3342;0;91800
1000;10;2;BubbleSort;193886;92247;2348;165471
1000;10;2;MergeSort;19952;5219;0;152111
1000;10;2;CountingSort;3001;0;0;14700
1000;10;2;QuickSort;39119;16469;6887;55290
1000;10;2;InsertionSort;9755;3249;0;38440
1000;10;2;BubbleSort;177184;84084;2254;142380
1000;10;2;MergeSort;19952;5236;0;120940
1000;10;2;CountingSort;3001;0;0;8180
1000;10;2;QuickSort;40562;16877;7225;42290
1000;10;2;InsertionSort;9695;3231;0;219491
1000;10;2;BubbleSort;162452;76760;2233;180911
1000;10;2;MergeSort;19952;5236;0;136060
1000;10;2;CountingSort;3001;0;0;7370
1000;10;2;QuickSort;37876;16303;6514;49460
1000;10;2;InsertionSort;11136;3706;0;63460
1000;10;2;BubbleSort;179032;84084;2716;120930
1000;10;2;MergeSort;19952;5238;0;140270
1000;10;2;CountingSort;3001;0;0;10490
1000;10;2;QuickSort;38619;16530;6685;39730
1000;10;2;InsertionSort;10741;3577;0;72810
1000;10;2;BubbleSort;193020;91344;2583;104860
1000;10;2;MergeSort;19952;5243;0;58210
1000;10;2;CountingSort;3001;0;0;10640
1000;10;2;QuickSort;39864;16542;7103;31640
1000;10;2;InsertionSort;10566;3518;0;44820
1000;10;2;BubbleSort;183728;86814;2525;88371
1000;10;2;MergeSort;19952;5232;0;67451
1000;10;2;CountingSort;3001;0;0;16960
1000;10;2;QuickSort;41783;17624;7369;51901
1000;10;2;InsertionSort;10881;3625;0;69101
1000;10;2;BubbleSort;164036;76760;2629;52000
1000;10;2;MergeSort;19952;5233;0;73310
1000;10;2;CountingSort;3001;0;0;8770
1000;10;2;QuickSort;39491;16463;7002;30111
1000;10;2;InsertionSort;9996;3328;0;44910
1000;10;2;BubbleSort;173858;82259;2335;42780
1000;10;2;MergeSort;19952;5233;0;58850
1000;10;2;CountingSort;3001;0;0;12460
1000;10;2;QuickSort;39477;17304;6727;32200
1000;10;2;InsertionSort;10647;3545;0;96010
1000;10;2;BubbleSort;167402;78597;2552;111331
1000;10;2;MergeSort;19952;5236;0;98591
1000;10;2;CountingSort;3001;0;0;7430
1000;10;2;QuickSort;38234;16058;6727;38511
1000;10;2;InsertionSort;10315;3435;0;10090
1000;10;2;BubbleSort;190644;90440;2441;114190
1000;10;2;MergeSort;19952;5235;0;142660
1000;10;2;CountingSort;3001;0;0;7340
1000;10;2;QuickSort;36368;15566;6272;29990
1000;10;2;InsertionSort;9953;3315;0;160161
1000;10;2;BubbleSort;179270;84995;2320;164841
1000;10;2;MergeSort;19952;5224;0;65010
1000;10;2;CountingSort;3001;0;0;9890
1000;10;2;QuickSort;36699;15630;6358;29221
1000;10;2;InsertionSort;10267;3421;0;82340
1000;10;2;BubbleSort;168724;79514;2424;98720
1000;10;2;MergeSort;19952;5229;0;84720
1000;10;2;CountingSort;3001;0;0;10910
1000;10;2;QuickSort;37686;16110;6516;32350
1000;10;2;InsertionSort;10373;3453;0;76410
1000;10;2;BubbleSort;185288;87722;2461;84730
1000;10;2;MergeSort;19952;5238;0;59330
1000;10;2;CountingSort;3001;0;0;7820
1000;10;2;QuickSort;40382;16379;7330;29880
1000;10;2;InsertionSort;10857;3617;0;47270
1000;10;2;BubbleSort;191364;90440;2621;55520
1000;10;2;MergeSort;19952;5242;0;85280
1000;10;2;CountingSort;3001;0;0;6330
1000;10;2;QuickSort;40607;16955;7224;42680
1000;10;2;InsertionSort;10608;3536;0;140371
1000;10;2;BubbleSort;189218;89535;2537;207280
1000;10;2;MergeSort;19952;5237;0;169960
1000;10;2;CountingSort;3001;0;0;8070
1000;10;2;QuickSort;42913;17575;7787;31970
1000;10;2;InsertionSort;10313;3433;0;131080
1000;10;2;BubbleSort;199664;94950;2441;217921
1000;10;2;MergeSort;19952;5229;0;165251
1000;10;2;CountingSort;3001;0;0;8250
1000;10;2;QuickSort;41342;18404;6967;32360
1000;10;2;InsertionSort;10886;3626;0;162671
1000;10;2;BubbleSort;187782;88629;2631;179681
1000;10;2;MergeSort;19952;5243;0;73891
1000;10;2;CountingSort;3001;0;0;8690
1000;10;2;QuickSort;36420;15105;6444;35501
1000;10;2;InsertionSort;9559;3183;0;112650
1000;10;2;BubbleSort;162276;76760;2189;92200
1000;10;2;MergeSort;19952;5228;0;75850
1000;10;2;CountingSort;3001;0;0;8600
1000;10;2;QuickSort;37305;15747;6513;36050
1000;10;2;InsertionSort;10615;3533;0;204141
1000;10;2;BubbleSort;161848;75840;2542;202501
1000;10;2;MergeSort;19952;5237;0;58101
1000;10;2;CountingSort;3001;0;0;8010
1000;10;2;QuickSort;40567;17179;7140;30440
1000;10;2;InsertionSort;11316;3768;0;85070
1000;10;2;BubbleSort;179268;84084;2775;68160
1000;10;2;MergeSort;19952;5234;0;62330
1000;10;2;CountingSort;3001;0;0;16460
1000;10;2;QuickSort;36395;15458;6313;39710
1000;10;2;InsertionSort;9737;3243;0;70421
1000;10;2;BubbleSort;168020;79514;2248;71151
1000;10;2;MergeSort;19952;5227;0;61980
1000;10;2;CountingSort;3001;0;0;9210
1000;10;2;QuickSort;37723;15877;6625;34350
1000;10;2;InsertionSort;9364;3118;0;4090
1000;10;2;BubbleSort;183940;87722;2124;106841
1000;10;2;MergeSort;19952;5235;0;155321
1000;10;2;CountingSort;3001;0;0;7880
1000;10;2;QuickSort;35446;15505;5974;29821
1000;10;2;InsertionSort;10004;3332;0;5550
1000;10;2;BubbleSort;188418;89535;2337;215690
1000;10;2;MergeSort;19952;5231;0;158660
1000;10;2;CountingSort;3001;0;0;8550
1000;10;2;QuickSort;42883;17803;7685;31140
1000;10;2;InsertionSort;9868;3286;0;5510
1000;10;2;BubbleSort;171858;81345;2292;206581
1000;10;2;MergeSort;19952;5228;0;157511
1000;10;2;CountingSort;3001;0;0;9580
1000;10;2;QuickSort;42302;17522;7593;31241
1000;10;2;InsertionSort;10501;3497;0;5260
1000;10;2;BubbleSort;178180;84084;2503;122510
1000;10;2;MergeSort;19952;5226;0;112200
1000;10;2;CountingSort;3001;0;0;8140
1000;10;2;QuickSort;41350;16978;7453;32410
1000;10;2;InsertionSort;10325;3437;0;4030
1000;10;2;BubbleSort;199680;94950;2445;76841
1000;10;2;MergeSort;19952;5239;0;72370
1000;10;2;CountingSort;3001;0;0;13260
1000;10;2;QuickSort;41394;17022;7459;52670
1000;10;2;InsertionSort;10077;3355;0;7050
1000;10;2;BubbleSort;186706;88629;2362;64600
1000;10;2;MergeSort;19952;5231;0;77411
1000;10;2;CountingSort;3001;0;0;9420
1000;10;2;QuickSort;38158;15937;6731;30530
1000;10;2;InsertionSort;9860;3286;0;5270
1000;10;2;BubbleSort;186410;88629;2288;111491
1000;10;2;MergeSort;19952;5234;0;96830
1000;10;2;CountingSort;3001;0;0;9830
1000;10;2;QuickSort;39190;16378;6941;31221
1000;10;2;InsertionSort;10361;3451;0;3920
1000;10;2;BubbleSort;185268;87722;2456;142190
1000;10;2;MergeSort;19952;5230;0;133010
1000;10;2;CountingSort;3001;0;0;9150
1000;10;2;QuickSort;42940;17830;7707;32280
1000;10;2;InsertionSort;9980;3324;0;3350
1000;10;2;BubbleSort;157310;73997;2329;47310
1000;10;2;MergeSort;19952;5237;0;62090
1000;10;2;CountingSort;3001;0;0;10030
1000;10;2;QuickSort;34937;14885;6012;28600
1000;10;2;InsertionSort;10323;3439;0;2730
1000;10;2;BubbleSort;172462;81345;2443;56391
1000;10;2;MergeSort;19952;5237;0;66571
1000;10;2;CountingSort;3001;0;0;10120
1000;10;2;QuickSort;37821;15744;6688;31400
1000;10;2;InsertionSort;10719;3569;0;4380
1000;10;2;BubbleSort;182114;85905;2576;48111
1000;10;2;MergeSort;19952;5243;0;61880
1000;10;2;CountingSort;3001;0;0;9820
1000;10;2;QuickSort;49139;19754;9132;31850
1000;10;2;InsertionSort;9766;3252;0;3810
1000;10;2;BubbleSort;184476;87722;2258;82381
1000;10;2;MergeSort;19952;5236;0;60150
1000;10;2;CountingSort;3001;0;0;38450
1000;10;2;QuickSort;36603;15132;6485;54740
1000;10;2;InsertionSort;9895;3297;0;3760
1000;10;2;BubbleSort;160880;75840;2300;46121
1000;10;2;MergeSort;19952;5238;0;79110
1000;10;2;CountingSort;3001;0;0;8820
1000;10;2;QuickSort;39731;16646;7025;30100
1000;10;2;InsertionSort;10824;3606;0;3970
1000;10;2;BubbleSort;191320;90440;2610;160901
1000;10;2;MergeSort;19952;5236;0;139490
1000;10;2;CountingSort;3001;0;0;7100
1000;10;2;QuickSort;38382;17019;6443;30590
1000;10;2;InsertionSort;9277;3091;0;3300
1000;10;2;BubbleSort;183820;87722;2094;55560
1000;10;2;MergeSort;19952;5228;0;87000
1000;10;2;CountingSort;3001;0;0;8830
1000;10;2;QuickSort;35339;15146;6073;28650
1000;10;2;InsertionSort;11147;3713;0;3980
1000;10;2;BubbleSort;191752;90440;2718;62180
1000;10;2;MergeSort;19952;5234;0;61550
1000;10;2;CountingSort;3001;0;0;14560
1000;10;2;QuickSort;41034;16779;7406;52170
1000;10;2;InsertionSort;10561;3517;0;3850
1000;10;2;BubbleSort;189162;89535;2523;74830
1000;10;2;MergeSort;19952;5229;0;71240
1000;10;2;CountingSort;3001;0;0;8990
1000;10;2;QuickSort;35384;15626;5910;31230
1000;10;2;InsertionSort;10149;3381;0;3120
1000;10;2;BubbleSort;177708;84084;2385;156801
1000;10;2;MergeSort;19952;5240;0;131171
1000;10;2;CountingSort;3001;0;0;10590
1000;10;2;QuickSort;38945;16052;6962;54570
1000;10;2;InsertionSort;9975;3321;0;6480
1000;10;2;BubbleSort;162832;76760;2328;94510
1000;10;2;MergeSort;19952;5239;0;125630
1000;10;2;CountingSort;3001;0;0;8780
1000;10;2;QuickSort;38654;16646;6677;39070
1000;10;2;InsertionSort;11025;3673;0;3050
1000;10;2;BubbleSort;166066;77679;2677;40870
1000;10;2;MergeSort;19952;5246;0;59150
1000;10;2;CountingSort;3001;0;0;7470
1000;10;2;QuickSort;36129;15399;6238;29350
1000;10;2;InsertionSort;9473;3155;0;2940
1000;10;2;BubbleSort;147384;69372;2160;47880
1000;10;2;MergeSort;19952;5228;0;60360
1000;10;2;CountingSort;3001;0;0;5920
1000;10;2;QuickSort;37869;16236;6541;32571
1000;10;2;InsertionSort;10920;3636;0;6130
1000;10;2;BubbleSort;186016;87722;2643;69810
1000;10;2;MergeSort;19952;5235;0;85010
1000;10;2;CountingSort;3001;0;0;10840
1000;10;2;QuickSort;42787;17776;7672;37200
1000;10;2;InsertionSort;10713;3567;0;3960
1000;10;2;BubbleSort;180286;84995;2574;44530
1000;10;2;MergeSort;19952;5232;0;61320
1000;10;2;CountingSort;3001;0;0;10530
1000;10;2;QuickSort;37659;15642;6667;36300
1000;10;2;InsertionSort;10866;3618;0;4000
1000;10;2;BubbleSort;169528;79514;2625;75290
1000;10;2;MergeSort;19952;5238;0;60830
1000;10;2;CountingSort;3001;0;0;9020
1000;10;2;QuickSort;37100;15746;6448;31540
1000;10;2;InsertionSort;9378;3124;0;4450
1000;10;2;BubbleSort;185770;88629;2128;49820
1000;10;2;MergeSort;19952;5245;0;110410
1000;10;2;CountingSort;3001;0;0;19510
1000;10;2;QuickSort;42006;17520;7498;37580
1000;10;2;InsertionSort;10950;3648;0;4280
1000;10;2;BubbleSort;193296;91344;2652;148081
1000;10;2;MergeSort;19952;5229;0;76601
1000;10;2;CountingSort;3001;0;0;7980
1000;10;2;QuickSort;40457;16685;7255;37450
1000;10;2;InsertionSort;11357;3781;0;7280
1000;10;2;BubbleSort;181146;84995;2789;54120
1000;10;2;MergeSort;19952;5240;0;111120
1000;10;2;CountingSort;3001;0;0;8441
1000;10;2;QuickSort;37429;16114;6448;29960
1000;10;2;InsertionSort;10852;3616;0;3790
1000;10;2;BubbleSort;174994;82259;2619;79220
1000;10;2;MergeSort;19952;5236;0;78480
1000;10;3;CountingSort;3001;0;0;186211
1000;10;3;QuickSort;39169;16108;7030;1361674
1000;10;3;InsertionSort;10014;3338;0;535121
1000;10;3;BubbleSort;159194;74919;2339;5009154
1000;10;3;MergeSort;19952;5255;0;1024063
1000;10;3;CountingSort;3001;0;0;154060
1000;10;3;QuickSort;36976;15418;6525;207270
1000;10;3;InsertionSort;10257;3419;0;306101
1000;10;3;BubbleSort;195978;93149;2420;798922
1000;10;3;MergeSort;19952;5269;0;114570
1000;10;3;CountingSort;3001;0;0;128150
1000;10;3;QuickSort;39893;16676;7072;115730
1000;10;3;InsertionSort;10317;3439;0;301741
1000;10;3;BubbleSort;181570;85905;2440;1102653
1000;10;3;MergeSort;19952;5267;0;89720
1000;10;3;CountingSort;3001;0;0;144461
1000;10;3;QuickSort;36358;15352;6340;107231
1000;10;3;InsertionSort;10905;3635;0;304661
1000;10;3;BubbleSort;182354;85905;2636;887962
1000;10;3;MergeSort;19952;5262;0;104930
1000;10;3;CountingSort;3001;0;0;147340
1000;10;3;QuickSort;36754;15580;6384;191710
1000;10;3;InsertionSort;9522;3174;0;315281
1000;10;3;BubbleSort;165894;78597;2175;391081
1000;10;3;MergeSort;19952;5270;0;112340
1000;10;3;CountingSort;3001;0;0;131270
1000;10;3;QuickSort;37760;15560;6734;144831
1000;10;3;InsertionSort;10035;3345;0;319341
1000;10;3;BubbleSort;179374;84995;2346;457182
1000;10;3;MergeSort;19952;5255;0;99720
1000;10;3;CountingSort;3001;0;0;140730
1000;10;3;QuickSort;37485;15795;6565;210311
1000;10;3;InsertionSort;9753;3251;0;280261
1000;10;3;BubbleSort;158846;74919;2252;363441
1000;10;3;MergeSort;19952;5262;0;113961
1000;10;3;CountingSort;3001;0;0;156651
1000;10;3;QuickSort;41071;16741;7442;714392
1000;10;3;InsertionSort;10689;3563;0;254981
1000;10;3;BubbleSort;174774;82259;2564;320881
1000;10;3;MergeSort;19952;5258;0;105070
1000;10;3;CountingSort;3001;0;0;153631
1000;10;3;QuickSort;36631;15727;6305;861003
1000;10;3;InsertionSort;11397;3799;0;260370
1000;10;3;BubbleSort;181190;84995;2800;290401
1000;10;3;MergeSort;19952;5269;0;107170
1000;10;3;CountingSort;3001;0;0;103231
1000;10;3;QuickSort;37999;15565;6815;704632
1000;10;3;InsertionSort;9546;3182;0;277921
1000;10;3;BubbleSort;167760;79514;2183;50280
1000;10;3;MergeSort;19952;5255;0;66040
1000;10;3;CountingSort;3001;0;0;176021
1000;10;3;QuickSort;38329;16318;6661;845373
1000;10;3;InsertionSort;9726;3242;0;237971
1000;10;3;BubbleSort;173490;82259;2243;145541
1000;10;3;MergeSort;19952;5253;0;116041
1000;10;3;CountingSort;3001;0;0;132430
1000;10;3;QuickSort;36844;15433;6470;880222
1000;10;3;InsertionSort;10845;3615;0;302410
1000;10;3;BubbleSort;187722;88629;2616;172760
1000;10;3;MergeSort;19952;5252;0;108540
1000;10;3;CountingSort;3001;0;0;96911
1000;10;3;QuickSort;38940;16224;6902;317341
1000;10;3;InsertionSort;10275;3425;0;236100
1000;10;3;BubbleSort;188774;89535;2426;154590
1000;10;3;MergeSort;19952;5253;0;105870
1000;10;3;CountingSort;3001;0;0;160390
1000;10;3;QuickSort;35920;15094;6277;74170
1000;10;3;InsertionSort;10224;3408;0;260421
1000;10;3;BubbleSort;183264;86814;2409;146691
1000;10;3;MergeSort;19952;5253;0;111451
1000;10;3;CountingSort;3001;0;0;155510
1000;10;3;QuickSort;35350;14965;6138;70910
1000;10;3;InsertionSort;9897;3299;0;289241
1000;10;3;BubbleSort;160880;75840;2300;122051
1000;10;3;MergeSort;19952;5261;0;89931
1000;10;3;CountingSort;3001;0;0;124730
1000;10;3;QuickSort;39549;16374;7047;127420
1000;10;3;InsertionSort;9582;3194;0;235061
1000;10;3;BubbleSort;164138;77679;2195;113700
1000;10;3;MergeSort;19952;5261;0;105071
1000;10;3;CountingSort;3001;0;0;66481
1000;10;3;QuickSort;35509;15364;6055;80290
1000;10;3;InsertionSort;11340;3780;0;328201
1000;10;3;BubbleSort;190194;89535;2781;117180
1000;10;3;MergeSort;19952;5256;0;101770
1000;10;3;CountingSort;3001;0;0;50310
1000;10;3;QuickSort;39803;16532;7091;58050
1000;10;3;InsertionSort;10065;3355;0;303751
1000;10;3;BubbleSort;195722;93149;2356;97260
1000;10;3;MergeSort;19952;5262;0;72950
1000;10;3;CountingSort;3001;0;0;22931
1000;10;3;QuickSort;36471;15111;6445;129690
1000;10;3;InsertionSort;10086;3362;0;158590
1000;10;3;BubbleSort;183080;86814;2363;137010
1000;10;3;MergeSort;19952;5253;0;135600
1000;10;3;CountingSort;3001;0;0;22870
1000;10;3;QuickSort;37444;15649;6609;49940
1000;10;3;InsertionSort;10719;3573;0;95350
1000;10;3;BubbleSort;182106;85905;2574;210151
1000;10;3;MergeSort;19952;5255;0;173291
1000;10;3;CountingSort;3001;0;0;20230
1000;10;3;QuickSort;37498;16312;6397;43630
1000;10;3;InsertionSort;9864;3288;0;44740
1000;10;3;BubbleSort;162676;76760;2289;63960
1000;10;3;MergeSort;19952;5265;0;88171
1000;10;3;CountingSort;3001;0;0;21450
1000;10;3;QuickSort;36426;15990;6160;34761
1000;10;3;InsertionSort;10806;3602;0;32550
1000;10;3;BubbleSort;178580;84084;2603;112840
1000;10;3;MergeSort;19952;5262;0;108540
1000;10;3;CountingSort;3001;0;0;19710
1000;10;3;QuickSort;40631;18176;6812;38750
1000;10;3;InsertionSort;10398;3466;0;64780
1000;10;3;BubbleSort;187126;88629;2467;125771
1000;10;3;MergeSort;19952;5250;0;100141
1000;10;3;CountingSort;3001;0;0;1898866
1000;10;3;QuickSort;39781;16735;7005;37470
1000;10;3;InsertionSort;11058;3686;0;40090
1000;10;3;BubbleSort;193436;91344;2687;57800
1000;10;3;MergeSort;19952;5257;0;70610
1000;10;3;CountingSort;3001;0;0;20520
1000;10;3;QuickSort;39130;17125;6675;77571
1000;10;3;InsertionSort;10998;3666;0;65540
1000;10;3;BubbleSort;187926;88629;2667;78040
1000;10;3;MergeSort;19952;5260;0;72630
1000;10;3;CountingSort;3001;0;0;123220
1000;10;3;QuickSort;39571;16240;7122;43180
1000;10;3;InsertionSort;10248;3416;0;43991
1000;10;3;BubbleSort;177836;84084;2417;100190
1000;10;3;MergeSort;19952;5263;0;61520
1000;10;3;CountingSort;3001;0;0;18810
1000;10;3;QuickSort;37152;16455;6229;42670
1000;10;3;InsertionSort;10512;3504;0;38170
1000;10;3;BubbleSort;190900;90440;2505;130041
1000;10;3;MergeSort;19952;5262;0;77051
1000;10;3;CountingSort;3001;0;0;53850
1000;10;3;QuickSort;38832;16611;6750;85800
1000;10;3;InsertionSort;10887;3629;0;60900
1000;10;3;BubbleSort;187778;88629;2630;136381
1000;10;3;MergeSort;19952;5261;0;74831
1000;10;3;CountingSort;3001;0;0;18490
1000;10;3;QuickSort;40616;16694;7307;42900
1000;10;3;InsertionSort;10437;3479;0;60260
1000;10;3;BubbleSort;178088;84084;2480;121280
1000;10;3;MergeSort;19952;5261;0;65520
1000;10;3;CountingSort;3001;0;0;16670
1000;10;3;QuickSort;39554;17393;6718;42330
1000;10;3;InsertionSort;11061;3687;0;55010
1000;10;3;BubbleSort;178920;84084;2688;131881
1000;10;3;MergeSort;19952;5261;0;71661
1000;10;3;CountingSort;3001;0;0;26801
1000;10;3;QuickSort;36711;15465;6418;40161
1000;10;3;InsertionSort;10749;3583;0;72880
1000;10;3;BubbleSort;196634;93149;2584;124570
1000;10;3;MergeSort;19952;5259;0;81920
1000;10;3;CountingSort;3001;0;0;20260
1000;10;3;QuickSort;38245;15895;6782;39180
1000;10;3;InsertionSort;10050;3350;0;63440
1000;10;3;BubbleSort;186662;88629;2351;88250
1000;10;3;MergeSort;19952;5266;0;72140
1000;10;3;CountingSort;3001;0;0;19730
1000;10;3;QuickSort;39062;16550;6840;47000
1000;10;3;InsertionSort;10944;3648;0;76871
1000;10;3;BubbleSort;173286;81345;2649;161340
1000;10;3;MergeSort;19952;5268;0;145190
1000;10;3;CountingSort;3001;0;0;20170
1000;10;3;QuickSort;42530;17387;7701;41800
1000;10;3;InsertionSort;10638;3546;0;87310
1000;10;3;BubbleSort;183816;86814;2547;198801
1000;10;3;MergeSort;19952;5253;0;178751
1000;10;3;CountingSort;3001;0;0;20510
1000;10;3;QuickSort;41372;17057;7442;55480
1000;10;3;InsertionSort;10161;3387;0;76020
1000;10;3;BubbleSort;159390;74919;2388;152880
1000;10;3;MergeSort;19952;5261;0;126820
1000;10;3;CountingSort;3001;0;0;30550
1000;10;3;QuickSort;41998;18895;7027;54410
1000;10;3;InsertionSort;10116;3372;0;76120
1000;10;3;BubbleSort;188562;89535;2373;106281
1000;10;3;MergeSort;19952;5257;0;57570
1000;10;3;CountingSort;3001;0;0;17510
1000;10;3;QuickSort;36662;15548;6382;63680
1000;10;3;InsertionSort;10743;3581;0;74711
1000;10;3;BubbleSort;193016;91344;2582;96530
1000;10;3;MergeSort;19952;5247;0;75820
1000;10;3;CountingSort;3001;0;0;16470
1000;10;3;QuickSort;36766;15559;6409;27560
1000;10;3;InsertionSort;10833;3611;0;114830
1000;10;3;BubbleSort;191328;90440;2612;174571
1000;10;3;MergeSort;19952;5264;0;59740
1000;10;3;CountingSort;3001;0;0;22550
1000;10;3;QuickSort;41380;17563;7277;44060
1000;10;3;InsertionSort;9675;3225;0;93480
1000;10;3;BubbleSort;160584;75840;2226;111820
1000;10;3;MergeSort;19952;5265;0;66030
1000;10;3;CountingSort;3001;0;0;33070
1000;10;3;QuickSort;39009;16008;7007;49000
1000;10;3;InsertionSort;9990;3330;0;37390
1000;10;3;BubbleSort;170184;80430;2331;68370
1000;10;3;MergeSort;19952;5256;0;56340
1000;10;3;CountingSort;3001;0;0;35030
1000;10;3;QuickSort;41289;17007;7418;70980
1000;10;3;InsertionSort;10452;3484;0;65241
1000;10;3;BubbleSort;159778;74919;2485;157391
1000;10;3;MergeSort;19952;5254;0;131420
1000;10;3;CountingSort;3001;0;0;24050
1000;10;3;QuickSort;44540;19739;7598;37070
1000;10;3;InsertionSort;9813;3271;0;146890
1000;10;3;BubbleSort;186346;88629;2272;213811
1000;10;3;MergeSort;19952;5265;0;161651
1000;10;3;CountingSort;3001;0;0;21881
1000;10;3;QuickSort;45966;19725;8083;36380
1000;10;3;InsertionSort;10047;3349;0;73280
1000;10;3;BubbleSort;164758;77679;2350;198730
1000;10;3;MergeSort;19952;5246;0;126430
1000;10;3;CountingSort;3001;0;0;69800
1000;10;3;QuickSort;39897;16431;7162;34500
1000;10;3;InsertionSort;9885;3295;0;29730
1000;10;3;BubbleSort;160864;75840;2296;42150
1000;10;3;MergeSort;19952;5262;0;78230
1000;10;3;CountingSort;3001;0;0;28520
1000;10;3;QuickSort;43635;18828;7609;48220
1000;10;3;InsertionSort;10515;3505;0;106881
1000;10;3;BubbleSort;183652;86814;2506;178791
1000;10;3;MergeSort;19952;5254;0;156930
1000;10;3;CountingSort;3001;0;0;22450
1000;10;3;QuickSort;40679;16640;7332;39190
1000;10;3;InsertionSort;10710;3570;0;96200
1000;10;3;BubbleSort;187542;88629;2571;149870
1000;10;3;MergeSort;19952;5261;0;142620
1000;10;3;CountingSort;3001;0;0;23140
1000;10;3;QuickSort;40290;16527;7263;53130
1000;10;3;InsertionSort;10821;3607;0;114620
1000;10;3;BubbleSort;173122;81345;2608;141851
1000;10;3;MergeSort;19952;5256;0;130891
1000;10;3;CountingSort;3001;0;0;18790
1000;10;3;QuickSort;41296;17050;7426;39570
1000;10;3;InsertionSort;9840;3280;0;97341
1000;10;3;BubbleSort;177292;84084;2281;144660
1000;10;3;MergeSort;19952;5257;0;63490
1000;10;3;CountingSort;3001;0;0;33090
1000;10;3;QuickSort;37469;16517;6307;66100
1000;10;3;InsertionSort;10116;3372;0;131060
1000;10;3;BubbleSort;177660;84084;2373;132350
1000;10;3;MergeSort;19952;5265;0;67051
1000;10;3;CountingSort;3001;0;0;24680
1000;10;3;QuickSort;45802;19318;8160;73380
1000;10;3;InsertionSort;9915;3305;0;120240
1000;10;3;BubbleSort;170084;80430;2306;144430
1000;10;3;MergeSort;19952;5263;0;86671
1000;10;3;CountingSort;3001;0;0;18601
1000;10;3;QuickSort;39577;16609;6985;32370
1000;10;3;InsertionSort;10548;3516;0;9490
1000;10;3;BubbleSort;170928;80430;2517;42540
1000;10;3;MergeSort;19952;5253;0;58580
1000;10;3;CountingSort;3001;0;0;19300
1000;10;3;QuickSort;45387;18468;8307;32950
1000;10;3;InsertionSort;10089;3363;0;5740
1000;10;3;BubbleSort;157450;73997;2364;39760
1000;10;3;MergeSort;19952;5250;0;85101
1000;10;3;CountingSort;3001;0;0;17920
1000;10;3;QuickSort;35377;14872;6175;40580
1000;10;3;InsertionSort;10638;3546;0;7480
1000;10;3;BubbleSort;181998;85905;2547;77790
1000;10;3;MergeSort;19952;5263;0;64830
1000;10;3;CountingSort;3001;0;0;20101
1000;10;3;QuickSort;37438;15412;6679;40800
1000;10;3;InsertionSort;10482;3494;0;5090
1000;10;3;BubbleSort;187238;88629;2495;81780
1000;10;3;MergeSort;19952;5265;0;81910
1000;10;3;CountingSort;3001;0;0;18890
1000;10;3;QuickSort;42092;17552;7523;47620
1000;10;3;InsertionSort;10860;3620;0;6090
1000;10;3;BubbleSort;180474;84995;2621;85230
1000;10;3;MergeSort;19952;5252;0;63121
1000;10;3;CountingSort;3001;0;0;18560
1000;10;3;QuickSort;37251;15627;6540;38710
1000;10;3;InsertionSort;10827;3609;0;6770
1000;10;3;BubbleSort;198540;94050;2610;94531
1000;10;3;MergeSort;19952;5262;0;80970
1000;10;3;CountingSort;3001;0;0;18041
1000;10;3;QuickSort;38630;15773;6946;37650
1000;10;3;InsertionSort;9879;3293;0;5290
1000;10;3;BubbleSort;177344;84084;2294;96320
1000;10;3;MergeSort;19952;5257;0;71530
1000;10;3;CountingSort;3001;0;0;59320
1000;10;3;QuickSort;37926;16350;6534;75620
1000;10;3;InsertionSort;10695;3565;0;5280
1000;10;3;BubbleSort;174782;82259;2566;75161
1000;10;3;MergeSort;19952;5262;0;89781
1000;10;3;CountingSort;3001;0;0;10950
1000;10;3;QuickSort;38019;15876;6719;36270
1000;10;3;InsertionSort;10176;3392;0;6990
1000;10;3;BubbleSort;181382;85905;2393;82181
1000;10;3;MergeSort;19952;5254;0;73931
1000;10;3;CountingSort;3001;0;0;7240
1000;10;3;QuickSort;41700;17562;7394;35280
1000;10;3;InsertionSort;10740;3580;0;3430
1000;10;3;BubbleSort;174842;82259;2581;65610
1000;10;3;MergeSort;19952;5255;0;65350
1000;10;3;CountingSort;3001;0;0;5560
1000;10;3;QuickSort;42938;17954;7656;33340
1000;10;3;InsertionSort;10251;3417;0;3170
1000;10;3;BubbleSort;181482;85905;2418;45220
1000;10;3;MergeSort;19952;5247;0;54850
1000;10;3;CountingSort;3001;0;0;6720
1000;10;3;QuickSort;36915;16476;6142;32930
1000;10;3;InsertionSort;11283;3761;0;3150
1000;10;3;BubbleSort;179216;84084;2762;54190
1000;10;3;MergeSort;19952;5243;0;57061
1000;10;3;CountingSort;3001;0;0;6790
1000;10;3;QuickSort;38790;16266;6844;30200
1000;10;3;InsertionSort;9873;3291;0;3280
1000;10;3;BubbleSort;186426;88629;2292;49811
1000;10;3;MergeSort;19952;5244;0;58810
1000;10;3;CountingSort;3001;0;0;8190
1000;10;3;QuickSort;41820;17442;7456;39600
1000;10;3;InsertionSort;10932;3644;0;4300
1000;10;3;BubbleSort;176924;83172;2645;66460
1000;10;3;MergeSort;19952;5259;0;87140
1000;10;3;CountingSort;3001;0;0;9560
1000;10;3;QuickSort;35477;15185;6103;39020
1000;10;3;InsertionSort;10740;3580;0;5300
1000;10;3;BubbleSort;183952;86814;2581;80800
1000;10;3;MergeSort;19952;5259;0;60010
1000;10;3;CountingSort;3001;0;0;9070
1000;10;3;QuickSort;35471;14846;6191;40930
1000;10;3;InsertionSort;10230;3410;0;5410
1000;10;3;BubbleSort;161324;75840;2411;63000
1000;10;3;MergeSort;19952;5256;0;68560
1000;10;3;CountingSort;3001;0;0;7650
1000;10;3;QuickSort;38676;16308;6790;40821
1000;10;3;InsertionSort;11196;3732;0;3330
1000;10;3;BubbleSort;180922;84995;2733;58320
1000;10;3;MergeSort;19952;5251;0;82950
1000;10;3;CountingSort;3001;0;0;7540
1000;10;3;QuickSort;45224;18509;8240;40540
1000;10;3;InsertionSort;10272;3424;0;3460
1000;10;3;BubbleSort;155848;73074;2425;51471
1000;10;3;MergeSort;19952;5252;0;102750
1000;10;3;CountingSort;3001;0;0;8160
1000;10;3;QuickSort;37930;15805;6712;34480
1000;10;3;InsertionSort;10260;3420;0;5590
1000;10;3;BubbleSort;188754;89535;2421;50150
1000;10;3;MergeSort;19952;5253;0;60380
1000;10;3;CountingSort;3001;0;0;8270
1000;10;3;QuickSort;34842;14910;5976;30140
1000;10;3;InsertionSort;9804;3268;0;3630
1000;10;3;BubbleSort;155224;73074;2269;130160
1000;10;3;MergeSort;19952;5251;0;125170
1000;10;3;CountingSort;3001;0;0;8410
1000;10;3;QuickSort;37929;15684;6734;30300
1000;10;3;InsertionSort;10647;3549;0;3700
1000;10;3;BubbleSort;183828;86814;2550;187280
1000;10;3;MergeSort;19952;5260;0;169360
1000;10;3;CountingSort;3001;0;0;9510
1000;10;3;QuickSort;36892;15640;6416;38520
1000;10;3;InsertionSort;10365;3455;0;4040
1000;10;3;BubbleSort;152274;71225;2456;43900
1000;10;3;MergeSort;19952;5250;0;69611
1000;10;3;CountingSort;3001;0;0;7680
1000;10;3;QuickSort;39217;17023;6725;51250
1000;10;3;InsertionSort;10062;3354;0;4460
1000;10;3;BubbleSort;173938;82259;2355;51160
1000;10;3;MergeSort;19952;5260;0;65870
1000;10;3;CountingSort;3001;0;0;46850
1000;10;3;QuickSort;34446;15180;5751;46790
1000;10;3;InsertionSort;10044;3348;0;4770
1000;10;3;BubbleSort;168424;79514;2349;52860
1000;10;3;MergeSort;19952;5254;0;73131
1000;10;3;CountingSort;3001;0;0;5800
1000;10;3;QuickSort;45678;18807;8291;36081
1000;10;3;InsertionSort;10371;3457;0;7580
1000;10;3;BubbleSort;178000;84084;2458;54400
1000;10;3;MergeSort;19952;5253;0;73610
1000;10;3;CountingSort;3001;0;0;8370
1000;10;3;QuickSort;38740;17413;6446;35600
1000;10;3;InsertionSort;9612;3204;0;3740
1000;10;3;BubbleSort;175164;83172;2205;107290
1000;10;3;MergeSort;19952;5254;0;100131
1000;10;3;CountingSort;3001;0;0;9290
1000;10;3;QuickSort;40210;16447;7251;34960
1000;10;3;InsertionSort;9609;3203;0;3740
1000;10;3;BubbleSort;154964;73074;2204;41470
1000;10;3;MergeSort;19952;5253;0;54240
1000;10;3;CountingSort;3001;0;0;7580
1000;10;3;QuickSort;44574;18678;7978;47200
1000;10;3;InsertionSort;10323;3441;0;9400
1000;10;3;BubbleSort;187026;88629;2442;82660
1000;10;3;MergeSort;19952;5246;0;58890
1000;10;3;CountingSort;3001;0;0;9470
1000;10;3;QuickSort;37407;16899;6165;35350
1000;10;3;InsertionSort;10191;3397;0;4300
1000;10;3;BubbleSort;175936;83172;2398;67971
1000;10;3;MergeSort;19952;5251;0;66540
1000;10;3;CountingSort;3001;0;0;8930
1000;10;3;QuickSort;37264;15721;6526;40530
1000;10;3;InsertionSort;10011;3337;0;5770
1000;10;3;BubbleSort;182980;86814;2338;71641
1000;10;3;MergeSort;19952;5256;0;78920
1000;10;3;CountingSort;3001;0;0;8560
1000;10;3;QuickSort;40540;17650;6964;32320
1000;10;3;InsertionSort;10695;3565;0;3350
1000;10;3;BubbleSort;180254;84995;2566;190101
1000;10;3;MergeSort;19952;5266;0;174720
1000;10;3;CountingSort;3001;0;0;6620
1000;10;3;QuickSort;36326;15563;6253;31400
1000;10;3;InsertionSort;10749;3583;0;3360
1000;10;3;BubbleSort;162016;75840;2584;51040
1000;10;3;MergeSort;19952;5243;0;102130
1000;10;3;CountingSort;3001;0;0;7190
1000;10;3;QuickSort;42879;17730;7718;42500
1000;10;3;InsertionSort;10023;3341;0;3130
1000;10;3;BubbleSort;193862;92247;2342;71330
1000;10;3;MergeSort;19952;5262;0;56900
1000;10;3;CountingSort;3001;0;0;7790
1000;10;3;QuickSort;36664;16123;6195;41500
1000;10;3;InsertionSort;10446;3482;0;5370
1000;10;3;BubbleSort;181742;85905;2483;70180
1000;10;3;MergeSort;19952;5255;0;52480
1000;10;3;CountingSort;3001;0;0;8780
1000;10;3;QuickSort;36756;15339;6457;31290
1000;10;3;InsertionSort;10140;3380;0;3980
1000;10;3;BubbleSort;177692;84084;2381;47460
1000;10;3;MergeSort;19952;5259;0;68361
1000;10;3;CountingSort;3001;0;0;9420
1000;10;3;QuickSort;45574;18892;8223;54850
1000;10;3;InsertionSort;10953;3651;0;5990
1000;10;3;BubbleSort;195102;92247;2652;104431
1000;10;3;MergeSort;19952;5251;0;99120
1000;10;3;CountingSort;3001;0;0;9100
1000;10;3;QuickSort;40358;17198;7049;39180
1000;10;3;InsertionSort;10698;3566;0;3480
1000;10;3;BubbleSort;192956;91344;2567;48210
1000;10;3;MergeSort;19952;5265;0;57150
1000;10;3;CountingSort;3001;0;0;6640
1000;10;3;QuickSort;37254;15552;6563;38000
1000;10;3;InsertionSort;9966;3322;0;4520
1000;10;3;BubbleSort;177460;84084;2323;91490
1000;10;3;MergeSort;19952;5262;0;67150
1000;10;3;CountingSort;3001;0;0;7290
1000;10;3;QuickSort;40665;16866;7261;41891
1000;10;3;InsertionSort;10296;3432;0;7841
1000;10;3;BubbleSort;170592;80430;2433;62120
1000;10;3;MergeSort;19952;5255;0;60670
1000;10;3;CountingSort;3001;0;0;8281
1000;10;3;QuickSort;34140;14718;5822;37880
1000;10;3;InsertionSort;9840;3280;0;6370
1000;10;3;BubbleSort;195422;93149;2281;66910
1000;10;3;MergeSort;19952;5263;0;86110
1000;10;3;CountingSort;3001;0;0;8120
1000;10;3;QuickSort;40019;16619;7145;37730
1000;10;3;InsertionSort;10785;3595;0;4790
1000;10;3;BubbleSort;176728;83172;2596;142500
1000;10;3;MergeSort;19952;5249;0;137181
1000;10;3;CountingSort;3001;0;0;7580
1000;10;3;QuickSort;41806;17383;7478;40950
1000;10;3;InsertionSort;10239;3413;0;5160
1000;10;3;BubbleSort;195954;93149;2414;75341
1000;10;3;MergeSort;19952;5267;0;69650
1000;10;3;CountingSort;3001;0;0;9390
1000;10;3;QuickSort;37238;15530;6584;37801
1000;10;3;InsertionSort;10305;3435;0;4000
1000;10;3;BubbleSort;176088;83172;2436;113960
1000;10;3;MergeSort;19952;5258;0;114950
1000;10;3;CountingSort;3001;0;0;9030
1000;10;3;QuickSort;39145;16807;6784;46890
1000;10;3;InsertionSort;10206;3402;0;4020
1000;10;3;BubbleSort;188682;89535;2403;165011
1000;10;3;MergeSort;19952;5260;0;155891
1000;10;3;CountingSort;3001;0;0;8210
1000;10;3;QuickSort;40299;16938;7118;38720
1000;10;3;InsertionSort;10245;3415;0;3850
1000;10;3;BubbleSort;194158;92247;2416;103130
1000;10;3;MergeSort;19952;5254;0;110020
1000;10;3;CountingSort;3001;0;0;6780
1000;10;3;QuickSort;39457;16765;6896;43860
1000;10;3;InsertionSort;9420;3140;0;9440
1000;10;3;BubbleSort;184008;87722;2141;86370
1000;10;3;MergeSort;19952;5257;0;68241
1000;10;3;CountingSort;3001;0;0;8120
1000;10;3;QuickSort;41820;17514;7444;40480
1000;10;3;InsertionSort;11088;3696;0;5270
1000;10;3;BubbleSort;180778;84995;2697;91881
1000;10;3;MergeSort;19952;5256;0;78891
1000;10;3;CountingSort;3001;0;0;9910
1000;10;3;QuickSort;37727;16340;6467;40820
1000;10;3;InsertionSort;10572;3524;0;6930
1000;10;3;BubbleSort;174618;82259;2525;79631
1000;10;3;MergeSort;19952;5249;0;78481
1000;10;3;CountingSort;3001;0;0;7770
1000;10;3;QuickSort;37010;15821;6405;31431
1000;10;3;InsertionSort;10179;3393;0;3370
1000;10;3;BubbleSort;190456;90440;2394;63440
1000;10;3;MergeSort;19952;5267;0;86350
1000;10;3;CountingSort;3001;0;0;7820
1000;10;3;QuickSort;36718;16303;6131;39100
1000;10;3;InsertionSort;10275;3425;0;3840
1000;10;3;BubbleSort;183332;86814;2426;55800
1000;10;3;MergeSort;19952;5258;0;56700
1000;10;4;CountingSort;3001;0;0;181541
1000;10;4;QuickSort;40411;17500;6963;1118364
1000;10;4;InsertionSort;11082;3694;0;437781
1000;10;4;BubbleSort;186224;87722;2695;4053771
1000;10;4;MergeSort;19952;5272;0;1118993
1000;10;4;CountingSort;3001;0;0;131600
1000;10;4;QuickSort;36735;15519;6402;202320
1000;10;4;InsertionSort;10398;3466;0;247401
1000;10;4;BubbleSort;196166;93149;2467;1078053
1000;10;4;MergeSort;19952;5280;0;380421
1000;10;4;CountingSort;3001;0;0;103410
1000;10;4;QuickSort;42772;17389;7804;196521
1000;10;4;InsertionSort;10296;3432;0;290261
1000;10;4;BubbleSort;170592;80430;2433;580262
1000;10;4;MergeSort;19952;5270;0;185040
1000;10;4;CountingSort;3001;0;0;100811
1000;10;4;QuickSort;40217;16580;7213;229490
1000;10;4;InsertionSort;11121;3707;0;324021
1000;10;4;BubbleSort;171692;80430;2708;572971
1000;10;4;MergeSort;19952;5277;0;241781
1000;10;4;CountingSort;3001;0;0;106890
1000;10;4;QuickSort;41050;16948;7372;151900
1000;10;4;InsertionSort;9696;3232;0;240660
1000;10;4;BubbleSort;169792;80430;2233;581931
1000;10;4;MergeSort;19952;5271;0;310251
1000;10;4;CountingSort;3001;0;0;106170
1000;10;4;QuickSort;34458;15492;5655;144020
1000;10;4;InsertionSort;11067;3689;0;268041
1000;10;4;BubbleSort;200660;94950;2690;472001
1000;10;4;MergeSort;19952;5279;0;291901
1000;10;4;CountingSort;3001;0;0;132130
1000;10;4;QuickSort;40030;17542;6825;181410
1000;10;4;InsertionSort;11286;3762;0;339191
1000;10;4;BubbleSort;173742;81345;2763;322211
1000;10;4;MergeSort;19952;5279;0;233641
1000;10;4;CountingSort;3001;0;0;110821
1000;10;4;QuickSort;38386;16357;6682;129230
1000;10;4;InsertionSort;10464;3488;0;383431
1000;10;4;BubbleSort;172646;81345;2489;552681
1000;10;4;MergeSort;19952;5277;0;334921
1000;10;4;CountingSort;3001;0;0;105710
1000;10;4;QuickSort;37279;15958;6442;131320
1000;10;4;InsertionSort;10437;3479;0;337111
1000;10;4;BubbleSort;185364;87722;2480;487552
1000;10;4;MergeSort;19952;5274;0;333161
1000;10;4;CountingSort;3001;0;0;161011
1000;10;4;QuickSort;37890;16161;6580;412381
1000;10;4;InsertionSort;9951;3317;0;340311
1000;10;4;BubbleSort;166466;78597;2318;546772
1000;10;4;MergeSort;19952;5272;0;385861
1000;10;4;CountingSort;3001;0;0;119020
1000;10;4;QuickSort;37811;15725;6703;739762
1000;10;4;InsertionSort;10317;3439;0;310671
1000;10;4;BubbleSort;179750;84995;2440;539162
1000;10;4;MergeSort;19952;5270;0;358682
1000;10;4;CountingSort;3001;0;0;107490
1000;10;4;QuickSort;36859;16078;6271;929912
1000;10;4;InsertionSort;10560;3520;0;388971
1000;10;4;BubbleSort;190964;90440;2521;586541
1000;10;4;MergeSort;19952;5288;0;350411
1000;10;4;CountingSort;3001;0;0;114061
1000;10;4;QuickSort;36479;15353;6374;639592
1000;10;4;InsertionSort;10065;3355;0;334671
1000;10;4;BubbleSort;172114;81345;2356;307881
1000;10;4;MergeSort;19952;5282;0;409661
1000;10;4;CountingSort;3001;0;0;119051
1000;10;4;QuickSort;35375;15029;6117;619961
1000;10;4;InsertionSort;10926;3642;0;463931
1000;10;4;BubbleSort;191452;90440;2643;405831
1000;10;4;MergeSort;19952;5281;0;360931
1000;10;4;CountingSort;3001;0;0;120270
1000;10;4;QuickSort;39294;17175;6701;699852
1000;10;4;InsertionSort;9843;3281;0;355501
1000;10;4;BubbleSort;186386;88629;2282;300071
1000;10;4;MergeSort;19952;5274;0;253541
1000;10;4;CountingSort;3001;0;0;121950
1000;10;4;QuickSort;39939;16950;7005;882223
1000;10;4;InsertionSort;10137;3379;0;355911
1000;10;4;BubbleSort;194014;92247;2380;257661
1000;10;4;MergeSort;19952;5265;0;207751
1000;10;4;CountingSort;3001;0;0;120421
1000;10;4;QuickSort;41938;17380;7517;372150
1000;10;4;InsertionSort;10254;3418;0;374211
1000;10;4;BubbleSort;181486;85905;2419;302881
1000;10;4;MergeSort;19952;5275;0;237200
1000;10;4;CountingSort;3001;0;0;44510
1000;10;4;QuickSort;37434;15807;6552;33970
1000;10;4;InsertionSort;10305;3435;0;378181
1000;10;4;BubbleSort;192432;91344;2436;275491
1000;10;4;MergeSort;19952;5284;0;217631
1000;10;4;CountingSort;3001;0;0;35890
1000;10;4;QuickSort;44508;18597;7976;39560
1000;10;4;InsertionSort;10878;3626;0;228941
1000;10;4;BubbleSort;184136;86814;2627;195461
1000;10;4;MergeSort;19952;5273;0;167050
1000;10;4;CountingSort;3001;0;0;24240
1000;10;4;QuickSort;37070;15401;6568;34550
1000;10;4;InsertionSort;10161;3387;0;158480
1000;10;4;BubbleSort;184996;87722;2388;230291
1000;10;4;MergeSort;19952;5268;0;192171
1000;10;4;CountingSort;3001;0;0;21430
1000;10;4;QuickSort;42818;18455;7459;49360
1000;10;4;InsertionSort;9813;3271;0;118640
1000;10;4;BubbleSort;179078;84995;2272;148581
1000;10;4;MergeSort;19952;5283;0;140271
1000;10;4;CountingSort;3001;0;0;34240
1000;10;4;QuickSort;41423;17360;7369;51500
1000;10;4;InsertionSort;10734;3578;0;150210
1000;10;4;BubbleSort;174834;82259;2579;190440
1000;10;4;MergeSort;19952;5279;0;146880
1000;10;4;CountingSort;3001;0;0;29970
1000;10;4;QuickSort;35974;14968;6321;27520
1000;10;4;InsertionSort;10626;3542;0;112680
1000;10;4;BubbleSort;181982;85905;2543;228331
1000;10;4;MergeSort;19952;5274;0;174351
1000;10;4;CountingSort;3001;0;0;1805745
1000;10;4;QuickSort;36765;15225;6523;61400
1000;10;4;InsertionSort;10383;3461;0;1793735
1000;10;4;BubbleSort;170708;80430;2462;86710
1000;10;4;MergeSort;19952;5276;0;137300
1000;10;4;CountingSort;3001;0;0;17790
1000;10;4;QuickSort;39558;16776;6936;68940
1000;10;4;InsertionSort;11169;3723;0;40540
1000;10;4;BubbleSort;193584;91344;2724;71170
1000;10;4;MergeSort;19952;5276;0;72440
1000;10;4;CountingSort;3001;0;0;15990
1000;10;4;QuickSort;41183;18158;6988;45461
1000;10;4;InsertionSort;11154;3718;0;61661
1000;10;4;BubbleSort;169904;79514;2719;70580
1000;10;4;MergeSort;19952;5273;0;64230
1000;10;4;CountingSort;3001;0;0;20490
1000;10;4;QuickSort;41316;17616;7240;34790
1000;10;4;InsertionSort;10392;3464;0;82911
1000;10;4;BubbleSort;167054;78597;2465;190991
1000;10;4;MergeSort;19952;5281;0;125120
1000;10;4;CountingSort;3001;0;0;25250
1000;10;4;QuickSort;39916;16831;7018;32090
1000;10;4;InsertionSort;10443;3481;0;65840
1000;10;4;BubbleSort;194422;92247;2482;177831
1000;10;4;MergeSort;19952;5274;0;99770
1000;10;4;CountingSort;3001;0;0;18160
1000;10;4;QuickSort;39914;16586;7105;31870
1000;10;4;InsertionSort;10074;3358;0;113470
1000;10;4;BubbleSort;184880;87722;2359;190160
1000;10;4;MergeSort;19952;5275;0;129830
1000;10;4;CountingSort;3001;0;0;15390
1000;10;4;QuickSort;38293;15823;6838;30320
1000;10;4;InsertionSort;10521;3507;0;43420
1000;10;4;BubbleSort;172722;81345;2508;102470
1000;10;4;MergeSort;19952;5282;0;35040
1000;10;4;CountingSort;3001;0;0;15610
1000;10;4;QuickSort;38039;16829;6400;31690
1000;10;4;InsertionSort;9966;3322;0;33190
1000;10;4;BubbleSort;188362;89535;2323;141751
1000;10;4;MergeSort;19952;5278;0;127930
1000;10;4;CountingSort;3001;0;0;15070
1000;10;4;QuickSort;36402;15588;6265;40770
1000;10;4;InsertionSort;10044;3348;0;66471
1000;10;4;BubbleSort;168424;79514;2349;78921
1000;10;4;MergeSort;19952;5280;0;59320
1000;10;4;CountingSort;3001;0;0;19980
1000;10;4;QuickSort;37342;16279;6359;57160
1000;10;4;InsertionSort;10707;3569;0;101670
1000;10;4;BubbleSort;189350;89535;2570;212351
1000;10;4;MergeSort;19952;5271;0;159521
1000;10;4;CountingSort;3001;0;0;16580
1000;10;4;QuickSort;37923;15597;6776;32981
1000;10;4;InsertionSort;9486;3162;0;62110
1000;10;4;BubbleSort;185910;88629;2163;105830
1000;10;4;MergeSort;19952;5269;0;86810
1000;10;4;CountingSort;3001;0;0;17560
1000;10;4;QuickSort;35847;15753;6031;46450
1000;10;4;InsertionSort;10770;3590;0;59210
1000;10;4;BubbleSort;183992;86814;2591;60420
1000;10;4;MergeSort;19952;5282;0;65360
1000;10;4;CountingSort;3001;0;0;15451
1000;10;4;QuickSort;45360;18822;8178;33600
1000;10;4;InsertionSort;11283;3761;0;88900
1000;10;4;BubbleSort;168242;78597;2762;88940
1000;10;4;MergeSort;19952;5273;0;58380
1000;10;4;CountingSort;3001;0;0;27300
1000;10;4;QuickSort;35316;15204;6039;42470
1000;10;4;InsertionSort;9573;3191;0;140671
1000;10;4;BubbleSort;165962;78597;2192;88751
1000;10;4;MergeSort;19952;5271;0;56891
1000;10;4;CountingSort;3001;0;0;14820
1000;10;4;QuickSort;36503;16160;6126;30751
1000;10;4;InsertionSort;11655;3885;0;62720
1000;10;4;BubbleSort;197842;93149;2886;76800
1000;10;4;MergeSort;19952;5278;0;66750
1000;10;4;CountingSort;3001;0;0;17750
1000;10;4;QuickSort;43686;18114;7855;53160
1000;10;4;InsertionSort;10659;3553;0;94150
1000;10;4;BubbleSort;180206;84995;2554;83800
1000;10;4;MergeSort;19952;5279;0;101771
1000;10;4;CountingSort;3001;0;0;16340
1000;10;4;QuickSort;39724;16402;7109;31880
1000;10;4;InsertionSort;11061;3687;0;80460
1000;10;4;BubbleSort;186196;87722;2688;184151
1000;10;4;MergeSort;19952;5284;0;158481
1000;10;4;CountingSort;3001;0;0;24490
1000;10;4;QuickSort;35732;15914;5940;31410
1000;10;4;InsertionSort;11130;3710;0;82420
1000;10;4;BubbleSort;182654;85905;2711;102070
1000;10;4;MergeSort;19952;5274;0;110510
1000;10;4;CountingSort;3001;0;0;17300
1000;10;4;QuickSort;38484;15840;6887;29950
1000;10;4;InsertionSort;10365;3455;0;224891
1000;10;4;BubbleSort;174342;82259;2456;51170
1000;10;4;MergeSort;19952;5280;0;82451
1000;10;4;CountingSort;3001;0;0;18230
1000;10;4;QuickSort;40134;16980;7061;44230
1000;10;4;InsertionSort;10359;3453;0;98680
1000;10;4;BubbleSort;165174;77679;2454;117590
1000;10;4;MergeSort;19952;5275;0;99250
1000;10;4;CountingSort;3001;0;0;16150
1000;10;4;QuickSort;36725;16112;6198;31680
1000;10;4;InsertionSort;10935;3645;0;97921
1000;10;4;BubbleSort;195078;92247;2646;223291
1000;10;4;MergeSort;19952;5284;0;159440
1000;10;4;CountingSort;3001;0;0;66370
1000;10;4;QuickSort;35786;15296;6167;31950
1000;10;4;InsertionSort;10911;3637;0;38960
1000;10;4;BubbleSort;198652;94050;2638;71020
1000;10;4;MergeSort;19952;5277;0;61900
1000;10;4;CountingSort;3001;0;0;27811
1000;10;4;QuickSort;34645;14884;5924;50900
1000;10;4;InsertionSort;9981;3327;0;124730
1000;10;4;BubbleSort;190192;90440;2328;187080
1000;10;4;MergeSort;19952;5279;0;154400
1000;10;4;CountingSort;3001;0;0;28040
1000;10;4;QuickSort;39598;16420;7065;47810
1000;10;4;InsertionSort;9318;3106;0;124291
1000;10;4;BubbleSort;156422;73997;2107;185801
1000;10;4;MergeSort;19952;5273;0;153461
1000;10;4;CountingSort;3001;0;0;16510
1000;10;4;QuickSort;36122;15425;6224;48750
1000;10;4;InsertionSort;10827;3609;0;113920
1000;10;4;BubbleSort;171300;80430;2610;130141
1000;10;4;MergeSort;19952;5277;0;88781
1000;10;4;CountingSort;3001;0;0;28780
1000;10;4;QuickSort;36889;15631;6417;45310
1000;10;4;InsertionSort;10704;3568;0;143790
1000;10;4;BubbleSort;163796;76760;2569;137660
1000;10;4;MergeSort;19952;5273;0;87930
1000;10;4;CountingSort;3001;0;0;25860
1000;10;4;QuickSort;38083;15847;6741;53340
1000;10;4;InsertionSort;11280;3760;0;146131
1000;10;4;BubbleSort;177388;83172;2761;151401
1000;10;4;MergeSort;19952;5281;0;97081
1000;10;4;CountingSort;3001;0;0;27961
1000;10;4;QuickSort;40467;16800;7215;59840
1000;10;4;InsertionSort;10224;3408;0;170770
1000;10;4;BubbleSort;166830;78597;2409;133780
1000;10;4;MergeSort;19952;5285;0;94960
1000;10;4;CountingSort;3001;0;0;15460
1000;10;4;QuickSort;36874;16570;6088;46291
1000;10;4;InsertionSort;10677;3559;0;9560
1000;10;4;BubbleSort;191120;90440;2560;63230
1000;10;4;MergeSort;19952;5283;0;106261
1000;10;4;CountingSort;3001;0;0;17890
1000;10;4;QuickSort;39039;16665;6784;32011
1000;10;4;InsertionSort;10881;3627;0;3440
1000;10;4;BubbleSort;165870;77679;2628;79650
1000;10;4;MergeSort;19952;5276;0;86000
1000;10;4;CountingSort;3001;0;0;27420
1000;10;4;QuickSort;38399;16163;6747;30800
1000;10;4;InsertionSort;10692;3564;0;6060
1000;10;4;BubbleSort;189330;89535;2565;87850
1000;10;4;MergeSort;19952;5269;0;88910
1000;10;4;CountingSort;3001;0;0;24580
1000;10;4;QuickSort;38312;15866;6811;45750
1000;10;4;InsertionSort;11154;3718;0;4510
1000;10;4;BubbleSort;177220;83172;2719;56750
1000;10;4;MergeSort;19952;5282;0;60880
1000;10;4;CountingSort;3001;0;0;16330
1000;10;4;QuickSort;38084;16631;6495;47050
1000;10;4;InsertionSort;11259;3753;0;7240
1000;10;4;BubbleSort;191896;90440;2754;67140
1000;10;4;MergeSort;19952;5273;0;61861
1000;10;4;CountingSort;3001;0;0;8940
1000;10;4;QuickSort;39032;16607;6799;32390
1000;10;4;InsertionSort;9801;3267;0;3340
1000;10;4;BubbleSort;164430;77679;2268;85850
1000;10;4;MergeSort;19952;5270;0;62780
1000;10;4;CountingSort;3001;0;0;6900
1000;10;4;QuickSort;42088;17356;7581;31380
1000;10;4;InsertionSort;11094;3698;0;3810
1000;10;4;BubbleSort;198896;94050;2699;135681
1000;10;4;MergeSort;19952;5282;0;89211
1000;10;4;CountingSort;3001;0;0;5520
1000;10;4;QuickSort;37960;16087;6618;32350
1000;10;4;InsertionSort;10077;3359;0;3170
1000;10;4;BubbleSort;177608;84084;2360;57280
1000;10;4;MergeSort;19952;5286;0;63360
1000;10;4;CountingSort;3001;0;0;8300
1000;10;4;QuickSort;37006;15400;6538;37180
1000;10;4;InsertionSort;9894;3298;0;3320
1000;10;4;BubbleSort;184640;87722;2299;110280
1000;10;4;MergeSort;19952;5261;0;126900
1000;10;4;CountingSort;3001;0;0;8430
1000;10;4;QuickSort;38045;15899;6720;30620
1000;10;4;InsertionSort;10653;3551;0;4180
1000;10;4;BubbleSort;191088;90440;2552;47140
1000;10;4;MergeSort;19952;5268;0;76611
1000;10;4;CountingSort;3001;0;0;7720
1000;10;4;QuickSort;48753;19932;8958;44151
1000;10;4;InsertionSort;11160;3720;0;5350
1000;10;4;BubbleSort;200784;94950;2721;87060
1000;10;4;MergeSort;19952;5272;0;82790
1000;10;4;CountingSort;3001;0;0;9830
1000;10;4;QuickSort;38234;16445;6606;40210
1000;10;4;InsertionSort;10263;3421;0;4020
1000;10;4;BubbleSort;170548;80430;2422;105050
1000;10;4;MergeSort;19952;5287;0;100200
1000;10;4;CountingSort;3001;0;0;9360
1000;10;4;QuickSort;37188;15768;6454;39510
1000;10;4;InsertionSort;10383;3461;0;6010
1000;10;4;BubbleSort;157842;73997;2462;102260
1000;10;4;MergeSort;19952;5277;0;116341
1000;10;4;CountingSort;3001;0;0;8150
1000;10;4;QuickSort;38761;16435;6784;38901
1000;10;4;InsertionSort;10209;3403;0;3981
1000;10;4;BubbleSort;183244;86814;2404;91150
1000;10;4;MergeSort;19952;5271;0;105610
1000;10;4;CountingSort;3001;0;0;7400
1000;10;4;QuickSort;41319;17985;7115;44220
1000;10;4;InsertionSort;10944;3648;0;5420
1000;10;4;BubbleSort;186040;87722;2649;109701
1000;10;4;MergeSort;19952;5277;0;80141
1000;10;4;CountingSort;3001;0;0;8390
1000;10;4;QuickSort;40163;16418;7252;38640
1000;10;4;InsertionSort;9906;3302;0;4550
1000;10;4;BubbleSort;190092;90440;2303;115831
1000;10;4;MergeSort;19952;5274;0;70910
1000;10;4;CountingSort;3001;0;0;9300
1000;10;4;QuickSort;34785;14874;5973;38540
1000;10;4;InsertionSort;11403;3801;0;6420
1000;10;4;BubbleSort;193896;91344;2802;89111
1000;10;4;MergeSort;19952;5287;0;79230
1000;10;4;CountingSort;3001;0;0;7830
1000;10;4;QuickSort;42291;17265;7672;47520
1000;10;4;InsertionSort;11079;3693;0;4160
1000;10;4;BubbleSort;182586;85905;2694;49960
1000;10;4;MergeSort;19952;5273;0;117421
1000;10;4;CountingSort;3001;0;0;8230
1000;10;4;QuickSort;47282;19127;8726;41920
1000;10;4;InsertionSort;9480;3160;0;13590
1000;10;4;BubbleSort;189524;90440;2161;98500
1000;10;4;MergeSort;19952;5270;0;72710
1000;10;4;CountingSort;3001;0;0;8120
1000;10;4;QuickSort;38818;15790;7004;37730
1000;10;4;InsertionSort;9777;3259;0;4590
1000;10;4;BubbleSort;164398;77679;2260;53650
1000;10;4;MergeSort;19952;5278;0;65931
1000;10;4;CountingSort;3001;0;0;7660
1000;10;4;QuickSort;37128;15432;6567;39400
1000;10;4;InsertionSort;11094;3698;0;5660
1000;10;4;BubbleSort;169824;79514;2699;52921
1000;10;4;MergeSort;19952;5284;0;62390
1000;10;4;CountingSort;3001;0;0;7150
1000;10;4;QuickSort;36321;15243;6353;32030
1000;10;4;InsertionSort;10047;3349;0;3880
1000;10;4;BubbleSort;195698;93149;2350;56741
1000;10;4;MergeSort;19952;5262;0;59210
1000;10;4;CountingSort;3001;0;0;40830
1000;10;4;QuickSort;37189;16219;6336;70010
1000;10;4;InsertionSort;10167;3389;0;3240
1000;10;4;BubbleSort;174078;82259;2390;123420
1000;10;4;MergeSort;19952;5272;0;113340
1000;10;4;CountingSort;3001;0;0;9630
1000;10;4;QuickSort;37680;16389;6437;52880
1000;10;4;InsertionSort;10245;3415;0;19580
1000;10;4;BubbleSort;185108;87722;2416;181041
1000;10;4;MergeSort;19952;5281;0;156341
1000;10;4;CountingSort;3001;0;0;8090
1000;10;4;QuickSort;40920;16980;7324;30870
1000;10;4;InsertionSort;10098;3366;0;5110
1000;10;4;BubbleSort;195766;93149;2367;208041
1000;10;4;MergeSort;19952;5275;0;193601
1000;10;4;CountingSort;3001;0;0;7240
1000;10;4;QuickSort;43970;18383;7868;32040
1000;10;4;InsertionSort;10338;3446;0;4800
1000;10;4;BubbleSort;177956;84084;2447;94600
1000;10;4;MergeSort;19952;5270;0;104260
1000;10;4;CountingSort;3001;0;0;7630
1000;10;4;QuickSort;36267;16029;6080;36900
1000;10;4;InsertionSort;9621;3207;0;2870
1000;10;4;BubbleSort;191520;91344;2208;93990
1000;10;4;MergeSort;19952;5267;0;73990
1000;10;4;CountingSort;3001;0;0;15820
1000;10;4;QuickSort;40525;17011;7172;50600
1000;10;4;InsertionSort;9726;3242;0;5530
1000;10;4;BubbleSort;171662;81345;2243;120970
1000;10;4;MergeSort;19952;5277;0;91630
1000;10;4;CountingSort;3001;0;0;7210
1000;10;4;QuickSort;35811;15000;6274;44140
1000;10;4;InsertionSort;10569;3523;0;6240
1000;10;4;BubbleSort;152546;71225;2524;54440
1000;10;4;MergeSort;19952;5275;0;73151
1000;10;4;CountingSort;3001;0;0;8800
1000;10;4;QuickSort;41309;17672;7208;40300
1000;10;4;InsertionSort;10389;3463;0;3280
1000;10;4;BubbleSort;168884;79514;2464;153441
1000;10;4;MergeSort;19952;5277;0;143111
1000;10;4;CountingSort;3001;0;0;7520
1000;10;4;QuickSort;41457;17442;7349;39400
1000;10;4;InsertionSort;10998;3666;0;3290
1000;10;4;BubbleSort;187926;88629;2667;49720
1000;10;4;MergeSort;19952;5277;0;81820
1000;10;4;CountingSort;3001;0;0;6980
1000;10;4;QuickSort;38800;16195;6880;30970
1000;10;4;InsertionSort;10983;3661;0;3310
1000;10;4;BubbleSort;189718;89535;2662;114250
1000;10;4;MergeSort;19952;5280;0;77090
1000;10;4;CountingSort;3001;0;0;8080
1000;10;4;QuickSort;43209;17889;7776;33070
1000;10;4;InsertionSort;10710;3570;0;4660
1000;10;4;BubbleSort;192972;91344;2571;67451
1000;10;4;MergeSort;19952;5282;0;64700
1000;10;4;CountingSort;3001;0;0;8110
1000;10;4;QuickSort;40138;17107;7015;32281
1000;10;4;InsertionSort;9846;3282;0;4740
1000;10;4;BubbleSort;160812;75840;2283;51390
1000;10;4;MergeSort;19952;5275;0;92420
1000;10;4;CountingSort;3001;0;0;8680
1000;10;4;QuickSort;42829;18028;7597;31780
1000;10;4;InsertionSort;10122;3374;0;3530
1000;10;4;BubbleSort;175844;83172;2375;62270
1000;10;4;MergeSort;19952;5271;0;76540
1000;10;4;CountingSort;3001;0;0;7020
1000;10;4;QuickSort;34967;15485;5839;33140
1000;10;4;InsertionSort;10407;3469;0;4970
1000;10;4;BubbleSort;185324;87722;2470;64830
1000;10;4;MergeSort;19952;5277;0;64620
1000;10;4;CountingSort;3001;0;0;14280
1000;10;4;QuickSort;40371;17499;6944;46700
1000;10;4;InsertionSort;10059;3353;0;3350
1000;10;4;BubbleSort;188486;89535;2354;44880
1000;10;4;MergeSort;19952;5272;0;76060
1000;10;4;CountingSort;3001;0;0;15840
1000;10;4;QuickSort;40272;18390;6625;33780
1000;10;4;InsertionSort;10068;3356;0;3860
1000;10;4;BubbleSort;175772;83172;2357;49350
1000;10;4;MergeSort;19952;5269;0;62260
1000;10;4;CountingSort;3001;0;0;6030
1000;10;4;QuickSort;39512;16997;6844;41040
1000;10;4;InsertionSort;9828;3276;0;4290
1000;10;4;BubbleSort;179098;84995;2277;66701
1000;10;4;MergeSort;19952;5284;0;58920
1000;10;4;CountingSort;3001;0;0;9800
1000;10;4;QuickSort;42919;18322;7530;32851
1000;10;4;InsertionSort;10764;3588;0;3860
1000;10;4;BubbleSort;193044;91344;2589;54950
1000;10;4;MergeSort;19952;5279;0;58460
1000;10;4;CountingSort;3001;0;0;8880
1000;10;4;QuickSort;38781;15999;6923;43550
1000;10;4;InsertionSort;10014;3338;0;4790
1000;10;4;BubbleSort;184800;87722;2339;72440
1000;10;4;MergeSort;19952;5278;0;115480
1000;10;4;CountingSort;3001;0;0;9320
1000;10;4;QuickSort;41379;17568;7276;32010
1000;10;4;InsertionSort;10395;3465;0;10370
1000;10;4;BubbleSort;194358;92247;2466;86151
1000;10;4;MergeSort;19952;5283;0;97460
1000;10;4;CountingSort;3001;0;0;6310
1000;10;4;QuickSort;41883;17541;7444;33950
1000;10;4;InsertionSort;10698;3566;0;4360
1000;10;4;BubbleSort;176612;83172;2567;56160
1000;10;4;MergeSort;19952;5270;0;80010
1000;10;4;CountingSort;3001;0;0;7120
1000;10;4;QuickSort;41918;18050;7297;33360
1000;10;4;InsertionSort;9555;3185;0;3080
1000;10;4;BubbleSort;196844;94050;2186;90520
1000;10;4;MergeSort;19952;5272;0;61090
1000;10;4;CountingSort;3001;0;0;7600
1000;10;4;QuickSort;40169;16631;7173;33920
1000;10;4;InsertionSort;11454;3818;0;3240
1000;10;4;BubbleSort;201176;94950;2819;188041
1000;10;4;MergeSort;19952;5269;0;153521
1000;10;4;CountingSort;3001;0;0;9110
1000;10;4;QuickSort;35685;14835;6286;36490
1000;10;4;InsertionSort;11037;3679;0;3440
1000;10;4;BubbleSort;189790;89535;2680;134851
1000;10;4;MergeSort;19952;5280;0;123580
1000;10;4;CountingSort;3001;0;0;9030
1000;10;4;QuickSort;39384;16461;6983;38380
1000;10;4;InsertionSort;10203;3401;0;2640
1000;10;4;BubbleSort;192296;91344;2402;164150
1000;10;4;MergeSort;19952;5271;0;126000
1000;10;4;CountingSort;3001;0;0;8890
1000;10;4;QuickSort;37667;15974;6564;36860
1000;10;4;InsertionSort;10077;3359;0;4780
1000;10;4;BubbleSort;172130;81345;2360;109950
1000;10;4;MergeSort;19952;5276;0;90361
1000;10;4;CountingSort;3001;0;0;8440
1000;10;4;QuickSort;41052;17556;7162;40450
1000;10;4;InsertionSort;10494;3498;0;3500
1000;10;4;BubbleSort;187254;88629;2499;64891
1000;10;4;MergeSort;19952;5278;0;85270
1000;20;1;CountingSort;3001;0;0;179150
1000;20;1;QuickSort;36842;15824;6345;1344704
1000;20;1;InsertionSort;196650;65550;0;5535046
1000;20;1;BubbleSort;1245432;493614;64551;8438124
1000;20;1;MergeSort;19952;8052;0;966902
1000;20;1;CountingSort;3001;0;0;166451
1000;20;1;QuickSort;42757;18328;7470;201041
1000;20;1;InsertionSort;194421;64807;0;1324884
1000;20;1;BubbleSort;1254122;499445;63808;747642
1000;20;1;MergeSort;19952;8132;0;164310
1000;20;1;CountingSort;3001;0;0;116990
1000;20;1;QuickSort;39748;16696;7009;168231
1000;20;1;InsertionSort;177049;59015;0;2326157
1000;20;1;BubbleSort;1224752;496340;58018;3167009
1000;20;1;MergeSort;19952;8159;0;141130
1000;20;1;CountingSort;3001;0;0;140221
1000;20;1;QuickSort;36859;15892;6323;168751
1000;20;1;InsertionSort;186120;62040;0;1761125
1000;20;1;BubbleSort;1238472;497154;61041;1889895
1000;20;1;MergeSort;19952;8133;0;120450
1000;20;1;CountingSort;3001;0;0;110100
1000;20;1;QuickSort;39354;16437;6968;780612
1000;20;1;InsertionSort;184126;61374;0;702902
1000;20;1;BubbleSort;1236218;497355;60377;975513
1000;20;1;MergeSort;19952;8109;0;140991
1000;20;1;CountingSort;3001;0;0;109340
1000;20;1;QuickSort;45943;19063;8288;986973
1000;20;1;InsertionSort;200533;66843;0;624172
1000;20;1;BubbleSort;1253642;495129;65846;1127864
1000;20;1;MergeSort;19952;8261;0;133360
1000;20;1;CountingSort;3001;0;0;104001
1000;20;1;QuickSort;33640;14731;5624;129950
1000;20;1;InsertionSort;180465;60155;0;390341
1000;20;1;BubbleSort;1227434;495405;59156;746872
1000;20;1;MergeSort;19952;8017;0;113790
1000;20;1;CountingSort;3001;0;0;89140
1000;20;1;QuickSort;40256;16787;7148;58440
1000;20;1;InsertionSort;186360;62120;0;173111
1000;20;1;BubbleSort;1237784;496650;61121;634322
1000;20;1;MergeSort;19952;8159;0;74930
1000;20;1;CountingSort;3001;0;0;109560
1000;20;1;QuickSort;42175;17311;7608;60690
1000;20;1;InsertionSort;196116;65372;0;210461
1000;20;1;BubbleSort;1249686;496097;64373;632602
1000;20;1;MergeSort;19952;8248;0;103640
1000;20;1;CountingSort;3001;0;0;111671
1000;20;1;QuickSort;38196;15801;6808;59660
1000;20;1;InsertionSort;184488;61494;0;62050
1000;20;1;BubbleSort;1232062;495035;60498;619712
1000;20;1;MergeSort;19952;8051;0;98100
1000;20;1;CountingSort;3001;0;0;116591
1000;20;1;QuickSort;44580;18471;8043;34970
1000;20;1;InsertionSort;182850;60950;0;132300
1000;20;1;BubbleSort;1236152;498174;59951;532161
1000;20;1;MergeSort;19952;8119;0;157330
1000;20;1;CountingSort;3001;0;0;153841
1000;20;1;QuickSort;36587;15155;6468;42280
1000;20;1;InsertionSort;200409;66803;0;41630
1000;20;1;BubbleSort;1239866;488325;65804;545742
1000;20;1;MergeSort;19952;7923;0;146650
1000;20;1;CountingSort;3001;0;0;162401
1000;20;1;QuickSort;42548;17783;7594;138681
1000;20;1;InsertionSort;197445;65815;0;40361
1000;20;1;BubbleSort;1252102;496419;64816;424021
1000;20;1;MergeSort;19952;8113;0;139210
1000;20;1;CountingSort;3001;0;0;122830
1000;20;1;QuickSort;35067;14925;6033;53700
1000;20;1;InsertionSort;197022;65674;0;49220
1000;20;1;BubbleSort;1256644;498972;64675;537912
1000;20;1;MergeSort;19952;8193;0;131471
1000;20;1;CountingSort;3001;0;0;151110
1000;20;1;QuickSort;36394;15931;6143;54870
1000;20;1;InsertionSort;200412;66804;0;40280
1000;20;1;BubbleSort;1260738;498759;65805;476211
1000;20;1;MergeSort;19952;8197;0;143951
1000;20;1;CountingSort;3001;0;0;144971
1000;20;1;QuickSort;34288;15028;5764;44001
1000;20;1;InsertionSort;213723;71241;0;34240
1000;20;1;BubbleSort;1273806;496419;70242;559921
1000;20;1;MergeSort;19952;8132;0;139370
1000;20;1;CountingSort;3001;0;0;115210
1000;20;1;QuickSort;38861;16601;6753;45980
1000;20;1;InsertionSort;206316;68772;0;41350
1000;20;1;BubbleSort;1267336;498122;67773;429271
1000;20;1;MergeSort;19952;8102;0;96870
1000;20;1;CountingSort;3001;0;0;64570
1000;20;1;QuickSort;41762;17258;7496;117150
1000;20;1;InsertionSort;201645;67215;0;100270
1000;20;1;BubbleSort;1262458;498797;66216;437551
1000;20;1;MergeSort;19952;8024;0;152640
1000;20;1;CountingSort;3001;0;0;41580
1000;20;1;QuickSort;40644;18081;6861;54480
1000;20;1;InsertionSort;192402;64134;0;78990
1000;20;1;BubbleSort;1251120;499290;63135;429922
1000;20;1;MergeSort;19952;8167;0;120871
1000;20;1;CountingSort;3001;0;0;21330
1000;20;1;QuickSort;36234;14973;6420;50400
1000;20;1;InsertionSort;203802;67934;0;143880
1000;20;1;BubbleSort;1259430;495845;66935;554121
1000;20;1;MergeSort;19952;8066;0;149860
1000;20;1;CountingSort;3001;0;0;20090
1000;20;1;QuickSort;43441;18190;7745;63651
1000;20;1;InsertionSort;193158;64386;0;47860
1000;20;1;BubbleSort;1249686;498069;63387;464761
1000;20;1;MergeSort;19952;8132;0;90190
1000;20;1;CountingSort;3001;0;0;21660
1000;20;1;QuickSort;39300;16605;6904;48471
1000;20;1;InsertionSort;181770;60590;0;56960
1000;20;1;BubbleSort;1235294;498465;59591;509781
1000;20;1;MergeSort;19952;8164;0;118400
1000;20;1;CountingSort;3001;0;0;1242633
1000;20;1;QuickSort;35304;15111;6049;45701
1000;20;1;InsertionSort;192831;64277;0;38440
1000;20;1;BubbleSort;1250852;498870;63278;460202
1000;20;1;MergeSort;19952;8127;0;90370
1000;20;1;CountingSort;3001;0;0;21560
1000;20;1;QuickSort;39108;16383;6912;44870
1000;20;1;InsertionSort;187857;62619;0;86651
1000;20;1;BubbleSort;1244880;499200;61620;597602
1000;20;1;MergeSort;19952;8073;0;142810
1000;20;1;CountingSort;3001;0;0;17130
1000;20;1;QuickSort;45227;18383;8288;49011
1000;20;1;InsertionSort;180234;60078;0;70981
1000;20;1;BubbleSort;1235226;499455;59079;436621
1000;20;1;MergeSort;19952;8302;0;87040
1000;20;1;CountingSort;3001;0;0;26440
1000;20;1;QuickSort;43181;17777;7801;54300
1000;20;1;InsertionSort;199389;66463;0;57911
1000;20;1;BubbleSort;1253374;495759;65464;457451
1000;20;1;MergeSort;19952;8091;0;119490
1000;20;1;CountingSort;3001;0;0;20060
1000;20;1;QuickSort;37133;15614;6500;52440
1000;20;1;InsertionSort;189765;63255;0;30990
1000;20;1;BubbleSort;1220964;485970;62256;527452
1000;20;1;MergeSort;19952;8189;0;91401
1000;20;1;CountingSort;3001;0;0;61450
1000;20;1;QuickSort;38689;16039;6888;61820
1000;20;1;InsertionSort;200463;66821;0;309481
1000;20;1;BubbleSort;1254098;495405;65822;728392
1000;20;1;MergeSort;19952;8125;0;105650
1000;20;1;CountingSort;3001;0;0;16650
1000;20;1;QuickSort;39848;16778;7015;46110
1000;20;1;InsertionSort;213336;71112;0;45480
1000;20;1;BubbleSort;1273752;496650;70113;627992
1000;20;1;MergeSort;19952;8226;0;90640
1000;20;1;CountingSort;3001;0;0;22460
1000;20;1;QuickSort;44116;18172;7987;46680
1000;20;1;InsertionSort;193545;64515;0;44640
1000;20;1;BubbleSort;1215622;480779;63516;651192
1000;20;1;MergeSort;19952;8143;0;136020
1000;20;1;CountingSort;3001;0;0;17620
1000;20;1;QuickSort;41044;17053;7335;58490
1000;20;1;InsertionSort;188637;62879;0;230601
1000;20;1;BubbleSort;1243970;498225;61880;561511
1000;20;1;MergeSort;19952;8253;0;123850
1000;20;1;CountingSort;3001;0;0;24860
1000;20;1;QuickSort;40677;16953;7250;54381
1000;20;1;InsertionSort;193257;64419;0;55601
1000;20;1;BubbleSort;1232658;489489;63420;435671
1000;20;1;MergeSort;19952;8109;0;111370
1000;20;1;CountingSort;3001;0;0;15990
1000;20;1;QuickSort;38322;16056;6750;47240
1000;20;1;InsertionSort;195096;65032;0;45490
1000;20;1;BubbleSort;1253572;498720;64033;516312
1000;20;1;MergeSort;19952;8132;0;90661
1000;20;1;CountingSort;3001;0;0;50200
1000;20;1;QuickSort;37902;15675;6746;42790
1000;20;1;InsertionSort;183840;61280;0;34390
1000;20;1;BubbleSort;1219532;489204;60281;497522
1000;20;1;MergeSort;19952;8082;0;122281
1000;20;1;CountingSort;3001;0;0;23250
1000;20;1;QuickSort;37879;15976;6628;41491
1000;20;1;InsertionSort;196973;65657;0;61190
1000;20;1;BubbleSort;1246924;494144;64659;370371
1000;20;1;MergeSort;19952;8198;0;83320
1000;20;1;CountingSort;3001;0;0;18580
1000;20;1;QuickSort;40303;16981;7110;37260
1000;20;1;InsertionSort;197790;65930;0;31470
1000;20;1;BubbleSort;1250714;495495;64931;464522
1000;20;1;MergeSort;19952;8142;0;120721
1000;20;1;CountingSort;3001;0;0;24000
1000;20;1;QuickSort;43069;17596;7820;53820
1000;20;1;InsertionSort;203313;67771;0;55350
1000;20;1;BubbleSort;1263832;498372;66772;470031
1000;20;1;MergeSort;19952;8232;0;117671
1000;20;1;CountingSort;3001;0;0;28110
1000;20;1;QuickSort;39177;16779;6790;65090
1000;20;1;InsertionSort;186843;62281;0;50731
1000;20;1;BubbleSort;1240096;497484;61282;361591
1000;20;1;MergeSort;19952;8075;0;92320
1000;20;1;CountingSort;3001;0;0;24810
1000;20;1;QuickSort;35115;15126;6008;52551
1000;20;1;InsertionSort;204499;68165;0;45371
1000;20;1;BubbleSort;1260532;495930;67168;387871
1000;20;1;MergeSort;19952;8124;0;87440
1000;20;1;CountingSort;3001;0;0;18510
1000;20;1;QuickSort;36685;15151;6506;46650
1000;20;1;InsertionSort;185316;61772;0;42710
1000;20;1;BubbleSort;1234610;495759;60773;348201
1000;20;1;MergeSort;19952;8169;0;133560
1000;20;1;CountingSort;3001;0;0;16480
1000;20;1;QuickSort;36493;16054;6147;36611
1000;20;1;InsertionSort;200010;66670;0;56280
1000;20;1;BubbleSort;1258714;498015;65671;531271
1000;20;1;MergeSort;19952;8099;0;114350
1000;20;1;CountingSort;3001;0;0;9670
1000;20;1;QuickSort;39270;16467;6942;43130
1000;20;1;InsertionSort;187539;62513;0;43500
1000;20;1;BubbleSort;1229556;491750;61514;447482
1000;20;1;MergeSort;19952;7996;0;147480
1000;20;1;CountingSort;3001;0;0;8470
1000;20;1;QuickSort;39197;16682;6842;59920
1000;20;1;InsertionSort;198465;66155;0;70200
1000;20;1;BubbleSort;1257554;498465;65156;499121
1000;20;1;MergeSort;19952;8182;0;96310
1000;20;1;CountingSort;3001;0;0;55040
1000;20;1;QuickSort;40603;17098;7169;47971
1000;20;1;InsertionSort;192545;64179;0;39311
1000;20;1;BubbleSort;1236730;491997;63184;564021
1000;20;1;MergeSort;19952;8074;0;140090
1000;20;1;CountingSort;3001;0;0;60761
1000;20;1;QuickSort;40530;17202;7113;82911
1000;20;1;InsertionSort;192862;64286;0;79010
1000;20;1;BubbleSort;1232416;489630;63289;525621
1000;20;1;MergeSort;19952;8065;0;119280
1000;20;1;CountingSort;3001;0;0;25000
1000;20;1;QuickSort;36351;16050;6098;45200
1000;20;1;InsertionSort;200107;66701;0;55060
1000;20;1;BubbleSort;1259836;498510;65704;558932
1000;20;1;MergeSort;19952;8186;0;133741
1000;20;1;CountingSort;3001;0;0;20140
1000;20;1;QuickSort;42700;18256;7484;72530
1000;20;1;InsertionSort;187662;62554;0;228451
1000;20;1;BubbleSort;1244758;499269;61555;605512
1000;20;1;MergeSort;19952;8124;0;102750
1000;20;1;CountingSort;3001;0;0;23590
1000;20;1;QuickSort;39394;16927;6806;45330
1000;20;1;InsertionSort;178389;59463;0;35181
1000;20;1;BubbleSort;1216600;491372;58464;563571
1000;20;1;MergeSort;19952;7997;0;156940
1000;20;1;CountingSort;3001;0;0;20480
1000;20;1;QuickSort;39108;16455;6884;37611
1000;20;1;InsertionSort;187438;62478;0;37880
1000;20;1;BubbleSort;1237268;495672;61481;465181
1000;20;1;MergeSort;19952;8174;0;88830
1000;20;1;CountingSort;3001;0;0;20280
1000;20;1;QuickSort;37811;15818;6659;83701
1000;20;1;InsertionSort;177408;59136;0;33950
1000;20;1;BubbleSort;1230678;499065;58137;496222
1000;20;1;MergeSort;19952;8178;0;145910
1000;20;1;CountingSort;3001;0;0;30970
1000;20;1;QuickSort;39745;16588;7053;47301
1000;20;1;InsertionSort;190602;63534;0;38750
1000;20;1;BubbleSort;1246060;497960;62535;482211
1000;20;1;MergeSort;19952;7970;0;108000
1000;20;1;CountingSort;3001;0;0;20560
1000;20;1;QuickSort;37102;15532;6522;54410
1000;20;1;InsertionSort;191955;63985;0;59960
1000;20;1;BubbleSort;1250482;499269;62986;480702
1000;20;1;MergeSort;19952;8049;0;96730
1000;20;1;CountingSort;3001;0;0;21360
1000;20;1;QuickSort;40734;16695;7347;55520
1000;20;1;InsertionSort;171198;57066;0;158290
1000;20;1;BubbleSort;1223248;499490;56067;538741
1000;20;1;MergeSort;19952;8148;0;87960
1000;20;1;CountingSort;3001;0;0;27010
1000;20;1;QuickSort;39015;15963;7009;55321
1000;20;1;InsertionSort;180159;60053;0;333051
1000;20;1;BubbleSort;1232024;497904;59054;618671
1000;20;1;MergeSort;19952;8062;0;77880
1000;20;1;CountingSort;3001;0;0;27110
1000;20;1;QuickSort;33573;14682;5632;36440
1000;20;1;InsertionSort;174747;58249;0;39870
1000;20;1;BubbleSort;1223308;497154;57250;434832
1000;20;1;MergeSort;19952;8023;0;123231
1000;20;1;CountingSort;3001;0;0;20440
1000;20;1;QuickSort;40214;16643;7184;59540
1000;20;1;InsertionSort;201595;67197;0;54610
1000;20;1;BubbleSort;1260378;497789;66200;385541
1000;20;1;MergeSort;19952;8152;0;100050
1000;20;1;CountingSort;3001;0;0;21810
1000;20;1;QuickSort;41188;18703;6836;64880
1000;20;1;InsertionSort;200629;66875;0;75740
1000;20;1;BubbleSort;1255372;495930;65878;451722
1000;20;1;MergeSort;19952;8223;0;114110
1000;20;1;CountingSort;3001;0;0;19550
1000;20;1;QuickSort;36463;15490;6335;63190
1000;20;1;InsertionSort;197913;65971;0;62920
1000;20;1;BubbleSort;1247116;493614;64972;350811
1000;20;1;MergeSort;19952;8143;0;119700
1000;20;1;CountingSort;3001;0;0;17350
1000;20;1;QuickSort;34749;14961;5937;44010
1000;20;1;InsertionSort;195288;65096;0;91420
1000;20;1;BubbleSort;1242278;492945;64097;656812
1000;20;1;MergeSort;19952;8108;0;96580
1000;20;1;CountingSort;3001;0;0;20630
1000;20;1;QuickSort;39164;16127;7014;44230
1000;20;1;InsertionSort;195822;65274;0;38080
1000;20;1;BubbleSort;1240350;491625;64275;531671
1000;20;1;MergeSort;19952;8044;0;152490
1000;20;1;CountingSort;3001;0;0;22340
1000;20;1;QuickSort;41873;17144;7571;49680
1000;20;1;InsertionSort;190788;63596;0;51561
1000;20;1;BubbleSort;1248056;498834;62597;477581
1000;20;1;MergeSort;19952;8033;0;92170
1000;20;1;CountingSort;3001;0;0;26260
1000;20;1;QuickSort;41905;17143;7589;79710
1000;20;1;InsertionSort;179178;59726;0;73380
1000;20;1;BubbleSort;1225718;495405;58727;488191
1000;20;1;MergeSort;19952;7943;0;95130
1000;20;1;CountingSort;3001;0;0;94311
1000;20;1;QuickSort;39460;17122;6791;39380
1000;20;1;InsertionSort;190719;63573;0;340311
1000;20;1;BubbleSort;1243746;496725;62574;661412
1000;20;1;MergeSort;19952;8206;0;141170
1000;20;1;CountingSort;3001;0;0;16120
1000;20;1;QuickSort;39695;16403;7106;41531
1000;20;1;InsertionSort;194673;64891;0;56050
1000;20;1;BubbleSort;1240996;492714;63892;437901
1000;20;1;MergeSort;19952;8064;0;115020
1000;20;1;CountingSort;3001;0;0;41791
1000;20;1;QuickSort;42721;18163;7518;69640
1000;20;1;InsertionSort;178422;59474;0;293720
1000;20;1;BubbleSort;1196228;481164;58475;588391
1000;20;1;MergeSort;19952;8094;0;106010
1000;20;1;CountingSort;3001;0;0;20540
1000;20;1;QuickSort;39991;16930;7027;80150
1000;20;1;InsertionSort;175292;58428;0;74840
1000;20;1;BubbleSort;1203610;486939;57433;468172
1000;20;1;MergeSort;19952;7856;0;125361
1000;20;1;CountingSort;3001;0;0;17650
1000;20;1;QuickSort;40390;16465;7313;37811
1000;20;1;InsertionSort;203781;67927;0;40420
1000;20;1;BubbleSort;1260232;496260;66928;481551
1000;20;1;MergeSort;19952;8171;0;95650
1000;20;1;CountingSort;3001;0;0;20120
1000;20;1;QuickSort;43235;17915;7780;53230
1000;20;1;InsertionSort;188712;62904;0;61371
1000;20;1;BubbleSort;1223668;488024;61905;349461
1000;20;1;MergeSort;19952;8114;0;71660
1000;20;1;CountingSort;3001;0;0;22470
1000;20;1;QuickSort;40772;17285;7158;61740
1000;20;1;InsertionSort;194544;64848;0;190411
1000;20;1;BubbleSort;1232344;488474;63849;593302
1000;20;1;MergeSort;19952;8219;0;103101
1000;20;1;CountingSort;3001;0;0;8450
1000;20;1;QuickSort;40686;16713;7330;36980
1000;20;1;InsertionSort;181899;60633;0;29550
1000;20;1;BubbleSort;1222036;491750;59634;459951
1000;20;1;MergeSort;19952;8019;0;146451
1000;20;1;CountingSort;3001;0;0;8510
1000;20;1;QuickSort;37631;15869;6594;57760
1000;20;1;InsertionSort;200187;66729;0;188271
1000;20;1;BubbleSort;1249038;493059;65730;483012
1000;20;1;MergeSort;19952;7989;0;91091
1000;20;1;CountingSort;3001;0;0;9160
1000;20;1;QuickSort;41025;18525;6837;52970
1000;20;1;InsertionSort;193476;64492;0;44010
1000;20;1;BubbleSort;1240762;493395;63493;471141
1000;20;1;MergeSort;19952;7860;0;94720
1000;20;1;CountingSort;3001;0;0;8820
1000;20;1;QuickSort;35890;15508;6127;52970
1000;20;1;InsertionSort;185223;61741;0;70380
1000;20;1;BubbleSort;1224146;490589;60742;626922
1000;20;1;MergeSort;19952;8203;0;92540
1000;20;1;CountingSort;3001;0;0;9320
1000;20;1;QuickSort;40949;17858;7038;63280
1000;20;1;InsertionSort;183099;61033;0;29630
1000;20;1;BubbleSort;1238144;499004;60034;408212
1000;20;1;MergeSort;19952;8123;0;94630
1000;20;1;CountingSort;3001;0;0;7480
1000;20;1;QuickSort;35235;15534;5892;57621
1000;20;1;InsertionSort;194388;64796;0;41491
1000;20;1;BubbleSort;1249076;496944;63797;601561
1000;20;1;MergeSort;19952;8059;0;275170
1000;20;1;CountingSort;3001;0;0;8790
1000;20;1;QuickSort;38769;16233;6839;51510
1000;20;1;InsertionSort;191394;63798;0;103881
1000;20;1;BubbleSort;1244940;496872;62799;570442
1000;20;1;MergeSort;19952;8024;0;135720
1000;20;1;CountingSort;3001;0;0;8800
1000;20;1;QuickSort;39115;16462;6884;54920
1000;20;1;InsertionSort;196275;65425;0;40261
1000;20;1;BubbleSort;1252544;497420;64426;452371
1000;20;1;MergeSort;19952;8161;0;99030
1000;20;1;CountingSort;3001;0;0;16400
1000;20;1;QuickSort;38632;16243;6793;68300
1000;20;1;InsertionSort;194223;64741;0;56670
1000;20;1;BubbleSort;1247962;496497;63742;424781
1000;20;1;MergeSort;19952;8087;0;106430
1000;20;1;CountingSort;3001;0;0;7410
1000;20;1;QuickSort;39737;16478;7094;36620
1000;20;1;InsertionSort;190506;63502;0;130190
1000;20;1;BubbleSort;1240270;495129;62503;543032
1000;20;1;MergeSort;19952;8041;0;172450
1000;20;1;CountingSort;3001;0;0;7520
1000;20;1;QuickSort;36297;15030;6432;47780
1000;20;1;InsertionSort;186841;62279;0;278971
1000;20;1;BubbleSort;1226572;490722;61282;573721
1000;20;1;MergeSort;19952;7935;0;71360
1000;20;1;CountingSort;3001;0;0;7510
1000;20;1;QuickSort;38720;16214;6839;47760
1000;20;1;InsertionSort;198339;66113;0;53270
1000;20;1;BubbleSort;1241366;490455;65114;486902
1000;20;1;MergeSort;19952;8054;0;99501
1000;20;1;CountingSort;3001;0;0;8460
1000;20;1;QuickSort;38358;16437;6637;37930
1000;20;1;InsertionSort;192045;64015;0;37410
1000;20;1;BubbleSort;1236544;492240;63016;370991
1000;20;1;MergeSort;19952;8139;0;70310
1000;20;1;CountingSort;3001;0;0;9530
1000;20;1;QuickSort;40985;17219;7259;37870
1000;20;1;InsertionSort;186900;62300;0;39171
1000;20;1;BubbleSort;1225022;489909;61301;344631
1000;20;1;MergeSort;19952;8272;0;94450
1000;20;1;CountingSort;3001;0;0;9230
1000;20;1;QuickSort;38530;16174;6786;36260
1000;20;1;InsertionSort;193897;64631;0;49601
1000;20;1;BubbleSort;1241104;493284;63634;362851
1000;20;1;MergeSort;19952;8126;0;86300
1000;20;1;CountingSort;3001;0;0;8880
1000;20;1;QuickSort;37462;16531;6326;37540
1000;20;1;InsertionSort;193602;64534;0;205521
1000;20;1;BubbleSort;1248310;497085;63535;531772
1000;20;1;MergeSort;19952;8093;0;110171
1000;20;1;CountingSort;3001;0;0;9071
1000;20;1;QuickSort;37976;16223;6593;36560
1000;20;1;InsertionSort;198225;66075;0;159060
1000;20;1;BubbleSort;1253452;496574;65076;517031
1000;20;1;MergeSort;19952;8066;0;111100
1000;20;1;CountingSort;3001;0;0;9370
1000;20;1;QuickSort;35459;15035;6131;36160
1000;20;1;InsertionSort;186519;62173;0;47141
1000;20;1;BubbleSort;1220744;488024;61174;511432
1000;20;1;MergeSort;19952;8183;0;90130
1000;20;1;CountingSort;3001;0;0;7590
1000;20;1;QuickSort;40935;17337;7203;37420
1000;20;1;InsertionSort;193788;64596;0;82050
1000;20;1;BubbleSort;1237132;491372;63597;636222
1000;20;1;MergeSort;19952;8141;0;77650
1000;20;1;CountingSort;3001;0;0;7370
1000;20;1;QuickSort;39932;16880;7020;45140
1000;20;1;InsertionSort;188950;62982;0;146171
1000;20;1;BubbleSort;1243400;497730;61985;867602
1000;20;1;MergeSort;19952;8142;0;96230
1000;20;1;CountingSort;3001;0;0;8660
1000;20;1;QuickSort;41521;17272;7411;45870
1000;20;1;InsertionSort;187299;62433;0;104770
1000;20;1;BubbleSort;1243806;499035;61434;605412
1000;20;1;MergeSort;19952;8211;0;167500
1000;20;1;CountingSort;3001;0;0;10460
1000;20;1;QuickSort;39094;16354;6916;46010
1000;20;1;InsertionSort;203505;67835;0;92400
1000;20;1;BubbleSort;1229672;481164;66836;523802
1000;20;1;MergeSort;19952;8147;0;89531
1000;20;1;CountingSort;3001;0;0;8910
1000;20;1;QuickSort;38643;16371;6753;61310
1000;20;1;InsertionSort;180399;60133;0;43900
1000;20;1;BubbleSort;1204736;484100;59134;542971
1000;20;1;MergeSort;19952;8060;0;155981
1000;20;1;CountingSort;3001;0;0;7530
1000;20;1;QuickSort;36140;15437;6224;52220
1000;20;1;InsertionSort;175092;58364;0;100041
1000;20;1;BubbleSort;1217540;494040;57365;480692
1000;20;1;MergeSort;19952;8184;0;82700
1000;20;1;CountingSort;3001;0;0;9050
1000;20;1;QuickSort;39463;16540;6983;49450
1000;20;1;InsertionSort;207078;69026;0;234171
1000;20;1;BubbleSort;1268756;498324;68027;673242
1000;20;1;MergeSort;19952;8118;0;160201
1000;20;1;CountingSort;3001;0;0;9010
1000;20;1;QuickSort;34983;15219;5921;45360
1000;20;1;InsertionSort;181380;60460;0;42691
1000;20;1;BubbleSort;1222082;492119;59461;409942
1000;20;1;MergeSort;19952;8048;0;122690
1000;20;1;CountingSort;3001;0;0;9070
1000;20;1;QuickSort;38372;16001;6799;39270
1000;20;1;InsertionSort;186015;62005;0;45741
1000;20;1;BubbleSort;1231894;493935;61006;402392
1000;20;1;MergeSort;19952;8084;0;106550
1000;20;1;CountingSort;3001;0;0;7340
1000;20;1;QuickSort;40553;17687;6954;47771
1000;20;1;InsertionSort;195534;65178;0;174560
1000;20;1;BubbleSort;1250886;497085;64179;484021
1000;20;1;MergeSort;19952;8200;0;104060
1000;20;1;CountingSort;3001;0;0;8740
1000;20;1;QuickSort;40342;16753;7194;42430
1000;20;1;InsertionSort;178107;59369;0;47680
1000;20;1;BubbleSort;1217960;492240;58370;451471
1000;20;1;MergeSort;19952;8137;0;140721
1000;20;1;CountingSort;3001;0;0;8480
1000;20;1;QuickSort;40089;17178;6970;46010
1000;20;1;InsertionSort;188460;62820;0;67080
1000;20;1;BubbleSort;1242978;497847;61821;564442
1000;20;1;MergeSort;19952;8117;0;144811
1000;20;1;CountingSort;3001;0;0;7550
1000;20;1;QuickSort;40152;16584;7195;46540
1000;20;1;InsertionSort;209877;69959;0;50910
1000;20;1;BubbleSort;1271870;498015;68960;515621
1000;20;1;MergeSort;19952;8108;0;156220
1000;20;2;CountingSort;3001;0;0;184070
1000;20;2;QuickSort;34203;14658;5854;1007702
1000;20;2;InsertionSort;32050;10682;0;1380414
1000;20;2;BubbleSort;390520;175890;9685;4928674
1000;20;2;MergeSort;19952;5511;0;1310034
1000;20;2;CountingSort;3001;0;0;110030
1000;20;2;QuickSort;43766;17900;7955;231411
1000;20;2;InsertionSort;33568;11186;0;862402
1000;20;2;BubbleSort;369826;164529;10192;966053
1000;20;2;MergeSort;19952;5512;0;317821
1000;20;2;CountingSort;3001;0;0;109611
1000;20;2;QuickSort;35070;15129;5980;172341
1000;20;2;InsertionSort;34110;11368;0;1123943
1000;20;2;BubbleSort;377078;167795;10372;1865305
1000;20;2;MergeSort;19952;5510;0;428582
1000;20;2;CountingSort;3001;0;0;144571
1000;20;2;QuickSort;41311;17305;7341;198381
1000;20;2;InsertionSort;34784;11592;0;773263
1000;20;2;BubbleSort;389332;173472;10597;1909895
1000;20;2;MergeSort;19952;5540;0;330171
1000;20;2;CountingSort;3001;0;0;96030
1000;20;2;QuickSort;38120;16616;6501;106800
1000;20;2;InsertionSort;34355;11445;0;732062
1000;20;2;BubbleSort;375784;166980;10456;303521
1000;20;2;MergeSort;19952;5512;0;267731
1000;20;2;CountingSort;3001;0;0;129311
1000;20;2;QuickSort;38631;16137;6833;229010
1000;20;2;InsertionSort;31628;10540;0;777212
1000;20;2;BubbleSort;362318;162069;9545;405681
1000;20;2;MergeSort;19952;5505;0;347491
1000;20;2;CountingSort;3001;0;0;166461
1000;20;2;QuickSort;44194;18892;7759;207781
1000;20;2;InsertionSort;31118;10370;0;208311
1000;20;2;BubbleSort;363280;162890;9375;387171
1000;20;2;MergeSort;19952;5522;0;350640
1000;20;2;CountingSort;3001;0;0;122031
1000;20;2;QuickSort;41868;17286;7530;585831
1000;20;2;InsertionSort;33928;11306;0;104640
1000;20;2;BubbleSort;363742;161247;10312;383531
1000;20;2;MergeSort;19952;5516;0;399031
1000;20;2;CountingSort;3001;0;0;196781
1000;20;2;QuickSort;35645;15344;6114;650742
1000;20;2;InsertionSort;31692;10562;0;252330
1000;20;2;BubbleSort;386822;174279;9566;385181
1000;20;2;MergeSort;19952;5509;0;353411
1000;20;2;CountingSort;3001;0;0;138220
1000;20;2;QuickSort;36670;15481;6378;909092
1000;20;2;InsertionSort;33632;11208;0;98590
1000;20;2;BubbleSort;368272;163710;10213;368611
1000;20;2;MergeSort;19952;5513;0;377191
1000;20;2;CountingSort;3001;0;0;152261
1000;20;2;QuickSort;36315;15768;6184;783152
1000;20;2;InsertionSort;33752;11246;0;139300
1000;20;2;BubbleSort;374976;166980;10254;333611
1000;20;2;MergeSort;19952;5527;0;324201
1000;20;2;CountingSort;3001;0;0;91361
1000;20;2;QuickSort;42445;18061;7466;853432
1000;20;2;InsertionSort;34179;11391;0;196080
1000;20;2;BubbleSort;359130;158775;10395;359851
1000;20;2;MergeSort;19952;5513;0;345581
1000;20;2;CountingSort;3001;0;0;129840
1000;20;2;QuickSort;40362;18162;6735;765463
1000;20;2;InsertionSort;33511;11167;0;120261
1000;20;2;BubbleSort;386020;172664;10173;234010
1000;20;2;MergeSort;19952;5511;0;227800
1000;20;2;CountingSort;3001;0;0;122210
1000;20;2;QuickSort;41047;17269;7259;93920
1000;20;2;InsertionSort;32703;10897;0;137430
1000;20;2;BubbleSort;378460;169422;9904;210410
1000;20;2;MergeSort;19952;5520;0;124990
1000;20;2;CountingSort;3001;0;0;157671
1000;20;2;QuickSort;37766;15977;6587;31110
1000;20;2;InsertionSort;32357;10781;0;189880
1000;20;2;BubbleSort;371484;166164;9789;169680
1000;20;2;MergeSort;19952;5519;0;110600
1000;20;2;CountingSort;3001;0;0;177111
1000;20;2;QuickSort;34062;14598;5821;72081
1000;20;2;InsertionSort;33782;11258;0;244190
1000;20;2;BubbleSort;361900;160424;10263;203940
1000;20;2;MergeSort;19952;5528;0;112820
1000;20;2;CountingSort;3001;0;0;90651
1000;20;2;QuickSort;40425;16923;7167;46011
1000;20;2;InsertionSort;34579;11523;0;231200
1000;20;2;BubbleSort;390674;174279;10529;164660
1000;20;2;MergeSort;19952;5510;0;104930
1000;20;2;CountingSort;3001;0;0;53301
1000;20;2;QuickSort;38731;16573;6731;39610
1000;20;2;InsertionSort;31372;10454;0;230960
1000;20;2;BubbleSort;361978;162069;9460;196491
1000;20;2;MergeSort;19952;5523;0;95410
1000;20;2;CountingSort;3001;0;0;32170
1000;20;2;QuickSort;36312;15930;6126;32250
1000;20;2;InsertionSort;30545;10181;0;196061
1000;20;2;BubbleSort;386902;175085;9183;214531
1000;20;2;MergeSort;19952;5520;0;93261
1000;20;2;CountingSort;3001;0;0;17720
1000;20;2;QuickSort;43102;17710;7786;48650
1000;20;2;InsertionSort;32365;10785;0;121810
1000;20;2;BubbleSort;382874;171855;9791;165340
1000;20;2;MergeSort;19952;5505;0;111530
1000;20;2;CountingSort;3001;0;0;24920
1000;20;2;QuickSort;39234;17079;6711;47420
1000;20;2;InsertionSort;33501;11161;0;116911
1000;20;2;BubbleSort;379528;169422;10171;138480
1000;20;2;MergeSort;19952;5515;0;104770
1000;20;2;CountingSort;3001;0;0;29100
1000;20;2;QuickSort;35136;14985;6046;46640
1000;20;2;InsertionSort;31856;10612;0;83031
1000;20;2;BubbleSort;354390;157949;9623;172730
1000;20;2;MergeSort;19952;5516;0;74870
1000;20;2;CountingSort;3001;0;0;21950
1000;20;2;QuickSort;34843;14755;6022;46741
1000;20;2;InsertionSort;33072;11020;0;1219864
1000;20;2;BubbleSort;362602;161247;10027;1260013
1000;20;2;MergeSort;19952;5514;0;1166213
1000;20;2;CountingSort;3001;0;0;23890
1000;20;2;QuickSort;40360;16384;7317;41390
1000;20;2;InsertionSort;33532;11174;0;94311
1000;20;2;BubbleSort;386048;172664;10180;258631
1000;20;2;MergeSort;19952;5512;0;131220
1000;20;2;CountingSort;3001;0;0;20640
1000;20;2;QuickSort;39497;16598;6956;48430
1000;20;2;InsertionSort;34913;11635;0;94910
1000;20;2;BubbleSort;356804;157122;10640;238031
1000;20;2;MergeSort;19952;5522;0;89780
1000;20;2;CountingSort;3001;0;0;18171
1000;20;2;QuickSort;34561;14788;5924;32790
1000;20;2;InsertionSort;32814;10934;0;86840
1000;20;2;BubbleSort;365544;162890;9941;236031
1000;20;2;MergeSort;19952;5525;0;126870
1000;20;2;CountingSort;3001;0;0;24521
1000;20;2;QuickSort;34320;14547;5926;42770
1000;20;2;InsertionSort;35054;11682;0;113600
1000;20;2;BubbleSort;396136;176694;10687;205061
1000;20;2;MergeSort;19952;5523;0;130670
1000;20;2;CountingSort;3001;0;0;19671
1000;20;2;QuickSort;43241;17579;7889;49980
1000;20;2;InsertionSort;31419;10469;0;115390
1000;20;2;BubbleSort;373494;167795;9476;279331
1000;20;2;MergeSort;19952;5521;0;135610
1000;20;2;CountingSort;3001;0;0;18770
1000;20;2;QuickSort;37690;15913;6598;57260
1000;20;2;InsertionSort;33494;11162;0;11210
1000;20;2;BubbleSort;384378;171855;10167;263451
1000;20;2;MergeSort;19952;5519;0;131510
1000;20;2;CountingSort;3001;0;0;23990
1000;20;2;QuickSort;39903;16311;7189;52820
1000;20;2;InsertionSort;30368;10118;0;18010
1000;20;2;BubbleSort;362284;162890;9126;142280
1000;20;2;MergeSort;19952;5523;0;110270
1000;20;2;CountingSort;3001;0;0;16900
1000;20;2;QuickSort;39017;16166;6949;33761
1000;20;2;InsertionSort;33285;11089;0;10290
1000;20;2;BubbleSort;367816;163710;10099;220050
1000;20;2;MergeSort;19952;5516;0;116670
1000;20;2;CountingSort;3001;0;0;19280
1000;20;2;QuickSort;35490;15216;6105;39551
1000;20;2;InsertionSort;33494;11162;0;8550
1000;20;2;BubbleSort;384378;171855;10167;264390
1000;20;2;MergeSort;19952;5530;0;151480
1000;20;2;CountingSort;3001;0;0;19880
1000;20;2;QuickSort;38204;15935;6749;43540
1000;20;2;InsertionSort;30688;10226;0;10850
1000;20;2;BubbleSort;342872;152972;9232;149501
1000;20;2;MergeSort;19952;5528;0;120110
1000;20;2;CountingSort;3001;0;0;22730
1000;20;2;QuickSort;36795;16017;6255;46910
1000;20;2;InsertionSort;31503;10499;0;10960
1000;20;2;BubbleSort;380102;171045;9503;179201
1000;20;2;MergeSort;19952;5521;0;128831
1000;20;2;CountingSort;3001;0;0;17210
1000;20;2;QuickSort;42784;18070;7579;45380
1000;20;2;InsertionSort;35648;11876;0;11300
1000;20;2;BubbleSort;398542;177497;10887;192671
1000;20;2;MergeSort;19952;5502;0;147971
1000;20;2;CountingSort;3001;0;0;22660
1000;20;2;QuickSort;37728;16026;6561;47830
1000;20;2;InsertionSort;31656;10546;0;6450
1000;20;2;BubbleSort;359072;160424;9556;135220
1000;20;2;MergeSort;19952;5518;0;129131
1000;20;2;CountingSort;3001;0;0;17780
1000;20;2;QuickSort;41856;17922;7312;46000
1000;20;2;InsertionSort;30014;10002;0;9760
1000;20;2;BubbleSort;371618;167795;9007;195480
1000;20;2;MergeSort;19952;5535;0;131260
1000;20;2;CountingSort;3001;0;0;30240
1000;20;2;QuickSort;35372;15344;6008;45820
1000;20;2;InsertionSort;32637;10875;0;10810
1000;20;2;BubbleSort;368586;164529;9882;215771
1000;20;2;MergeSort;19952;5511;0;71070
1000;20;2;CountingSort;3001;0;0;17520
1000;20;2;QuickSort;36432;15549;6290;32270
1000;20;2;InsertionSort;30830;10276;0;10070
1000;20;2;BubbleSort;364532;163710;9278;277341
1000;20;2;MergeSort;19952;5512;0;157131
1000;20;2;CountingSort;3001;0;0;77610
1000;20;2;QuickSort;40929;16989;7305;74860
1000;20;2;InsertionSort;32843;10947;0;10240
1000;20;2;BubbleSort;365576;162890;9949;160571
1000;20;2;MergeSort;19952;5529;0;155431
1000;20;2;CountingSort;3001;0;0;19380
1000;20;2;QuickSort;37026;15957;6353;33570
1000;20;2;InsertionSort;33803;11265;0;10330
1000;20;2;BubbleSort;361928;160424;10270;186411
1000;20;2;MergeSort;19952;5516;0;120571
1000;20;2;CountingSort;3001;0;0;25060
1000;20;2;QuickSort;41192;17408;7269;43260
1000;20;2;InsertionSort;33432;11140;0;10030
1000;20;2;BubbleSort;387532;173472;10147;284161
1000;20;2;MergeSort;19952;5519;0;124751
1000;20;2;CountingSort;3001;0;0;17220
1000;20;2;QuickSort;44382;18129;8083;34790
1000;20;2;InsertionSort;34745;11579;0;10490
1000;20;2;BubbleSort;381180;169422;10584;271171
1000;20;2;MergeSort;19952;5523;0;116010
1000;20;2;CountingSort;3001;0;0;22710
1000;20;2;QuickSort;44166;18000;8062;75781
1000;20;2;InsertionSort;32659;10885;0;10660
1000;20;2;BubbleSort;362046;161247;9888;234500
1000;20;2;MergeSort;19952;5520;0;127950
1000;20;2;CountingSort;3001;0;0;23820
1000;20;2;QuickSort;36163;15139;6344;45641
1000;20;2;InsertionSort;32516;10836;0;10880
1000;20;2;BubbleSort;376582;168609;9841;216840
1000;20;2;MergeSort;19952;5519;0;98760
1000;20;2;CountingSort;3001;0;0;18680
1000;20;2;QuickSort;37867;15976;6632;46271
1000;20;2;InsertionSort;34378;11454;0;15400
1000;20;2;BubbleSort;387180;172664;10463;212560
1000;20;2;MergeSort;19952;5515;0;95250
1000;20;2;CountingSort;3001;0;0;21590
1000;20;2;QuickSort;39016;16468;6859;51600
1000;20;2;InsertionSort;32435;10807;0;16990
1000;20;2;BubbleSort;378104;169422;9815;233960
1000;20;2;MergeSort;19952;5504;0;97780
1000;20;2;CountingSort;3001;0;0;25860
1000;20;2;QuickSort;40892;17153;7251;44650
1000;20;2;InsertionSort;33056;11016;0;11580
1000;20;2;BubbleSort;337678;148797;10021;230131
1000;20;2;MergeSort;19952;5526;0;131421
1000;20;2;CountingSort;3001;0;0;16770
1000;20;2;QuickSort;37773;16044;6568;43551
1000;20;2;InsertionSort;33226;11072;0;12470
1000;20;2;BubbleSort;362806;161247;10078;240110
1000;20;2;MergeSort;19952;5524;0;130690
1000;20;2;CountingSort;3001;0;0;19540
1000;20;2;QuickSort;42581;17756;7609;34470
1000;20;2;InsertionSort;30050;10014;0;10130
1000;20;2;BubbleSort;370036;166980;9019;228661
1000;20;2;MergeSort;19952;5512;0;124951
1000;20;2;CountingSort;3001;0;0;8150
1000;20;2;QuickSort;33852;14616;5741;34030
1000;20;2;InsertionSort;34082;11358;0;8320
1000;20;2;BubbleSort;388396;173472;10363;139660
1000;20;2;MergeSort;19952;5514;0;99060
1000;20;2;CountingSort;3001;0;0;7610
1000;20;2;QuickSort;40015;16702;7100;52980
1000;20;2;InsertionSort;33470;11154;0;13350
1000;20;2;BubbleSort;364774;162069;10159;184411
1000;20;2;MergeSort;19952;5525;0;114890
1000;20;2;CountingSort;3001;0;0;16190
1000;20;2;QuickSort;37624;16186;6472;37840
1000;20;2;InsertionSort;33742;11246;0;10410
1000;20;2;BubbleSort;381464;170234;10249;211461
1000;20;2;MergeSort;19952;5528;0;76900
1000;20;2;CountingSort;3001;0;0;8150
1000;20;2;QuickSort;43838;17948;7966;45970
1000;20;2;InsertionSort;32723;10901;0;15460
1000;20;2;BubbleSort;396246;178299;9912;140111
1000;20;2;MergeSort;19952;5520;0;67420
1000;20;2;CountingSort;3001;0;0;8420
1000;20;2;QuickSort;40838;17759;7029;53960
1000;20;2;InsertionSort;32639;10877;0;9040
1000;20;2;BubbleSort;388086;174279;9882;108521
1000;20;2;MergeSort;19952;5515;0;80710
1000;20;2;CountingSort;3001;0;0;9670
1000;20;2;QuickSort;38459;16292;6720;43130
1000;20;2;InsertionSort;34353;11447;0;16710
1000;20;2;BubbleSort;374144;166164;10454;213861
1000;20;2;MergeSort;19952;5515;0;112831
1000;20;2;CountingSort;3001;0;0;11200
1000;20;2;QuickSort;38432;16106;6784;40090
1000;20;2;InsertionSort;33468;11150;0;8060
1000;20;2;BubbleSort;376230;167795;10160;221850
1000;20;2;MergeSort;19952;5514;0;141770
1000;20;2;CountingSort;3001;0;0;9700
1000;20;2;QuickSort;38564;16544;6665;40400
1000;20;2;InsertionSort;34378;11458;0;8330
1000;20;2;BubbleSort;359394;158775;10461;219151
1000;20;2;MergeSort;19952;5528;0;158201
1000;20;2;CountingSort;3001;0;0;9030
1000;20;2;QuickSort;37367;15476;6639;44500
1000;20;2;InsertionSort;33612;11202;0;16250
1000;20;2;BubbleSort;369882;164529;10206;222411
1000;20;2;MergeSort;19952;5519;0;116250
1000;20;2;CountingSort;3001;0;0;9390
1000;20;2;QuickSort;39249;16143;7046;49141
1000;20;2;InsertionSort;33231;11075;0;8150
1000;20;2;BubbleSort;384026;171855;10079;280690
1000;20;2;MergeSort;19952;5530;0;164250
1000;20;2;CountingSort;3001;0;0;15650
1000;20;2;QuickSort;36695;16589;6042;42130
1000;20;2;InsertionSort;32819;10937;0;12870
1000;20;2;BubbleSort;362262;161247;9942;262661
1000;20;2;MergeSort;19952;5518;0;153750
1000;20;2;CountingSort;3001;0;0;9230
1000;20;2;QuickSort;39193;16561;6878;58890
1000;20;2;InsertionSort;32915;10969;0;30820
1000;20;2;BubbleSort;386840;173472;9974;228521
1000;20;2;MergeSort;19952;5517;0;161331
1000;20;2;CountingSort;3001;0;0;9680
1000;20;2;QuickSort;42534;17439;7704;52400
1000;20;2;InsertionSort;34018;11338;0;10300
1000;20;2;BubbleSort;370422;164529;10341;197921
1000;20;2;MergeSort;19952;5523;0;152960
1000;20;2;CountingSort;3001;0;0;9030
1000;20;2;QuickSort;38848;16453;6801;41311
1000;20;2;InsertionSort;32155;10715;0;9630
1000;20;2;BubbleSort;364664;162890;9721;138050
1000;20;2;MergeSort;19952;5519;0;71910
1000;20;2;CountingSort;3001;0;0;9670
1000;20;2;QuickSort;38197;16069;6714;45940
1000;20;2;InsertionSort;32560;10850;0;15270
1000;20;2;BubbleSort;389594;175085;9856;180681
1000;20;2;MergeSort;19952;5504;0;104990
1000;20;2;CountingSort;3001;0;0;14640
1000;20;2;QuickSort;36849;15480;6461;43370
1000;20;2;InsertionSort;30386;10128;0;5800
1000;20;2;BubbleSort;372110;167795;9130;151940
1000;20;2;MergeSort;19952;5523;0;71350
1000;20;2;CountingSort;3001;0;0;8570
1000;20;2;QuickSort;37111;16201;6309;33840
1000;20;2;InsertionSort;30909;10301;0;5900
1000;20;2;BubbleSort;336488;149634;9305;84530
1000;20;2;MergeSort;19952;5511;0;71690
1000;20;2;CountingSort;3001;0;0;28680
1000;20;2;QuickSort;40715;16703;7328;56620
1000;20;2;InsertionSort;35243;11745;0;15100
1000;20;2;BubbleSort;385090;171045;10750;195771
1000;20;2;MergeSort;19952;5522;0;99981
1000;20;2;CountingSort;3001;0;0;10090
1000;20;2;QuickSort;42109;18106;7333;47641
1000;20;2;InsertionSort;31625;10539;0;16620
1000;20;2;BubbleSort;350764;156294;9544;151630
1000;20;2;MergeSort;19952;5525;0;85180
1000;20;2;CountingSort;3001;0;0;7620
1000;20;2;QuickSort;34784;15062;5904;46920
1000;20;2;InsertionSort;30115;10035;0;11420
1000;20;2;BubbleSort;371754;167795;9041;172060
1000;20;2;MergeSort;19952;5508;0;95990
1000;20;2;CountingSort;3001;0;0;9500
1000;20;2;QuickSort;37438;15904;6516;34850
1000;20;2;InsertionSort;29906;9966;0;6220
1000;20;2;BubbleSort;381212;172664;8971;210731
1000;20;2;MergeSort;19952;5497;0;128311
1000;20;2;CountingSort;3001;0;0;9701
1000;20;2;QuickSort;36812;15632;6398;32550
1000;20;2;InsertionSort;32824;10938;0;10270
1000;20;2;BubbleSort;388334;174279;9944;240470
1000;20;2;MergeSort;19952;5513;0;129590
1000;20;2;CountingSort;3001;0;0;9330
1000;20;2;QuickSort;38160;16350;6602;37950
1000;20;2;InsertionSort;36045;12011;0;8530
1000;20;2;BubbleSort;353342;154635;11018;176981
1000;20;2;MergeSort;19952;5511;0;142751
1000;20;2;CountingSort;3001;0;0;8211
1000;20;2;QuickSort;39645;16818;6941;68960
1000;20;2;InsertionSort;32540;10844;0;8590
1000;20;2;BubbleSort;366816;163710;9849;108970
1000;20;2;MergeSort;19952;5519;0;76380
1000;20;2;CountingSort;3001;0;0;7980
1000;20;2;QuickSort;39664;17134;6835;46130
1000;20;2;InsertionSort;30243;10077;0;9690
1000;20;2;BubbleSort;371926;167795;9084;95020
1000;20;2;MergeSort;19952;5517;0;89970
1000;20;2;CountingSort;3001;0;0;7550
1000;20;2;QuickSort;37772;15719;6676;31580
1000;20;2;InsertionSort;34214;11402;0;13230
1000;20;2;BubbleSort;396622;177497;10407;152730
1000;20;2;MergeSort;19952;5521;0;132020
1000;20;2;CountingSort;3001;0;0;39340
1000;20;2;QuickSort;39075;16866;6742;59880
1000;20;2;InsertionSort;35555;11849;0;10730
1000;20;2;BubbleSort;393586;175085;10854;242711
1000;20;2;MergeSort;19952;5520;0;146781
1000;20;2;CountingSort;3001;0;0;10280
1000;20;2;QuickSort;38696;16238;6826;31000
1000;20;2;InsertionSort;33038;11012;0;8160
1000;20;2;BubbleSort;380524;170234;10014;237241
1000;20;2;MergeSort;19952;5505;0;190821
1000;20;2;CountingSort;3001;0;0;14690
1000;20;2;QuickSort;38208;16203;6668;39420
1000;20;2;InsertionSort;33119;11037;0;9330
1000;20;2;BubbleSort;349438;154635;10042;236951
1000;20;2;MergeSort;19952;5507;0;143621
1000;20;2;CountingSort;3001;0;0;7770
1000;20;2;QuickSort;38786;16136;6886;32340
1000;20;2;InsertionSort;31117;10369;0;13460
1000;20;2;BubbleSort;394098;178299;9375;186320
1000;20;2;MergeSort;19952;5520;0;65510
1000;20;2;CountingSort;3001;0;0;8620
1000;20;2;QuickSort;39201;16503;6890;51540
1000;20;2;InsertionSort;31414;10468;0;15740
1000;20;2;BubbleSort;383224;172664;9474;129431
1000;20;2;MergeSort;19952;5505;0;85051
1000;20;2;CountingSort;3001;0;0;8080
1000;20;2;QuickSort;37523;15842;6555;42600
1000;20;2;InsertionSort;32471;10821;0;6580
1000;20;2;BubbleSort;386248;173472;9826;140650
1000;20;2;MergeSort;19952;5517;0;60020
1000;20;2;CountingSort;3001;0;0;8220
1000;20;2;QuickSort;39674;16382;7104;39550
1000;20;2;InsertionSort;32766;10920;0;10160
1000;20;2;BubbleSort;389866;175085;9924;138260
1000;20;2;MergeSort;19952;5498;0;62720
1000;20;2;CountingSort;3001;0;0;26490
1000;20;2;QuickSort;36548;15449;6368;54410
1000;20;2;InsertionSort;35140;11710;0;16780
1000;20;2;BubbleSort;394644;175890;10716;157991
1000;20;2;MergeSort;19952;5515;0;116371
1000;20;2;CountingSort;3001;0;0;8300
1000;20;2;QuickSort;34953;15054;5977;54241
1000;20;2;InsertionSort;32567;10851;0;14680
1000;20;2;BubbleSort;360284;160424;9859;188080
1000;20;2;MergeSort;19952;5516;0;79170
1000;20;2;CountingSort;3001;0;0;8050
1000;20;2;QuickSort;39891;16962;6978;44670
1000;20;2;InsertionSort;33410;11132;0;8440
1000;20;2;BubbleSort;369618;164529;10140;195320
1000;20;2;MergeSort;19952;5519;0;106030
1000;20;2;CountingSort;3001;0;0;7220
1000;20;2;QuickSort;35918;15002;6304;39300
1000;20;2;InsertionSort;33697;11231;0;8410
1000;20;2;BubbleSort;358486;158775;10234;272710
1000;20;2;MergeSort;19952;5512;0;137900
1000;20;2;CountingSort;3001;0;0;8460
1000;20;2;QuickSort;39205;16477;6913;48700
1000;20;2;InsertionSort;32945;10979;0;6540
1000;20;2;BubbleSort;398136;179100;9984;258671
1000;20;2;MergeSort;19952;5511;0;140110
1000;20;2;CountingSort;3001;0;0;12780
1000;20;2;QuickSort;38531;16256;6753;33710
1000;20;2;InsertionSort;33343;11109;0;8040
1000;20;2;BubbleSort;389030;174279;10118;164151
1000;20;2;MergeSort;19952;5519;0;153281
1000;20;2;CountingSort;3001;0;0;9280
1000;20;2;QuickSort;40891;17425;7153;42860
1000;20;2;InsertionSort;33169;11053;0;6190
1000;20;2;BubbleSort;342846;151305;10059;137670
1000;20;2;MergeSort;19952;5515;0;133890
1000;20;2;CountingSort;3001;0;0;9950
1000;20;2;QuickSort;37382;15689;6563;38080
1000;20;2;InsertionSort;33959;11315;0;11590
1000;20;2;BubbleSort;393072;175890;10323;145790
1000;20;2;MergeSort;19952;5523;0;61480
1000;20;2;CountingSort;3001;0;0;7920
1000;20;2;QuickSort;36861;15846;6348;33270
1000;20;2;InsertionSort;34298;11430;0;9210
1000;20;2;BubbleSort;382208;170234;10435;136341
1000;20;2;MergeSort;19952;5512;0;61690
1000;20;2;CountingSort;3001;0;0;7810
1000;20;2;QuickSort;38480;16304;6725;39011
1000;20;2;InsertionSort;32714;10900;0;10360
1000;20;2;BubbleSort;396230;178299;9908;102820
1000;20;2;MergeSort;19952;5517;0;79720
1000;20;2;CountingSort;3001;0;0;7070
1000;20;2;QuickSort;44363;18197;8053;71870
1000;20;2;InsertionSort;30574;10190;0;27960
1000;20;2;BubbleSort;360910;162069;9193;148100
1000;20;2;MergeSort;19952;5523;0;67470
1000;20;2;CountingSort;3001;0;0;7880
1000;20;2;QuickSort;37559;16328;6419;33560
1000;20;2;InsertionSort;32050;10680;0;6310
1000;20;2;BubbleSort;341354;151305;9686;87210
1000;20;2;MergeSort;19952;5521;0;66240
1000;20;2;CountingSort;3001;0;0;7920
1000;20;2;QuickSort;37297;15991;6453;46820
1000;20;2;InsertionSort;33411;11135;0;12580
1000;20;2;BubbleSort;379400;169422;10139;261991
1000;20;2;MergeSort;19952;5517;0;81571
1000;20;2;CountingSort;3001;0;0;9720
1000;20;2;QuickSort;38436;16014;6807;46040
1000;20;2;InsertionSort;35219;11735;0;15530
1000;20;2;BubbleSort;368752;162890;10743;135300
1000;20;2;MergeSort;19952;5519;0;67420
1000;20;2;CountingSort;3001;0;0;10210
1000;20;2;QuickSort;41339;17189;7391;40690
1000;20;2;InsertionSort;33709;11235;0;8400
1000;20;2;BubbleSort;356850;157949;10238;149320
1000;20;2;MergeSort;19952;5529;0;97201
1000;20;2;CountingSort;3001;0;0;10420
1000;20;2;QuickSort;37138;15955;6399;44410
1000;20;2;InsertionSort;33168;11052;0;21280
1000;20;2;BubbleSort;366016;162890;10059;159860
1000;20;2;MergeSort;19952;5509;0;114101
1000;20;2;CountingSort;3001;0;0;34810
1000;20;2;QuickSort;37979;15863;6693;39580
1000;20;2;InsertionSort;34485;11493;0;17790
1000;20;2;BubbleSort;371046;164529;10497;190551
1000;20;2;MergeSort;19952;5526;0;91020
1000;20;3;CountingSort;3001;0;0;216661
1000;20;3;QuickSort;37769;16223;6516;1655634
1000;20;3;InsertionSort;33456;11152;0;1136973
1000;20;3;BubbleSort;379456;169422;10153;5021163
1000;20;3;MergeSort;19952;5559;0;861792
1000;20;3;CountingSort;3001;0;0;123340
1000;20;3;QuickSort;38837;16325;6841;223171
1000;20;3;InsertionSort;32694;10898;0;767413
1000;20;3;BubbleSort;388154;174279;9899;514312
1000;20;3;MergeSort;19952;5556;0;172800
1000;20;3;CountingSort;3001;0;0;134250
1000;20;3;QuickSort;35576;15125;6166;137701
1000;20;3;InsertionSort;31560;10520;0;957632
1000;20;3;BubbleSort;373674;167795;9521;955512
1000;20;3;MergeSort;19952;5565;0;107200
1000;20;3;CountingSort;3001;0;0;117151
1000;20;3;QuickSort;41357;17585;7254;132560
1000;20;3;InsertionSort;33468;11156;0;1048803
1000;20;3;BubbleSort;387572;173472;10157;454451
1000;20;3;MergeSort;19952;5565;0;100590
1000;20;3;CountingSort;3001;0;0;125140
1000;20;3;QuickSort;36283;16138;6053;185601
1000;20;3;InsertionSort;30906;10302;0;959053
1000;20;3;BubbleSort;356412;159600;9303;957863
1000;20;3;MergeSort;19952;5572;0;180981
1000;20;3;CountingSort;3001;0;0;128651
1000;20;3;QuickSort;41980;17503;7486;420911
1000;20;3;InsertionSort;32325;10775;0;985092
1000;20;3;BubbleSort;368162;164529;9776;1003672
1000;20;3;MergeSort;19952;5558;0;139770
1000;20;3;CountingSort;3001;0;0;153430
1000;20;3;QuickSort;36854;15677;6391;657212
1000;20;3;InsertionSort;30504;10168;0;526341
1000;20;3;BubbleSort;377144;170234;9169;559502
1000;20;3;MergeSort;19952;5559;0;149961
1000;20;3;CountingSort;3001;0;0;138340
1000;20;3;QuickSort;35577;15372;6069;613922
1000;20;3;InsertionSort;31899;10633;0;252611
1000;20;3;BubbleSort;385480;173472;9634;387831
1000;20;3;MergeSort;19952;5562;0;150051
1000;20;3;CountingSort;3001;0;0;289390
1000;20;3;QuickSort;39027;16152;6951;592492
1000;20;3;InsertionSort;32700;10900;0;350731
1000;20;3;BubbleSort;370298;165347;9901;433451
1000;20;3;MergeSort;19952;5556;0;129211
1000;20;3;CountingSort;3001;0;0;91420
1000;20;3;QuickSort;38907;16365;6843;719392
1000;20;3;InsertionSort;32655;10885;0;252221
1000;20;3;BubbleSort;360392;160424;9886;377321
1000;20;3;MergeSort;19952;5561;0;99661
1000;20;3;CountingSort;3001;0;0;110690
1000;20;3;QuickSort;39632;16727;6964;166031
1000;20;3;InsertionSort;30129;10043;0;263631
1000;20;3;BubbleSort;373394;168609;9044;481302
1000;20;3;MergeSort;19952;5552;0;109721
1000;20;3;CountingSort;3001;0;0;105800
1000;20;3;QuickSort;34178;14408;5926;29150
1000;20;3;InsertionSort;32025;10675;0;305671
1000;20;3;BubbleSort;372664;166980;9676;330341
1000;20;3;MergeSort;19952;5553;0;177780
1000;20;3;CountingSort;3001;0;0;138331
1000;20;3;QuickSort;37518;15654;6614;28910
1000;20;3;InsertionSort;32637;10879;0;386861
1000;20;3;BubbleSort;371848;166164;9880;384551
1000;20;3;MergeSort;19952;5563;0;152630
1000;20;3;CountingSort;3001;0;0;127700
1000;20;3;QuickSort;44122;17935;8055;43360
1000;20;3;InsertionSort;31515;10505;0;360701
1000;20;3;BubbleSort;365444;163710;9506;326691
1000;20;3;MergeSort;19952;5573;0;67150
1000;20;3;CountingSort;3001;0;0;93261
1000;20;3;QuickSort;39222;16803;6815;117841
1000;20;3;InsertionSort;30825;10275;0;224031
1000;20;3;BubbleSort;367798;165347;9276;260860
1000;20;3;MergeSort;19952;5561;0;153650
1000;20;3;CountingSort;3001;0;0;125630
1000;20;3;QuickSort;40108;16870;7072;45330
1000;20;3;InsertionSort;33717;11239;0;318921
1000;20;3;BubbleSort;360160;159600;10240;318581
1000;20;3;MergeSort;19952;5564;0;150691
1000;20;3;CountingSort;3001;0;0;58390
1000;20;3;QuickSort;39688;16552;7050;38860
1000;20;3;InsertionSort;33669;11223;0;298161
1000;20;3;BubbleSort;350166;154635;10224;329740
1000;20;3;MergeSort;19952;5563;0;145570
1000;20;3;CountingSort;3001;0;0;35030
1000;20;3;QuickSort;39754;16705;7022;33130
1000;20;3;InsertionSort;35376;11792;0;137720
1000;20;3;BubbleSort;378762;167795;10793;283171
1000;20;3;MergeSort;19952;5576;0;140790
1000;20;3;CountingSort;3001;0;0;22390
1000;20;3;QuickSort;34749;14625;6050;34241
1000;20;3;InsertionSort;31926;10642;0;226410
1000;20;3;BubbleSort;369266;165347;9643;368911
1000;20;3;MergeSort;19952;5563;0;111290
1000;20;3;CountingSort;3001;0;0;18740
1000;20;3;QuickSort;35317;14905;6133;32430
1000;20;3;InsertionSort;34026;11342;0;149090
1000;20;3;BubbleSort;372066;165347;10343;248211
1000;20;3;MergeSort;19952;5552;0;152261
1000;20;3;CountingSort;3001;0;0;23951
1000;20;3;QuickSort;41536;17608;7306;37980
1000;20;3;InsertionSort;29577;9859;0;166120
1000;20;3;BubbleSort;331358;147959;8860;225000
1000;20;3;MergeSort;19952;5564;0;142380
1000;20;3;CountingSort;3001;0;0;22280
1000;20;3;QuickSort;38008;16021;6662;36680
1000;20;3;InsertionSort;31074;10358;0;132451
1000;20;3;BubbleSort;359930;161247;9359;267050
1000;20;3;MergeSort;19952;5570;0;146980
1000;20;3;CountingSort;3001;0;0;24550
1000;20;3;QuickSort;38742;15990;6907;35420
1000;20;3;InsertionSort;32556;10852;0;1395714
1000;20;3;BubbleSort;365192;162890;9853;1511255
1000;20;3;MergeSort;19952;5574;0;1358144
1000;20;3;CountingSort;3001;0;0;17900
1000;20;3;QuickSort;45894;18969;8305;45830
1000;20;3;InsertionSort;31290;10430;0;16540
1000;20;3;BubbleSort;370052;166164;9431;215381
1000;20;3;MergeSort;19952;5561;0;118550
1000;20;3;CountingSort;3001;0;0;24760
1000;20;3;QuickSort;37345;16174;6399;42860
1000;20;3;InsertionSort;32985;10995;0;15670
1000;20;3;BubbleSort;367404;163710;9996;253011
1000;20;3;MergeSort;19952;5553;0;67080
1000;20;3;CountingSort;3001;0;0;25810
1000;20;3;QuickSort;35530;15541;5989;45450
1000;20;3;InsertionSort;33066;11022;0;21020
1000;20;3;BubbleSort;359292;159600;10023;211160
1000;20;3;MergeSort;19952;5570;0;116180
1000;20;3;CountingSort;3001;0;0;27610
1000;20;3;QuickSort;37327;15763;6513;35740
1000;20;3;InsertionSort;33690;11230;0;13880
1000;20;3;BubbleSort;381392;170234;10231;251511
1000;20;3;MergeSort;19952;5567;0;90120
1000;20;3;CountingSort;3001;0;0;20390
1000;20;3;QuickSort;41241;16995;7423;79490
1000;20;3;InsertionSort;32805;10935;0;16420
1000;20;3;BubbleSort;396342;178299;9936;202281
1000;20;3;MergeSort;19952;5555;0;115550
1000;20;3;CountingSort;3001;0;0;17091
1000;20;3;QuickSort;38119;15988;6712;35360
1000;20;3;InsertionSort;31053;10351;0;15820
1000;20;3;BubbleSort;372998;167795;9352;191950
1000;20;3;MergeSort;19952;5552;0;125770
1000;20;3;CountingSort;3001;0;0;29230
1000;20;3;QuickSort;40079;17162;6962;39820
1000;20;3;InsertionSort;34809;11603;0;12650
1000;20;3;BubbleSort;364910;161247;10604;123841
1000;20;3;MergeSort;19952;5558;0;70741
1000;20;3;CountingSort;3001;0;0;16630
1000;20;3;QuickSort;42448;18169;7431;38150
1000;20;3;InsertionSort;34527;11509;0;14801
1000;20;3;BubbleSort;367820;162890;10510;92470
1000;20;3;MergeSort;19952;5571;0;52990
1000;20;3;CountingSort;3001;0;0;16310
1000;20;3;QuickSort;36973;15847;6385;30600
1000;20;3;InsertionSort;31860;10620;0;12240
1000;20;3;BubbleSort;385428;173472;9621;174271
1000;20;3;MergeSort;19952;5551;0;95930
1000;20;3;CountingSort;3001;0;0;16570
1000;20;3;QuickSort;39496;16657;6941;39091
1000;20;3;InsertionSort;32211;10737;0;12050
1000;20;3;BubbleSort;389122;175085;9738;131300
1000;20;3;MergeSort;19952;5560;0;65670
1000;20;3;CountingSort;3001;0;0;64430
1000;20;3;QuickSort;40930;16960;7313;49930
1000;20;3;InsertionSort;32106;10702;0;21560
1000;20;3;BubbleSort;366232;163710;9703;210601
1000;20;3;MergeSort;19952;5570;0;109981
1000;20;3;CountingSort;3001;0;0;16731
1000;20;3;QuickSort;35732;15506;6087;51610
1000;20;3;InsertionSort;29718;9906;0;31650
1000;20;3;BubbleSort;366322;165347;8907;159710
1000;20;3;MergeSort;19952;5561;0;69100
1000;20;3;CountingSort;3001;0;0;27300
1000;20;3;QuickSort;42266;17861;7475;51600
1000;20;3;InsertionSort;32205;10735;0;16880
1000;20;3;BubbleSort;343222;152139;9736;192121
1000;20;3;MergeSort;19952;5568;0;66790
1000;20;3;CountingSort;3001;0;0;26270
1000;20;3;QuickSort;39862;17326;6840;48691
1000;20;3;InsertionSort;32988;10996;0;13381
1000;20;3;BubbleSort;367408;163710;9997;132780
1000;20;3;MergeSort;19952;5567;0;80150
1000;20;3;CountingSort;3001;0;0;19890
1000;20;3;QuickSort;39329;17327;6675;41080
1000;20;3;InsertionSort;32568;10856;0;17110
1000;20;3;BubbleSort;373388;166980;9857;140281
1000;20;3;MergeSort;19952;5558;0;67481
1000;20;3;CountingSort;3001;0;0;17761
1000;20;3;QuickSort;37086;15753;6438;33270
1000;20;3;InsertionSort;32901;10967;0;7260
1000;20;3;BubbleSort;383582;171855;9968;99690
1000;20;3;MergeSort;19952;5557;0;60940
1000;20;3;CountingSort;3001;0;0;18850
1000;20;3;QuickSort;37143;16386;6242;33530
1000;20;3;InsertionSort;30135;10045;0;13670
1000;20;3;BubbleSort;330424;147120;9046;136700
1000;20;3;MergeSort;19952;5560;0;70100
1000;20;3;CountingSort;3001;0;0;16880
1000;20;3;QuickSort;42426;18069;7451;45641
1000;20;3;InsertionSort;32238;10746;0;10220
1000;20;3;BubbleSort;368046;164529;9747;134380
1000;20;3;MergeSort;19952;5567;0;114650
1000;20;3;CountingSort;3001;0;0;22400
1000;20;3;QuickSort;38209;16144;6682;72120
1000;20;3;InsertionSort;32634;10878;0;17390
1000;20;3;BubbleSort;386460;173472;9879;161061
1000;20;3;MergeSort;19952;5551;0;80150
1000;20;3;CountingSort;3001;0;0;20730
1000;20;3;QuickSort;37188;15744;6480;39780
1000;20;3;InsertionSort;31299;10433;0;13310
1000;20;3;BubbleSort;378204;170234;9434;194291
1000;20;3;MergeSort;19952;5567;0;161811
1000;20;3;CountingSort;3001;0;0;17220
1000;20;3;QuickSort;41621;17345;7416;42050
1000;20;3;InsertionSort;32955;10985;0;39340
1000;20;3;BubbleSort;352532;156294;9986;185490
1000;20;3;MergeSort;19952;5575;0;143651
1000;20;3;CountingSort;3001;0;0;18860
1000;20;3;QuickSort;41448;16989;7478;41370
1000;20;3;InsertionSort;29583;9861;0;14470
1000;20;3;BubbleSort;341392;152972;8862;127221
1000;20;3;MergeSort;19952;5580;0;99710
1000;20;3;CountingSort;3001;0;0;9220
1000;20;3;QuickSort;45739;18547;8392;37960
1000;20;3;InsertionSort;33753;11251;0;7530
1000;20;3;BubbleSort;371702;165347;10252;145751
1000;20;3;MergeSort;19952;5561;0;127921
1000;20;3;CountingSort;3001;0;0;16041
1000;20;3;QuickSort;35165;15095;6008;35370
1000;20;3;InsertionSort;32505;10835;0;12710
1000;20;3;BubbleSort;384672;172664;9836;113630
1000;20;3;MergeSort;19952;5573;0;60470
1000;20;3;CountingSort;3001;0;0;8300
1000;20;3;QuickSort;40920;17493;7141;42440
1000;20;3;InsertionSort;35565;11855;0;19460
1000;20;3;BubbleSort;396812;176694;10856;141320
1000;20;3;MergeSort;19952;5573;0;76650
1000;20;3;CountingSort;3001;0;0;8380
1000;20;3;QuickSort;35844;15168;6228;33570
1000;20;3;InsertionSort;33687;11229;0;13840
1000;20;3;BubbleSort;383010;171045;10230;166131
1000;20;3;MergeSort;19952;5574;0;91510
1000;20;3;CountingSort;3001;0;0;7340
1000;20;3;QuickSort;38854;16153;6910;37131
1000;20;3;InsertionSort;32658;10886;0;10970
1000;20;3;BubbleSort;362042;161247;9887;95490
1000;20;3;MergeSort;19952;5577;0;66380
1000;20;3;CountingSort;3001;0;0;12390
1000;20;3;QuickSort;37634;15503;6721;35490
1000;20;3;InsertionSort;30681;10227;0;11060
1000;20;3;BubbleSort;385470;174279;9228;118490
1000;20;3;MergeSort;19952;5563;0;59640
1000;20;3;CountingSort;3001;0;0;9940
1000;20;3;QuickSort;34655;14621;5999;41270
1000;20;3;InsertionSort;31155;10385;0;7460
1000;20;3;BubbleSort;346814;154635;9386;207771
1000;20;3;MergeSort;19952;5559;0;105090
1000;20;3;CountingSort;3001;0;0;17640
1000;20;3;QuickSort;36575;15599;6319;56310
1000;20;3;InsertionSort;31995;10665;0;26840
1000;20;3;BubbleSort;388834;175085;9666;180210
1000;20;3;MergeSort;19952;5579;0;137540
1000;20;3;CountingSort;3001;0;0;9960
1000;20;3;QuickSort;41661;17721;7319;34250
1000;20;3;InsertionSort;32100;10700;0;11090
1000;20;3;BubbleSort;372764;166980;9701;186381
1000;20;3;MergeSort;19952;5549;0;110051
1000;20;3;CountingSort;3001;0;0;8510
1000;20;3;QuickSort;41504;17174;7446;39500
1000;20;3;InsertionSort;33228;11076;0;15521
1000;20;3;BubbleSort;369366;164529;10077;186451
1000;20;3;MergeSort;19952;5576;0;112840
1000;20;3;CountingSort;3001;0;0;8280
1000;20;3;QuickSort;39938;16304;7208;32800
1000;20;3;InsertionSort;33120;11040;0;8480
1000;20;3;BubbleSort;362658;161247;10041;173411
1000;20;3;MergeSort;19952;5559;0;114811
1000;20;3;CountingSort;3001;0;0;7610
1000;20;3;QuickSort;37434;16080;6457;39870
1000;20;3;InsertionSort;33909;11303;0;8960
1000;20;3;BubbleSort;360416;159600;10304;91200
1000;20;3;MergeSort;19952;5558;0;75150
1000;20;3;CountingSort;3001;0;0;8380
1000;20;3;QuickSort;38145;16032;6711;44700
1000;20;3;InsertionSort;34890;11630;0;13900
1000;20;3;BubbleSort;389468;173472;10631;113980
1000;20;3;MergeSort;19952;5575;0;75070
1000;20;3;CountingSort;3001;0;0;10580
1000;20;3;QuickSort;36530;15416;6379;42610
1000;20;3;InsertionSort;30678;10226;0;11670
1000;20;3;BubbleSort;351152;157122;9227;137161
1000;20;3;MergeSort;19952;5561;0;78021
1000;20;3;CountingSort;3001;0;0;10521
1000;20;3;QuickSort;36940;15958;6326;73720
1000;20;3;InsertionSort;33534;11178;0;11970
1000;20;3;BubbleSort;394104;176694;10179;174610
1000;20;3;MergeSort;19952;5565;0;65780
1000;20;3;CountingSort;3001;0;0;20190
1000;20;3;QuickSort;37134;15360;6589;49270
1000;20;3;InsertionSort;34614;11538;0;22210
1000;20;3;BubbleSort;374484;166164;10539;119610
1000;20;3;MergeSort;19952;5570;0;74270
1000;20;3;CountingSort;3001;0;0;9830
1000;20;3;QuickSort;42313;17638;7555;48680
1000;20;3;InsertionSort;33519;11173;0;13450
1000;20;3;BubbleSort;390866;175085;10174;234380
1000;20;3;MergeSort;19952;5553;0;105090
1000;20;3;CountingSort;3001;0;0;9140
1000;20;3;QuickSort;38612;16082;6832;43340
1000;20;3;InsertionSort;34668;11556;0;35040
1000;20;3;BubbleSort;363076;160424;10557;153961
1000;20;3;MergeSort;19952;5566;0;78911
1000;20;3;CountingSort;3001;0;0;10260
1000;20;3;QuickSort;39598;16702;6963;46200
1000;20;3;InsertionSort;31899;10633;0;14120
1000;20;3;BubbleSort;375754;168609;9634;122430
1000;20;3;MergeSort;19952;5559;0;96020
1000;20;3;CountingSort;3001;0;0;10220
1000;20;3;QuickSort;36033;15168;6297;39990
1000;20;3;InsertionSort;34734;11578;0;14290
1000;20;3;BubbleSort;373010;165347;10579;117011
1000;20;3;MergeSort;19952;5562;0;80330
1000;20;3;CountingSort;3001;0;0;9600
1000;20;3;QuickSort;37452;15399;6681;40291
1000;20;3;InsertionSort;32004;10668;0;9230
1000;20;3;BubbleSort;375894;168609;9669;124860
1000;20;3;MergeSort;19952;5574;0;84290
1000;20;3;CountingSort;3001;0;0;8940
1000;20;3;QuickSort;37752;15735;6676;38610
1000;20;3;InsertionSort;32814;10938;0;9000
1000;20;3;BubbleSort;358956;159600;9939;111751
1000;20;3;MergeSort;19952;5563;0;60721
1000;20;3;CountingSort;3001;0;0;10650
1000;20;3;QuickSort;41168;17066;7368;48391
1000;20;3;InsertionSort;33849;11283;0;15390
1000;20;3;BubbleSort;353724;156294;10284;182150
1000;20;3;MergeSort;19952;5557;0;90490
1000;20;3;CountingSort;3001;0;0;8270
1000;20;3;QuickSort;38929;16603;6762;49700
1000;20;3;InsertionSort;34497;11499;0;20350
1000;20;3;BubbleSort;342940;150470;10500;157331
1000;20;3;MergeSort;19952;5586;0;91290
1000;20;3;CountingSort;3001;0;0;7690
1000;20;3;QuickSort;35464;15253;6060;43350
1000;20;3;InsertionSort;32511;10837;0;8610
1000;20;3;BubbleSort;370046;165347;9838;167391
1000;20;3;MergeSort;19952;5559;0;90541
1000;20;3;CountingSort;3001;0;0;8311
1000;20;3;QuickSort;39845;16379;7152;38860
1000;20;3;InsertionSort;31146;10382;0;6600
1000;20;3;BubbleSort;369860;166164;9383;203570
1000;20;3;MergeSort;19952;5565;0;111450
1000;20;3;CountingSort;3001;0;0;8090
1000;20;3;QuickSort;38893;16252;6891;38420
1000;20;3;InsertionSort;32256;10752;0;8600
1000;20;3;BubbleSort;392400;176694;9753;208920
1000;20;3;MergeSort;19952;5565;0;105070
1000;20;3;CountingSort;3001;0;0;9770
1000;20;3;QuickSort;41501;17228;7425;40600
1000;20;3;InsertionSort;33849;11283;0;8960
1000;20;3;BubbleSort;379980;169422;10284;205701
1000;20;3;MergeSort;19952;5573;0;123031
1000;20;3;CountingSort;3001;0;0;10131
1000;20;3;QuickSort;37068;15408;6549;37640
1000;20;3;InsertionSort;33216;11072;0;8780
1000;20;3;BubbleSort;384002;171855;10073;99920
1000;20;3;MergeSort;19952;5560;0;79770
1000;20;3;CountingSort;3001;0;0;10670
1000;20;3;QuickSort;37313;15944;6461;51040
1000;20;3;InsertionSort;32475;10825;0;14050
1000;20;3;BubbleSort;381394;171045;9826;253421
1000;20;3;MergeSort;19952;5553;0;124271
1000;20;3;CountingSort;3001;0;0;8450
1000;20;3;QuickSort;39404;16439;6992;32940
1000;20;3;InsertionSort;30309;10103;0;8920
1000;20;3;BubbleSort;383360;173472;9104;211110
1000;20;3;MergeSort;19952;5564;0;82430
1000;20;3;CountingSort;3001;0;0;7660
1000;20;3;QuickSort;44260;18700;7851;34140
1000;20;3;InsertionSort;35223;11741;0;7180
1000;20;3;BubbleSort;388296;172664;10742;95160
1000;20;3;MergeSort;19952;5570;0;84940
1000;20;3;CountingSort;3001;0;0;8480
1000;20;3;QuickSort;38827;16480;6786;42950
1000;20;3;InsertionSort;33774;11258;0;15250
1000;20;3;BubbleSort;365174;162069;10259;180541
1000;20;3;MergeSort;19952;5575;0;85801
1000;20;3;CountingSort;3001;0;0;8360
1000;20;3;QuickSort;36034;15325;6235;32870
1000;20;3;InsertionSort;29691;9897;0;17220
1000;20;3;BubbleSort;356440;160424;8898;185061
1000;20;3;MergeSort;19952;5575;0;143711
1000;20;3;CountingSort;3001;0;0;8130
1000;20;3;QuickSort;34611;14808;5922;39230
1000;20;3;InsertionSort;32808;10936;0;7260
1000;20;3;BubbleSort;376966;168609;9937;304460
1000;20;3;MergeSort;19952;5561;0;162000
1000;20;3;CountingSort;3001;0;0;8190
1000;20;3;QuickSort;42430;17389;7675;40330
1000;20;3;InsertionSort;36201;12067;0;14620
1000;20;3;BubbleSort;404072;179900;11068;159331
1000;20;3;MergeSort;19952;5573;0;143260
1000;20;3;CountingSort;3001;0;0;10110
1000;20;3;QuickSort;39302;17111;6727;40330
1000;20;3;InsertionSort;33864;11288;0;17590
1000;20;3;BubbleSort;400956;179900;10289;164250
1000;20;3;MergeSort;19952;5563;0;88310
1000;20;3;CountingSort;3001;0;0;9690
1000;20;3;QuickSort;41405;16769;7548;33290
1000;20;3;InsertionSort;34077;11359;0;8740
1000;20;3;BubbleSort;358990;158775;10360;131871
1000;20;3;MergeSort;19952;5555;0;77560
1000;20;3;CountingSort;3001;0;0;9960
1000;20;3;QuickSort;43468;18502;7650;38630
1000;20;3;InsertionSort;30429;10143;0;10860
1000;20;3;BubbleSort;345846;154635;9144;113450
1000;20;3;MergeSort;19952;5570;0;67310
1000;20;3;CountingSort;3001;0;0;10060
1000;20;3;QuickSort;40446;16746;7222;34430
1000;20;3;InsertionSort;35379;11793;0;8490
1000;20;3;BubbleSort;398170;177497;10794;126780
1000;20;3;MergeSort;19952;5562;0;64430
1000;20;3;CountingSort;3001;0;0;9460
1000;20;3;QuickSort;45268;18898;8129;41740
1000;20;3;InsertionSort;33933;11311;0;8920
1000;20;3;BubbleSort;357146;157949;10312;129981
1000;20;3;MergeSort;19952;5576;0;60550
1000;20;3;CountingSort;3001;0;0;8390
1000;20;3;QuickSort;38864;16565;6756;59860
1000;20;3;InsertionSort;32364;10788;0;11110
1000;20;3;BubbleSort;382866;171855;9789;159620
1000;20;3;MergeSort;19952;5574;0;87250
1000;20;3;CountingSort;3001;0;0;9980
1000;20;3;QuickSort;37188;15633;6529;31500
1000;20;3;InsertionSort;30693;10231;0;6850
1000;20;3;BubbleSort;379018;171045;9232;232411
1000;20;3;MergeSort;19952;5579;0;123081
1000;20;3;CountingSort;3001;0;0;11000
1000;20;3;QuickSort;44590;18817;7925;34010
1000;20;3;InsertionSort;33795;11265;0;8620
1000;20;3;BubbleSort;338658;148797;10266;262270
1000;20;3;MergeSort;19952;5553;0;118570
1000;20;3;CountingSort;3001;0;0;24560
1000;20;3;QuickSort;36299;15407;6302;50600
1000;20;3;InsertionSort;32208;10736;0;22930
1000;20;3;BubbleSort;376166;168609;9737;280521
1000;20;3;MergeSort;19952;5581;0;109641
1000;20;3;CountingSort;3001;0;0;8530
1000;20;3;QuickSort;41615;17396;7411;48700
1000;20;3;InsertionSort;31353;10451;0;20900
1000;20;3;BubbleSort;357008;159600;9452;92880
1000;20;3;MergeSort;19952;5547;0;78750
1000;20;3;CountingSort;3001;0;0;16430
1000;20;3;QuickSort;38226;15939;6765;59000
1000;20;3;InsertionSort;29868;9956;0;12590
1000;20;3;BubbleSort;369788;166980;8957;241351
1000;20;3;MergeSort;19952;5554;0;158660
1000;20;3;CountingSort;3001;0;0;10280
1000;20;3;QuickSort;45444;18465;8342;35230
1000;20;3;InsertionSort;34284;11428;0;7290
1000;20;3;BubbleSort;357614;157949;10429;275141
1000;20;3;MergeSort;19952;5560;0;137040
1000;20;3;CountingSort;3001;0;0;9750
1000;20;3;QuickSort;38278;16051;6757;32490
1000;20;3;InsertionSort;32310;10770;0;7010
1000;20;3;BubbleSort;374674;167795;9771;221220
1000;20;3;MergeSort;19952;5563;0;146150
1000;20;3;CountingSort;3001;0;0;9870
1000;20;3;QuickSort;44043;18492;7849;34650
1000;20;3;InsertionSort;32418;10806;0;7190
1000;20;3;BubbleSort;376446;168609;9807;249091
1000;20;3;MergeSort;19952;5572;0;112701
1000;20;3;CountingSort;3001;0;0;10380
1000;20;3;QuickSort;37133;16340;6268;33170
1000;20;3;InsertionSort;35718;11906;0;7740
1000;20;3;BubbleSort;400226;178299;10907;230961
1000;20;3;MergeSort;19952;5559;0;167080
1000;20;3;CountingSort;3001;0;0;9990
1000;20;3;QuickSort;42153;18219;7311;33571
1000;20;3;InsertionSort;35289;11763;0;9140
1000;20;3;BubbleSort;390000;173472;10764;131680
1000;20;3;MergeSort;19952;5562;0;118230
1000;20;3;CountingSort;3001;0;0;9981
1000;20;3;QuickSort;38453;16481;6666;45580
1000;20;3;InsertionSort;33873;11291;0;16460
1000;20;3;BubbleSort;380012;169422;10292;292051
1000;20;3;MergeSort;19952;5563;0;118090
1000;20;3;CountingSort;3001;0;0;8120
1000;20;3;QuickSort;38860;16687;6729;135291
1000;20;3;InsertionSort;32118;10706;0;11140
1000;20;3;BubbleSort;362966;162069;9707;255131
1000;20;3;MergeSort;19952;5562;0;147121
1000;20;3;CountingSort;3001;0;0;8620
1000;20;3;QuickSort;40982;17504;7167;48440
1000;20;3;InsertionSort;31494;10498;0;10100
1000;20;3;BubbleSort;384940;173472;9499;214621
1000;20;3;MergeSort;19952;5580;0;126851
1000;20;4;CountingSort;3001;0;0;177300
1000;20;4;QuickSort;36688;15400;6434;1297064
1000;20;4;InsertionSort;32385;10795;0;1084733
1000;20;4;BubbleSort;373144;166980;9796;5909777
1000;20;4;MergeSort;19952;5616;0;877752
1000;20;4;CountingSort;3001;0;0;105930
1000;20;4;QuickSort;40250;17279;6992;286791
1000;20;4;InsertionSort;32856;10952;0;745023
1000;20;4;BubbleSort;352400;156294;9953;398261
1000;20;4;MergeSort;19952;5611;0;190440
1000;20;4;CountingSort;3001;0;0;142111
1000;20;4;QuickSort;41045;17036;7329;181091
1000;20;4;InsertionSort;34092;11364;0;1102793
1000;20;4;BubbleSort;398058;178299;10365;501232
1000;20;4;MergeSort;19952;5583;0;102560
1000;20;4;CountingSort;3001;0;0;89530
1000;20;4;QuickSort;45901;19792;8034;154640
1000;20;4;InsertionSort;33393;11131;0;997843
1000;20;4;BubbleSort;377746;168609;10132;445951
1000;20;4;MergeSort;19952;5620;0;80350
1000;20;4;CountingSort;3001;0;0;139550
1000;20;4;QuickSort;36391;15478;6313;154930
1000;20;4;InsertionSort;32655;10885;0;882652
1000;20;4;BubbleSort;371872;166164;9886;166971
1000;20;4;MergeSort;19952;5609;0;156121
1000;20;4;CountingSort;3001;0;0;147930
1000;20;4;QuickSort;38277;15945;6772;152480
1000;20;4;InsertionSort;32529;10843;0;671862
1000;20;4;BubbleSort;378220;169422;9844;179501
1000;20;4;MergeSort;19952;5618;0;103650
1000;20;4;CountingSort;3001;0;0;161341
1000;20;4;QuickSort;41056;17293;7261;675052
1000;20;4;InsertionSort;33258;11086;0;126151
1000;20;4;BubbleSort;385676;172664;10087;217981
1000;20;4;MergeSort;19952;5624;0;135631
1000;20;4;CountingSort;3001;0;0;87650
1000;20;4;QuickSort;35066;15203;5956;668902
1000;20;4;InsertionSort;34809;11603;0;118291
1000;20;4;BubbleSort;374744;166164;10604;186141
1000;20;4;MergeSort;19952;5600;0;63120
1000;20;4;CountingSort;3001;0;0;111781
1000;20;4;QuickSort;41187;17088;7367;857053
1000;20;4;InsertionSort;33306;11102;0;116891
1000;20;4;BubbleSort;377630;168609;10103;202480
1000;20;4;MergeSort;19952;5604;0;108820
1000;20;4;CountingSort;3001;0;0;96290
1000;20;4;QuickSort;46788;19251;8524;683272
1000;20;4;InsertionSort;33402;11134;0;230241
1000;20;4;BubbleSort;392320;175890;10135;184780
1000;20;4;MergeSort;19952;5593;0;64020
1000;20;4;CountingSort;3001;0;0;86191
1000;20;4;QuickSort;36104;15512;6207;615422
1000;20;4;InsertionSort;33678;11226;0;101910
1000;20;4;BubbleSort;355152;157122;10227;132840
1000;20;4;MergeSort;19952;5620;0;60310
1000;20;4;CountingSort;3001;0;0;90780
1000;20;4;QuickSort;39861;16488;7117;603912
1000;20;4;InsertionSort;32373;10791;0;277861
1000;20;4;BubbleSort;353412;157122;9792;328781
1000;20;4;MergeSort;19952;5615;0;156100
1000;20;4;CountingSort;3001;0;0;122410
1000;20;4;QuickSort;34571;14777;5931;37770
1000;20;4;InsertionSort;32202;10734;0;430351
1000;20;4;BubbleSort;379408;170234;9735;405421
1000;20;4;MergeSort;19952;5599;0;147870
1000;20;4;CountingSort;3001;0;0;97360
1000;20;4;QuickSort;39162;16347;6947;54120
1000;20;4;InsertionSort;34566;11522;0;415701
1000;20;4;BubbleSort;376052;166980;10523;398041
1000;20;4;MergeSort;19952;5606;0;152081
1000;20;4;CountingSort;3001;0;0;120970
1000;20;4;QuickSort;38129;16001;6708;44910
1000;20;4;InsertionSort;34683;11561;0;232321
1000;20;4;BubbleSort;397242;177497;10562;283001
1000;20;4;MergeSort;19952;5604;0;169050
1000;20;4;CountingSort;3001;0;0;128631
1000;20;4;QuickSort;39576;16050;7169;144641
1000;20;4;InsertionSort;32295;10765;0;349731
1000;20;4;BubbleSort;354962;157949;9766;361511
1000;20;4;MergeSort;19952;5609;0;149110
1000;20;4;CountingSort;3001;0;0;71770
1000;20;4;QuickSort;43333;17731;7855;81690
1000;20;4;InsertionSort;33351;11117;0;431611
1000;20;4;BubbleSort;371166;165347;10118;393231
1000;20;4;MergeSort;19952;5612;0;142910
1000;20;4;CountingSort;3001;0;0;29910
1000;20;4;QuickSort;41102;17084;7342;39200
1000;20;4;InsertionSort;35307;11769;0;159870
1000;20;4;BubbleSort;383548;170234;10770;242090
1000;20;4;MergeSort;19952;5614;0;122060
1000;20;4;CountingSort;3001;0;0;17230
1000;20;4;QuickSort;40114;16513;7198;44090
1000;20;4;InsertionSort;31542;10514;0;136451
1000;20;4;BubbleSort;368754;165347;9515;237870
1000;20;4;MergeSort;19952;5606;0;166950
1000;20;4;CountingSort;3001;0;0;21710
1000;20;4;QuickSort;35507;15335;6051;30830
1000;20;4;InsertionSort;32784;10928;0;154650
1000;20;4;BubbleSort;380184;170234;9929;230731
1000;20;4;MergeSort;19952;5607;0;135841
1000;20;4;CountingSort;3001;0;0;16260
1000;20;4;QuickSort;46173;18822;8457;39920
1000;20;4;InsertionSort;33279;11093;0;131040
1000;20;4;BubbleSort;369434;164529;10094;178331
1000;20;4;MergeSort;19952;5606;0;66500
1000;20;4;CountingSort;3001;0;0;41990
1000;20;4;QuickSort;36477;15636;6287;30230
1000;20;4;InsertionSort;31476;10492;0;289101
1000;20;4;BubbleSort;391360;176694;9493;248721
1000;20;4;MergeSort;19952;5610;0;113450
1000;20;4;CountingSort;3001;0;0;22940
1000;20;4;QuickSort;41380;16930;7485;31070
1000;20;4;InsertionSort;31338;10446;0;1328554
1000;20;4;BubbleSort;391176;176694;9447;1355924
1000;20;4;MergeSort;19952;5616;0;1285284
1000;20;4;CountingSort;3001;0;0;24530
1000;20;4;QuickSort;36391;15364;6338;45100
1000;20;4;InsertionSort;31923;10641;0;16680
1000;20;4;BubbleSort;334486;147959;9642;127290
1000;20;4;MergeSort;19952;5618;0;100011
1000;20;4;CountingSort;3001;0;0;16460
1000;20;4;QuickSort;37203;15318;6617;44620
1000;20;4;InsertionSort;32157;10719;0;13410
1000;20;4;BubbleSort;366300;163710;9720;167090
1000;20;4;MergeSort;19952;5615;0;71340
1000;20;4;CountingSort;3001;0;0;19711
1000;20;4;QuickSort;37487;15470;6671;42340
1000;20;4;InsertionSort;34281;11427;0;16030
1000;20;4;BubbleSort;380556;169422;10428;172100
1000;20;4;MergeSort;19952;5599;0;120870
1000;20;4;CountingSort;3001;0;0;16520
1000;20;4;QuickSort;33918;14388;5838;58560
1000;20;4;InsertionSort;28785;9595;0;16360
1000;20;4;BubbleSort;363442;164529;8596;201331
1000;20;4;MergeSort;19952;5609;0;96040
1000;20;4;CountingSort;3001;0;0;19690
1000;20;4;QuickSort;41245;17698;7188;52880
1000;20;4;InsertionSort;33465;11155;0;17610
1000;20;4;BubbleSort;353212;156294;10156;264811
1000;20;4;MergeSort;19952;5614;0;113650
1000;20;4;CountingSort;3001;0;0;16550
1000;20;4;QuickSort;36852;15666;6395;70790
1000;20;4;InsertionSort;32451;10817;0;15330
1000;20;4;BubbleSort;356822;158775;9818;277640
1000;20;4;MergeSort;19952;5615;0;110570
1000;20;4;CountingSort;3001;0;0;77911
1000;20;4;QuickSort;38407;16900;6505;45931
1000;20;4;InsertionSort;33234;11078;0;18211
1000;20;4;BubbleSort;377534;168609;10079;151420
1000;20;4;MergeSort;19952;5607;0;96330
1000;20;4;CountingSort;3001;0;0;21600
1000;20;4;QuickSort;38764;16534;6744;32340
1000;20;4;InsertionSort;32919;10973;0;11440
1000;20;4;BubbleSort;396494;178299;9974;168041
1000;20;4;MergeSort;19952;5587;0;58410
1000;20;4;CountingSort;3001;0;0;16140
1000;20;4;QuickSort;40300;17200;7031;40530
1000;20;4;InsertionSort;30303;10101;0;11770
1000;20;4;BubbleSort;378498;171045;9102;148621
1000;20;4;MergeSort;19952;5594;0;93770
1000;20;4;CountingSort;3001;0;0;20040
1000;20;4;QuickSort;37932;15627;6763;54940
1000;20;4;InsertionSort;31593;10531;0;19960
1000;20;4;BubbleSort;355678;158775;9532;142410
1000;20;4;MergeSort;19952;5614;0;78060
1000;20;4;CountingSort;3001;0;0;19650
1000;20;4;QuickSort;38908;16189;6909;58770
1000;20;4;InsertionSort;35406;11802;0;19910
1000;20;4;BubbleSort;370632;163710;10803;156781
1000;20;4;MergeSort;19952;5616;0;93021
1000;20;4;CountingSort;3001;0;0;81600
1000;20;4;QuickSort;35903;15095;6263;55930
1000;20;4;InsertionSort;34674;11558;0;12720
1000;20;4;BubbleSort;381080;169422;10559;172650
1000;20;4;MergeSort;19952;5614;0;78780
1000;20;4;CountingSort;3001;0;0;20330
1000;20;4;QuickSort;39733;17071;6887;50010
1000;20;4;InsertionSort;32394;10798;0;20560
1000;20;4;BubbleSort;360044;160424;9799;119781
1000;20;4;MergeSort;19952;5606;0;91100
1000;20;4;CountingSort;3001;0;0;16120
1000;20;4;QuickSort;36985;15676;6438;53260
1000;20;4;InsertionSort;32211;10737;0;12830
1000;20;4;BubbleSort;359800;160424;9738;125900
1000;20;4;MergeSort;19952;5610;0;83920
1000;20;4;CountingSort;3001;0;0;33420
1000;20;4;QuickSort;39225;16329;6964;42811
1000;20;4;InsertionSort;33237;11079;0;9900
1000;20;4;BubbleSort;362814;161247;10080;182280
1000;20;4;MergeSort;19952;5629;0;77750
1000;20;4;CountingSort;3001;0;0;29530
1000;20;4;QuickSort;38123;15953;6722;44430
1000;20;4;InsertionSort;31467;10489;0;12980
1000;20;4;BubbleSort;371920;166980;9490;147421
1000;20;4;MergeSort;19952;5600;0;95330
1000;20;4;CountingSort;3001;0;0;22190
1000;20;4;QuickSort;39211;16663;6848;31870
1000;20;4;InsertionSort;33591;11197;0;10040
1000;20;4;BubbleSort;376382;167795;10198;185540
1000;20;4;MergeSort;19952;5598;0;65820
1000;20;4;CountingSort;3001;0;0;20760
1000;20;4;QuickSort;36096;15477;6209;43170
1000;20;4;InsertionSort;32733;10911;0;13700
1000;20;4;BubbleSort;368706;164529;9912;232701
1000;20;4;MergeSort;19952;5615;0;117811
1000;20;4;CountingSort;3001;0;0;34480
1000;20;4;QuickSort;36711;15069;6549;45120
1000;20;4;InsertionSort;31782;10594;0;11850
1000;20;4;BubbleSort;349310;155465;9595;177050
1000;20;4;MergeSort;19952;5619;0;74060
1000;20;4;CountingSort;3001;0;0;10200
1000;20;4;QuickSort;39236;16604;6870;34380
1000;20;4;InsertionSort;34893;11631;0;9700
1000;20;4;BubbleSort;389472;173472;10632;134541
1000;20;4;MergeSort;19952;5613;0;82180
1000;20;4;CountingSort;3001;0;0;10200
1000;20;4;QuickSort;36067;15520;6184;42530
1000;20;4;InsertionSort;32976;10992;0;12130
1000;20;4;BubbleSort;370666;165347;9993;174091
1000;20;4;MergeSort;19952;5600;0;141701
1000;20;4;CountingSort;3001;0;0;7650
1000;20;4;QuickSort;36497;15680;6270;31540
1000;20;4;InsertionSort;34839;11613;0;11560
1000;20;4;BubbleSort;376416;166980;10614;181381
1000;20;4;MergeSort;19952;5617;0;124640
1000;20;4;CountingSort;3001;0;0;8120
1000;20;4;QuickSort;41152;17149;7338;48880
1000;20;4;InsertionSort;32448;10816;0;18000
1000;20;4;BubbleSort;330146;145439;9817;87470
1000;20;4;MergeSort;19952;5617;0;78500
1000;20;4;CountingSort;3001;0;0;10520
1000;20;4;QuickSort;39152;16163;6995;43690
1000;20;4;InsertionSort;32628;10876;0;17011
1000;20;4;BubbleSort;392896;176694;9877;176760
1000;20;4;MergeSort;19952;5623;0;63220
1000;20;4;CountingSort;3001;0;0;10340
1000;20;4;QuickSort;41528;17231;7437;39700
1000;20;4;InsertionSort;34026;11342;0;13440
1000;20;4;BubbleSort;370430;164529;10343;96601
1000;20;4;MergeSort;19952;5611;0;91611
1000;20;4;CountingSort;3001;0;0;9980
1000;20;4;QuickSort;39164;17198;6651;46990
1000;20;4;InsertionSort;35127;11709;0;13890
1000;20;4;BubbleSort;381684;169422;10710;146340
1000;20;4;MergeSort;19952;5630;0;64580
1000;20;4;CountingSort;3001;0;0;9260
1000;20;4;QuickSort;37349;15794;6521;42910
1000;20;4;InsertionSort;32061;10687;0;11680
1000;20;4;BubbleSort;372712;166980;9688;108420
1000;20;4;MergeSort;19952;5612;0;75050
1000;20;4;CountingSort;3001;0;0;9920
1000;20;4;QuickSort;40768;16663;7369;85390
1000;20;4;InsertionSort;32313;10771;0;8510
1000;20;4;BubbleSort;384416;172664;9772;167551
1000;20;4;MergeSort;19952;5615;0;76880
1000;20;4;CountingSort;3001;0;0;12960
1000;20;4;QuickSort;38397;16461;6647;45670
1000;20;4;InsertionSort;34431;11477;0;14350
1000;20;4;BubbleSort;346190;152139;10478;183520
1000;20;4;MergeSort;19952;5605;0;142260
1000;20;4;CountingSort;3001;0;0;18230
1000;20;4;QuickSort;36310;15319;6325;43650
1000;20;4;InsertionSort;33078;11026;0;15590
1000;20;4;BubbleSort;380576;170234;10027;159461
1000;20;4;MergeSort;19952;5617;0;88880
1000;20;4;CountingSort;3001;0;0;9810
1000;20;4;QuickSort;40881;17352;7168;34091
1000;20;4;InsertionSort;33207;11069;0;12030
1000;20;4;BubbleSort;392060;175890;10070;179990
1000;20;4;MergeSort;19952;5598;0;105410
1000;20;4;CountingSort;3001;0;0;10410
1000;20;4;QuickSort;44957;18290;8229;46700
1000;20;4;InsertionSort;33921;11307;0;7290
1000;20;4;BubbleSort;365370;162069;10308;246911
1000;20;4;MergeSort;19952;5600;0;161731
1000;20;4;CountingSort;3001;0;0;10240
1000;20;4;QuickSort;34698;14919;5925;43060
1000;20;4;InsertionSort;34602;11534;0;7170
1000;20;4;BubbleSort;376100;166980;10535;281721
1000;20;4;MergeSort;19952;5608;0;165440
1000;20;4;CountingSort;3001;0;0;9750
1000;20;4;QuickSort;35310;15072;6086;38070
1000;20;4;InsertionSort;32457;10819;0;17070
1000;20;4;BubbleSort;381370;171045;9820;103480
1000;20;4;MergeSort;19952;5609;0;141460
1000;20;4;CountingSort;3001;0;0;9700
1000;20;4;QuickSort;38785;16720;6690;54290
1000;20;4;InsertionSort;31287;10429;0;16380
1000;20;4;BubbleSort;366778;164529;9430;105570
1000;20;4;MergeSort;19952;5614;0;80430
1000;20;4;CountingSort;3001;0;0;9890
1000;20;4;QuickSort;38437;16249;6725;46810
1000;20;4;InsertionSort;32370;10790;0;10250
1000;20;4;BubbleSort;376382;168609;9791;123471
1000;20;4;MergeSort;19952;5608;0;66311
1000;20;4;CountingSort;3001;0;0;10150
1000;20;4;QuickSort;36399;14964;6473;41911
1000;20;4;InsertionSort;33768;11256;0;13170
1000;20;4;BubbleSort;389586;174279;10257;140030
1000;20;4;MergeSort;19952;5612;0;93550
1000;20;4;CountingSort;3001;0;0;10080
1000;20;4;QuickSort;37257;15660;6536;42100
1000;20;4;InsertionSort;33657;11219;0;8850
1000;20;4;BubbleSort;395874;177497;10220;142340
1000;20;4;MergeSort;19952;5613;0;77150
1000;20;4;CountingSort;3001;0;0;9500
1000;20;4;QuickSort;37602;15714;6642;42140
1000;20;4;InsertionSort;33711;11237;0;12410
1000;20;4;BubbleSort;389510;174279;10238;143981
1000;20;4;MergeSort;19952;5611;0;92680
1000;20;4;CountingSort;3001;0;0;9370
1000;20;4;QuickSort;37911;16071;6603;48160
1000;20;4;InsertionSort;32979;10993;0;16090
1000;20;4;BubbleSort;383686;171855;9994;119741
1000;20;4;MergeSort;19952;5615;0;77821
1000;20;4;CountingSort;3001;0;0;9750
1000;20;4;QuickSort;35624;14867;6254;39300
1000;20;4;InsertionSort;32916;10972;0;10430
1000;20;4;BubbleSort;378736;169422;9973;140231
1000;20;4;MergeSort;19952;5613;0;93421
1000;20;4;CountingSort;3001;0;0;9710
1000;20;4;QuickSort;37839;16080;6579;52171
1000;20;4;InsertionSort;35193;11731;0;10531
1000;20;4;BubbleSort;378518;167795;10732;110180
1000;20;4;MergeSort;19952;5606;0;79350
1000;20;4;CountingSort;3001;0;0;10460
1000;20;4;QuickSort;41244;17775;7153;56280
1000;20;4;InsertionSort;34434;11478;0;17900
1000;20;4;BubbleSort;379134;168609;10479;199030
1000;20;4;MergeSort;19952;5605;0;123110
1000;20;4;CountingSort;3001;0;0;9790
1000;20;4;QuickSort;38584;16207;6797;76380
1000;20;4;InsertionSort;32796;10932;0;10970
1000;20;4;BubbleSort;380200;170234;9933;178411
1000;20;4;MergeSort;19952;5586;0;111080
1000;20;4;CountingSort;3001;0;0;10200
1000;20;4;QuickSort;38875;16411;6821;39410
1000;20;4;InsertionSort;32046;10682;0;8680
1000;20;4;BubbleSort;369426;165347;9683;205650
1000;20;4;MergeSort;19952;5613;0;161300
1000;20;4;CountingSort;3001;0;0;10660
1000;20;4;QuickSort;38520;16011;6830;44940
1000;20;4;InsertionSort;33846;11282;0;8840
1000;20;4;BubbleSort;361980;160424;10283;228591
1000;20;4;MergeSort;19952;5614;0;120640
1000;20;4;CountingSort;3001;0;0;9490
1000;20;4;QuickSort;37856;16088;6579;41770
1000;20;4;InsertionSort;33009;11003;0;15740
1000;20;4;BubbleSort;395010;177497;10004;196801
1000;20;4;MergeSort;19952;5601;0;103340
1000;20;4;CountingSort;3001;0;0;10300
1000;20;4;QuickSort;41039;17507;7170;38120
1000;20;4;InsertionSort;31200;10400;0;8330
1000;20;4;BubbleSort;360098;161247;9401;194350
1000;20;4;MergeSort;19952;5617;0;117190
1000;20;4;CountingSort;3001;0;0;9790
1000;20;4;QuickSort;34885;15499;5798;38890
1000;20;4;InsertionSort;32931;10977;0;7030
1000;20;4;BubbleSort;362406;161247;9978;219301
1000;20;4;MergeSort;19952;5603;0;142571
1000;20;4;CountingSort;3001;0;0;11110
1000;20;4;QuickSort;40960;16915;7340;38900
1000;20;4;InsertionSort;31911;10637;0;7570
1000;20;4;BubbleSort;336146;148797;9638;215430
1000;20;4;MergeSort;19952;5602;0;156460
1000;20;4;CountingSort;3001;0;0;10810
1000;20;4;QuickSort;34646;14846;5922;31380
1000;20;4;InsertionSort;33495;11165;0;18870
1000;20;4;BubbleSort;381132;170234;10166;132761
1000;20;4;MergeSort;19952;5603;0;61131
1000;20;4;CountingSort;3001;0;0;8720
1000;20;4;QuickSort;39784;16774;6997;32340
1000;20;4;InsertionSort;33369;11123;0;8980
1000;20;4;BubbleSort;389054;174279;10124;118791
1000;20;4;MergeSort;19952;5609;0;74461
1000;20;4;CountingSort;3001;0;0;12710
1000;20;4;QuickSort;37969;16402;6522;40950
1000;20;4;InsertionSort;34596;11532;0;9760
1000;20;4;BubbleSort;397126;177497;10533;193090
1000;20;4;MergeSort;19952;5611;0;67030
1000;20;4;CountingSort;3001;0;0;9870
1000;20;4;QuickSort;38889;16260;6873;45490
1000;20;4;InsertionSort;35613;11871;0;13730
1000;20;4;BubbleSort;382332;169422;10872;156310
1000;20;4;MergeSort;19952;5625;0;111210
1000;20;4;CountingSort;3001;0;0;10230
1000;20;4;QuickSort;37211;16427;6258;38030
1000;20;4;InsertionSort;33141;11047;0;15070
1000;20;4;BubbleSort;385520;172664;10048;154771
1000;20;4;MergeSort;19952;5629;0;104431
1000;20;4;CountingSort;3001;0;0;8690
1000;20;4;QuickSort;36202;15547;6206;31840
1000;20;4;InsertionSort;32991;10997;0;11990
1000;20;4;BubbleSort;383702;171855;9998;175380
1000;20;4;MergeSort;19952;5618;0;90240
1000;20;4;CountingSort;3001;0;0;8160
1000;20;4;QuickSort;37939;15955;6666;39960
1000;20;4;InsertionSort;32115;10705;0;6820
1000;20;4;BubbleSort;362962;162069;9706;209880
1000;20;4;MergeSort;19952;5582;0;121700
1000;20;4;CountingSort;3001;0;0;12730
1000;20;4;QuickSort;38719;17176;6510;36670
1000;20;4;InsertionSort;33069;11023;0;10890
1000;20;4;BubbleSort;377314;168609;10024;192351
1000;20;4;MergeSort;19952;5618;0;106851
1000;20;4;CountingSort;3001;0;0;10740
1000;20;4;QuickSort;37414;15910;6499;31430
1000;20;4;InsertionSort;34662;11554;0;7440
1000;20;4;BubbleSort;390778;174279;10555;215831
1000;20;4;MergeSort;19952;5605;0;168790
1000;20;4;CountingSort;3001;0;0;9150
1000;20;4;QuickSort;41489;17801;7231;37250
1000;20;4;InsertionSort;31842;10614;0;10970
1000;20;4;BubbleSort;387018;174279;9615;147880
1000;20;4;MergeSort;19952;5623;0;65020
1000;20;4;CountingSort;3001;0;0;8130
1000;20;4;QuickSort;37873;16387;6502;39140
1000;20;4;InsertionSort;32091;10697;0;6530
1000;20;4;BubbleSort;382502;171855;9698;131811
1000;20;4;MergeSort;19952;5618;0;71040
1000;20;4;CountingSort;3001;0;0;10710
1000;20;4;QuickSort;35112;15063;6022;41180
1000;20;4;InsertionSort;32346;10782;0;15740
1000;20;4;BubbleSort;382842;171855;9783;160840
1000;20;4;MergeSort;19952;5611;0;78120
1000;20;4;CountingSort;3001;0;0;8430
1000;20;4;QuickSort;38018;15791;6740;36850
1000;20;4;InsertionSort;32907;10969;0;13410
1000;20;4;BubbleSort;380348;170234;9970;201361
1000;20;4;MergeSort;19952;5612;0;66471
1000;20;4;CountingSort;3001;0;0;8460
1000;20;4;QuickSort;42389;18137;7427;32230
1000;20;4;InsertionSort;34566;11522;0;11530
1000;20;4;BubbleSort;367872;162890;10523;227530
1000;20;4;MergeSort;19952;5592;0;80870
1000;20;4;CountingSort;3001;0;0;9750
1000;20;4;QuickSort;38954;16760;6733;40520
1000;20;4;InsertionSort;34374;11458;0;8740
1000;20;4;BubbleSort;383926;171045;10459;241061
1000;20;4;MergeSort;19952;5624;0;172961
1000;20;4;CountingSort;3001;0;0;10260
1000;20;4;QuickSort;38818;16720;6697;39490
1000;20;4;InsertionSort;29895;9965;0;19920
1000;20;4;BubbleSort;353414;158775;8966;229381
1000;20;4;MergeSort;19952;5627;0;125741
1000;20;4;CountingSort;3001;0;0;8190
1000;20;4;QuickSort;36793;15259;6509;45200
1000;20;4;InsertionSort;34140;11380;0;16390
1000;20;4;BubbleSort;393304;175890;10381;240500
1000;20;4;MergeSort;19952;5616;0;88190
1000;20;4;CountingSort;3001;0;0;10310
1000;20;4;QuickSort;35628;14964;6211;37240
1000;20;4;InsertionSort;33384;11128;0;11600
1000;20;4;BubbleSort;385844;172664;10129;208271
1000;20;4;MergeSort;19952;5602;0;126181
1000;20;4;CountingSort;3001;0;0;8450
1000;20;4;QuickSort;33474;14580;5624;37150
1000;20;4;InsertionSort;34563;11521;0;9110
1000;20;4;BubbleSort;371146;164529;10522;213201
1000;20;4;MergeSort;19952;5610;0;120900
1000;20;4;CountingSort;3001;0;0;8030
1000;20;4;QuickSort;36837;15852;6339;39740
1000;20;4;InsertionSort;33120;11040;0;8890
1000;20;4;BubbleSort;367584;163710;10041;205721
1000;20;4;MergeSort;19952;5612;0;121510
1000;20;4;CountingSort;3001;0;0;7770
1000;20;4;QuickSort;40008;16656;7117;40060
1000;20;4;InsertionSort;33786;11262;0;8960
1000;20;4;BubbleSort;387996;173472;10263;173541
1000;20;4;MergeSort;19952;5632;0;126891
1000;20;4;CountingSort;3001;0;0;7960
1000;20;4;QuickSort;38338;15940;6800;51630
1000;20;4;InsertionSort;32439;10813;0;35460
1000;20;4;BubbleSort;360104;160424;9814;126150
1000;20;4;MergeSort;19952;5615;0;64100
1000;20;4;CountingSort;3001;0;0;7830
1000;20;4;QuickSort;39056;16286;6926;46040
1000;20;4;InsertionSort;32604;10868;0;19810
1000;20;4;BubbleSort;371804;166164;9869;187260
1000;20;4;MergeSort;19952;5613;0;77920
1000;20;4;CountingSort;3001;0;0;7390
1000;20;4;QuickSort;34689;15327;5788;38600
1000;20;4;InsertionSort;32850;10950;0;8830
1000;20;4;BubbleSort;388362;174279;9951;197791
1000;20;4;MergeSort;19952;5607;0;74670
1000;20;4;CountingSort;3001;0;0;10340
1000;20;4;QuickSort;44818;18955;7953;52891
1000;20;4;InsertionSort;31392;10464;0;15600
1000;20;4;BubbleSort;352104;157122;9465;204060
1000;20;4;MergeSort;19952;5611;0;130710
1000;20;4;CountingSort;3001;0;0;9880
1000;20;4;QuickSort;40674;16941;7252;42300
1000;20;4;InsertionSort;32766;10922;0;14220
1000;20;4;BubbleSort;376910;168609;9923;128791
1000;20;4;MergeSort;19952;5608;0;99531
1000;20;4;CountingSort;3001;0;0;10130
1000;20;4;QuickSort;37479;15402;6685;34080
1000;20;4;InsertionSort;34434;11478;0;12280
1000;20;4;BubbleSort;382384;170234;10479;253740
1000;20;4;MergeSort;19952;5623;0;154910
1000;30;1;CountingSort;3001;0;0;221971
1000;30;1;QuickSort;39102;16353;6912;1264523
1000;30;1;InsertionSort;286731;95577;0;5031584
1000;30;1;BubbleSort;1361562;491625;94578;9104245
1000;30;1;MergeSort;19952;8269;0;889033
1000;30;1;CountingSort;3001;0;0;108230
1000;30;1;QuickSort;36721;15472;6412;116930
1000;30;1;InsertionSort;275931;91977;0;2945199
1000;30;1;BubbleSort;1355080;495584;90978;3511839
1000;30;1;MergeSort;19952;8403;0;122930
1000;30;1;CountingSort;3001;0;0;93630
1000;30;1;QuickSort;41021;17636;7142;174470
1000;30;1;InsertionSort;292515;97505;0;1225533
1000;30;1;BubbleSort;1381832;497904;96506;858852
1000;30;1;MergeSort;19952;8358;0;139021
1000;30;1;CountingSort;3001;0;0;97190
1000;30;1;QuickSort;37660;15793;6622;175331
1000;30;1;InsertionSort;281026;93674;0;2090246
1000;30;1;BubbleSort;1360778;495035;92677;1226043
1000;30;1;MergeSort;19952;8327;0;136200
1000;30;1;CountingSort;3001;0;0;160151
1000;30;1;QuickSort;36749;15536;6404;360421
1000;30;1;InsertionSort;270987;90329;0;1069433
1000;30;1;BubbleSort;1351064;496872;89330;640092
1000;30;1;MergeSort;19952;8290;0;120750
1000;30;1;CountingSort;3001;0;0;119380
1000;30;1;QuickSort;36290;16136;6052;675012
1000;30;1;InsertionSort;284442;94814;0;3357669
1000;30;1;BubbleSort;1368560;496650;93815;1242964
1000;30;1;MergeSort;19952;8368;0;151841
1000;30;1;CountingSort;3001;0;0;128701
1000;30;1;QuickSort;38790;16383;6799;245051
1000;30;1;InsertionSort;280585;93527;0;235271
1000;30;1;BubbleSort;1352608;491244;92530;465281
1000;30;1;MergeSort;19952;8345;0;154001
1000;30;1;CountingSort;3001;0;0;85541
1000;30;1;QuickSort;36980;15908;6348;42631
1000;30;1;InsertionSort;277494;92498;0;1014623
1000;30;1;BubbleSort;1334894;484449;91499;1373864
1000;30;1;MergeSort;19952;8260;0;88860
1000;30;1;CountingSort;3001;0;0;114671
1000;30;1;QuickSort;39916;16834;7027;44640
1000;30;1;InsertionSort;282738;94246;0;83130
1000;30;1;BubbleSort;1357946;492479;93247;532371
1000;30;1;MergeSort;19952;8363;0;108680
1000;30;1;CountingSort;3001;0;0;121000
1000;30;1;QuickSort;46222;19135;8373;112101
1000;30;1;InsertionSort;276985;92327;0;42820
1000;30;1;BubbleSort;1361564;498122;91330;589932
1000;30;1;MergeSort;19952;8412;0;152150
1000;30;1;CountingSort;3001;0;0;153811
1000;30;1;QuickSort;37771;15664;6696;53001
1000;30;1;InsertionSort;290127;96709;0;71940
1000;30;1;BubbleSort;1372910;495035;95710;399391
1000;30;1;MergeSort;19952;8423;0;120670
1000;30;1;CountingSort;3001;0;0;127881
1000;30;1;QuickSort;44056;17983;8024;48571
1000;30;1;InsertionSort;283814;94602;0;290540
1000;30;1;BubbleSort;1371946;498759;93607;717082
1000;30;1;MergeSort;19952;8425;0;155780
1000;30;1;CountingSort;3001;0;0;119491
1000;30;1;QuickSort;40021;16573;7151;124671
1000;30;1;InsertionSort;259518;86506;0;69550
1000;30;1;BubbleSort;1336198;497085;85507;503611
1000;30;1;MergeSort;19952;8379;0;103840
1000;30;1;CountingSort;3001;0;0;134671
1000;30;1;QuickSort;40680;17535;7031;116271
1000;30;1;InsertionSort;269979;89993;0;90730
1000;30;1;BubbleSort;1352324;498174;88994;715662
1000;30;1;MergeSort;19952;8310;0;160320
1000;30;1;CountingSort;3001;0;0;144940
1000;30;1;QuickSort;35069;15122;5980;125960
1000;30;1;InsertionSort;284085;94695;0;71790
1000;30;1;BubbleSort;1366644;495930;93696;419151
1000;30;1;MergeSort;19952;8399;0;123770
1000;30;1;CountingSort;3001;0;0;148040
1000;30;1;QuickSort;39445;16318;7034;49220
1000;30;1;InsertionSort;273006;91002;0;220811
1000;30;1;BubbleSort;1351002;495495;90003;655802
1000;30;1;MergeSort;19952;8387;0;95451
1000;30;1;CountingSort;3001;0;0;62211
1000;30;1;QuickSort;43418;17669;7909;47651
1000;30;1;InsertionSort;280219;93405;0;57791
1000;30;1;BubbleSort;1362626;496497;92408;465361
1000;30;1;MergeSort;19952;8305;0;126480
1000;30;1;CountingSort;3001;0;0;38400
1000;30;1;QuickSort;45497;18803;8222;38310
1000;30;1;InsertionSort;270858;90286;0;81011
1000;30;1;BubbleSort;1355218;499035;89287;738903
1000;30;1;MergeSort;19952;8320;0;123780
1000;30;1;CountingSort;3001;0;0;21450
1000;30;1;QuickSort;40845;17289;7185;46430
1000;30;1;InsertionSort;282972;94324;0;64450
1000;30;1;BubbleSort;1359644;493172;93325;734632
1000;30;1;MergeSort;19952;8287;0;92530
1000;30;1;CountingSort;3001;0;0;17150
1000;30;1;QuickSort;35523;15096;6146;74840
1000;30;1;InsertionSort;261609;87203;0;74691
1000;30;1;BubbleSort;1338116;496650;86204;471441
1000;30;1;MergeSort;19952;8261;0;128530
1000;30;1;CountingSort;3001;0;0;20070
1000;30;1;QuickSort;37922;16067;6618;65081
1000;30;1;InsertionSort;275577;91859;0;76391
1000;30;1;BubbleSort;1353884;495222;90860;474731
1000;30;1;MergeSort;19952;8313;0;109420
1000;30;1;CountingSort;3001;0;0;21930
1000;30;1;QuickSort;40473;17190;7097;48301
1000;30;1;InsertionSort;282900;94300;0;221480
1000;30;1;BubbleSort;1368664;497730;93301;620091
1000;30;1;MergeSort;19952;8381;0;194060
1000;30;1;CountingSort;3001;0;0;1825485
1000;30;1;QuickSort;40183;17143;7016;87691
1000;30;1;InsertionSort;275841;91947;0;611842
1000;30;1;BubbleSort;1362286;499247;90948;992602
1000;30;1;MergeSort;19952;8248;0;96740
1000;30;1;CountingSort;3001;0;0;22040
1000;30;1;QuickSort;35311;15436;5964;49470
1000;30;1;InsertionSort;269127;89709;0;51600
1000;30;1;BubbleSort;1352118;498639;88710;510252
1000;30;1;MergeSort;19952;8342;0;168661
1000;30;1;CountingSort;3001;0;0;13631
1000;30;1;QuickSort;40592;17210;7135;40620
1000;30;1;InsertionSort;283932;94644;0;112311
1000;30;1;BubbleSort;1370274;497847;93645;622432
1000;30;1;MergeSort;19952;8353;0;132280
1000;30;1;CountingSort;3001;0;0;36830
1000;30;1;QuickSort;38520;16392;6710;56831
1000;30;1;InsertionSort;260073;86691;0;66181
1000;30;1;BubbleSort;1323136;490184;85692;531471
1000;30;1;MergeSort;19952;8272;0;92200
1000;30;1;CountingSort;3001;0;0;16330
1000;30;1;QuickSort;36176;15809;6127;48000
1000;30;1;InsertionSort;267663;89221;0;81180
1000;30;1;BubbleSort;1351678;499395;88222;636242
1000;30;1;MergeSort;19952;8416;0;156560
1000;30;1;CountingSort;3001;0;0;21070
1000;30;1;QuickSort;39782;16304;7158;48530
1000;30;1;InsertionSort;285543;95181;0;158341
1000;30;1;BubbleSort;1364598;493935;94182;630271
1000;30;1;MergeSort;19952;8417;0;167060
1000;30;1;CountingSort;3001;0;0;20080
1000;30;1;QuickSort;36095;15308;6267;48280
1000;30;1;InsertionSort;274884;91628;0;79710
1000;30;1;BubbleSort;1349084;493284;90629;575592
1000;30;1;MergeSort;19952;8315;0;124441
1000;30;1;CountingSort;3001;0;0;36630
1000;30;1;QuickSort;43517;18110;7799;56500
1000;30;1;InsertionSort;289104;96368;0;67550
1000;30;1;BubbleSort;1373166;495845;95369;794653
1000;30;1;MergeSort;19952;8327;0;196741
1000;30;1;CountingSort;3001;0;0;25490
1000;30;1;QuickSort;37646;15524;6714;58340
1000;30;1;InsertionSort;268966;89654;0;96400
1000;30;1;BubbleSort;1353628;499500;88657;459361
1000;30;1;MergeSort;19952;8352;0;64091
1000;30;1;CountingSort;3001;0;0;88521
1000;30;1;QuickSort;37918;16078;6618;98211
1000;30;1;InsertionSort;264909;88303;0;78001
1000;30;1;BubbleSort;1326754;488769;87304;936682
1000;30;1;MergeSort;19952;8331;0;108380
1000;30;1;CountingSort;3001;0;0;16780
1000;30;1;QuickSort;36010;15232;6263;66381
1000;30;1;InsertionSort;296835;98945;0;337861
1000;30;1;BubbleSort;1387244;497730;97946;984982
1000;30;1;MergeSort;19952;8399;0;63410
1000;30;1;CountingSort;3001;0;0;22550
1000;30;1;QuickSort;45493;19390;8037;70670
1000;30;1;InsertionSort;284369;94785;0;97700
1000;30;1;BubbleSort;1374040;499434;93793;1100483
1000;30;1;MergeSort;19952;8322;0;103200
1000;30;1;CountingSort;3001;0;0;20410
1000;30;1;QuickSort;40235;17222;6993;62920
1000;30;1;InsertionSort;272772;90924;0;69020
1000;30;1;BubbleSort;1357218;498759;89925;1001743
1000;30;1;MergeSort;19952;8357;0;97741
1000;30;1;CountingSort;3001;0;0;10150
1000;30;1;QuickSort;39297;16629;6897;45280
1000;30;1;InsertionSort;248619;82873;0;56950
1000;30;1;BubbleSort;1301374;486939;81874;956423
1000;30;1;MergeSort;19952;8327;0;91280
1000;30;1;CountingSort;3001;0;0;9490
1000;30;1;QuickSort;37894;16531;6447;49921
1000;30;1;InsertionSort;279474;93158;0;191411
1000;30;1;BubbleSort;1366076;498720;92159;1120703
1000;30;1;MergeSort;19952;8239;0;119150
1000;30;1;CountingSort;3001;0;0;9110
1000;30;1;QuickSort;41418;16875;7504;48580
1000;30;1;InsertionSort;280681;93559;0;76390
1000;30;1;BubbleSort;1368786;499269;92562;1054883
1000;30;1;MergeSort;19952;8219;0;109330
1000;30;1;CountingSort;3001;0;0;9390
1000;30;1;QuickSort;40972;17044;7322;61950
1000;30;1;InsertionSort;283794;94598;0;74140
1000;30;1;BubbleSort;1359116;492360;93599;951713
1000;30;1;MergeSort;19952;8407;0;96361
1000;30;1;CountingSort;3001;0;0;7490
1000;30;1;QuickSort;36470;15872;6205;66950
1000;30;1;InsertionSort;290938;96978;0;82570
1000;30;1;BubbleSort;1374368;495222;95981;416552
1000;30;1;MergeSort;19952;8260;0;112610
1000;30;1;CountingSort;3001;0;0;9060
1000;30;1;QuickSort;34291;14725;5854;46730
1000;30;1;InsertionSort;282237;94079;0;83460
1000;30;1;BubbleSort;1365000;496340;93080;573511
1000;30;1;MergeSort;19952;8354;0;137310
1000;30;1;CountingSort;3001;0;0;7590
1000;30;1;QuickSort;41411;17570;7280;79370
1000;30;1;InsertionSort;284907;94969;0;128520
1000;30;1;BubbleSort;1367048;495584;93970;489381
1000;30;1;MergeSort;19952;8363;0;92710
1000;30;1;CountingSort;3001;0;0;9110
1000;30;1;QuickSort;40442;17204;7073;50440
1000;30;1;InsertionSort;300885;100293;0;61741
1000;30;1;BubbleSort;1389048;495930;99297;593272
1000;30;1;MergeSort;19952;8305;0;138810
1000;30;1;CountingSort;3001;0;0;9350
1000;30;1;QuickSort;38495;16070;6806;64150
1000;30;1;InsertionSort;268671;89557;0;590161
1000;30;1;BubbleSort;1348540;497154;88558;870812
1000;30;1;MergeSort;19952;8393;0;92460
1000;30;1;CountingSort;3001;0;0;8930
1000;30;1;QuickSort;37660;16078;6522;48180
1000;30;1;InsertionSort;289938;96646;0;60691
1000;30;1;BubbleSort;1378618;498015;95647;502402
1000;30;1;MergeSort;19952;8346;0;144080
1000;30;1;CountingSort;3001;0;0;15400
1000;30;1;QuickSort;39655;16933;6913;49700
1000;30;1;InsertionSort;296451;98817;0;370431
1000;30;1;BubbleSort;1388866;498797;97818;665332
1000;30;1;MergeSort;19952;8328;0;138211
1000;30;1;CountingSort;3001;0;0;8720
1000;30;1;QuickSort;37141;16132;6335;51210
1000;30;1;InsertionSort;253488;84496;0;55830
1000;30;1;BubbleSort;1324246;495129;83497;395301
1000;30;1;MergeSort;19952;8446;0;109270
1000;30;1;CountingSort;3001;0;0;9600
1000;30;1;QuickSort;41357;17060;7437;64230
1000;30;1;InsertionSort;260214;86738;0;93760
1000;30;1;BubbleSort;1339200;498122;85739;468111
1000;30;1;MergeSort;19952;8410;0;117581
1000;30;1;CountingSort;3001;0;0;9950
1000;30;1;QuickSort;39473;16754;6908;53950
1000;30;1;InsertionSort;280675;93557;0;63860
1000;30;1;BubbleSort;1362434;496097;92560;404571
1000;30;1;MergeSort;19952;8247;0;87240
1000;30;1;CountingSort;3001;0;0;9760
1000;30;1;QuickSort;38618;16547;6690;62460
1000;30;1;InsertionSort;271963;90653;0;70350
1000;30;1;BubbleSort;1357622;499499;89656;503061
1000;30;1;MergeSort;19952;8382;0;99520
1000;30;1;CountingSort;3001;0;0;15090
1000;30;1;QuickSort;38987;16178;6934;55730
1000;30;1;InsertionSort;261271;87089;0;84311
1000;30;1;BubbleSort;1331158;493395;86092;457492
1000;30;1;MergeSort;19952;8296;0;101630
1000;30;1;CountingSort;3001;0;0;8920
1000;30;1;QuickSort;40811;17708;7027;79630
1000;30;1;InsertionSort;279228;93076;0;111620
1000;30;1;BubbleSort;1363148;497420;92077;535241
1000;30;1;MergeSort;19952;8299;0;120370
1000;30;1;CountingSort;3001;0;0;15610
1000;30;1;QuickSort;35851;15202;6223;80071
1000;30;1;InsertionSort;283236;94412;0;72341
1000;30;1;BubbleSort;1370202;498275;93413;407442
1000;30;1;MergeSort;19952;8290;0;130310
1000;30;1;CountingSort;3001;0;0;9720
1000;30;1;QuickSort;35707;15187;6176;58650
1000;30;1;InsertionSort;272382;90794;0;57210
1000;30;1;BubbleSort;1343660;492240;89795;645591
1000;30;1;MergeSort;19952;8326;0;95430
1000;30;1;CountingSort;3001;0;0;9150
1000;30;1;QuickSort;40789;17095;7232;109771
1000;30;1;InsertionSort;271167;90389;0;88261
1000;30;1;BubbleSort;1349078;495759;89390;591662
1000;30;1;MergeSort;19952;8327;0;83091
1000;30;1;CountingSort;3001;0;0;19950
1000;30;1;QuickSort;36582;15312;6424;58241
1000;30;1;InsertionSort;271431;90477;0;56460
1000;30;1;BubbleSort;1351510;496799;89478;608021
1000;30;1;MergeSort;19952;8296;0;159800
1000;30;1;CountingSort;3001;0;0;15260
1000;30;1;QuickSort;37041;16494;6174;51850
1000;30;1;InsertionSort;281653;93883;0;71370
1000;30;1;BubbleSort;1363902;496179;92886;557562
1000;30;1;MergeSort;19952;8351;0;126911
1000;30;1;CountingSort;3001;0;0;9320
1000;30;1;QuickSort;45221;18419;8264;50610
1000;30;1;InsertionSort;275835;91945;0;46490
1000;30;1;BubbleSort;1344962;490589;90946;497972
1000;30;1;MergeSort;19952;8299;0;144021
1000;30;1;CountingSort;3001;0;0;11580
1000;30;1;QuickSort;39137;16514;6862;50390
1000;30;1;InsertionSort;278637;92879;0;78260
1000;30;1;BubbleSort;1358510;495495;91880;499011
1000;30;1;MergeSort;19952;8338;0;109410
1000;30;1;CountingSort;3001;0;0;7670
1000;30;1;QuickSort;39361;16762;6874;60281
1000;30;1;InsertionSort;289878;96626;0;69571
1000;30;1;BubbleSort;1365506;491499;95627;500331
1000;30;1;MergeSort;19952;8314;0;85240
1000;30;1;CountingSort;3001;0;0;9230
1000;30;1;QuickSort;37217;16142;6358;70730
1000;30;1;InsertionSort;267087;89029;0;76130
1000;30;1;BubbleSort;1340408;494144;88030;468521
1000;30;1;MergeSort;19952;8278;0;97101
1000;30;1;CountingSort;3001;0;0;8970
1000;30;1;QuickSort;36141;15627;6165;63570
1000;30;1;InsertionSort;276738;92246;0;386031
1000;30;1;BubbleSort;1358136;496574;91247;900313
1000;30;1;MergeSort;19952;8357;0;80420
1000;30;1;CountingSort;3001;0;0;7460
1000;30;1;QuickSort;36867;15792;6360;39110
1000;30;1;InsertionSort;264111;88037;0;40501
1000;30;1;BubbleSort;1342730;497289;87038;584892
1000;30;1;MergeSort;19952;8308;0;139141
1000;30;1;CountingSort;3001;0;0;7590
1000;30;1;QuickSort;40266;17232;7006;49730
1000;30;1;InsertionSort;285369;95123;0;160900
1000;30;1;BubbleSort;1369016;496260;94124;636171
1000;30;1;MergeSort;19952;8336;0;172481
1000;30;1;CountingSort;3001;0;0;8890
1000;30;1;QuickSort;42512;17258;7745;55521
1000;30;1;InsertionSort;281884;93960;0;387161
1000;30;1;BubbleSort;1355600;491874;92963;916152
1000;30;1;MergeSort;19952;8391;0;98140
1000;30;1;CountingSort;3001;0;0;12770
1000;30;1;QuickSort;44416;18370;8021;49840
1000;30;1;InsertionSort;276687;92229;0;59590
1000;30;1;BubbleSort;1329138;482109;91230;716152
1000;30;1;MergeSort;19952;8372;0;162310
1000;30;1;CountingSort;3001;0;0;8890
1000;30;1;QuickSort;36565;15322;6414;56760
1000;30;1;InsertionSort;270910;90302;0;289151
1000;30;1;BubbleSort;1352060;497420;89305;715632
1000;30;1;MergeSort;19952;8406;0;80360
1000;30;1;CountingSort;3001;0;0;8810
1000;30;1;QuickSort;43683;18654;7676;52090
1000;30;1;InsertionSort;272829;90943;0;43480
1000;30;1;BubbleSort;1346786;493505;89944;591412
1000;30;1;MergeSort;19952;8290;0;153151
1000;30;1;CountingSort;3001;0;0;9260
1000;30;1;QuickSort;35426;15122;6106;107630
1000;30;1;InsertionSort;279685;93227;0;72830
1000;30;1;BubbleSort;1367218;499149;92230;598652
1000;30;1;MergeSort;19952;8263;0;111960
1000;30;1;CountingSort;3001;0;0;8950
1000;30;1;QuickSort;40235;17048;7080;48580
1000;30;1;InsertionSort;279785;93259;0;72320
1000;30;1;BubbleSort;1365606;498275;92264;603862
1000;30;1;MergeSort;19952;8362;0;155711
1000;30;1;CountingSort;3001;0;0;9050
1000;30;1;QuickSort;34213;14635;5860;38440
1000;30;1;InsertionSort;301689;100563;0;352690
1000;30;1;BubbleSort;1373694;487719;99564;682991
1000;30;1;MergeSort;19952;8257;0;103530
1000;30;1;CountingSort;3001;0;0;9420
1000;30;1;QuickSort;37109;15842;6431;71941
1000;30;1;InsertionSort;280179;93393;0;89811
1000;30;1;BubbleSort;1366770;498597;92394;503651
1000;30;1;MergeSort;19952;8281;0;132520
1000;30;1;CountingSort;3001;0;0;9130
1000;30;1;QuickSort;35585;15476;6044;38570
1000;30;1;InsertionSort;270489;90163;0;55380
1000;30;1;BubbleSort;1350826;497085;89164;521481
1000;30;1;MergeSort;19952;8311;0;78380
1000;30;1;CountingSort;3001;0;0;8940
1000;30;1;QuickSort;39269;16550;6915;49201
1000;30;1;InsertionSort;276817;92271;0;44280
1000;30;1;BubbleSort;1352966;493935;91274;618712
1000;30;1;MergeSort;19952;8306;0;159851
1000;30;1;CountingSort;3001;0;0;9200
1000;30;1;QuickSort;35406;14988;6142;46900
1000;30;1;InsertionSort;270520;90172;0;157860
1000;30;1;BubbleSort;1342360;492830;89175;702752
1000;30;1;MergeSort;19952;8363;0;173711
1000;30;1;CountingSort;3001;0;0;16770
1000;30;1;QuickSort;39334;16039;7112;46840
1000;30;1;InsertionSort;283177;94389;0;70090
1000;30;1;BubbleSort;1363650;495035;93395;491002
1000;30;1;MergeSort;19952;8432;0;78511
1000;30;1;CountingSort;3001;0;0;7440
1000;30;1;QuickSort;38778;16458;6780;49280
1000;30;1;InsertionSort;285463;95153;0;306411
1000;30;1;BubbleSort;1361344;492360;94156;635552
1000;30;1;MergeSort;19952;8169;0;136671
1000;30;1;CountingSort;3001;0;0;13290
1000;30;1;QuickSort;36969;15639;6446;52960
1000;30;1;InsertionSort;286336;95444;0;90660
1000;30;1;BubbleSort;1368956;495584;94447;736252
1000;30;1;MergeSort;19952;8306;0;140030
1000;30;1;CountingSort;3001;0;0;8860
1000;30;1;QuickSort;37305;15669;6553;61630
1000;30;1;InsertionSort;264979;88325;0;59090
1000;30;1;BubbleSort;1339940;495314;87328;405511
1000;30;1;MergeSort;19952;8305;0;89520
1000;30;1;CountingSort;3001;0;0;8910
1000;30;1;QuickSort;36361;15457;6308;61380
1000;30;1;InsertionSort;291192;97064;0;69070
1000;30;1;BubbleSort;1381928;498834;96065;521902
1000;30;1;MergeSort;19952;8301;0;95771
1000;30;1;CountingSort;3001;0;0;8810
1000;30;1;QuickSort;43660;17707;7994;59860
1000;30;1;InsertionSort;300667;100221;0;61301
1000;30;1;BubbleSort;1395686;499395;99224;612332
1000;30;1;MergeSort;19952;8361;0;147070
1000;30;1;CountingSort;3001;0;0;8600
1000;30;1;QuickSort;37127;16076;6354;81630
1000;30;1;InsertionSort;289641;96547;0;324721
1000;30;1;BubbleSort;1362560;490184;95548;603632
1000;30;1;MergeSort;19952;8231;0;113230
1000;30;1;CountingSort;3001;0;0;9400
1000;30;1;QuickSort;37204;15838;6442;39100
1000;30;1;InsertionSort;280755;93585;0;211491
1000;30;1;BubbleSort;1369038;499347;92586;847852
1000;30;1;MergeSort;19952;8450;0;117810
1000;30;1;CountingSort;3001;0;0;14440
1000;30;1;QuickSort;37771;16333;6490;38720
1000;30;1;InsertionSort;270126;90042;0;41520
1000;30;1;BubbleSort;1345666;494747;89043;504361
1000;30;1;MergeSort;19952;8354;0;106750
1000;30;1;CountingSort;3001;0;0;9340
1000;30;1;QuickSort;37696;15841;6614;48120
1000;30;1;InsertionSort;267000;89000;0;57501
1000;30;1;BubbleSort;1345892;496944;88001;408652
1000;30;1;MergeSort;19952;8334;0;97740
1000;30;1;CountingSort;3001;0;0;15190
1000;30;1;QuickSort;35947;15526;6146;38630
1000;30;1;InsertionSort;269883;89961;0;51460
1000;30;1;BubbleSort;1353658;498905;88962;384771
1000;30;1;MergeSort;19952;8357;0;95020
1000;30;1;CountingSort;3001;0;0;10540
1000;30;1;QuickSort;36187;15526;6206;81721
1000;30;1;InsertionSort;289170;96390;0;90311
1000;30;1;BubbleSort;1374712;496574;95391;517831
1000;30;1;MergeSort;19952;8350;0;105090
1000;30;1;CountingSort;3001;0;0;9500
1000;30;1;QuickSort;34322;14666;5895;45330
1000;30;1;InsertionSort;276307;92101;0;90490
1000;30;1;BubbleSort;1337976;486780;91104;467431
1000;30;1;MergeSort;19952;8304;0;126860
1000;30;1;CountingSort;3001;0;0;7790
1000;30;1;QuickSort;40240;16924;7096;60320
1000;30;1;InsertionSort;282063;94021;0;87621
1000;30;1;BubbleSort;1369196;498554;93022;559001
1000;30;1;MergeSort;19952;8325;0;126860
1000;30;1;CountingSort;3001;0;0;8970
1000;30;1;QuickSort;39157;16372;6929;62890
1000;30;1;InsertionSort;261150;87050;0;83340
1000;30;1;BubbleSort;1339044;497420;86051;573482
1000;30;1;MergeSort;19952;8343;0;136030
1000;30;1;CountingSort;3001;0;0;20790
1000;30;1;QuickSort;35710;14935;6247;52770
1000;30;1;InsertionSort;287706;95902;0;54641
1000;30;1;BubbleSort;1377206;498797;94903;518641
1000;30;1;MergeSort;19952;8370;0;93750
1000;30;1;CountingSort;3001;0;0;9110
1000;30;1;QuickSort;45147;19440;7895;58820
1000;30;1;InsertionSort;289444;96480;0;66520
1000;30;1;BubbleSort;1379810;498939;95483;624612
1000;30;1;MergeSort;19952;8256;0;143901
1000;30;1;CountingSort;3001;0;0;9070
1000;30;1;QuickSort;43559;18002;7855;52310
1000;30;1;InsertionSort;292014;97338;0;56980
1000;30;1;BubbleSort;1381386;498015;96339;511131
1000;30;1;MergeSort;19952;8236;0;94730
1000;30;1;CountingSort;3001;0;0;9050
1000;30;1;QuickSort;37239;15621;6531;69761
1000;30;1;InsertionSort;282777;94259;0;583742
1000;30;1;BubbleSort;1371578;499269;93260;1021292
1000;30;1;MergeSort;19952;8239;0;117480
1000;30;1;CountingSort;3001;0;0;9900
1000;30;1;QuickSort;39239;16256;6986;55280
1000;30;1;InsertionSort;291189;97063;0;213211
1000;30;1;BubbleSort;1379096;497420;96064;695452
1000;30;1;MergeSort;19952;8391;0;152731
1000;30;1;CountingSort;3001;0;0;9840
1000;30;1;QuickSort;42027;17721;7433;55980
1000;30;1;InsertionSort;291204;97068;0;87831
1000;30;1;BubbleSort;1377270;496497;96069;555281
1000;30;1;MergeSort;19952;8285;0;130650
1000;30;1;CountingSort;3001;0;0;9670
1000;30;1;QuickSort;37471;15766;6561;50370
1000;30;1;InsertionSort;273418;91138;0;81840
1000;30;1;BubbleSort;1358964;499200;90141;592812
1000;30;1;MergeSort;19952;8351;0;121231
1000;30;1;CountingSort;3001;0;0;9360
1000;30;1;QuickSort;40902;17283;7214;42320
1000;30;1;InsertionSort;288696;96232;0;405411
1000;30;1;BubbleSort;1379822;499445;95233;755892
1000;30;1;MergeSort;19952;8351;0;93490
1000;30;1;CountingSort;3001;0;0;9320
1000;30;1;QuickSort;38313;16029;6764;39160
1000;30;1;InsertionSort;282735;94245;0;72540
1000;30;1;BubbleSort;1371228;499122;93246;499611
1000;30;1;MergeSort;19952;8404;0;157470
1000;30;1;CountingSort;3001;0;0;9210
1000;30;1;QuickSort;37649;15806;6608;39820
1000;30;1;InsertionSort;302442;100814;0;146781
1000;30;1;BubbleSort;1386918;493829;99815;551582
1000;30;1;MergeSort;19952;8379;0;140941
1000;30;2;CountingSort;3001;0;0;182891
1000;30;2;QuickSort;36941;16079;6286;1535315
1000;30;2;InsertionSort;73051;24347;0;2060086
1000;30;2;BubbleSort;593270;249929;23353;5553705
1000;30;2;MergeSort;19952;5833;0;1117573
1000;30;2;CountingSort;3001;0;0;121670
1000;30;2;QuickSort;38607;16065;6855;216710
1000;30;2;InsertionSort;73104;24366;0;2578607
1000;30;2;BubbleSort;586248;246384;23370;848963
1000;30;2;MergeSort;19952;5847;0;131211
1000;30;2;CountingSort;3001;0;0;99430
1000;30;2;QuickSort;38075;16382;6567;149150
1000;30;2;InsertionSort;67804;22598;0;1616524
1000;30;2;BubbleSort;561964;237774;21604;1768845
1000;30;2;MergeSort;19952;5842;0;98960
1000;30;2;CountingSort;3001;0;0;101490
1000;30;2;QuickSort;34467;15003;5822;152650
1000;30;2;InsertionSort;69957;23317;0;280491
1000;30;2;BubbleSort;567722;239219;22321;272191
1000;30;2;MergeSort;19952;5832;0;157921
1000;30;2;CountingSort;3001;0;0;124300
1000;30;2;QuickSort;36704;15425;6423;259121
1000;30;2;InsertionSort;66568;22186;0;287941
1000;30;2;BubbleSort;568962;242097;21192;240261
1000;30;2;MergeSort;19952;5840;0;152201
1000;30;2;CountingSort;3001;0;0;127311
1000;30;2;QuickSort;40502;17159;7125;741763
1000;30;2;InsertionSort;68098;22696;0;208171
1000;30;2;BubbleSort;560908;237050;21702;148740
1000;30;2;MergeSort;19952;5845;0;124910
1000;30;2;CountingSort;3001;0;0;162430
1000;30;2;QuickSort;41770;17215;7513;708622
1000;30;2;InsertionSort;71175;23719;0;205611
1000;30;2;BubbleSort;532654;220869;22729;244301
1000;30;2;MergeSort;19952;5825;0;128480
1000;30;2;CountingSort;3001;0;0;157521
1000;30;2;QuickSort;40916;17141;7257;501642
1000;30;2;InsertionSort;70064;23352;0;156031
1000;30;2;BubbleSort;566422;238497;22357;259181
1000;30;2;MergeSort;19952;5832;0;102930
1000;30;2;CountingSort;3001;0;0;88560
1000;30;2;QuickSort;41807;17081;7572;41100
1000;30;2;InsertionSort;68497;22829;0;523682
1000;30;2;BubbleSort;582950;247805;21835;669032
1000;30;2;MergeSort;19952;5834;0;101570
1000;30;2;CountingSort;3001;0;0;97011
1000;30;2;QuickSort;40226;16526;7233;40620
1000;30;2;InsertionSort;70159;23385;0;382561
1000;30;2;BubbleSort;553460;231954;22388;487981
1000;30;2;MergeSort;19952;5846;0;160680
1000;30;2;CountingSort;3001;0;0;117890
1000;30;2;QuickSort;36905;16064;6288;31710
1000;30;2;InsertionSort;73593;24527;0;243191
1000;30;2;BubbleSort;591164;248514;23534;445441
1000;30;2;MergeSort;19952;5852;0;154301
1000;30;2;CountingSort;3001;0;0;100141
1000;30;2;QuickSort;38472;16461;6661;45600
1000;30;2;InsertionSort;66695;22229;0;281880
1000;30;2;BubbleSort;571996;243530;21234;415651
1000;30;2;MergeSort;19952;5843;0;95590
1000;30;2;CountingSort;3001;0;0;89851
1000;30;2;QuickSort;39892;16900;6997;30720
1000;30;2;InsertionSort;68594;22860;0;203570
1000;30;2;BubbleSort;585916;249222;21868;454961
1000;30;2;MergeSort;19952;5822;0;116000
1000;30;2;CountingSort;3001;0;0;144251
1000;30;2;QuickSort;34702;15457;5759;36021
1000;30;2;InsertionSort;75968;25318;0;24800
1000;30;2;BubbleSort;595748;249222;24326;362251
1000;30;2;MergeSort;19952;5856;0;133570
1000;30;2;CountingSort;3001;0;0;100720
1000;30;2;QuickSort;37454;16637;6277;80060
1000;30;2;InsertionSort;71422;23804;0;26530
1000;30;2;BubbleSort;546334;227547;22810;275711
1000;30;2;MergeSort;19952;5847;0;156361
1000;30;2;CountingSort;3001;0;0;169040
1000;30;2;QuickSort;37748;15710;6664;78410
1000;30;2;InsertionSort;68646;22880;0;21470
1000;30;2;BubbleSort;533744;223104;21884;233631
1000;30;2;MergeSort;19952;5837;0;144731
1000;30;2;CountingSort;3001;0;0;79320
1000;30;2;QuickSort;37734;16017;6571;66120
1000;30;2;InsertionSort;71548;23846;0;12440
1000;30;2;BubbleSort;575602;242097;22852;179281
1000;30;2;MergeSort;19952;5819;0;73161
1000;30;2;CountingSort;3001;0;0;28871
1000;30;2;QuickSort;36186;15891;6106;39370
1000;30;2;InsertionSort;67884;22624;0;22280
1000;30;2;BubbleSort;562072;237774;21631;148520
1000;30;2;MergeSort;19952;5842;0;66730
1000;30;2;CountingSort;3001;0;0;17120
1000;30;2;QuickSort;34990;14998;5995;41390
1000;30;2;InsertionSort;71230;23740;0;18960
1000;30;2;BubbleSort;582328;245672;22746;171631
1000;30;2;MergeSort;19952;5853;0;98191
1000;30;2;CountingSort;3001;0;0;25120
1000;30;2;QuickSort;36443;15290;6394;42530
1000;30;2;InsertionSort;68694;22896;0;22810
1000;30;2;BubbleSort;577518;244959;21900;170890
1000;30;2;MergeSort;19952;5825;0;96110
1000;30;2;CountingSort;3001;0;0;20451
1000;30;2;QuickSort;38032;15727;6764;62680
1000;30;2;InsertionSort;70939;23643;0;18220
1000;30;2;BubbleSort;579086;244245;22649;223330
1000;30;2;MergeSort;19952;5853;0;123960
1000;30;2;CountingSort;3001;0;0;22320
1000;30;2;QuickSort;38323;15646;6882;34410
1000;30;2;InsertionSort;70785;23591;0;12430
1000;30;2;BubbleSort;577452;243530;22598;234120
1000;30;2;MergeSort;19952;5846;0;123410
1000;30;2;CountingSort;3001;0;0;20100
1000;30;2;QuickSort;38131;15928;6730;42900
1000;30;2;InsertionSort;70563;23517;0;17890
1000;30;2;BubbleSort;585706;247805;22524;1217754
1000;30;2;MergeSort;19952;5828;0;1036953
1000;30;2;CountingSort;3001;0;0;22760
1000;30;2;QuickSort;34750;14776;5988;34500
1000;30;2;InsertionSort;70577;23525;0;19970
1000;30;2;BubbleSort;569988;239940;22527;178290
1000;30;2;MergeSort;19952;5830;0;83751
1000;30;2;CountingSort;3001;0;0;19310
1000;30;2;QuickSort;42457;17440;7678;76601
1000;30;2;InsertionSort;64641;21545;0;24860
1000;30;2;BubbleSort;557744;237774;20549;247670
1000;30;2;MergeSort;19952;5832;0;60860
1000;30;2;CountingSort;3001;0;0;32591
1000;30;2;QuickSort;36364;15619;6254;33930
1000;30;2;InsertionSort;70137;23375;0;15130
1000;30;2;BubbleSort;586556;248514;22382;166760
1000;30;2;MergeSort;19952;5839;0;68210
1000;30;2;CountingSort;3001;0;0;20520
1000;30;2;QuickSort;42141;17514;7550;54760
1000;30;2;InsertionSort;71165;23717;0;15790
1000;30;2;BubbleSort;559188;234144;22725;164320
1000;30;2;MergeSort;19952;5843;0;90891
1000;30;2;CountingSort;3001;0;0;17431
1000;30;2;QuickSort;37718;15587;6711;33910
1000;30;2;InsertionSort;71170;23718;0;20930
1000;30;2;BubbleSort;565008;237050;22727;154920
1000;30;2;MergeSort;19952;5847;0;79200
1000;30;2;CountingSort;3001;0;0;20540
1000;30;2;QuickSort;34329;14958;5789;33020
1000;30;2;InsertionSort;69703;23231;0;12290
1000;30;2;BubbleSort;529192;220122;22237;236811
1000;30;2;MergeSort;19952;5838;0;95950
1000;30;2;CountingSort;3001;0;0;21710
1000;30;2;QuickSort;35717;14963;6252;44650
1000;30;2;InsertionSort;72368;24120;0;30730
1000;30;2;BubbleSort;593770;250635;23125;224041
1000;30;2;MergeSort;19952;5848;0;63770
1000;30;2;CountingSort;3001;0;0;19760
1000;30;2;QuickSort;42914;17363;7847;39750
1000;30;2;InsertionSort;69231;23073;0;41520
1000;30;2;BubbleSort;546360;229020;22080;254381
1000;30;2;MergeSort;19952;5844;0;107400
1000;30;2;CountingSort;3001;0;0;17750
1000;30;2;QuickSort;40882;17122;7246;37970
1000;30;2;InsertionSort;69796;23262;0;12620
1000;30;2;BubbleSort;583262;247095;22268;290070
1000;30;2;MergeSort;19952;5830;0;133870
1000;30;2;CountingSort;3001;0;0;16300
1000;30;2;QuickSort;39852;16707;7052;34430
1000;30;2;InsertionSort;69615;23201;0;12180
1000;30;2;BubbleSort;561482;236325;22208;260711
1000;30;2;MergeSort;19952;5837;0;120301
1000;30;2;CountingSort;3001;0;0;39190
1000;30;2;QuickSort;41902;17446;7480;68511
1000;30;2;InsertionSort;71604;23866;0;17490
1000;30;2;BubbleSort;522718;215619;22870;279520
1000;30;2;MergeSort;19952;5853;0;114720
1000;30;2;CountingSort;3001;0;0;20380
1000;30;2;QuickSort;40194;16779;7139;54191
1000;30;2;InsertionSort;71021;23669;0;29100
1000;30;2;BubbleSort;561906;235599;22677;252230
1000;30;2;MergeSort;19952;5832;0;86100
1000;30;2;CountingSort;3001;0;0;21590
1000;30;2;QuickSort;43246;17620;7870;70660
1000;30;2;InsertionSort;69394;23128;0;42560
1000;30;2;BubbleSort;581304;246384;22134;216691
1000;30;2;MergeSort;19952;5833;0;68530
1000;30;2;CountingSort;3001;0;0;62490
1000;30;2;QuickSort;38231;15857;6800;34280
1000;30;2;InsertionSort;73808;24598;0;18510
1000;30;2;BubbleSort;565622;235599;23606;303381
1000;30;2;MergeSort;19952;5842;0;149001
1000;30;2;CountingSort;3001;0;0;53800
1000;30;2;QuickSort;36447;15120;6423;40410
1000;30;2;InsertionSort;63610;21202;0;11460
1000;30;2;BubbleSort;572164;245672;20205;316771
1000;30;2;MergeSort;19952;5833;0;126200
1000;30;2;CountingSort;3001;0;0;76200
1000;30;2;QuickSort;37689;15978;6561;88260
1000;30;2;InsertionSort;71108;23702;0;38180
1000;30;2;BubbleSort;590674;249929;22704;329041
1000;30;2;MergeSort;19952;5846;0;123590
1000;30;2;CountingSort;3001;0;0;31040
1000;30;2;QuickSort;39046;16471;6863;54480
1000;30;2;InsertionSort;70227;23407;0;33140
1000;30;2;BubbleSort;534364;222360;22411;327951
1000;30;2;MergeSort;19952;5836;0;131160
1000;30;2;CountingSort;3001;0;0;19850
1000;30;2;QuickSort;37553;15605;6636;40660
1000;30;2;InsertionSort;72645;24209;0;17260
1000;30;2;BubbleSort;579936;243530;23219;215131
1000;30;2;MergeSort;19952;5829;0;67721
1000;30;2;CountingSort;3001;0;0;29991
1000;30;2;QuickSort;42307;17917;7465;54870
1000;30;2;InsertionSort;70934;23642;0;25940
1000;30;2;BubbleSort;594676;252044;22647;255500
1000;30;2;MergeSort;19952;5844;0;100880
1000;30;2;CountingSort;3001;0;0;29670
1000;30;2;QuickSort;38276;15731;6850;42000
1000;30;2;InsertionSort;69013;23001;0;11970
1000;30;2;BubbleSort;593522;252747;22007;301850
1000;30;2;MergeSort;19952;5831;0;142270
1000;30;2;CountingSort;3001;0;0;17910
1000;30;2;QuickSort;38177;16514;6548;45510
1000;30;2;InsertionSort;66179;22055;0;11840
1000;30;2;BubbleSort;559800;237774;21063;262480
1000;30;2;MergeSort;19952;5852;0;135700
1000;30;2;CountingSort;3001;0;0;16270
1000;30;2;QuickSort;36402;15684;6236;52590
1000;30;2;InsertionSort;67139;22377;0;27330
1000;30;2;BubbleSort;561076;237774;21382;239661
1000;30;2;MergeSort;19952;5818;0;99511
1000;30;2;CountingSort;3001;0;0;33190
1000;30;2;QuickSort;38243;16085;6721;56030
1000;30;2;InsertionSort;67563;22517;0;19920
1000;30;2;BubbleSort;576014;244959;21524;189290
1000;30;2;MergeSort;19952;5843;0;79640
1000;30;2;CountingSort;3001;0;0;10380
1000;30;2;QuickSort;44572;18472;8028;49800
1000;30;2;InsertionSort;75868;25286;0;51680
1000;30;2;BubbleSort;598438;250635;24292;211511
1000;30;2;MergeSort;19952;5830;0;78660
1000;30;2;CountingSort;3001;0;0;7090
1000;30;2;QuickSort;36811;15541;6422;33240
1000;30;2;InsertionSort;71008;23666;0;15200
1000;30;2;BubbleSort;533918;221615;22672;200541
1000;30;2;MergeSort;19952;5833;0;69910
1000;30;2;CountingSort;3001;0;0;7250
1000;30;2;QuickSort;36042;15633;6129;41670
1000;30;2;InsertionSort;71308;23768;0;16520
1000;30;2;BubbleSort;576712;242814;22771;249470
1000;30;2;MergeSort;19952;5834;0;123310
1000;30;2;CountingSort;3001;0;0;8830
1000;30;2;QuickSort;39180;15879;7094;34260
1000;30;2;InsertionSort;70511;23501;0;15090
1000;30;2;BubbleSort;562674;236325;22506;217331
1000;30;2;MergeSort;19952;5842;0;136141
1000;30;2;CountingSort;3001;0;0;10650
1000;30;2;QuickSort;41468;18104;7122;35510
1000;30;2;InsertionSort;68616;22866;0;13820
1000;30;2;BubbleSort;539644;226070;21876;294511
1000;30;2;MergeSort;19952;5833;0;121841
1000;30;2;CountingSort;3001;0;0;7550
1000;30;2;QuickSort;36297;16257;6021;44450
1000;30;2;InsertionSort;77017;25669;0;12930
1000;30;2;BubbleSort;594310;247805;24675;313591
1000;30;2;MergeSort;19952;5834;0;178271
1000;30;2;CountingSort;3001;0;0;7090
1000;30;2;QuickSort;41445;17124;7438;43580
1000;30;2;InsertionSort;70308;23434;0;23420
1000;30;2;BubbleSort;569632;239940;22438;306261
1000;30;2;MergeSort;19952;5838;0;131651
1000;30;2;CountingSort;3001;0;0;8790
1000;30;2;QuickSort;37353;15615;6586;40920
1000;30;2;InsertionSort;67852;22612;0;15140
1000;30;2;BubbleSort;583512;248514;21621;305891
1000;30;2;MergeSort;19952;5818;0;115701
1000;30;2;CountingSort;3001;0;0;7250
1000;30;2;QuickSort;39972;17091;6966;43260
1000;30;2;InsertionSort;61309;20431;0;21410
1000;30;2;BubbleSort;525454;223847;19440;225890
1000;30;2;MergeSort;19952;5834;0;148100
1000;30;2;CountingSort;3001;0;0;8350
1000;30;2;QuickSort;38961;15969;7002;55300
1000;30;2;InsertionSort;71277;23753;0;31840
1000;30;2;BubbleSort;583820;246384;22763;192881
1000;30;2;MergeSort;19952;5835;0;66621
1000;30;2;CountingSort;3001;0;0;14830
1000;30;2;QuickSort;36716;15419;6431;38740
1000;30;2;InsertionSort;76649;25547;0;19430
1000;30;2;BubbleSort;595236;248514;24552;203321
1000;30;2;MergeSort;19952;5837;0;66281
1000;30;2;CountingSort;3001;0;0;6920
1000;30;2;QuickSort;36185;15377;6269;46211
1000;30;2;InsertionSort;69591;23193;0;29370
1000;30;2;BubbleSort;554170;232685;22200;276990
1000;30;2;MergeSort;19952;5819;0;120680
1000;30;2;CountingSort;3001;0;0;8660
1000;30;2;QuickSort;38647;16489;6709;34210
1000;30;2;InsertionSort;71988;23992;0;20740
1000;30;2;BubbleSort;581914;244959;22999;201311
1000;30;2;MergeSort;19952;5817;0;65201
1000;30;2;CountingSort;3001;0;0;8640
1000;30;2;QuickSort;34950;15339;5870;46870
1000;30;2;InsertionSort;70038;23342;0;24300
1000;30;2;BubbleSort;587840;249222;22349;215010
1000;30;2;MergeSort;19952;5844;0;80000
1000;30;2;CountingSort;3001;0;0;8720
1000;30;2;QuickSort;35925;15525;6134;46770
1000;30;2;InsertionSort;67368;22452;0;76860
1000;30;2;BubbleSort;591330;252747;21459;254041
1000;30;2;MergeSort;19952;5824;0;95461
1000;30;2;CountingSort;3001;0;0;7330
1000;30;2;QuickSort;44452;19234;7740;60770
1000;30;2;InsertionSort;73449;24477;0;102110
1000;30;2;BubbleSort;585292;245672;23487;255741
1000;30;2;MergeSort;19952;5843;0;83610
1000;30;2;CountingSort;3001;0;0;8670
1000;30;2;QuickSort;37578;16242;6428;55980
1000;30;2;InsertionSort;65790;21928;0;33610
1000;30;2;BubbleSort;553472;234872;20932;227501
1000;30;2;MergeSort;19952;5849;0;82730
1000;30;2;CountingSort;3001;0;0;9040
1000;30;2;QuickSort;38875;16123;6914;55361
1000;30;2;InsertionSort;71293;23761;0;51141
1000;30;2;BubbleSort;588096;248514;22767;315010
1000;30;2;MergeSort;19952;5841;0;89180
1000;30;2;CountingSort;3001;0;0;8570
1000;30;2;QuickSort;38159;15881;6757;41070
1000;30;2;InsertionSort;74808;24932;0;15881
1000;30;2;BubbleSort;564044;234144;23939;379871
1000;30;2;MergeSort;19952;5824;0;81130
1000;30;2;CountingSort;3001;0;0;8550
1000;30;2;QuickSort;36916;15337;6520;51710
1000;30;2;InsertionSort;69315;23101;0;25930
1000;30;2;BubbleSort;558176;234872;22108;246481
1000;30;2;MergeSort;19952;5810;0;75180
1000;30;2;CountingSort;3001;0;0;8550
1000;30;2;QuickSort;38669;16547;6699;48380
1000;30;2;InsertionSort;69774;23254;0;17810
1000;30;2;BubbleSort;566038;238497;22261;179641
1000;30;2;MergeSort;19952;5851;0;71071
1000;30;2;CountingSort;3001;0;0;8580
1000;30;2;QuickSort;37264;15316;6641;40451
1000;30;2;InsertionSort;74272;24752;0;16940
1000;30;2;BubbleSort;600538;252747;23761;241560
1000;30;2;MergeSort;19952;5817;0;71480
1000;30;2;CountingSort;3001;0;0;7520
1000;30;2;QuickSort;40001;17261;6922;60880
1000;30;2;InsertionSort;71992;23994;0;23240
1000;30;2;BubbleSort;601700;254850;23000;150391
1000;30;2;MergeSort;19952;5833;0;83400
1000;30;2;CountingSort;3001;0;0;25830
1000;30;2;QuickSort;36671;15656;6338;39961
1000;30;2;InsertionSort;70831;23607;0;23130
1000;30;2;BubbleSort;598752;254150;22613;220590
1000;30;2;MergeSort;19952;5842;0;88250
1000;30;2;CountingSort;3001;0;0;7010
1000;30;2;QuickSort;36290;15455;6273;53410
1000;30;2;InsertionSort;69015;23003;0;28590
1000;30;2;BubbleSort;567908;239940;22007;150140
1000;30;2;MergeSort;19952;5831;0;69621
1000;30;2;CountingSort;3001;0;0;8880
1000;30;2;QuickSort;42066;17556;7492;51850
1000;30;2;InsertionSort;73251;24415;0;21340
1000;30;2;BubbleSort;554654;230489;23419;281221
1000;30;2;MergeSort;19952;5816;0;84641
1000;30;2;CountingSort;3001;0;0;8430
1000;30;2;QuickSort;43819;18385;7812;42261
1000;30;2;InsertionSort;74867;24951;0;22751
1000;30;2;BubbleSort;543530;223847;23959;165990
1000;30;2;MergeSort;19952;5819;0;81300
1000;30;2;CountingSort;3001;0;0;8570
1000;30;2;QuickSort;39217;17218;6669;49020
1000;30;2;InsertionSort;67939;22643;0;17170
1000;30;2;BubbleSort;556340;234872;21649;227441
1000;30;2;MergeSort;19952;5832;0;99160
1000;30;2;CountingSort;3001;0;0;8440
1000;30;2;QuickSort;38683;16348;6784;56560
1000;30;2;InsertionSort;67261;22415;0;18810
1000;30;2;BubbleSort;589784;252044;21424;264161
1000;30;2;MergeSort;19952;5844;0;72150
1000;30;2;CountingSort;3001;0;0;12040
1000;30;2;QuickSort;39152;15998;7054;43710
1000;30;2;InsertionSort;68689;22895;0;26080
1000;30;2;BubbleSort;544160;228284;21898;210690
1000;30;2;MergeSort;19952;5837;0;80390
1000;30;2;CountingSort;3001;0;0;8860
1000;30;2;QuickSort;38483;16550;6642;72580
1000;30;2;InsertionSort;65650;21880;0;24111
1000;30;2;BubbleSort;548914;232685;20886;277360
1000;30;2;MergeSort;19952;5833;0;89480
1000;30;2;CountingSort;3001;0;0;17470
1000;30;2;QuickSort;36628;15235;6469;39150
1000;30;2;InsertionSort;67536;22508;0;24890
1000;30;2;BubbleSort;545570;229755;21515;194171
1000;30;2;MergeSort;19952;5835;0;68721
1000;30;2;CountingSort;3001;0;0;9190
1000;30;2;QuickSort;35590;16063;5839;33580
1000;30;2;InsertionSort;70355;23445;0;55950
1000;30;2;BubbleSort;578314;244245;22456;276231
1000;30;2;MergeSort;19952;5830;0;109100
1000;30;2;CountingSort;3001;0;0;8951
1000;30;2;QuickSort;36765;15888;6296;42770
1000;30;2;InsertionSort;68551;22847;0;12210
1000;30;2;BubbleSort;545452;229020;21853;242060
1000;30;2;MergeSort;19952;5846;0;158880
1000;30;2;CountingSort;3001;0;0;8570
1000;30;2;QuickSort;41026;16807;7409;42880
1000;30;2;InsertionSort;72427;24141;0;15440
1000;30;2;BubbleSort;589604;248514;23144;249791
1000;30;2;MergeSort;19952;5845;0;147011
1000;30;2;CountingSort;3001;0;0;8820
1000;30;2;QuickSort;37076;15797;6429;59251
1000;30;2;InsertionSort;71249;23745;0;98851
1000;30;2;BubbleSort;562210;235599;22753;225250
1000;30;2;MergeSort;19952;5837;0;82950
1000;30;2;CountingSort;3001;0;0;8520
1000;30;2;QuickSort;39486;16836;6882;61230
1000;30;2;InsertionSort;72547;24177;0;100800
1000;30;2;BubbleSort;585512;246384;23186;258861
1000;30;2;MergeSort;19952;5841;0;93621
1000;30;2;CountingSort;3001;0;0;8640
1000;30;2;QuickSort;42893;18152;7582;64130
1000;30;2;InsertionSort;68859;22951;0;96660
1000;30;2;BubbleSort;563368;237774;21955;229950
1000;30;2;MergeSort;19952;5834;0;87160
1000;30;2;CountingSort;3001;0;0;9190
1000;30;2;QuickSort;39091;16444;6889;54300
1000;30;2;InsertionSort;71266;23750;0;31120
1000;30;2;BubbleSort;585226;247095;22759;185411
1000;30;2;MergeSort;19952;5837;0;91561
1000;30;2;CountingSort;3001;0;0;9010
1000;30;2;QuickSort;41194;16996;7388;69190
1000;30;2;InsertionSort;69171;23051;0;30320
1000;30;2;BubbleSort;559442;235599;22061;245381
1000;30;2;MergeSort;19952;5829;0;102720
1000;30;2;CountingSort;3001;0;0;8480
1000;30;2;QuickSort;37572;15498;6699;113990
1000;30;2;InsertionSort;70350;23444;0;47500
1000;30;2;BubbleSort;582584;246384;22454;159990
1000;30;2;MergeSort;19952;5848;0;87120
1000;30;2;CountingSort;3001;0;0;9060
1000;30;2;QuickSort;36949;16087;6297;55690
1000;30;2;InsertionSort;69878;23290;0;17780
1000;30;2;BubbleSort;551624;231222;22295;214631
1000;30;2;MergeSort;19952;5836;0;100741
1000;30;2;CountingSort;3001;0;0;8470
1000;30;2;QuickSort;37959;15831;6711;53091
1000;30;2;InsertionSort;66133;22041;0;28710
1000;30;2;BubbleSort;591086;253449;21047;227930
1000;30;2;MergeSort;19952;5848;0;93170
1000;30;2;CountingSort;3001;0;0;8610
1000;30;2;QuickSort;34788;15006;5932;44320
1000;30;2;InsertionSort;68885;22959;0;17950
1000;30;2;BubbleSort;583466;247805;21964;214170
1000;30;2;MergeSort;19952;5843;0;83670
1000;30;2;CountingSort;3001;0;0;10050
1000;30;2;QuickSort;36338;16139;6066;34701
1000;30;2;InsertionSort;70591;23529;0;19760
1000;30;2;BubbleSort;562778;236325;22532;151190
1000;30;2;MergeSort;19952;5839;0;81380
1000;30;2;CountingSort;3001;0;0;7200
1000;30;2;QuickSort;37238;16022;6412;62490
1000;30;2;InsertionSort;69965;23319;0;20240
1000;30;2;BubbleSort;573490;242097;22324;227711
1000;30;2;MergeSort;19952;5846;0;72371
1000;30;2;CountingSort;3001;0;0;7250
1000;30;2;QuickSort;35568;15423;6053;33040
1000;30;2;InsertionSort;71073;23687;0;27330
1000;30;2;BubbleSort;573534;241379;22694;227740
1000;30;2;MergeSort;19952;5833;0;69320
1000;30;2;CountingSort;3001;0;0;8750
1000;30;2;QuickSort;37701;15639;6691;57810
1000;30;2;InsertionSort;71872;23956;0;31970
1000;30;2;BubbleSort;586026;247095;22959;155060
1000;30;2;MergeSort;19952;5823;0;88340
1000;30;2;CountingSort;3001;0;0;8760
1000;30;2;QuickSort;39513;16077;7146;41890
1000;30;2;InsertionSort;71566;23852;0;24200
1000;30;2;BubbleSort;581350;244959;22858;283951
1000;30;2;MergeSort;19952;5826;0;120041
1000;30;2;CountingSort;3001;0;0;8360
1000;30;2;QuickSort;40948;17083;7283;58240
1000;30;2;InsertionSort;69369;23119;0;25160
1000;30;2;BubbleSort;561154;236325;22126;283531
1000;30;2;MergeSort;19952;5839;0;119941
1000;30;2;CountingSort;3001;0;0;8900
1000;30;2;QuickSort;41325;17292;7354;39400
1000;30;2;InsertionSort;70377;23457;0;15220
1000;30;2;BubbleSort;561042;235599;22461;264231
1000;30;2;MergeSort;19952;5847;0;112080
1000;30;2;CountingSort;3001;0;0;8580
1000;30;2;QuickSort;36604;15295;6422;47861
1000;30;2;InsertionSort;68296;22762;0;19640
1000;30;2;BubbleSort;549516;231222;21768;297370
1000;30;2;MergeSort;19952;5830;0;154690
1000;30;2;CountingSort;3001;0;0;8830
1000;30;2;QuickSort;35122;15427;5895;35770
1000;30;2;InsertionSort;67927;22637;0;15080
1000;30;2;BubbleSort;587854;250635;21646;266471
1000;30;2;MergeSort;19952;5834;0;111961
1000;30;2;CountingSort;3001;0;0;9190
1000;30;2;QuickSort;45912;19485;8140;39000
1000;30;2;InsertionSort;70427;23471;0;23120
1000;30;2;BubbleSort;574110;242097;22479;372221
1000;30;2;MergeSort;19952;5829;0;141560
1000;30;3;CountingSort;3001;0;0;200970
1000;30;3;QuickSort;42875;17636;7742;1392494
1000;30;3;InsertionSort;65022;21674;0;2135036
1000;30;3;BubbleSort;561138;239219;20675;5591606
1000;30;3;MergeSort;19952;5928;0;941442
1000;30;3;CountingSort;3001;0;0;121561
1000;30;3;QuickSort;38937;16998;6636;211701
1000;30;3;InsertionSort;74253;24751;0;1631935
1000;30;3;BubbleSort;570556;237774;23752;723441
1000;30;3;MergeSort;19952;5948;0;122510
1000;30;3;CountingSort;3001;0;0;163061
1000;30;3;QuickSort;41471;17279;7386;195151
1000;30;3;InsertionSort;71169;23723;0;1262104
1000;30;3;BubbleSort;582240;245672;22724;568221
1000;30;3;MergeSort;19952;5960;0;160630
1000;30;3;CountingSort;3001;0;0;143771
1000;30;3;QuickSort;38917;16399;6837;190081
1000;30;3;InsertionSort;68331;22777;0;347281
1000;30;3;BubbleSort;584140;248514;21778;214171
1000;30;3;MergeSort;19952;5928;0;120840
1000;30;3;CountingSort;3001;0;0;132480
1000;30;3;QuickSort;41453;17165;7425;169880
1000;30;3;InsertionSort;69411;23137;0;479931
1000;30;3;BubbleSort;591232;251340;22138;213621
1000;30;3;MergeSort;19952;5940;0;107011
1000;30;3;CountingSort;3001;0;0;92400
1000;30;3;QuickSort;38706;16137;6857;173130
1000;30;3;InsertionSort;64581;21527;0;752632
1000;30;3;BubbleSort;522356;220122;20528;830332
1000;30;3;MergeSort;19952;5964;0;129981
1000;30;3;CountingSort;3001;0;0;110860
1000;30;3;QuickSort;33889;14608;5754;706052
1000;30;3;InsertionSort;71322;23774;0;597922
1000;30;3;BubbleSort;581018;244959;22775;770082
1000;30;3;MergeSort;19952;5946;0;156041
1000;30;3;CountingSort;3001;0;0;97911
1000;30;3;QuickSort;40350;16860;7160;809092
1000;30;3;InsertionSort;70344;23448;0;378351
1000;30;3;BubbleSort;569676;239940;22449;413681
1000;30;3;MergeSort;19952;5936;0;146110
1000;30;3;CountingSort;3001;0;0;108440
1000;30;3;QuickSort;46839;19440;8470;832652
1000;30;3;InsertionSort;68250;22750;0;132500
1000;30;3;BubbleSort;569762;241379;21751;293411
1000;30;3;MergeSort;19952;5938;0;170821
1000;30;3;CountingSort;3001;0;0;137840
1000;30;3;QuickSort;39317;16664;6873;728162
1000;30;3;InsertionSort;76998;25666;0;120180
1000;30;3;BubbleSort;572768;237050;24667;465141
1000;30;3;MergeSort;19952;5946;0;127050
1000;30;3;CountingSort;3001;0;0;132941
1000;30;3;QuickSort;37515;16041;6484;74060
1000;30;3;InsertionSort;66588;22196;0;275960
1000;30;3;BubbleSort;539882;227547;21197;386141
1000;30;3;MergeSort;19952;5951;0;101380
1000;30;3;CountingSort;3001;0;0;108721
1000;30;3;QuickSort;38030;16277;6574;46110
1000;30;3;InsertionSort;72522;24174;0;220201
1000;30;3;BubbleSort;588310;247805;23175;426831
1000;30;3;MergeSort;19952;5950;0;151010
1000;30;3;CountingSort;3001;0;0;105860
1000;30;3;QuickSort;36742;15412;6442;39940
1000;30;3;InsertionSort;68586;22862;0;13630
1000;30;3;BubbleSort;563000;237774;21863;319731
1000;30;3;MergeSort;19952;5926;0;138881
1000;30;3;CountingSort;3001;0;0;149820
1000;30;3;QuickSort;41560;17785;7254;80390
1000;30;3;InsertionSort;68859;22953;0;21460
1000;30;3;BubbleSort;576306;244245;21954;332111
1000;30;3;MergeSort;19952;5954;0;148701
1000;30;3;CountingSort;3001;0;0;120420
1000;30;3;QuickSort;39862;16807;7024;107800
1000;30;3;InsertionSort;70257;23419;0;32170
1000;30;3;BubbleSort;575308;242814;22420;215941
1000;30;3;MergeSort;19952;5951;0;127801
1000;30;3;CountingSort;3001;0;0;114431
1000;30;3;QuickSort;43824;18306;7845;130591
1000;30;3;InsertionSort;69420;23140;0;16920
1000;30;3;BubbleSort;564112;237774;22141;181390
1000;30;3;MergeSort;19952;5941;0;92950
1000;30;3;CountingSort;3001;0;0;119191
1000;30;3;QuickSort;39730;17089;6883;41400
1000;30;3;InsertionSort;68733;22911;0;24261
1000;30;3;BubbleSort;568968;240660;21912;221640
1000;30;3;MergeSort;19952;5925;0;72460
1000;30;3;CountingSort;3001;0;0;47100
1000;30;3;QuickSort;39078;16764;6768;31660
1000;30;3;InsertionSort;68616;22872;0;24081
1000;30;3;BubbleSort;541110;226809;21873;198020
1000;30;3;MergeSort;19952;5948;0;65170
1000;30;3;CountingSort;3001;0;0;37340
1000;30;3;QuickSort;41408;16919;7490;36200
1000;30;3;InsertionSort;63702;21234;0;26130
1000;30;3;BubbleSort;534558;226809;20235;282641
1000;30;3;MergeSort;19952;5953;0;94831
1000;30;3;CountingSort;3001;0;0;16790
1000;30;3;QuickSort;37998;16047;6645;44660
1000;30;3;InsertionSort;75264;25088;0;20500
1000;30;3;BubbleSort;570456;237050;24089;316160
1000;30;3;MergeSort;19952;5936;0;145270
1000;30;3;CountingSort;3001;0;0;26720
1000;30;3;QuickSort;34414;14851;5845;45560
1000;30;3;InsertionSort;67188;22396;0;19870
1000;30;3;BubbleSort;575506;244959;21397;396641
1000;30;3;MergeSort;19952;5933;0;118530
1000;30;3;CountingSort;3001;0;0;16490
1000;30;3;QuickSort;39806;16544;7072;45000
1000;30;3;InsertionSort;67449;22483;0;16420
1000;30;3;BubbleSort;555680;234872;21484;266381
1000;30;3;MergeSort;19952;5958;0;165151
1000;30;3;CountingSort;3001;0;0;18830
1000;30;3;QuickSort;36218;15338;6295;34300
1000;30;3;InsertionSort;72585;24195;0;28070
1000;30;3;BubbleSort;599682;253449;23196;1399704
1000;30;3;MergeSort;19952;5943;0;1259434
1000;30;3;CountingSort;3001;0;0;17670
1000;30;3;QuickSort;38788;16261;6839;74930
1000;30;3;InsertionSort;66696;22232;0;30990
1000;30;3;BubbleSort;554676;234872;21233;275320
1000;30;3;MergeSort;19952;5938;0;133520
1000;30;3;CountingSort;3001;0;0;16860
1000;30;3;QuickSort;34514;14852;5896;63050
1000;30;3;InsertionSort;69681;23227;0;24880
1000;30;3;BubbleSort;571670;241379;22228;303401
1000;30;3;MergeSort;19952;5939;0;51610
1000;30;3;CountingSort;3001;0;0;21050
1000;30;3;QuickSort;40956;16857;7352;52050
1000;30;3;InsertionSort;69087;23029;0;29750
1000;30;3;BubbleSort;570878;241379;22030;284011
1000;30;3;MergeSort;19952;5932;0;107830
1000;30;3;CountingSort;3001;0;0;29600
1000;30;3;QuickSort;42636;18084;7525;43880
1000;30;3;InsertionSort;64623;21541;0;22890
1000;30;3;BubbleSort;589066;253449;20542;212421
1000;30;3;MergeSort;19952;5943;0;88590
1000;30;3;CountingSort;3001;0;0;20870
1000;30;3;QuickSort;41825;18092;7240;55400
1000;30;3;InsertionSort;71217;23739;0;33220
1000;30;3;BubbleSort;580878;244959;22740;225261
1000;30;3;MergeSort;19952;5949;0;85711
1000;30;3;CountingSort;3001;0;0;22010
1000;30;3;QuickSort;41484;17598;7295;36260
1000;30;3;InsertionSort;71256;23752;0;12720
1000;30;3;BubbleSort;565112;237050;22753;247921
1000;30;3;MergeSort;19952;5961;0;140160
1000;30;3;CountingSort;3001;0;0;21300
1000;30;3;QuickSort;43601;18329;7757;47251
1000;30;3;InsertionSort;71688;23896;0;16381
1000;30;3;BubbleSort;552566;230489;22897;142530
1000;30;3;MergeSort;19952;5941;0;42700
1000;30;3;CountingSort;3001;0;0;21250
1000;30;3;QuickSort;37955;15839;6698;57320
1000;30;3;InsertionSort;67215;22405;0;25750
1000;30;3;BubbleSort;550994;232685;21406;175051
1000;30;3;MergeSort;19952;5963;0;61271
1000;30;3;CountingSort;3001;0;0;20540
1000;30;3;QuickSort;42014;17060;7643;51810
1000;30;3;InsertionSort;71319;23773;0;23520
1000;30;3;BubbleSort;576724;242814;22774;148130
1000;30;3;MergeSort;19952;5949;0;122930
1000;30;3;CountingSort;3001;0;0;21700
1000;30;3;QuickSort;35400;15852;5853;63050
1000;30;3;InsertionSort;70947;23649;0;55840
1000;30;3;BubbleSort;569038;239219;22650;219421
1000;30;3;MergeSort;19952;5954;0;88650
1000;30;3;CountingSort;3001;0;0;16670
1000;30;3;QuickSort;40210;16711;7167;46680
1000;30;3;InsertionSort;67221;22407;0;12390
1000;30;3;BubbleSort;568390;241379;21408;224151
1000;30;3;MergeSort;19952;5946;0;173971
1000;30;3;CountingSort;3001;0;0;17690
1000;30;3;QuickSort;41482;17266;7405;34640
1000;30;3;InsertionSort;69897;23299;0;25370
1000;30;3;BubbleSort;571958;241379;22300;276211
1000;30;3;MergeSort;19952;5925;0;170411
1000;30;3;CountingSort;3001;0;0;20070
1000;30;3;QuickSort;37950;16017;6634;41780
1000;30;3;InsertionSort;71190;23730;0;16240
1000;30;3;BubbleSort;544542;226809;22731;237731
1000;30;3;MergeSort;19952;5946;0;164411
1000;30;3;CountingSort;3001;0;0;22071
1000;30;3;QuickSort;40461;17619;6951;35020
1000;30;3;InsertionSort;71313;23771;0;18000
1000;30;3;BubbleSort;576716;242814;22772;273031
1000;30;3;MergeSort;19952;5956;0;129280
1000;30;3;CountingSort;3001;0;0;16570
1000;30;3;QuickSort;39640;17029;6879;42070
1000;30;3;InsertionSort;68073;22691;0;15830
1000;30;3;BubbleSort;549212;231222;21692;283521
1000;30;3;MergeSort;19952;5950;0;149861
1000;30;3;CountingSort;3001;0;0;22350
1000;30;3;QuickSort;35462;15488;6011;41710
1000;30;3;InsertionSort;73491;24497;0;24210
1000;30;3;BubbleSort;581052;243530;23498;256401
1000;30;3;MergeSort;19952;5940;0;95420
1000;30;3;CountingSort;3001;0;0;20720
1000;30;3;QuickSort;44378;17876;8170;52570
1000;30;3;InsertionSort;69450;23150;0;23350
1000;30;3;BubbleSort;553974;232685;22151;247410
1000;30;3;MergeSort;19952;5943;0;98100
1000;30;3;CountingSort;3001;0;0;22090
1000;30;3;QuickSort;36530;15791;6241;51091
1000;30;3;InsertionSort;68856;22952;0;26631
1000;30;3;BubbleSort;574872;243530;21953;303530
1000;30;3;MergeSort;19952;5952;0;100610
1000;30;3;CountingSort;3001;0;0;16730
1000;30;3;QuickSort;36522;15780;6245;52981
1000;30;3;InsertionSort;68874;22958;0;13300
1000;30;3;BubbleSort;539976;226070;21959;136100
1000;30;3;MergeSort;19952;5927;0;99440
1000;30;3;CountingSort;3001;0;0;52651
1000;30;3;QuickSort;39589;17215;6794;34550
1000;30;3;InsertionSort;74691;24897;0;13000
1000;30;3;BubbleSort;568242;236325;23898;274760
1000;30;3;MergeSort;19952;5944;0;101930
1000;30;3;CountingSort;3001;0;0;22660
1000;30;3;QuickSort;40682;16589;7362;40500
1000;30;3;InsertionSort;69231;23077;0;21230
1000;30;3;BubbleSort;556600;234144;22078;218801
1000;30;3;MergeSort;19952;5954;0;70460
1000;30;3;CountingSort;3001;0;0;17740
1000;30;3;QuickSort;34953;15021;5985;32060
1000;30;3;InsertionSort;70488;23496;0;17760
1000;30;3;BubbleSort;552432;231222;22497;199861
1000;30;3;MergeSort;19952;5956;0;80361
1000;30;3;CountingSort;3001;0;0;16430
1000;30;3;QuickSort;35295;15447;5952;33990
1000;30;3;InsertionSort;71073;23691;0;13230
1000;30;3;BubbleSort;592038;250635;22692;270151
1000;30;3;MergeSort;19952;5938;0;118720
1000;30;3;CountingSort;3001;0;0;17500
1000;30;3;QuickSort;41683;17596;7351;45281
1000;30;3;InsertionSort;66861;22287;0;19231
1000;30;3;BubbleSort;541720;228284;21288;249430
1000;30;3;MergeSort;19952;5952;0;147070
1000;30;3;CountingSort;3001;0;0;16360
1000;30;3;QuickSort;40341;16638;7236;33090
1000;30;3;InsertionSort;71535;23845;0;16330
1000;30;3;BubbleSort;595472;252044;22846;189781
1000;30;3;MergeSort;19952;5935;0;75491
1000;30;3;CountingSort;3001;0;0;17800
1000;30;3;QuickSort;40619;16730;7293;46940
1000;30;3;InsertionSort;69441;23147;0;27430
1000;30;3;BubbleSort;584202;247805;22148;308841
1000;30;3;MergeSort;19952;5943;0;105240
1000;30;3;CountingSort;3001;0;0;16250
1000;30;3;QuickSort;35945;15959;5992;61341
1000;30;3;InsertionSort;73497;24499;0;36341
1000;30;3;BubbleSort;588190;247095;23500;253270
1000;30;3;MergeSort;19952;5904;0;105160
1000;30;3;CountingSort;3001;0;0;23090
1000;30;3;QuickSort;39291;16200;7039;42780
1000;30;3;InsertionSort;70002;23334;0;19050
1000;30;3;BubbleSort;535548;223104;22335;358571
1000;30;3;MergeSort;19952;5951;0;171701
1000;30;3;CountingSort;3001;0;0;24730
1000;30;3;QuickSort;39339;16488;6949;46230
1000;30;3;InsertionSort;72549;24183;0;18770
1000;30;3;BubbleSort;594006;250635;23184;404182
1000;30;3;MergeSort;19952;5953;0;164130
1000;30;3;CountingSort;3001;0;0;16520
1000;30;3;QuickSort;36085;15124;6316;56850
1000;30;3;InsertionSort;70524;23508;0;12460
1000;30;3;BubbleSort;577096;243530;22509;350421
1000;30;3;MergeSort;19952;5948;0;192981
1000;30;3;CountingSort;3001;0;0;9130
1000;30;3;QuickSort;38678;17054;6545;35460
1000;30;3;InsertionSort;67572;22524;0;24510
1000;30;3;BubbleSort;587370;250635;21525;236690
1000;30;3;MergeSort;19952;5953;0;90410
1000;30;3;CountingSort;3001;0;0;8920
1000;30;3;QuickSort;35132;15662;5828;48780
1000;30;3;InsertionSort;68007;22669;0;20240
1000;30;3;BubbleSort;552050;232685;21670;201041
1000;30;3;MergeSort;19952;5944;0;89021
1000;30;3;CountingSort;3001;0;0;7980
1000;30;3;QuickSort;38682;16437;6760;46600
1000;30;3;InsertionSort;70785;23595;0;20540
1000;30;3;BubbleSort;574578;242097;22596;160770
1000;30;3;MergeSort;19952;5938;0;89931
1000;30;3;CountingSort;3001;0;0;8490
1000;30;3;QuickSort;35471;15407;6029;40590
1000;30;3;InsertionSort;68730;22910;0;15670
1000;30;3;BubbleSort;590324;251340;21911;149571
1000;30;3;MergeSort;19952;5949;0;89040
1000;30;3;CountingSort;3001;0;0;9200
1000;30;3;QuickSort;41360;16754;7539;48821
1000;30;3;InsertionSort;66351;22117;0;18831
1000;30;3;BubbleSort;570100;242814;21118;188680
1000;30;3;MergeSort;19952;5959;0;104370
1000;30;3;CountingSort;3001;0;0;9070
1000;30;3;QuickSort;34917;15024;5949;46150
1000;30;3;InsertionSort;71181;23727;0;18780
1000;30;3;BubbleSort;575106;242097;22728;189140
1000;30;3;MergeSort;19952;5937;0;102940
1000;30;3;CountingSort;3001;0;0;14440
1000;30;3;QuickSort;42773;19046;7238;41110
1000;30;3;InsertionSort;72120;24040;0;23130
1000;30;3;BubbleSort;570602;239219;23041;184021
1000;30;3;MergeSort;19952;5950;0;106340
1000;30;3;CountingSort;3001;0;0;8850
1000;30;3;QuickSort;35234;15209;6020;32430
1000;30;3;InsertionSort;69747;23249;0;22000
1000;30;3;BubbleSort;542618;226809;22250;190810
1000;30;3;MergeSort;19952;5942;0;77620
1000;30;3;CountingSort;3001;0;0;8690
1000;30;3;QuickSort;38757;16332;6803;38220
1000;30;3;InsertionSort;70434;23478;0;31490
1000;30;3;BubbleSort;578406;244245;22479;240351
1000;30;3;MergeSort;19952;5942;0;103360
1000;30;3;CountingSort;3001;0;0;8580
1000;30;3;QuickSort;36790;15907;6293;33740
1000;30;3;InsertionSort;67599;22533;0;23461
1000;30;3;BubbleSort;577480;245672;21534;193930
1000;30;3;MergeSort;19952;5944;0;69530
1000;30;3;CountingSort;3001;0;0;8720
1000;30;3;QuickSort;39687;16671;7006;53950
1000;30;3;InsertionSort;70500;23500;0;28520
1000;30;3;BubbleSort;565552;237774;22501;295171
1000;30;3;MergeSort;19952;5937;0;91790
1000;30;3;CountingSort;3001;0;0;9150
1000;30;3;QuickSort;37889;15680;6733;44310
1000;30;3;InsertionSort;69057;23019;0;22830
1000;30;3;BubbleSort;557824;234872;22020;294441
1000;30;3;MergeSort;19952;5938;0;88700
1000;30;3;CountingSort;3001;0;0;8650
1000;30;3;QuickSort;38677;16933;6574;38780
1000;30;3;InsertionSort;73740;24580;0;19510
1000;30;3;BubbleSort;564068;234872;23581;214470
1000;30;3;MergeSort;19952;5950;0;69540
1000;30;3;CountingSort;3001;0;0;7490
1000;30;3;QuickSort;39048;16236;6928;59990
1000;30;3;InsertionSort;69924;23308;0;23350
1000;30;3;BubbleSort;569116;239940;22309;227531
1000;30;3;MergeSort;19952;5931;0;99600
1000;30;3;CountingSort;3001;0;0;9040
1000;30;3;QuickSort;37426;15607;6601;62320
1000;30;3;InsertionSort;66552;22184;0;22440
1000;30;3;BubbleSort;563178;239219;21185;236851
1000;30;3;MergeSort;19952;5923;0;67831
1000;30;3;CountingSort;3001;0;0;12870
1000;30;3;QuickSort;39904;16321;7188;62300
1000;30;3;InsertionSort;68478;22826;0;27100
1000;30;3;BubbleSort;555596;234144;21827;300451
1000;30;3;MergeSort;19952;5958;0;116700
1000;30;3;CountingSort;3001;0;0;9190
1000;30;3;QuickSort;43520;18266;7748;40050
1000;30;3;InsertionSort;66441;22147;0;22450
1000;30;3;BubbleSort;548500;231954;21148;296331
1000;30;3;MergeSort;19952;5939;0;74270
1000;30;3;CountingSort;3001;0;0;14570
1000;30;3;QuickSort;37566;16041;6499;34210
1000;30;3;InsertionSort;71955;23985;0;24900
1000;30;3;BubbleSort;573264;240660;22986;250071
1000;30;3;MergeSort;19952;5953;0;74590
1000;30;3;CountingSort;3001;0;0;9110
1000;30;3;QuickSort;37037;15908;6373;41010
1000;30;3;InsertionSort;70245;23415;0;12860
1000;30;3;BubbleSort;586692;248514;22416;297271
1000;30;3;MergeSort;19952;5954;0;134570
1000;30;3;CountingSort;3001;0;0;8930
1000;30;3;QuickSort;36828;15525;6428;41490
1000;30;3;InsertionSort;70809;23603;0;16210
1000;30;3;BubbleSort;583184;246384;22604;279661
1000;30;3;MergeSort;19952;5933;0;179990
1000;30;3;CountingSort;3001;0;0;9010
1000;30;3;QuickSort;39250;16330;6972;44950
1000;30;3;InsertionSort;67677;22559;0;15650
1000;30;3;BubbleSort;563234;238497;21560;313011
1000;30;3;MergeSort;19952;5938;0;158101
1000;30;3;CountingSort;3001;0;0;9450
1000;30;3;QuickSort;41130;17199;7305;41880
1000;30;3;InsertionSort;68916;22972;0;63710
1000;30;3;BubbleSort;560542;236325;21973;342510
1000;30;3;MergeSort;19952;5952;0;169600
1000;30;3;CountingSort;3001;0;0;7310
1000;30;3;QuickSort;40394;17930;6826;34490
1000;30;3;InsertionSort;66465;22155;0;22651
1000;30;3;BubbleSort;535284;225330;21156;225720
1000;30;3;MergeSort;19952;5922;0;173770
1000;30;3;CountingSort;3001;0;0;7470
1000;30;3;QuickSort;38603;16649;6646;33880
1000;30;3;InsertionSort;67788;22596;0;23030
1000;30;3;BubbleSort;537048;225330;21597;345001
1000;30;3;MergeSort;19952;5932;0;134521
1000;30;3;CountingSort;3001;0;0;7380
1000;30;3;QuickSort;42441;17769;7546;36330
1000;30;3;InsertionSort;73245;24415;0;36080
1000;30;3;BubbleSort;551704;229020;23416;147890
1000;30;3;MergeSort;19952;5965;0;80590
1000;30;3;CountingSort;3001;0;0;9110
1000;30;3;QuickSort;39835;16702;7045;57080
1000;30;3;InsertionSort;71826;23942;0;39560
1000;30;3;BubbleSort;568766;238497;22943;213110
1000;30;3;MergeSort;19952;5945;0;99440
1000;30;3;CountingSort;3001;0;0;7910
1000;30;3;QuickSort;37966;15529;6816;40490
1000;30;3;InsertionSort;68118;22706;0;15570
1000;30;3;BubbleSort;572456;242814;21707;166770
1000;30;3;MergeSort;19952;5938;0;72790
1000;30;3;CountingSort;3001;0;0;7820
1000;30;3;QuickSort;35286;15030;6083;32670
1000;30;3;InsertionSort;69576;23192;0;15580
1000;30;3;BubbleSort;559970;235599;22193;149451
1000;30;3;MergeSort;19952;5924;0;67270
1000;30;3;CountingSort;3001;0;0;7210
1000;30;3;QuickSort;39559;16228;7116;56330
1000;30;3;InsertionSort;73932;24644;0;25070
1000;30;3;BubbleSort;565778;235599;23645;172081
1000;30;3;MergeSort;19952;5926;0;89690
1000;30;3;CountingSort;3001;0;0;8080
1000;30;3;QuickSort;39148;16210;6973;53710
1000;30;3;InsertionSort;72570;24190;0;27530
1000;30;3;BubbleSort;566864;237050;23191;164260
1000;30;3;MergeSort;19952;5942;0;104910
1000;30;3;CountingSort;3001;0;0;7230
1000;30;3;QuickSort;39842;17090;6906;56480
1000;30;3;InsertionSort;77301;25767;0;33550
1000;30;3;BubbleSort;570270;235599;24768;205811
1000;30;3;MergeSort;19952;5956;0;117561
1000;30;3;CountingSort;3001;0;0;8861
1000;30;3;QuickSort;42647;17684;7654;48120
1000;30;3;InsertionSort;72798;24266;0;37570
1000;30;3;BubbleSort;572948;239940;23267;298341
1000;30;3;MergeSort;19952;5942;0;120270
1000;30;3;CountingSort;3001;0;0;8750
1000;30;3;QuickSort;37752;15978;6600;40280
1000;30;3;InsertionSort;70242;23414;0;18620
1000;30;3;BubbleSort;576720;243530;22415;252351
1000;30;3;MergeSort;19952;5948;0;117771
1000;30;3;CountingSort;3001;0;0;9170
1000;30;3;QuickSort;38800;16219;6855;44050
1000;30;3;InsertionSort;69903;23301;0;23790
1000;30;3;BubbleSort;594702;252747;22302;221381
1000;30;3;MergeSort;19952;5952;0;116960
1000;30;3;CountingSort;3001;0;0;8940
1000;30;3;QuickSort;37359;16542;6266;53920
1000;30;3;InsertionSort;68550;22850;0;49711
1000;30;3;BubbleSort;564398;238497;21851;294460
1000;30;3;MergeSort;19952;5912;0;117710
1000;30;3;CountingSort;3001;0;0;8740
1000;30;3;QuickSort;44191;18532;7900;46400
1000;30;3;InsertionSort;71811;23937;0;25381
1000;30;3;BubbleSort;587362;247805;22938;253390
1000;30;3;MergeSort;19952;5954;0;114990
1000;30;3;CountingSort;3001;0;0;9560
1000;30;3;QuickSort;37905;16233;6557;43260
1000;30;3;InsertionSort;75534;25178;0;26430
1000;30;3;BubbleSort;554756;229020;24179;190331
1000;30;3;MergeSort;19952;5940;0;85201
1000;30;3;CountingSort;3001;0;0;8660
1000;30;3;QuickSort;39739;16753;6993;42540
1000;30;3;InsertionSort;67005;22335;0;23320
1000;30;3;BubbleSort;579534;247095;21336;243720
1000;30;3;MergeSort;19952;5916;0;86730
1000;30;3;CountingSort;3001;0;0;8820
1000;30;3;QuickSort;46339;18955;8456;58651
1000;30;3;InsertionSort;71859;23953;0;133971
1000;30;3;BubbleSort;578876;243530;22954;369381
1000;30;3;MergeSort;19952;5927;0;107410
1000;30;3;CountingSort;3001;0;0;9351
1000;30;3;QuickSort;34660;14512;6040;34270
1000;30;3;InsertionSort;69480;23160;0;22180
1000;30;3;BubbleSort;545212;228284;22161;204000
1000;30;3;MergeSort;19952;5953;0;79370
1000;30;3;CountingSort;3001;0;0;7390
1000;30;3;QuickSort;34846;14800;6030;42080
1000;30;3;InsertionSort;71520;23840;0;27010
1000;30;3;BubbleSort;561108;234872;22841;183041
1000;30;3;MergeSort;19952;5949;0;106261
1000;30;3;CountingSort;3001;0;0;9180
1000;30;3;QuickSort;39278;16673;6874;56680
1000;30;3;InsertionSort;69324;23108;0;109350
1000;30;3;BubbleSort;589706;250635;22109;359521
1000;30;3;MergeSort;19952;5940;0;117260
1000;30;3;CountingSort;3001;0;0;9510
1000;30;3;QuickSort;38423;16451;6664;45491
1000;30;3;InsertionSort;74424;24808;0;16270
1000;30;3;BubbleSort;575116;239940;23809;311471
1000;30;3;MergeSort;19952;5941;0;163650
1000;30;3;CountingSort;3001;0;0;9140
1000;30;3;QuickSort;38566;16045;6843;41890
1000;30;3;InsertionSort;72486;24162;0;16150
1000;30;3;BubbleSort;592510;249929;23163;411111
1000;30;3;MergeSort;19952;5944;0;171280
1000;30;3;CountingSort;3001;0;0;9530
1000;30;3;QuickSort;41988;17661;7442;42670
1000;30;3;InsertionSort;69246;23082;0;15420
1000;30;3;BubbleSort;555162;233415;22083;343371
1000;30;3;MergeSort;19952;5954;0;166401
1000;30;3;CountingSort;3001;0;0;8860
1000;30;3;QuickSort;44898;19017;7958;37970
1000;30;3;InsertionSort;73680;24560;0;16680
1000;30;3;BubbleSort;574124;239940;23561;294161
1000;30;3;MergeSort;19952;5934;0;162761
1000;30;3;CountingSort;3001;0;0;9110
1000;30;3;QuickSort;38715;16236;6831;41260
1000;30;3;InsertionSort;73629;24543;0;28550
1000;30;3;BubbleSort;559546;232685;23544;306461
1000;30;3;MergeSort;19952;5943;0;158501
1000;30;4;CountingSort;3001;0;0;183191
1000;30;4;QuickSort;39900;16494;7127;1448344
1000;30;4;InsertionSort;70074;23358;0;2571887
1000;30;4;BubbleSort;577926;244245;22359;5422195
1000;30;4;MergeSort;19952;6045;0;1072463
1000;30;4;CountingSort;3001;0;0;125600
1000;30;4;QuickSort;37813;16162;6547;222051
1000;30;4;InsertionSort;72165;24055;0;1558444
1000;30;4;BubbleSort;577852;242814;23056;816563
1000;30;4;MergeSort;19952;6062;0;128291
1000;30;4;CountingSort;3001;0;0;97111
1000;30;4;QuickSort;37003;16099;6310;139790
1000;30;4;InsertionSort;69219;23073;0;2018115
1000;30;4;BubbleSort;560946;236325;22074;2166716
1000;30;4;MergeSort;19952;6048;0;154711
1000;30;4;CountingSort;3001;0;0;105431
1000;30;4;QuickSort;42965;18737;7412;162251
1000;30;4;InsertionSort;71493;23831;0;300380
1000;30;4;BubbleSort;574086;241379;22832;281030
1000;30;4;MergeSort;19952;6049;0;114610
1000;30;4;CountingSort;3001;0;0;98690
1000;30;4;QuickSort;47488;19849;8537;209280
1000;30;4;InsertionSort;65976;21992;0;390641
1000;30;4;BubbleSort;568166;242097;20993;178280
1000;30;4;MergeSort;19952;6036;0;121950
1000;30;4;CountingSort;3001;0;0;143980
1000;30;4;QuickSort;40951;17365;7187;757682
1000;30;4;InsertionSort;68505;22835;0;211711
1000;30;4;BubbleSort;568664;240660;21836;241671
1000;30;4;MergeSort;19952;6059;0;110381
1000;30;4;CountingSort;3001;0;0;85911
1000;30;4;QuickSort;39292;16429;6960;646902
1000;30;4;InsertionSort;70974;23658;0;173640
1000;30;4;BubbleSort;539814;224589;22659;163730
1000;30;4;MergeSort;19952;6060;0;106190
1000;30;4;CountingSort;3001;0;0;116440
1000;30;4;QuickSort;39074;16226;6951;679442
1000;30;4;InsertionSort;75564;25188;0;437591
1000;30;4;BubbleSort;578076;240660;24189;502581
1000;30;4;MergeSort;19952;6062;0;87860
1000;30;4;CountingSort;3001;0;0;138180
1000;30;4;QuickSort;37267;15562;6575;586621
1000;30;4;InsertionSort;72876;24292;0;415191
1000;30;4;BubbleSort;595852;251340;23293;572592
1000;30;4;MergeSort;19952;6044;0;140290
1000;30;4;CountingSort;3001;0;0;119830
1000;30;4;QuickSort;36911;15359;6518;582321
1000;30;4;InsertionSort;70923;23641;0;218421
1000;30;4;BubbleSort;551546;230489;22642;350861
1000;30;4;MergeSort;19952;6062;0;182101
1000;30;4;CountingSort;3001;0;0;88910
1000;30;4;QuickSort;37806;15876;6657;859262
1000;30;4;InsertionSort;64956;21652;0;321081
1000;30;4;BubbleSort;571102;244245;20653;391161
1000;30;4;MergeSort;19952;6036;0;106300
1000;30;4;CountingSort;3001;0;0;132350
1000;30;4;QuickSort;37658;15941;6565;127930
1000;30;4;InsertionSort;72291;24097;0;183970
1000;30;4;BubbleSort;589420;248514;23098;525501
1000;30;4;MergeSort;19952;6040;0;172580
1000;30;4;CountingSort;3001;0;0;129511
1000;30;4;QuickSort;36856;16237;6204;45220
1000;30;4;InsertionSort;68559;22853;0;269051
1000;30;4;BubbleSort;570174;241379;21854;429151
1000;30;4;MergeSort;19952;6047;0;172671
1000;30;4;CountingSort;3001;0;0;124180
1000;30;4;QuickSort;36572;15164;6474;85150
1000;30;4;InsertionSort;70080;23360;0;99690
1000;30;4;BubbleSort;587888;249222;22361;288321
1000;30;4;MergeSort;19952;6039;0;192511
1000;30;4;CountingSort;3001;0;0;97940
1000;30;4;QuickSort;36362;15854;6165;40690
1000;30;4;InsertionSort;72327;24109;0;111591
1000;30;4;BubbleSort;589468;248514;23110;260170
1000;30;4;MergeSort;19952;6037;0;125700
1000;30;4;CountingSort;3001;0;0;122021
1000;30;4;QuickSort;39831;16701;7046;99991
1000;30;4;InsertionSort;66681;22227;0;23390
1000;30;4;BubbleSort;563350;239219;21228;181890
1000;30;4;MergeSort;19952;6053;0;96030
1000;30;4;CountingSort;3001;0;0;33691
1000;30;4;QuickSort;34451;14744;5912;88130
1000;30;4;InsertionSort;69825;23275;0;19610
1000;30;4;BubbleSort;566098;238497;22276;274681
1000;30;4;MergeSort;19952;6031;0;83120
1000;30;4;CountingSort;3001;0;0;35010
1000;30;4;QuickSort;41803;17797;7340;36510
1000;30;4;InsertionSort;70026;23342;0;24130
1000;30;4;BubbleSort;564920;237774;22343;165500
1000;30;4;MergeSort;19952;6033;0;73420
1000;30;4;CountingSort;3001;0;0;16571
1000;30;4;QuickSort;38468;15764;6911;43430
1000;30;4;InsertionSort;73173;24391;0;18360
1000;30;4;BubbleSort;582058;244245;23392;145870
1000;30;4;MergeSort;19952;6056;0;97900
1000;30;4;CountingSort;3001;0;0;23010
1000;30;4;QuickSort;36505;15445;6357;41640
1000;30;4;InsertionSort;71286;23762;0;13120
1000;30;4;BubbleSort;552030;230489;22763;220910
1000;30;4;MergeSort;19952;6056;0;129680
1000;30;4;CountingSort;3001;0;0;16110
1000;30;4;QuickSort;37637;15986;6539;41360
1000;30;4;InsertionSort;69027;23009;0;18150
1000;30;4;BubbleSort;541658;226809;22010;282161
1000;30;4;MergeSort;19952;6040;0;171670
1000;30;4;CountingSort;3001;0;0;44530
1000;30;4;QuickSort;41355;17850;7166;66800
1000;30;4;InsertionSort;71835;23945;0;12800
1000;30;4;BubbleSort;593054;250635;22946;272921
1000;30;4;MergeSort;19952;6027;0;148270
1000;30;4;CountingSort;3001;0;0;1380064
1000;30;4;QuickSort;39117;16908;6735;34631
1000;30;4;InsertionSort;69660;23220;0;17730
1000;30;4;BubbleSort;562984;237050;22221;148450
1000;30;4;MergeSort;19952;6040;0;76091
1000;30;4;CountingSort;3001;0;0;17370
1000;30;4;QuickSort;41510;17516;7343;44340
1000;30;4;InsertionSort;70812;23604;0;12980
1000;30;4;BubbleSort;591690;250635;22605;255291
1000;30;4;MergeSort;19952;6032;0;122100
1000;30;4;CountingSort;3001;0;0;22260
1000;30;4;QuickSort;45274;18994;8097;47850
1000;30;4;InsertionSort;69807;23269;0;27150
1000;30;4;BubbleSort;548590;229755;22270;233001
1000;30;4;MergeSort;19952;6036;0;73990
1000;30;4;CountingSort;3001;0;0;24390
1000;30;4;QuickSort;36430;14950;6494;44450
1000;30;4;InsertionSort;65997;21999;0;30780
1000;30;4;BubbleSort;583858;249929;21000;175480
1000;30;4;MergeSort;19952;6073;0;68240
1000;30;4;CountingSort;3001;0;0;14760
1000;30;4;QuickSort;37772;16310;6473;64330
1000;30;4;InsertionSort;75858;25286;0;29990
1000;30;4;BubbleSort;584208;243530;24287;153270
1000;30;4;MergeSort;19952;6051;0;83190
1000;30;4;CountingSort;3001;0;0;21690
1000;30;4;QuickSort;38899;16744;6714;40380
1000;30;4;InsertionSort;76329;25443;0;19380
1000;30;4;BubbleSort;571876;237050;24444;168430
1000;30;4;MergeSort;19952;6041;0;69570
1000;30;4;CountingSort;3001;0;0;20580
1000;30;4;QuickSort;35813;14978;6276;32460
1000;30;4;InsertionSort;67512;22504;0;20180
1000;30;4;BubbleSort;555764;234872;21505;194211
1000;30;4;MergeSort;19952;6059;0;81571
1000;30;4;CountingSort;3001;0;0;15000
1000;30;4;QuickSort;37136;15470;6553;36780
1000;30;4;InsertionSort;72039;24013;0;15400
1000;30;4;BubbleSort;584824;246384;23014;306481
1000;30;4;MergeSort;19952;6048;0;67220
1000;30;4;CountingSort;3001;0;0;16370
1000;30;4;QuickSort;36496;15316;6393;47560
1000;30;4;InsertionSort;69729;23243;0;12480
1000;30;4;BubbleSort;570296;240660;22244;219191
1000;30;4;MergeSort;19952;6057;0;66951
1000;30;4;CountingSort;3001;0;0;21190
1000;30;4;QuickSort;37770;15765;6675;41330
1000;30;4;InsertionSort;72885;24295;0;16260
1000;30;4;BubbleSort;567284;237050;23296;225971
1000;30;4;MergeSort;19952;6051;0;86200
1000;30;4;CountingSort;3001;0;0;16550
1000;30;4;QuickSort;37598;15872;6573;33640
1000;30;4;InsertionSort;71973;23991;0;26700
1000;30;4;BubbleSort;560256;234144;22992;329481
1000;30;4;MergeSort;19952;6026;0;42980
1000;30;4;CountingSort;3001;0;0;35810
1000;30;4;QuickSort;38373;15834;6849;47640
1000;30;4;InsertionSort;68778;22926;0;12680
1000;30;4;BubbleSort;557452;234872;21927;283821
1000;30;4;MergeSort;19952;6064;0;113540
1000;30;4;CountingSort;3001;0;0;16760
1000;30;4;QuickSort;44114;19064;7685;49130
1000;30;4;InsertionSort;69999;23333;0;27810
1000;30;4;BubbleSort;561986;236325;22334;276111
1000;30;4;MergeSort;19952;6031;0;160311
1000;30;4;CountingSort;3001;0;0;18270
1000;30;4;QuickSort;35035;14938;6029;37580
1000;30;4;InsertionSort;74646;24882;0;20480
1000;30;4;BubbleSort;560902;232685;23883;350691
1000;30;4;MergeSort;19952;6033;0;129840
1000;30;4;CountingSort;3001;0;0;16190
1000;30;4;QuickSort;41837;17084;7582;33730
1000;30;4;InsertionSort;70536;23512;0;15780
1000;30;4;BubbleSort;536260;223104;22513;331091
1000;30;4;MergeSort;19952;6047;0;120801
1000;30;4;CountingSort;3001;0;0;47300
1000;30;4;QuickSort;37597;16096;6501;56121
1000;30;4;InsertionSort;69645;23215;0;21890
1000;30;4;BubbleSort;571622;241379;22216;380221
1000;30;4;MergeSort;19952;6044;0;165510
1000;30;4;CountingSort;3001;0;0;28201
1000;30;4;QuickSort;38160;16083;6676;34880
1000;30;4;InsertionSort;78036;26012;0;26710
1000;30;4;BubbleSort;582810;241379;25013;346521
1000;30;4;MergeSort;19952;6047;0;96880
1000;30;4;CountingSort;3001;0;0;23960
1000;30;4;QuickSort;35207;15428;5928;49540
1000;30;4;InsertionSort;69195;23065;0;19970
1000;30;4;BubbleSort;562364;237050;22066;408251
1000;30;4;MergeSort;19952;6047;0;87591
1000;30;4;CountingSort;3001;0;0;28160
1000;30;4;QuickSort;35993;15875;6043;45910
1000;30;4;InsertionSort;73314;24438;0;19140
1000;30;4;BubbleSort;587946;247095;23439;297261
1000;30;4;MergeSort;19952;6034;0;106820
1000;30;4;CountingSort;3001;0;0;47300
1000;30;4;QuickSort;37328;15287;6673;73001
1000;30;4;InsertionSort;71373;23791;0;29161
1000;30;4;BubbleSort;575362;242097;22792;434681
1000;30;4;MergeSort;19952;6058;0;102890
1000;30;4;CountingSort;3001;0;0;16810
1000;30;4;QuickSort;42625;18070;7511;36390
1000;30;4;InsertionSort;73440;24480;0;15980
1000;30;4;BubbleSort;565122;235599;23481;357671
1000;30;4;MergeSort;19952;6030;0;84190
1000;30;4;CountingSort;3001;0;0;23510
1000;30;4;QuickSort;45349;18814;8180;46530
1000;30;4;InsertionSort;68982;22994;0;20860
1000;30;4;BubbleSort;592068;252044;21995;241981
1000;30;4;MergeSort;19952;6037;0;71830
1000;30;4;CountingSort;3001;0;0;28580
1000;30;4;QuickSort;41072;17792;7088;77281
1000;30;4;InsertionSort;68937;22979;0;34691
1000;30;4;BubbleSort;577838;244959;21980;276171
1000;30;4;MergeSort;19952;6029;0;94270
1000;30;4;CountingSort;3001;0;0;18390
1000;30;4;QuickSort;39789;16551;7091;46941
1000;30;4;InsertionSort;69624;23208;0;13360
1000;30;4;BubbleSort;578754;244959;22209;264250
1000;30;4;MergeSort;19952;6033;0;140710
1000;30;4;CountingSort;3001;0;0;8690
1000;30;4;QuickSort;39408;16971;6813;37320
1000;30;4;InsertionSort;73005;24335;0;19400
1000;30;4;BubbleSort;586112;246384;23336;239291
1000;30;4;MergeSort;19952;6052;0;120991
1000;30;4;CountingSort;3001;0;0;8060
1000;30;4;QuickSort;36456;15036;6479;40640
1000;30;4;InsertionSort;70005;23335;0;17940
1000;30;4;BubbleSort;566338;238497;22336;172610
1000;30;4;MergeSort;19952;6036;0;71830
1000;30;4;CountingSort;3001;0;0;7250
1000;30;4;QuickSort;40720;17236;7151;35340
1000;30;4;InsertionSort;68607;22869;0;19860
1000;30;4;BubbleSort;564474;238497;21870;236121
1000;30;4;MergeSort;19952;6036;0;86391
1000;30;4;CountingSort;3001;0;0;7730
1000;30;4;QuickSort;33673;14557;5701;45870
1000;30;4;InsertionSort;68376;22792;0;24750
1000;30;4;BubbleSort;561272;237050;21793;367381
1000;30;4;MergeSort;19952;6043;0;93300
1000;30;4;CountingSort;3001;0;0;11270
1000;30;4;QuickSort;38799;16416;6798;39090
1000;30;4;InsertionSort;68193;22731;0;18940
1000;30;4;BubbleSort;579696;246384;21732;261451
1000;30;4;MergeSort;19952;6024;0;98800
1000;30;4;CountingSort;3001;0;0;11380
1000;30;4;QuickSort;49089;20376;8909;62000
1000;30;4;InsertionSort;72462;24154;0;36610
1000;30;4;BubbleSort;562364;234872;23155;225620
1000;30;4;MergeSort;19952;6054;0;109140
1000;30;4;CountingSort;3001;0;0;13300
1000;30;4;QuickSort;38260;15973;6752;61251
1000;30;4;InsertionSort;73116;24372;0;35220
1000;30;4;BubbleSort;567592;237050;23373;318130
1000;30;4;MergeSort;19952;6074;0;134700
1000;30;4;CountingSort;3001;0;0;7970
1000;30;4;QuickSort;39144;16773;6790;34860
1000;30;4;InsertionSort;67848;22616;0;21430
1000;30;4;BubbleSort;567788;240660;21617;148071
1000;30;4;MergeSort;19952;6042;0;107330
1000;30;4;CountingSort;3001;0;0;7940
1000;30;4;QuickSort;37451;16337;6378;38570
1000;30;4;InsertionSort;70089;23363;0;16580
1000;30;4;BubbleSort;572214;241379;22364;145040
1000;30;4;MergeSort;19952;6047;0;66600
1000;30;4;CountingSort;3001;0;0;7600
1000;30;4;QuickSort;42940;18292;7553;51380
1000;30;4;InsertionSort;69522;23174;0;33310
1000;30;4;BubbleSort;555530;233415;22175;160790
1000;30;4;MergeSort;19952;6071;0;72421
1000;30;4;CountingSort;3001;0;0;10510
1000;30;4;QuickSort;36403;15781;6199;51740
1000;30;4;InsertionSort;70848;23616;0;18770
1000;30;4;BubbleSort;564568;237050;22617;200381
1000;30;4;MergeSort;19952;6061;0;96730
1000;30;4;CountingSort;3001;0;0;7820
1000;30;4;QuickSort;42736;17614;7711;58111
1000;30;4;InsertionSort;64878;21626;0;18890
1000;30;4;BubbleSort;531686;224589;20627;270180
1000;30;4;MergeSort;19952;6041;0;70060
1000;30;4;CountingSort;3001;0;0;7930
1000;30;4;QuickSort;37619;16235;6465;49740
1000;30;4;InsertionSort;75729;25243;0;20990
1000;30;4;BubbleSort;585466;244245;24244;317411
1000;30;4;MergeSort;19952;6027;0;72270
1000;30;4;CountingSort;3001;0;0;9470
1000;30;4;QuickSort;38665;15853;6930;34550
1000;30;4;InsertionSort;72504;24168;0;20640
1000;30;4;BubbleSort;579736;243530;23169;271071
1000;30;4;MergeSort;19952;6055;0;124900
1000;30;4;CountingSort;3001;0;0;8110
1000;30;4;QuickSort;37447;15370;6680;40940
1000;30;4;InsertionSort;74385;24795;0;16320
1000;30;4;BubbleSort;586528;245672;23796;259661
1000;30;4;MergeSort;19952;6032;0;126981
1000;30;4;CountingSort;3001;0;0;7300
1000;30;4;QuickSort;38794;16471;6767;41530
1000;30;4;InsertionSort;67323;22441;0;15230
1000;30;4;BubbleSort;554056;234144;21442;341551
1000;30;4;MergeSort;19952;6047;0;162330
1000;30;4;CountingSort;3001;0;0;9110
1000;30;4;QuickSort;40652;17012;7215;42970
1000;30;4;InsertionSort;70407;23469;0;12810
1000;30;4;BubbleSort;581224;245672;22470;373771
1000;30;4;MergeSort;19952;6063;0;158060
1000;30;4;CountingSort;3001;0;0;15360
1000;30;4;QuickSort;44838;18570;8080;44401
1000;30;4;InsertionSort;72345;24115;0;25460
1000;30;4;BubbleSort;557834;232685;23116;255010
1000;30;4;MergeSort;19952;6053;0;112820
1000;30;4;CountingSort;3001;0;0;9360
1000;30;4;QuickSort;42945;18090;7630;75490
1000;30;4;InsertionSort;73620;24540;0;47700
1000;30;4;BubbleSort;582654;244245;23541;343551
1000;30;4;MergeSort;19952;6059;0;100180
1000;30;4;CountingSort;3001;0;0;9090
1000;30;4;QuickSort;45259;18853;8135;53060
1000;30;4;InsertionSort;72843;24281;0;27370
1000;30;4;BubbleSort;597216;252044;23282;214441
1000;30;4;MergeSort;19952;6050;0;97171
1000;30;4;CountingSort;3001;0;0;9220
1000;30;4;QuickSort;36337;15211;6384;36290
1000;30;4;InsertionSort;69657;23219;0;19370
1000;30;4;BubbleSort;567318;239219;22220;242311
1000;30;4;MergeSort;19952;6055;0;99030
1000;30;4;CountingSort;3001;0;0;8060
1000;30;4;QuickSort;35100;15567;5847;33880
1000;30;4;InsertionSort;67278;22426;0;27410
1000;30;4;BubbleSort;567028;240660;21427;176260
1000;30;4;MergeSort;19952;6064;0;71000
1000;30;4;CountingSort;3001;0;0;7490
1000;30;4;QuickSort;38364;16686;6559;53030
1000;30;4;InsertionSort;70314;23438;0;18510
1000;30;4;BubbleSort;589614;249929;22439;235881
1000;30;4;MergeSort;19952;6056;0;67210
1000;30;4;CountingSort;3001;0;0;7720
1000;30;4;QuickSort;38723;16886;6610;33660
1000;30;4;InsertionSort;71298;23766;0;29671
1000;30;4;BubbleSort;579558;244245;22767;233460
1000;30;4;MergeSort;19952;6057;0;89530
1000;30;4;CountingSort;3001;0;0;10140
1000;30;4;QuickSort;37844;15515;6773;41070
1000;30;4;InsertionSort;72489;24163;0;17571
1000;30;4;BubbleSort;595336;251340;23164;294601
1000;30;4;MergeSort;19952;6052;0;73450
1000;30;4;CountingSort;3001;0;0;7470
1000;30;4;QuickSort;40215;16824;7124;49770
1000;30;4;InsertionSort;67308;22436;0;23880
1000;30;4;BubbleSort;572808;243530;21437;199940
1000;30;4;MergeSort;19952;6012;0;132590
1000;30;4;CountingSort;3001;0;0;7360
1000;30;4;QuickSort;37644;16638;6327;37000
1000;30;4;InsertionSort;71439;23813;0;20710
1000;30;4;BubbleSort;572576;240660;22814;257101
1000;30;4;MergeSort;19952;6055;0;127880
1000;30;4;CountingSort;3001;0;0;10450
1000;30;4;QuickSort;37276;15739;6510;34081
1000;30;4;InsertionSort;68265;22755;0;16880
1000;30;4;BubbleSort;561124;237050;21756;164731
1000;30;4;MergeSort;19952;6050;0;71060
1000;30;4;CountingSort;3001;0;0;7580
1000;30;4;QuickSort;41515;17272;7415;59570
1000;30;4;InsertionSort;66693;22231;0;15430
1000;30;4;BubbleSort;559028;237050;21232;373991
1000;30;4;MergeSort;19952;6024;0;145870
1000;30;4;CountingSort;3001;0;0;9590
1000;30;4;QuickSort;39992;17582;6808;58470
1000;30;4;InsertionSort;70419;23473;0;20860
1000;30;4;BubbleSort;561094;235599;22474;311941
1000;30;4;MergeSort;19952;6038;0;186671
1000;30;4;CountingSort;3001;0;0;12510
1000;30;4;QuickSort;42344;17768;7532;60020
1000;30;4;InsertionSort;68580;22860;0;15820
1000;30;4;BubbleSort;584472;248514;21861;361521
1000;30;4;MergeSort;19952;6038;0;120490
1000;30;4;CountingSort;3001;0;0;8270
1000;30;4;QuickSort;35626;15406;6085;64321
1000;30;4;InsertionSort;78342;26114;0;32460
1000;30;4;BubbleSort;600318;249929;25115;302840
1000;30;4;MergeSort;19952;6036;0;101940
1000;30;4;CountingSort;3001;0;0;7990
1000;30;4;QuickSort;38066;16403;6551;35030
1000;30;4;InsertionSort;71397;23799;0;20540
1000;30;4;BubbleSort;592470;250635;22800;386101
1000;30;4;MergeSort;19952;6064;0;72571
1000;30;4;CountingSort;3001;0;0;9140
1000;30;4;QuickSort;42541;17665;7618;57880
1000;30;4;InsertionSort;72543;24181;0;32620
1000;30;4;BubbleSort;550768;229020;23182;191361
1000;30;4;MergeSort;19952;6069;0;83941
1000;30;4;CountingSort;3001;0;0;9100
1000;30;4;QuickSort;38815;16891;6637;43220
1000;30;4;InsertionSort;67848;22616;0;24530
1000;30;4;BubbleSort;564906;239219;21617;251041
1000;30;4;MergeSort;19952;6044;0;83450
1000;30;4;CountingSort;3001;0;0;9710
1000;30;4;QuickSort;40006;16444;7194;43290
1000;30;4;InsertionSort;64977;21659;0;21250
1000;30;4;BubbleSort;550928;234144;20660;171101
1000;30;4;MergeSort;19952;6054;0;107000
1000;30;4;CountingSort;3001;0;0;7410
1000;30;4;QuickSort;39212;16382;6950;38070
1000;30;4;InsertionSort;71922;23974;0;16720
1000;30;4;BubbleSort;591758;249929;22975;150460
1000;30;4;MergeSort;19952;6057;0;71410
1000;30;4;CountingSort;3001;0;0;8180
1000;30;4;QuickSort;41999;17339;7548;34960
1000;30;4;InsertionSort;65355;21785;0;21440
1000;30;4;BubbleSort;561582;239219;20786;195301
1000;30;4;MergeSort;19952;6054;0;89260
1000;30;4;CountingSort;3001;0;0;7840
1000;30;4;QuickSort;40626;17307;7112;37250
1000;30;4;InsertionSort;69459;23153;0;18630
1000;30;4;BubbleSort;565610;238497;22154;332490
1000;30;4;MergeSort;19952;6062;0;91890
1000;30;4;CountingSort;3001;0;0;7670
1000;30;4;QuickSort;36137;15410;6235;37500
1000;30;4;InsertionSort;71940;23980;0;23900
1000;30;4;BubbleSort;586114;247095;22981;335981
1000;30;4;MergeSort;19952;6053;0;88881
1000;30;4;CountingSort;3001;0;0;7750
1000;30;4;QuickSort;36848;17756;5702;61390
1000;30;4;InsertionSort;67656;22552;0;22650
1000;30;4;BubbleSort;573272;243530;21553;251521
1000;30;4;MergeSort;19952;6037;0;97150
1000;30;4;CountingSort;3001;0;0;9500
1000;30;4;QuickSort;48836;20165;8895;41351
1000;30;4;InsertionSort;70014;23338;0;25571
1000;30;4;BubbleSort;580700;245672;22339;256480
1000;30;4;MergeSort;19952;6038;0;99390
1000;30;4;CountingSort;3001;0;0;9260
1000;30;4;QuickSort;37870;16636;6409;34480
1000;30;4;InsertionSort;76878;25626;0;26840
1000;30;4;BubbleSort;585568;243530;24627;263461
1000;30;4;MergeSort;19952;6055;0;97670
1000;30;4;CountingSort;3001;0;0;7560
1000;30;4;QuickSort;39568;16519;7027;47050
1000;30;4;InsertionSort;70470;23490;0;32520
1000;30;4;BubbleSort;582732;246384;22491;382041
1000;30;4;MergeSort;19952;6057;0;88200
1000;30;4;CountingSort;3001;0;0;8090
1000;30;4;QuickSort;37712;16304;6479;45600
1000;30;4;InsertionSort;74499;24833;0;29230
1000;30;4;BubbleSort;596606;250635;23834;191670
1000;30;4;MergeSort;19952;6041;0;88940
1000;30;4;CountingSort;3001;0;0;9880
1000;30;4;QuickSort;35816;16781;5678;42960
1000;30;4;InsertionSort;68583;22861;0;27180
1000;30;4;BubbleSort;577366;244959;21862;231780
1000;30;4;MergeSort;19952;6052;0;87740
1000;30;4;CountingSort;3001;0;0;7980
1000;30;4;QuickSort;38109;16086;6659;65050
1000;30;4;InsertionSort;72384;24128;0;61890
1000;30;4;BubbleSort;562260;234872;23129;155761
1000;30;4;MergeSort;19952;6036;0;98290
1000;30;4;CountingSort;3001;0;0;15750
1000;30;4;QuickSort;35148;14865;6092;34380
1000;30;4;InsertionSort;73371;24457;0;24460
1000;30;4;BubbleSort;575152;240660;23458;216721
1000;30;4;MergeSort;19952;6055;0;68231
1000;30;4;CountingSort;3001;0;0;8960
1000;30;4;QuickSort;46941;19272;8544;46640
1000;30;4;InsertionSort;68802;22934;0;12520
1000;30;4;BubbleSort;550184;231222;21935;267371
1000;30;4;MergeSort;19952;6043;0;125500
1000;30;4;CountingSort;3001;0;0;9140
1000;30;4;QuickSort;38026;16300;6569;42030
1000;30;4;InsertionSort;75177;25059;0;13270
1000;30;4;BubbleSort;593268;248514;24060;324301
1000;30;4;MergeSort;19952;6065;0;127880
1000;30;4;CountingSort;3001;0;0;9220
1000;30;4;QuickSort;39322;16333;7008;41540
1000;30;4;InsertionSort;68361;22787;0;18390
1000;30;4;BubbleSort;591240;252044;21788;294920
1000;30;4;MergeSort;19952;6051;0;151020
1000;30;4;CountingSort;3001;0;0;8880
1000;30;4;QuickSort;36276;15477;6263;40570
1000;30;4;InsertionSort;73629;24543;0;25790
1000;30;4;BubbleSort;552216;229020;23544;305201
1000;30;4;MergeSort;19952;6047;0;147360
1000;30;4;CountingSort;3001;0;0;8870
1000;30;4;QuickSort;50821;20986;9270;51990
1000;30;4;InsertionSort;73998;24666;0;13440
1000;30;4;BubbleSort;558576;231954;23667;299471
1000;30;4;MergeSort;19952;6063;0;121300
1000;30;4;CountingSort;3001;0;0;11770
1000;30;4;QuickSort;36362;15332;6352;40580
1000;30;4;InsertionSort;66294;22098;0;15520
1000;30;4;BubbleSort;578586;247095;21099;291351
1000;30;4;MergeSort;19952;6051;0;136411
1000;40;1;CountingSort;3001;0;0;298111
1000;40;1;QuickSort;35401;15148;6090;1443724
1000;40;1;InsertionSort;351066;117022;0;5742676
1000;40;1;BubbleSort;1454720;495314;116023;9599896
1000;40;1;MergeSort;19952;8497;0;959632
1000;40;1;CountingSort;3001;0;0;84860
1000;40;1;QuickSort;42762;17721;7674;195991
1000;40;1;InsertionSort;359727;119909;0;3623500
1000;40;1;BubbleSort;1466450;495405;118910;4177191
1000;40;1;MergeSort;19952;8447;0;155040
1000;40;1;CountingSort;3001;0;0;130710
1000;40;1;QuickSort;37587;16668;6316;231890
1000;40;1;InsertionSort;363363;121121;0;433631
1000;40;1;BubbleSort;1474518;497015;120122;966562
1000;40;1;MergeSort;19952;8408;0;129640
1000;40;1;CountingSort;3001;0;0;158050
1000;40;1;QuickSort;37018;15913;6371;220840
1000;40;1;InsertionSort;348306;116102;0;221890
1000;40;1;BubbleSort;1454720;497154;115103;548251
1000;40;1;MergeSort;19952;8497;0;120160
1000;40;1;CountingSort;3001;0;0;88330
1000;40;1;QuickSort;38761;16735;6692;156091
1000;40;1;InsertionSort;365957;121983;0;5805647
1000;40;1;BubbleSort;1482680;499364;120988;4992783
1000;40;1;MergeSort;19952;8415;0;128850
1000;40;1;CountingSort;3001;0;0;97050
1000;40;1;QuickSort;46755;19692;8351;906003
1000;40;1;InsertionSort;355654;118550;0;1213214
1000;40;1;BubbleSort;1464790;497289;117553;676232
1000;40;1;MergeSort;19952;8438;0;142681
1000;40;1;CountingSort;3001;0;0;127401
1000;40;1;QuickSort;38179;16111;6689;754572
1000;40;1;InsertionSort;385771;128589;0;337341
1000;40;1;BubbleSort;1506506;498069;127592;734572
1000;40;1;MergeSort;19952;8463;0;127040
1000;40;1;CountingSort;3001;0;0;130630
1000;40;1;QuickSort;42238;17632;7528;186260
1000;40;1;InsertionSort;371398;123798;0;1023653
1000;40;1;BubbleSort;1488722;498759;122801;1439224
1000;40;1;MergeSort;19952;8434;0;106140
1000;40;1;CountingSort;3001;0;0;109490
1000;40;1;QuickSort;37243;15967;6429;40380
1000;40;1;InsertionSort;340762;113586;0;552082
1000;40;1;BubbleSort;1446806;498225;112589;806163
1000;40;1;MergeSort;19952;8456;0;144540
1000;40;1;CountingSort;3001;0;0;149251
1000;40;1;QuickSort;39566;16529;7010;67311
1000;40;1;InsertionSort;345459;115153;0;88801
1000;40;1;BubbleSort;1455526;499455;114154;449541
1000;40;1;MergeSort;19952;8483;0;114150
1000;40;1;CountingSort;3001;0;0;92500
1000;40;1;QuickSort;36670;15643;6357;75810
1000;40;1;InsertionSort;347145;115715;0;520781
1000;40;1;BubbleSort;1456142;498639;114716;898982
1000;40;1;MergeSort;19952;8477;0;112490
1000;40;1;CountingSort;3001;0;0;146790
1000;40;1;QuickSort;35161;14893;6086;117280
1000;40;1;InsertionSort;356455;118817;0;120871
1000;40;1;BubbleSort;1469630;499175;117820;532312
1000;40;1;MergeSort;19952;8273;0;140041
1000;40;1;CountingSort;3001;0;0;113880
1000;40;1;QuickSort;39932;16268;7215;79980
1000;40;1;InsertionSort;352777;117591;0;471062
1000;40;1;BubbleSort;1461716;497670;116594;993133
1000;40;1;MergeSort;19952;8498;0;111560
1000;40;1;CountingSort;3001;0;0;118240
1000;40;1;QuickSort;42514;17926;7532;137270
1000;40;1;InsertionSort;347214;115738;0;133110
1000;40;1;BubbleSort;1456474;498759;114739;586011
1000;40;1;MergeSort;19952;8475;0;148710
1000;40;1;CountingSort;3001;0;0;141740
1000;40;1;QuickSort;37847;16178;6561;52040
1000;40;1;InsertionSort;361275;120425;0;302861
1000;40;1;BubbleSort;1469898;496097;119426;670162
1000;40;1;MergeSort;19952;8478;0;167731
1000;40;1;CountingSort;3001;0;0;94820
1000;40;1;QuickSort;34920;14694;6067;65231
1000;40;1;InsertionSort;356275;118757;0;78791
1000;40;1;BubbleSort;1467490;498225;117760;485071
1000;40;1;MergeSort;19952;8422;0;108220
1000;40;1;CountingSort;3001;0;0;42200
1000;40;1;QuickSort;47083;19132;8651;51750
1000;40;1;InsertionSort;377292;125764;0;92711
1000;40;1;BubbleSort;1497304;499122;124765;616432
1000;40;1;MergeSort;19952;8476;0;138960
1000;40;1;CountingSort;3001;0;0;81710
1000;40;1;QuickSort;41315;17930;7128;98900
1000;40;1;InsertionSort;355725;118575;0;69420
1000;40;1;BubbleSort;1463902;496799;117576;662232
1000;40;1;MergeSort;19952;8445;0;150501
1000;40;1;CountingSort;3001;0;0;16400
1000;40;1;QuickSort;36181;15787;6133;48821
1000;40;1;InsertionSort;355406;118466;0;144451
1000;40;1;BubbleSort;1465344;497730;117471;680561
1000;40;1;MergeSort;19952;8483;0;155150
1000;40;1;CountingSort;3001;0;0;21630
1000;40;1;QuickSort;39517;16489;7004;50990
1000;40;1;InsertionSort;362040;120680;0;288501
1000;40;1;BubbleSort;1477592;499434;119681;774442
1000;40;1;MergeSort;19952;8452;0;151451
1000;40;1;CountingSort;3001;0;0;20481
1000;40;1;QuickSort;39391;16123;7097;51200
1000;40;1;InsertionSort;356382;118794;0;103560
1000;40;1;BubbleSort;1467828;498324;117795;618852
1000;40;1;MergeSort;19952;8404;0;137150
1000;40;1;CountingSort;3001;0;0;21480
1000;40;1;QuickSort;36015;15141;6296;51910
1000;40;1;InsertionSort;360747;120249;0;75300
1000;40;1;BubbleSort;1471578;497289;119250;642322
1000;40;1;MergeSort;19952;8498;0;150071
1000;40;1;CountingSort;3001;0;0;1400664
1000;40;1;QuickSort;38355;15801;6853;48751
1000;40;1;InsertionSort;354096;118032;0;1271773
1000;40;1;BubbleSort;1447392;489630;117033;1671644
1000;40;1;MergeSort;19952;8486;0;112630
1000;40;1;CountingSort;3001;0;0;21820
1000;40;1;QuickSort;38009;16103;6634;50550
1000;40;1;InsertionSort;342874;114290;0;70350
1000;40;1;BubbleSort;1446010;496419;113293;537891
1000;40;1;MergeSort;19952;8505;0;134200
1000;40;1;CountingSort;3001;0;0;20370
1000;40;1;QuickSort;37872;15882;6659;50901
1000;40;1;InsertionSort;341038;113678;0;188421
1000;40;1;BubbleSort;1448464;498870;112681;692902
1000;40;1;MergeSort;19952;8440;0;129900
1000;40;1;CountingSort;3001;0;0;27310
1000;40;1;QuickSort;41146;17509;7228;57500
1000;40;1;InsertionSort;360204;120068;0;70690
1000;40;1;BubbleSort;1470020;496872;119069;637072
1000;40;1;MergeSort;19952;8483;0;144410
1000;40;1;CountingSort;3001;0;0;17520
1000;40;1;QuickSort;37913;16820;6357;63861
1000;40;1;InsertionSort;348502;116164;0;83551
1000;40;1;BubbleSort;1454850;497085;115170;591091
1000;40;1;MergeSort;19952;8446;0;108570
1000;40;1;CountingSort;3001;0;0;51070
1000;40;1;QuickSort;38165;15806;6792;48830
1000;40;1;InsertionSort;358788;119596;0;67190
1000;40;1;BubbleSort;1467536;496574;118597;656972
1000;40;1;MergeSort;19952;8477;0;147881
1000;40;1;CountingSort;3001;0;0;20711
1000;40;1;QuickSort;37813;15712;6704;109720
1000;40;1;InsertionSort;379996;126664;0;113730
1000;40;1;BubbleSort;1500912;499122;125667;651212
1000;40;1;MergeSort;19952;8431;0;129911
1000;40;1;CountingSort;3001;0;0;22290
1000;40;1;QuickSort;36043;15610;6157;49650
1000;40;1;InsertionSort;347262;115754;0;237441
1000;40;1;BubbleSort;1456964;498972;114755;723312
1000;40;1;MergeSort;19952;8500;0;145541
1000;40;1;CountingSort;3001;0;0;20540
1000;40;1;QuickSort;47123;19085;8667;55080
1000;40;1;InsertionSort;368494;122830;0;71580
1000;40;1;BubbleSort;1480170;496419;121833;555461
1000;40;1;MergeSort;19952;8370;0;54950
1000;40;1;CountingSort;3001;0;0;18731
1000;40;1;QuickSort;38601;16794;6606;52670
1000;40;1;InsertionSort;342657;114219;0;66670
1000;40;1;BubbleSort;1450888;499004;113220;544991
1000;40;1;MergeSort;19952;8412;0;159080
1000;40;1;CountingSort;3001;0;0;10560
1000;40;1;QuickSort;35192;15617;5857;50480
1000;40;1;InsertionSort;358983;119657;0;58040
1000;40;1;BubbleSort;1462526;493935;118664;530552
1000;40;1;MergeSort;19952;8493;0;123571
1000;40;1;CountingSort;3001;0;0;8870
1000;40;1;QuickSort;36662;15329;6447;64070
1000;40;1;InsertionSort;381045;127015;0;91700
1000;40;1;BubbleSort;1495582;495759;126016;535011
1000;40;1;MergeSort;19952;8448;0;89460
1000;40;1;CountingSort;3001;0;0;8980
1000;40;1;QuickSort;42798;18282;7517;50941
1000;40;1;InsertionSort;364377;121459;0;132431
1000;40;1;BubbleSort;1479718;498939;120460;659472
1000;40;1;MergeSort;19952;8424;0;121010
1000;40;1;CountingSort;3001;0;0;9060
1000;40;1;QuickSort;40308;16845;7151;70970
1000;40;1;InsertionSort;360213;120071;0;80360
1000;40;1;BubbleSort;1468482;496097;119072;455741
1000;40;1;MergeSort;19952;8467;0;110291
1000;40;1;CountingSort;3001;0;0;9560
1000;40;1;QuickSort;39401;16553;6949;59170
1000;40;1;InsertionSort;338925;112973;0;87680
1000;40;1;BubbleSort;1444838;498465;111977;521881
1000;40;1;MergeSort;19952;8432;0;114890
1000;40;1;CountingSort;3001;0;0;9150
1000;40;1;QuickSort;38644;16141;6839;61830
1000;40;1;InsertionSort;373581;124527;0;626362
1000;40;1;BubbleSort;1483800;494844;123528;1067653
1000;40;1;MergeSort;19952;8446;0;113500
1000;40;1;CountingSort;3001;0;0;14950
1000;40;1;QuickSort;37102;15739;6454;54070
1000;40;1;InsertionSort;355734;118578;0;55710
1000;40;1;BubbleSort;1460004;494844;117579;640281
1000;40;1;MergeSort;19952;8499;0;146670
1000;40;1;CountingSort;3001;0;0;9310
1000;40;1;QuickSort;36306;15144;6388;57780
1000;40;1;InsertionSort;374311;124769;0;94440
1000;40;1;BubbleSort;1489258;497085;123772;553172
1000;40;1;MergeSort;19952;8471;0;81490
1000;40;1;CountingSort;3001;0;0;8920
1000;40;1;QuickSort;42016;17389;7553;42550
1000;40;1;InsertionSort;369366;123122;0;102510
1000;40;1;BubbleSort;1485852;498680;122123;650632
1000;40;1;MergeSort;19952;8510;0;121690
1000;40;1;CountingSort;3001;0;0;9150
1000;40;1;QuickSort;36879;15861;6333;49860
1000;40;1;InsertionSort;346833;115611;0;70600
1000;40;1;BubbleSort;1456116;498834;114612;498692
1000;40;1;MergeSort;19952;8430;0;101121
1000;40;1;CountingSort;3001;0;0;9360
1000;40;1;QuickSort;36033;15300;6251;48570
1000;40;1;InsertionSort;357663;119219;0;72780
1000;40;1;BubbleSort;1471620;499364;118223;644782
1000;40;1;MergeSort;19952;8503;0;175761
1000;40;1;CountingSort;3001;0;0;8870
1000;40;1;QuickSort;42457;17308;7722;51790
1000;40;1;InsertionSort;342930;114310;0;264800
1000;40;1;BubbleSort;1449592;498174;113311;710602
1000;40;1;MergeSort;19952;8469;0;123710
1000;40;1;CountingSort;3001;0;0;9050
1000;40;1;QuickSort;41288;17117;7388;50820
1000;40;1;InsertionSort;342483;114161;0;292871
1000;40;1;BubbleSort;1450778;499065;113162;778592
1000;40;1;MergeSort;19952;8474;0;134511
1000;40;1;CountingSort;3001;0;0;7480
1000;40;1;QuickSort;36449;15653;6269;72930
1000;40;1;InsertionSort;354099;118033;0;439851
1000;40;1;BubbleSort;1462444;497154;117034;872533
1000;40;1;MergeSort;19952;8470;0;91161
1000;40;1;CountingSort;3001;0;0;9420
1000;40;1;QuickSort;36142;15361;6267;101490
1000;40;1;InsertionSort;351283;117093;0;73451
1000;40;1;BubbleSort;1459962;497789;116096;663262
1000;40;1;MergeSort;19952;8476;0;145230
1000;40;1;CountingSort;3001;0;0;10510
1000;40;1;QuickSort;41172;17010;7390;55370
1000;40;1;InsertionSort;378377;126123;0;90380
1000;40;1;BubbleSort;1497256;498372;125128;458481
1000;40;1;MergeSort;19952;8524;0;107380
1000;40;1;CountingSort;3001;0;0;9100
1000;40;1;QuickSort;35189;15446;5908;58500
1000;40;1;InsertionSort;349270;116422;0;262451
1000;40;1;BubbleSort;1460428;499364;115425;644892
1000;40;1;MergeSort;19952;8524;0;141761
1000;40;1;CountingSort;3001;0;0;9210
1000;40;1;QuickSort;38115;16080;6682;66381
1000;40;1;InsertionSort;358305;119435;0;121920
1000;40;1;BubbleSort;1458702;492479;118436;869572
1000;40;1;MergeSort;19952;8501;0;96210
1000;40;1;CountingSort;3001;0;0;9120
1000;40;1;QuickSort;38129;15812;6763;61730
1000;40;1;InsertionSort;360641;120211;0;62940
1000;40;1;BubbleSort;1475844;499490;119216;634822
1000;40;1;MergeSort;19952;8514;0;150881
1000;40;1;CountingSort;3001;0;0;14410
1000;40;1;QuickSort;38414;15764;6880;93990
1000;40;1;InsertionSort;349863;116621;0;116310
1000;40;1;BubbleSort;1457828;497670;115622;607052
1000;40;1;MergeSort;19952;8449;0;104140
1000;40;1;CountingSort;3001;0;0;7570
1000;40;1;QuickSort;38465;16751;6569;61880
1000;40;1;InsertionSort;364045;121347;0;91211
1000;40;1;BubbleSort;1475288;496944;120350;533961
1000;40;1;MergeSort;19952;8495;0;111740
1000;40;1;CountingSort;3001;0;0;9920
1000;40;1;QuickSort;36218;15056;6393;51551
1000;40;1;InsertionSort;359973;119989;0;501742
1000;40;1;BubbleSort;1474916;499472;118993;917682
1000;40;1;MergeSort;19952;8493;0;97640
1000;40;1;CountingSort;3001;0;0;9060
1000;40;1;QuickSort;38740;16948;6594;54160
1000;40;1;InsertionSort;345566;115186;0;69600
1000;40;1;BubbleSort;1455114;499175;114191;533362
1000;40;1;MergeSort;19952;8549;0;156651
1000;40;1;CountingSort;3001;0;0;9250
1000;40;1;QuickSort;38942;16283;6888;72520
1000;40;1;InsertionSort;356807;118933;0;561421
1000;40;1;BubbleSort;1468946;498597;117938;908302
1000;40;1;MergeSort;19952;8491;0;78550
1000;40;1;CountingSort;3001;0;0;8970
1000;40;1;QuickSort;40881;16881;7322;74330
1000;40;1;InsertionSort;350595;116865;0;84020
1000;40;1;BubbleSort;1455984;496260;115866;440892
1000;40;1;MergeSort;19952;8485;0;102970
1000;40;1;CountingSort;3001;0;0;9280
1000;40;1;QuickSort;38721;16098;6876;51610
1000;40;1;InsertionSort;384465;128155;0;88390
1000;40;1;BubbleSort;1504318;497847;127156;560021
1000;40;1;MergeSort;19952;8449;0;98320
1000;40;1;CountingSort;3001;0;0;7580
1000;40;1;QuickSort;35972;15128;6285;67371
1000;40;1;InsertionSort;386691;128897;0;159331
1000;40;1;BubbleSort;1506932;497670;127898;610961
1000;40;1;MergeSort;19952;8443;0;155670
1000;40;1;CountingSort;3001;0;0;7520
1000;40;1;QuickSort;40664;16880;7268;49671
1000;40;1;InsertionSort;366715;122237;0;248490
1000;40;1;BubbleSort;1482320;498680;121240;727522
1000;40;1;MergeSort;19952;8521;0;137130
1000;40;1;CountingSort;3001;0;0;9280
1000;40;1;QuickSort;37870;15778;6698;56140
1000;40;1;InsertionSort;356956;118984;0;132930
1000;40;1;BubbleSort;1466916;497484;117987;585921
1000;40;1;MergeSort;19952;8508;0;104120
1000;40;1;CountingSort;3001;0;0;11450
1000;40;1;QuickSort;39786;16452;7121;49981
1000;40;1;InsertionSort;344352;114784;0;233710
1000;40;1;BubbleSort;1449980;497420;113785;724002
1000;40;1;MergeSort;19952;8494;0;173400
1000;40;1;CountingSort;3001;0;0;13570
1000;40;1;QuickSort;37713;16089;6543;80390
1000;40;1;InsertionSort;359583;119861;0;110520
1000;40;1;BubbleSort;1472096;498324;118862;586492
1000;40;1;MergeSort;19952;8451;0;90180
1000;40;1;CountingSort;3001;0;0;9340
1000;40;1;QuickSort;39143;17024;6699;67180
1000;40;1;InsertionSort;398550;132850;0;80130
1000;40;1;BubbleSort;1518748;495672;131851;559502
1000;40;1;MergeSort;19952;8478;0;108321
1000;40;1;CountingSort;3001;0;0;39580
1000;40;1;QuickSort;43640;18461;7719;97220
1000;40;1;InsertionSort;365700;121900;0;103100
1000;40;1;BubbleSort;1478182;497289;120901;536721
1000;40;1;MergeSort;19952;8452;0;108050
1000;40;1;CountingSort;3001;0;0;18871
1000;40;1;QuickSort;36398;15332;6353;54450
1000;40;1;InsertionSort;379785;126595;0;143340
1000;40;1;BubbleSort;1500784;499200;125596;618561
1000;40;1;MergeSort;19952;8545;0;108530
1000;40;1;CountingSort;3001;0;0;9470
1000;40;1;QuickSort;37386;15747;6543;49951
1000;40;1;InsertionSort;348303;116101;0;219600
1000;40;1;BubbleSort;1458706;499149;115102;629432
1000;40;1;MergeSort;19952;8557;0;136970
1000;40;1;CountingSort;3001;0;0;9221
1000;40;1;QuickSort;35273;14711;6183;49640
1000;40;1;InsertionSort;353490;117830;0;56480
1000;40;1;BubbleSort;1465512;499094;116831;513862
1000;40;1;MergeSort;19952;8511;0;159480
1000;40;1;CountingSort;3001;0;0;9190
1000;40;1;QuickSort;39138;16284;6943;45200
1000;40;1;InsertionSort;372195;124065;0;71250
1000;40;1;BubbleSort;1488184;497960;123066;548651
1000;40;1;MergeSort;19952;8493;0;81960
1000;40;1;CountingSort;3001;0;0;7520
1000;40;1;QuickSort;39737;16823;6977;76421
1000;40;1;InsertionSort;357879;119293;0;557621
1000;40;1;BubbleSort;1466014;496419;118294;897482
1000;40;1;MergeSort;19952;8493;0;108560
1000;40;1;CountingSort;3001;0;0;9150
1000;40;1;QuickSort;37585;15820;6583;51730
1000;40;1;InsertionSort;368923;122973;0;100871
1000;40;1;BubbleSort;1483824;497960;121976;590771
1000;40;1;MergeSort;19952;8402;0;155740
1000;40;1;CountingSort;3001;0;0;13180
1000;40;1;QuickSort;40927;18007;6974;77181
1000;40;1;InsertionSort;357873;119291;0;397131
1000;40;1;BubbleSort;1471046;498939;118292;763011
1000;40;1;MergeSort;19952;8439;0;115050
1000;40;1;CountingSort;3001;0;0;10060
1000;40;1;QuickSort;39808;17101;6893;62481
1000;40;1;InsertionSort;371935;123977;0;66730
1000;40;1;BubbleSort;1484114;496097;122980;640301
1000;40;1;MergeSort;19952;8423;0;149200
1000;40;1;CountingSort;3001;0;0;8720
1000;40;1;QuickSort;38978;16532;6822;61700
1000;40;1;InsertionSort;372979;124325;0;146221
1000;40;1;BubbleSort;1489762;498225;123328;586412
1000;40;1;MergeSort;19952;8473;0;109960
1000;40;1;CountingSort;3001;0;0;8580
1000;40;1;QuickSort;35255;14639;6211;50510
1000;40;1;InsertionSort;363924;121308;0;82810
1000;40;1;BubbleSort;1480126;499445;120309;652362
1000;40;1;MergeSort;19952;8499;0;103181
1000;40;1;CountingSort;3001;0;0;9350
1000;40;1;QuickSort;42642;17865;7592;42930
1000;40;1;InsertionSort;391872;130622;0;235571
1000;40;1;BubbleSort;1516692;499094;129626;730083
1000;40;1;MergeSort;19952;8470;0;124150
1000;40;1;CountingSort;3001;0;0;8951
1000;40;1;QuickSort;39140;16343;6925;57410
1000;40;1;InsertionSort;345897;115299;0;70740
1000;40;1;BubbleSort;1443768;493284;114300;554791
1000;40;1;MergeSort;19952;8356;0;137260
1000;40;1;CountingSort;3001;0;0;15240
1000;40;1;QuickSort;41548;17566;7322;106761
1000;40;1;InsertionSort;364312;121436;0;418581
1000;40;1;BubbleSort;1474750;496497;120439;761232
1000;40;1;MergeSort;19952;8531;0;98990
1000;40;1;CountingSort;3001;0;0;14770
1000;40;1;QuickSort;35173;15706;5825;41490
1000;40;1;InsertionSort;377662;125886;0;564802
1000;40;1;BubbleSort;1498484;499464;124889;1064563
1000;40;1;MergeSort;19952;8581;0;85990
1000;40;1;CountingSort;3001;0;0;7810
1000;40;1;QuickSort;37386;16008;6472;42680
1000;40;1;InsertionSort;361310;120434;0;87040
1000;40;1;BubbleSort;1474306;498275;119439;520172
1000;40;1;MergeSort;19952;8530;0;108780
1000;40;1;CountingSort;3001;0;0;8850
1000;40;1;QuickSort;36721;16138;6189;40600
1000;40;1;InsertionSort;356244;118748;0;53580
1000;40;1;BubbleSort;1467240;498122;117749;486972
1000;40;1;MergeSort;19952;8450;0;91440
1000;40;1;CountingSort;3001;0;0;9400
1000;40;1;QuickSort;37730;15626;6702;49970
1000;40;1;InsertionSort;379297;126429;0;471591
1000;40;1;BubbleSort;1496580;497420;125435;767652
1000;40;1;MergeSort;19952;8538;0;143960
1000;40;1;CountingSort;3001;0;0;8930
1000;40;1;QuickSort;40221;16530;7220;51710
1000;40;1;InsertionSort;360378;120126;0;70010
1000;40;1;BubbleSort;1466766;495129;119127;544941
1000;40;1;MergeSort;19952;8434;0;158080
1000;40;1;CountingSort;3001;0;0;9330
1000;40;1;QuickSort;37064;15536;6515;65600
1000;40;1;InsertionSort;371571;123857;0;359941
1000;40;1;BubbleSort;1486142;497355;122858;877492
1000;40;1;MergeSort;19952;8504;0;101250
1000;40;1;CountingSort;3001;0;0;16960
1000;40;1;QuickSort;40438;16972;7148;40890
1000;40;1;InsertionSort;360791;120261;0;75621
1000;40;1;BubbleSort;1474342;498639;119266;530472
1000;40;1;MergeSort;19952;8383;0;157160
1000;40;1;CountingSort;3001;0;0;7590
1000;40;1;QuickSort;39812;16496;7108;59620
1000;40;1;InsertionSort;370770;123590;0;78750
1000;40;1;BubbleSort;1488434;499035;122591;668332
1000;40;1;MergeSort;19952;8583;0;111151
1000;40;1;CountingSort;3001;0;0;7290
1000;40;1;QuickSort;36514;15568;6326;72180
1000;40;1;InsertionSort;351754;117250;0;144310
1000;40;1;BubbleSort;1455822;495405;116253;491581
1000;40;1;MergeSort;19952;8393;0;137771
1000;40;1;CountingSort;3001;0;0;8910
1000;40;1;QuickSort;37873;16192;6561;96711
1000;40;1;InsertionSort;393948;131316;0;324940
1000;40;1;BubbleSort;1520248;499490;130317;668931
1000;40;1;MergeSort;19952;8509;0;106900
1000;40;1;CountingSort;3001;0;0;9150
1000;40;1;QuickSort;41461;17833;7203;46751
1000;40;1;InsertionSort;365328;121776;0;79560
1000;40;1;BubbleSort;1478448;497670;120777;616471
1000;40;1;MergeSort;19952;8444;0;124480
1000;40;1;CountingSort;3001;0;0;9200
1000;40;1;QuickSort;39796;16888;6970;50071
1000;40;1;InsertionSort;372706;124234;0;468832
1000;40;1;BubbleSort;1489086;498069;123237;811242
1000;40;1;MergeSort;19952;8507;0;213760
1000;40;1;CountingSort;3001;0;0;7600
1000;40;1;QuickSort;38373;16491;6623;56670
1000;40;1;InsertionSort;369657;123219;0;368981
1000;40;1;BubbleSort;1487850;499485;122220;742942
1000;40;1;MergeSort;19952;8450;0;143740
1000;40;1;CountingSort;3001;0;0;11610
1000;40;1;QuickSort;36029;15602;6153;40840
1000;40;1;InsertionSort;378726;126242;0;536861
1000;40;1;BubbleSort;1493810;496419;125243;951962
1000;40;1;MergeSort;19952;8483;0;94440
1000;40;1;CountingSort;3001;0;0;9420
1000;40;1;QuickSort;37958;16613;6451;57541
1000;40;1;InsertionSort;370798;123598;0;92180
1000;40;1;BubbleSort;1483552;496574;122601;613201
1000;40;1;MergeSort;19952;8456;0;122900
1000;40;1;CountingSort;3001;0;0;9560
1000;40;1;QuickSort;40649;16838;7262;51011
1000;40;1;InsertionSort;355293;118431;0;319010
1000;40;1;BubbleSort;1467538;498905;117432;795922
1000;40;1;MergeSort;19952;8514;0;145330
1000;40;1;CountingSort;3001;0;0;9210
1000;40;1;QuickSort;42450;17427;7676;66560
1000;40;1;InsertionSort;369387;123129;0;124540
1000;40;1;BubbleSort;1483098;497289;122130;651722
1000;40;1;MergeSort;19952;8533;0;144921
1000;40;1;CountingSort;3001;0;0;7950
1000;40;1;QuickSort;34897;15349;5839;49990
1000;40;1;InsertionSort;375078;125026;0;73630
1000;40;1;BubbleSort;1491802;497847;124027;722332
1000;40;1;MergeSort;19952;8445;0;139201
1000;40;1;CountingSort;3001;0;0;9300
1000;40;1;QuickSort;34909;14857;6004;63620
1000;40;1;InsertionSort;370836;123612;0;150141
1000;40;1;BubbleSort;1482646;496097;122613;603772
1000;40;1;MergeSort;19952;8465;0;147141
1000;40;1;CountingSort;3001;0;0;14570
1000;40;1;QuickSort;38528;16172;6786;40700
1000;40;1;InsertionSort;366018;122006;0;73900
1000;40;1;BubbleSort;1477478;496725;121007;529622
1000;40;1;MergeSort;19952;8471;0;130591
1000;40;1;CountingSort;3001;0;0;9240
1000;40;1;QuickSort;36210;15369;6275;90420
1000;40;1;InsertionSort;373341;124447;0;89771
1000;40;1;BubbleSort;1484420;495314;123448;497392
1000;40;1;MergeSort;19952;8410;0;82701
1000;40;1;CountingSort;3001;0;0;8950
1000;40;1;QuickSort;39413;17561;6620;58600
1000;40;1;InsertionSort;372266;124086;0;122190
1000;40;1;BubbleSort;1490372;499004;123091;434641
1000;40;1;MergeSort;19952;8477;0;132510
1000;40;2;CountingSort;3001;0;0;248061
1000;40;2;QuickSort;48539;20009;8833;1522254
1000;40;2;InsertionSort;124843;41607;0;3904511
1000;40;2;BubbleSort;755070;296297;40619;7646230
1000;40;2;MergeSort;19952;6189;0;945092
1000;40;2;CountingSort;3001;0;0;113680
1000;40;2;QuickSort;40074;16566;7170;221911
1000;40;2;InsertionSort;119023;39671;0;1691895
1000;40;2;BubbleSort;782218;313755;38677;798962
1000;40;2;MergeSort;19952;6170;0;189300
1000;40;2;CountingSort;3001;0;0;139491
1000;40;2;QuickSort;38302;17173;6377;182911
1000;40;2;InsertionSort;123569;41187;0;409681
1000;40;2;BubbleSort;748246;293739;40192;749452
1000;40;2;MergeSort;19952;6189;0;141580
1000;40;2;CountingSort;3001;0;0;131911
1000;40;2;QuickSort;35392;14956;6144;182261
1000;40;2;InsertionSort;123132;41042;0;429611
1000;40;2;BubbleSort;751502;295659;40046;477031
1000;40;2;MergeSort;19952;6190;0;121000
1000;40;2;CountingSort;3001;0;0;124730
1000;40;2;QuickSort;47068;19720;8450;188621
1000;40;2;InsertionSort;120972;40320;0;185551
1000;40;2;BubbleSort;734458;288575;39327;383512
1000;40;2;MergeSort;19952;6196;0;140930
1000;40;2;CountingSort;3001;0;0;154090
1000;40;2;QuickSort;40309;16660;7222;165220
1000;40;2;InsertionSort;116205;38731;0;186130
1000;40;2;BubbleSort;759952;304500;37738;409221
1000;40;2;MergeSort;19952;6179;0;189311
1000;40;2;CountingSort;3001;0;0;115141
1000;40;2;QuickSort;40978;17020;7321;139111
1000;40;2;InsertionSort;116897;38961;0;712312
1000;40;2;BubbleSort;789074;318599;37969;731132
1000;40;2;MergeSort;19952;6195;0;171411
1000;40;2;CountingSort;3001;0;0;104950
1000;40;2;QuickSort;38184;15858;6776;621382
1000;40;2;InsertionSort;127415;42467;0;157301
1000;40;2;BubbleSort;787290;310695;41475;340771
1000;40;2;MergeSort;19952;6185;0;180690
1000;40;2;CountingSort;3001;0;0;145151
1000;40;2;QuickSort;35221;15442;5929;671652
1000;40;2;InsertionSort;127940;42642;0;1359423
1000;40;2;BubbleSort;775600;304500;41650;1368723
1000;40;2;MergeSort;19952;6177;0;97780
1000;40;2;CountingSort;3001;0;0;121920
1000;40;2;QuickSort;38067;16437;6540;778662
1000;40;2;InsertionSort;130334;43440;0;1376404
1000;40;2;BubbleSort;796082;313145;42448;1355614
1000;40;2;MergeSort;19952;6186;0;108271
1000;40;2;CountingSort;3001;0;0;117021
1000;40;2;QuickSort;42480;17493;7661;889582
1000;40;2;InsertionSort;125622;41870;0;173970
1000;40;2;BubbleSort;798296;317394;40877;504851
1000;40;2;MergeSort;19952;6176;0;109430
1000;40;2;CountingSort;3001;0;0;164490
1000;40;2;QuickSort;33988;14437;5847;653872
1000;40;2;InsertionSort;120494;40160;0;26480
1000;40;2;BubbleSort;774366;308847;39168;254111
1000;40;2;MergeSort;19952;6192;0;112741
1000;40;2;CountingSort;3001;0;0;107791
1000;40;2;QuickSort;35726;16169;5859;367271
1000;40;2;InsertionSort;120341;40111;0;41950
1000;40;2;BubbleSort;736208;289872;39116;429641
1000;40;2;MergeSort;19952;6182;0;132250
1000;40;2;CountingSort;3001;0;0;139590
1000;40;2;QuickSort;40080;17085;6998;80900
1000;40;2;InsertionSort;127898;42626;0;58390
1000;40;2;BubbleSort;787938;310695;41637;332761
1000;40;2;MergeSort;19952;6179;0;98521
1000;40;2;CountingSort;3001;0;0;120250
1000;40;2;QuickSort;36379;15640;6248;178230
1000;40;2;InsertionSort;125315;41769;0;28980
1000;40;2;BubbleSort;763304;300104;40774;295211
1000;40;2;MergeSort;19952;6175;0;107411
1000;40;2;CountingSort;3001;0;0;135030
1000;40;2;QuickSort;43541;19109;7478;63810
1000;40;2;InsertionSort;121982;40656;0;83170
1000;40;2;BubbleSort;766406;303875;39664;392391
1000;40;2;MergeSort;19952;6174;0;151661
1000;40;2;CountingSort;3001;0;0;38950
1000;40;2;QuickSort;40407;16743;7205;35490
1000;40;2;InsertionSort;121164;40386;0;27150
1000;40;2;BubbleSort;728190;285315;39390;365571
1000;40;2;MergeSort;19952;6181;0;91321
1000;40;2;CountingSort;3001;0;0;37191
1000;40;2;QuickSort;42121;17821;7435;34720
1000;40;2;InsertionSort;125611;41869;0;34780
1000;40;2;BubbleSort;789778;313145;40872;269540
1000;40;2;MergeSort;19952;6172;0;117720
1000;40;2;CountingSort;3001;0;0;26101
1000;40;2;QuickSort;39119;16607;6841;73540
1000;40;2;InsertionSort;124012;41334;0;20450
1000;40;2;BubbleSort;776580;307610;40340;391971
1000;40;2;MergeSort;19952;6190;0;120430
1000;40;2;CountingSort;3001;0;0;17400
1000;40;2;QuickSort;42608;17861;7590;42240
1000;40;2;InsertionSort;126148;42048;0;119250
1000;40;2;BubbleSort;755522;295659;41051;356911
1000;40;2;MergeSort;19952;6209;0;88990
1000;40;2;CountingSort;3001;0;0;20300
1000;40;2;QuickSort;37808;16214;6524;44531
1000;40;2;InsertionSort;125655;41881;0;30470
1000;40;2;BubbleSort;770050;303249;40888;496541
1000;40;2;MergeSort;19952;6206;0;109470
1000;40;2;CountingSort;3001;0;0;1323384
1000;40;2;QuickSort;34894;14890;5998;1245873
1000;40;2;InsertionSort;125062;41684;0;1240994
1000;40;2;BubbleSort;776740;306990;40690;1499504
1000;40;2;MergeSort;19952;6179;0;78550
1000;40;2;CountingSort;3001;0;0;20740
1000;40;2;QuickSort;40425;17001;7141;47500
1000;40;2;InsertionSort;130761;43579;0;42960
1000;40;2;BubbleSort;759128;294380;42592;278821
1000;40;2;MergeSort;19952;6182;0;99710
1000;40;2;CountingSort;3001;0;0;22321
1000;40;2;QuickSort;35769;15402;6127;32940
1000;40;2;InsertionSort;120043;40009;0;76210
1000;40;2;BubbleSort;793270;318599;39018;318691
1000;40;2;MergeSort;19952;6178;0;91040
1000;40;2;CountingSort;3001;0;0;21480
1000;40;2;QuickSort;36794;15605;6398;48270
1000;40;2;InsertionSort;122619;40871;0;90310
1000;40;2;BubbleSort;740538;290519;39875;305211
1000;40;2;MergeSort;19952;6187;0;105980
1000;40;2;CountingSort;3001;0;0;30470
1000;40;2;QuickSort;36711;15678;6338;59280
1000;40;2;InsertionSort;126297;42095;0;44140
1000;40;2;BubbleSort;799196;317394;41102;259991
1000;40;2;MergeSort;19952;6192;0;95060
1000;40;2;CountingSort;3001;0;0;21780
1000;40;2;QuickSort;39605;16784;6951;36700
1000;40;2;InsertionSort;125909;41963;0;37300
1000;40;2;BubbleSort;774144;305124;40974;376251
1000;40;2;MergeSort;19952;6189;0;97730
1000;40;2;CountingSort;3001;0;0;18000
1000;40;2;QuickSort;36794;16007;6266;52200
1000;40;2;InsertionSort;125218;41736;0;31380
1000;40;2;BubbleSort;763176;300104;40742;325021
1000;40;2;MergeSort;19952;6194;0;155130
1000;40;2;CountingSort;3001;0;0;16480
1000;40;2;QuickSort;37221;15423;6606;33971
1000;40;2;InsertionSort;120793;40261;0;19870
1000;40;2;BubbleSort;782136;312534;39267;325791
1000;40;2;MergeSort;19952;6177;0;153411
1000;40;2;CountingSort;3001;0;0;39480
1000;40;2;QuickSort;36254;15323;6312;77680
1000;40;2;InsertionSort;126413;42133;0;35200
1000;40;2;BubbleSort;788408;311922;41141;288961
1000;40;2;MergeSort;19952;6187;0;95871
1000;40;2;CountingSort;3001;0;0;19640
1000;40;2;QuickSort;41526;17139;7450;42200
1000;40;2;InsertionSort;125895;41963;0;41890
1000;40;2;BubbleSort;767856;301994;40967;266211
1000;40;2;MergeSort;19952;6172;0;104180
1000;40;2;CountingSort;3001;0;0;96410
1000;40;2;QuickSort;34433;14948;5829;51610
1000;40;2;InsertionSort;123744;41246;0;20250
1000;40;2;BubbleSort;777458;308229;40250;345401
1000;40;2;MergeSort;19952;6195;0;151170
1000;40;2;CountingSort;3001;0;0;21440
1000;40;2;QuickSort;41850;17025;7617;42360
1000;40;2;InsertionSort;122680;40888;0;20170
1000;40;2;BubbleSort;785878;313145;39897;381971
1000;40;2;MergeSort;19952;6190;0;129221
1000;40;2;CountingSort;3001;0;0;22000
1000;40;2;QuickSort;39786;16089;7232;35720
1000;40;2;InsertionSort;124291;41427;0;20630
1000;40;2;BubbleSort;783122;310695;40433;394591
1000;40;2;MergeSort;19952;6167;0;134531
1000;40;2;CountingSort;3001;0;0;20420
1000;40;2;QuickSort;40637;16991;7213;44021
1000;40;2;InsertionSort;126547;42179;0;25200
1000;40;2;BubbleSort;774988;305124;41185;286031
1000;40;2;MergeSort;19952;6184;0;71580
1000;40;2;CountingSort;3001;0;0;60240
1000;40;2;QuickSort;40209;16581;7223;83811
1000;40;2;InsertionSort;116996;38996;0;54241
1000;40;2;BubbleSort;738198;293097;38001;218101
1000;40;2;MergeSort;19952;6187;0;112340
1000;40;2;CountingSort;3001;0;0;20810
1000;40;2;QuickSort;41774;16931;7609;44260
1000;40;2;InsertionSort;127816;42602;0;30470
1000;40;2;BubbleSort;764110;298839;41608;376021
1000;40;2;MergeSort;19952;6179;0;172871
1000;40;2;CountingSort;3001;0;0;22250
1000;40;2;QuickSort;40393;16906;7150;45210
1000;40;2;InsertionSort;123767;41255;0;27690
1000;40;2;BubbleSort;773766;306369;40257;467101
1000;40;2;MergeSort;19952;6172;0;151761
1000;40;2;CountingSort;3001;0;0;20060
1000;40;2;QuickSort;39045;16542;6825;62190
1000;40;2;InsertionSort;121120;40368;0;47620
1000;40;2;BubbleSort;772728;307610;39377;337291
1000;40;2;MergeSort;19952;6181;0;102201
1000;40;2;CountingSort;3001;0;0;21770
1000;40;2;QuickSort;36050;15377;6217;45780
1000;40;2;InsertionSort;121170;40384;0;32350
1000;40;2;BubbleSort;792364;317394;39394;400791
1000;40;2;MergeSort;19952;6164;0;88541
1000;40;2;CountingSort;3001;0;0;16500
1000;40;2;QuickSort;36330;15270;6347;64210
1000;40;2;InsertionSort;130150;43380;0;40980
1000;40;2;BubbleSort;772274;301365;42386;272161
1000;40;2;MergeSort;19952;6183;0;75340
1000;40;2;CountingSort;3001;0;0;29570
1000;40;2;QuickSort;37288;15811;6492;45630
1000;40;2;InsertionSort;116708;38898;0;25361
1000;40;2;BubbleSort;759374;303875;37906;317280
1000;40;2;MergeSort;19952;6190;0;132650
1000;40;2;CountingSort;3001;0;0;17180
1000;40;2;QuickSort;37674;15996;6548;34960
1000;40;2;InsertionSort;122787;40929;0;28050
1000;40;2;BubbleSort;756130;298205;39930;309590
1000;40;2;MergeSort;19952;6178;0;122190
1000;40;2;CountingSort;3001;0;0;17390
1000;40;2;QuickSort;38250;16098;6714;44580
1000;40;2;InsertionSort;125756;41918;0;32081
1000;40;2;BubbleSort;782608;309464;40920;209220
1000;40;2;MergeSort;19952;6197;0;74950
1000;40;2;CountingSort;3001;0;0;10320
1000;40;2;QuickSort;37843;15850;6665;38700
1000;40;2;InsertionSort;122825;40937;0;19731
1000;40;2;BubbleSort;767530;303875;39945;276380
1000;40;2;MergeSort;19952;6187;0;72800
1000;40;2;CountingSort;3001;0;0;8620
1000;40;2;QuickSort;41235;17619;7212;37000
1000;40;2;InsertionSort;127672;42554;0;29940
1000;40;2;BubbleSort;763918;298839;41560;237961
1000;40;2;MergeSort;19952;6182;0;80330
1000;40;2;CountingSort;3001;0;0;8591
1000;40;2;QuickSort;37711;15997;6571;35580
1000;40;2;InsertionSort;120916;40304;0;24320
1000;40;2;BubbleSort;792016;317394;39307;295511
1000;40;2;MergeSort;19952;6188;0;123370
1000;40;2;CountingSort;3001;0;0;8981
1000;40;2;QuickSort;34869;15588;5770;35230
1000;40;2;InsertionSort;117946;39312;0;24200
1000;40;2;BubbleSort;754742;300735;38318;294001
1000;40;2;MergeSort;19952;6204;0;106580
1000;40;2;CountingSort;3001;0;0;8900
1000;40;2;QuickSort;44204;17978;8073;64940
1000;40;2;InsertionSort;129423;43137;0;49091
1000;40;2;BubbleSort;785034;308229;42144;348091
1000;40;2;MergeSort;19952;6184;0;158580
1000;40;2;CountingSort;3001;0;0;8820
1000;40;2;QuickSort;37029;15561;6502;42600
1000;40;2;InsertionSort;126897;42297;0;56691
1000;40;2;BubbleSort;801198;317997;41301;416911
1000;40;2;MergeSort;19952;6205;0;176610
1000;40;2;CountingSort;3001;0;0;9210
1000;40;2;QuickSort;35661;15357;6103;45990
1000;40;2;InsertionSort;121223;40405;0;36720
1000;40;2;BubbleSort;781484;311922;39410;365871
1000;40;2;MergeSort;19952;6164;0;153641
1000;40;2;CountingSort;3001;0;0;10110
1000;40;2;QuickSort;38835;16029;6941;43820
1000;40;2;InsertionSort;123640;41212;0;20190
1000;40;2;BubbleSort;785928;312534;40215;356001
1000;40;2;MergeSort;19952;6188;0;177911
1000;40;2;CountingSort;3001;0;0;16390
1000;40;2;QuickSort;35775;15198;6204;41010
1000;40;2;InsertionSort;117405;39131;0;23720
1000;40;2;BubbleSort;765290;306369;38138;315641
1000;40;2;MergeSort;19952;6171;0;169980
1000;40;2;CountingSort;3001;0;0;7470
1000;40;2;QuickSort;39595;16780;6939;62430
1000;40;2;InsertionSort;118330;39440;0;48330
1000;40;2;BubbleSort;759028;302622;38446;231181
1000;40;2;MergeSort;19952;6195;0;113690
1000;40;2;CountingSort;3001;0;0;8950
1000;40;2;QuickSort;37253;15680;6539;72180
1000;40;2;InsertionSort;129127;43039;0;43620
1000;40;2;BubbleSort;788340;310080;42045;351031
1000;40;2;MergeSort;19952;6182;0;98440
1000;40;2;CountingSort;3001;0;0;18460
1000;40;2;QuickSort;38547;16404;6709;44980
1000;40;2;InsertionSort;123216;41068;0;36220
1000;40;2;BubbleSort;766798;303249;40075;347751
1000;40;2;MergeSort;19952;6183;0;188090
1000;40;2;CountingSort;3001;0;0;8630
1000;40;2;QuickSort;41626;17734;7305;54441
1000;40;2;InsertionSort;116072;38688;0;33310
1000;40;2;BubbleSort;743366;296297;37693;243520
1000;40;2;MergeSort;19952;6196;0;73590
1000;40;2;CountingSort;3001;0;0;8680
1000;40;2;QuickSort;37453;16315;6376;43320
1000;40;2;InsertionSort;129274;43086;0;26090
1000;40;2;BubbleSort;778628;305124;42095;335301
1000;40;2;MergeSort;19952;6171;0;159921
1000;40;2;CountingSort;3001;0;0;7340
1000;40;2;QuickSort;40735;16951;7261;50690
1000;40;2;InsertionSort;119306;39762;0;34760
1000;40;2;BubbleSort;765340;305124;38773;285931
1000;40;2;MergeSort;19952;6190;0;89821
1000;40;2;CountingSort;3001;0;0;8570
1000;40;2;QuickSort;38409;16044;6794;52130
1000;40;2;InsertionSort;124713;41569;0;46700
1000;40;2;BubbleSort;798286;317997;40573;344931
1000;40;2;MergeSort;19952;6170;0;123671
1000;40;2;CountingSort;3001;0;0;8660
1000;40;2;QuickSort;35201;15512;5897;42420
1000;40;2;InsertionSort;124944;41646;0;25060
1000;40;2;BubbleSort;792544;314972;40650;436291
1000;40;2;MergeSort;19952;6167;0;162491
1000;40;2;CountingSort;3001;0;0;13930
1000;40;2;QuickSort;44050;17875;8068;51120
1000;40;2;InsertionSort;126942;42312;0;30040
1000;40;2;BubbleSort;771762;303249;41316;285400
1000;40;2;MergeSort;19952;6181;0;95380
1000;40;2;CountingSort;3001;0;0;7390
1000;40;2;QuickSort;41700;17523;7393;49050
1000;40;2;InsertionSort;124235;41407;0;41470
1000;40;2;BubbleSort;768158;303249;40415;366751
1000;40;2;MergeSort;19952;6181;0;115600
1000;40;2;CountingSort;3001;0;0;8980
1000;40;2;QuickSort;41437;17395;7350;52270
1000;40;2;InsertionSort;118807;39601;0;37840
1000;40;2;BubbleSort;784360;314972;38604;368261
1000;40;2;MergeSort;19952;6203;0;184740
1000;40;2;CountingSort;3001;0;0;7420
1000;40;2;QuickSort;37915;15895;6676;45260
1000;40;2;InsertionSort;121645;40543;0;37680
1000;40;2;BubbleSort;763452;302622;39552;382532
1000;40;2;MergeSort;19952;6188;0;87780
1000;40;2;CountingSort;3001;0;0;17610
1000;40;2;QuickSort;35869;15136;6247;42160
1000;40;2;InsertionSort;126890;42292;0;22920
1000;40;2;BubbleSort;757794;296297;41300;213740
1000;40;2;MergeSort;19952;6190;0;87570
1000;40;2;CountingSort;3001;0;0;9150
1000;40;2;QuickSort;35975;15500;6168;42000
1000;40;2;InsertionSort;118809;39601;0;19500
1000;40;2;BubbleSort;727664;286622;38605;357701
1000;40;2;MergeSort;19952;6184;0;114071
1000;40;2;CountingSort;3001;0;0;8460
1000;40;2;QuickSort;39252;16233;7010;43980
1000;40;2;InsertionSort;126079;42023;0;42540
1000;40;2;BubbleSort;757984;296934;41029;385482
1000;40;2;MergeSort;19952;6201;0;88881
1000;40;2;CountingSort;3001;0;0;8480
1000;40;2;QuickSort;35667;15648;6017;35500
1000;40;2;InsertionSort;120142;40042;0;28681
1000;40;2;BubbleSort;762702;303249;39051;286380
1000;40;2;MergeSort;19952;6176;0;77980
1000;40;2;CountingSort;3001;0;0;8460
1000;40;2;QuickSort;42376;17437;7639;54330
1000;40;2;InsertionSort;117173;39057;0;34840
1000;40;2;BubbleSort;729386;288575;38059;223501
1000;40;2;MergeSort;19952;6191;0;99091
1000;40;2;CountingSort;3001;0;0;9130
1000;40;2;QuickSort;42413;18440;7329;47330
1000;40;2;InsertionSort;126192;42060;0;25260
1000;40;2;BubbleSort;779488;307610;41067;385411
1000;40;2;MergeSort;19952;6185;0;146150
1000;40;2;CountingSort;3001;0;0;9070
1000;40;2;QuickSort;38139;15891;6750;43200
1000;40;2;InsertionSort;118019;39339;0;51910
1000;40;2;BubbleSort;751042;298839;38341;275191
1000;40;2;MergeSort;19952;6169;0;87070
1000;40;2;CountingSort;3001;0;0;7850
1000;40;2;QuickSort;38911;17110;6603;42650
1000;40;2;InsertionSort;126561;42183;0;36750
1000;40;2;BubbleSort;801958;318599;41190;305900
1000;40;2;MergeSort;19952;6199;0;120100
1000;40;2;CountingSort;3001;0;0;7560
1000;40;2;QuickSort;39553;16654;6972;35880
1000;40;2;InsertionSort;123537;41175;0;24330
1000;40;2;BubbleSort;779656;309464;40182;310841
1000;40;2;MergeSort;19952;6175;0;128721
1000;40;2;CountingSort;3001;0;0;9540
1000;40;2;QuickSort;38903;16661;6746;42270
1000;40;2;InsertionSort;121063;40349;0;19250
1000;40;2;BubbleSort;750026;296297;39358;307221
1000;40;2;MergeSort;19952;6171;0;75160
1000;40;2;CountingSort;3001;0;0;9280
1000;40;2;QuickSort;36925;15565;6444;44620
1000;40;2;InsertionSort;125019;41669;0;29350
1000;40;2;BubbleSort;788994;313145;40676;477352
1000;40;2;MergeSort;19952;6191;0;131540
1000;40;2;CountingSort;3001;0;0;9170
1000;40;2;QuickSort;37637;15491;6721;62600
1000;40;2;InsertionSort;127314;42434;0;29641
1000;40;2;BubbleSort;794492;314364;41441;248210
1000;40;2;MergeSort;19952;6200;0;96930
1000;40;2;CountingSort;3001;0;0;9300
1000;40;2;QuickSort;43317;19656;7221;51950
1000;40;2;InsertionSort;122929;40975;0;45711
1000;40;2;BubbleSort;770160;305124;39978;327290
1000;40;2;MergeSort;19952;6179;0;95770
1000;40;2;CountingSort;3001;0;0;7770
1000;40;2;QuickSort;38380;16390;6654;45900
1000;40;2;InsertionSort;122790;40926;0;40730
1000;40;2;BubbleSort;751050;295659;39933;392451
1000;40;2;MergeSort;19952;6177;0;145061
1000;40;2;CountingSort;3001;0;0;9120
1000;40;2;QuickSort;40469;16931;7182;40840
1000;40;2;InsertionSort;125711;41899;0;28020
1000;40;2;BubbleSort;738176;287274;40907;197931
1000;40;2;MergeSort;19952;6178;0;77140
1000;40;2;CountingSort;3001;0;0;8640
1000;40;2;QuickSort;39340;16678;6881;47880
1000;40;2;InsertionSort;116958;38984;0;30020
1000;40;2;BubbleSort;752160;300104;37988;221090
1000;40;2;MergeSort;19952;6163;0;86530
1000;40;2;CountingSort;3001;0;0;8790
1000;40;2;QuickSort;42390;17982;7468;38400
1000;40;2;InsertionSort;121320;40436;0;24200
1000;40;2;BubbleSort;784062;313145;39443;292801
1000;40;2;MergeSort;19952;6182;0;120111
1000;40;2;CountingSort;3001;0;0;7830
1000;40;2;QuickSort;36862;15538;6444;58290
1000;40;2;InsertionSort;119127;39707;0;54130
1000;40;2;BubbleSort;773772;309464;38711;213381
1000;40;2;MergeSort;19952;6165;0;76360
1000;40;2;CountingSort;3001;0;0;10160
1000;40;2;QuickSort;37590;15984;6534;43610
1000;40;2;InsertionSort;128533;42841;0;25600
1000;40;2;BubbleSort;790006;311309;41847;324200
1000;40;2;MergeSort;19952;6183;0;95520
1000;40;2;CountingSort;3001;0;0;8920
1000;40;2;QuickSort;35699;14894;6256;42570
1000;40;2;InsertionSort;122405;40797;0;24480
1000;40;2;BubbleSort;740258;290519;39805;378721
1000;40;2;MergeSort;19952;6212;0;129961
1000;40;2;CountingSort;3001;0;0;7740
1000;40;2;QuickSort;34407;15213;5734;55090
1000;40;2;InsertionSort;122754;40916;0;118481
1000;40;2;BubbleSort;758624;299472;39920;291131
1000;40;2;MergeSort;19952;6190;0;104811
1000;40;2;CountingSort;3001;0;0;8710
1000;40;2;QuickSort;37099;16729;6117;52970
1000;40;2;InsertionSort;121435;40475;0;43840
1000;40;2;BubbleSort;763168;302622;39481;351751
1000;40;2;MergeSort;19952;6181;0;116120
1000;40;2;CountingSort;3001;0;0;10220
1000;40;2;QuickSort;41359;17890;7169;45530
1000;40;2;InsertionSort;115382;38454;0;23770
1000;40;2;BubbleSort;766318;308229;37465;375041
1000;40;2;MergeSort;19952;6183;0;156691
1000;40;2;CountingSort;3001;0;0;7160
1000;40;2;QuickSort;41985;17481;7495;65430
1000;40;2;InsertionSort;116701;38899;0;49020
1000;40;2;BubbleSort;775452;311922;37902;278781
1000;40;2;MergeSort;19952;6183;0;78030
1000;40;2;CountingSort;3001;0;0;9280
1000;40;2;QuickSort;38244;16410;6617;59010
1000;40;2;InsertionSort;124356;41448;0;50820
1000;40;2;BubbleSort;763290;300735;40455;356891
1000;40;2;MergeSort;19952;6192;0;172040
1000;40;2;CountingSort;3001;0;0;8780
1000;40;2;QuickSort;41306;16763;7509;44860
1000;40;2;InsertionSort;124222;41402;0;41471
1000;40;2;BubbleSort;768142;303249;40411;400421
1000;40;2;MergeSort;19952;6185;0;165570
1000;40;2;CountingSort;3001;0;0;8490
1000;40;2;QuickSort;37633;16054;6520;61490
1000;40;2;InsertionSort;122150;40714;0;41840
1000;40;2;BubbleSort;786386;313755;39719;273450
1000;40;2;MergeSort;19952;6179;0;104640
1000;40;2;CountingSort;3001;0;0;8980
1000;40;2;QuickSort;40615;16774;7282;53210
1000;40;2;InsertionSort;122054;40680;0;32650
1000;40;2;BubbleSort;785042;313145;39688;331521
1000;40;2;MergeSort;19952;6192;0;150930
1000;40;2;CountingSort;3001;0;0;7400
1000;40;2;QuickSort;39316;16138;7062;79000
1000;40;2;InsertionSort;120288;40092;0;42900
1000;40;2;BubbleSort;766644;305124;39099;315561
1000;40;2;MergeSort;19952;6169;0;87800
1000;40;2;CountingSort;3001;0;0;7100
1000;40;2;QuickSort;34741;14989;5909;52910
1000;40;2;InsertionSort;126391;42127;0;74670
1000;40;2;BubbleSort;749440;292454;41133;284001
1000;40;2;MergeSort;19952;6176;0;118100
1000;40;2;CountingSort;3001;0;0;8820
1000;40;2;QuickSort;42536;17705;7613;50610
1000;40;2;InsertionSort;123462;41148;0;24380
1000;40;2;BubbleSort;773370;306369;40158;395661
1000;40;2;MergeSort;19952;6190;0;165310
1000;40;2;CountingSort;3001;0;0;9210
1000;40;2;QuickSort;38447;16010;6811;35230
1000;40;2;InsertionSort;121589;40527;0;35150
1000;40;2;BubbleSort;788072;314972;39532;344111
1000;40;2;MergeSort;19952;6166;0;78410
1000;40;2;CountingSort;3001;0;0;8700
1000;40;2;QuickSort;42209;17783;7471;57220
1000;40;2;InsertionSort;122402;40798;0;32170
1000;40;2;BubbleSort;774432;307610;39803;367941
1000;40;2;MergeSort;19952;6204;0;151100
1000;40;2;CountingSort;3001;0;0;9170
1000;40;2;QuickSort;40473;16731;7241;43500
1000;40;2;InsertionSort;121102;40362;0;65060
1000;40;2;BubbleSort;775178;308847;39371;253321
1000;40;2;MergeSort;19952;6196;0;76490
1000;40;2;CountingSort;3001;0;0;11800
1000;40;2;QuickSort;41890;17488;7480;35480
1000;40;2;InsertionSort;121480;40490;0;23500
1000;40;2;BubbleSort;745462;293739;39496;310451
1000;40;2;MergeSort;19952;6198;0;82071
1000;40;3;CountingSort;3001;0;0;240881
1000;40;3;QuickSort;42482;18002;7485;1497753
1000;40;3;InsertionSort;120213;40071;0;3438929
1000;40;3;BubbleSort;759018;301365;39072;6886138
1000;40;3;MergeSort;19952;6291;0;1119713
1000;40;3;CountingSort;3001;0;0;118600
1000;40;3;QuickSort;35241;15138;6032;214080
1000;40;3;InsertionSort;128520;42840;0;1951886
1000;40;3;BubbleSort;765042;298839;41841;660242
1000;40;3;MergeSort;19952;6279;0;123341
1000;40;3;CountingSort;3001;0;0;128500
1000;40;3;QuickSort;39338;16763;6845;240411
1000;40;3;InsertionSort;123996;41332;0;422891
1000;40;3;BubbleSort;783950;311309;40333;631732
1000;40;3;MergeSort;19952;6298;0;118311
1000;40;3;CountingSort;3001;0;0;145301
1000;40;3;QuickSort;40597;17560;7021;208440
1000;40;3;InsertionSort;122085;40695;0;389261
1000;40;3;BubbleSort;793572;317394;39696;403841
1000;40;3;MergeSort;19952;6289;0;103200
1000;40;3;CountingSort;3001;0;0;127080
1000;40;3;QuickSort;39655;17170;6842;355191
1000;40;3;InsertionSort;123441;41147;0;405231
1000;40;3;BubbleSort;770840;305124;40148;460872
1000;40;3;MergeSort;19952;6265;0;138151
1000;40;3;CountingSort;3001;0;0;151830
1000;40;3;QuickSort;34928;15317;5877;170580
1000;40;3;InsertionSort;129207;43069;0;156720
1000;40;3;BubbleSort;776030;303875;42070;475931
1000;40;3;MergeSort;19952;6279;0;165181
1000;40;3;CountingSort;3001;0;0;128071
1000;40;3;QuickSort;38404;15892;6839;583661
1000;40;3;InsertionSort;118590;39530;0;407921
1000;40;3;BubbleSort;763124;304500;38531;586192
1000;40;3;MergeSort;19952;6277;0;171040
1000;40;3;CountingSort;3001;0;0;142140
1000;40;3;QuickSort;34784;15002;5915;850682
1000;40;3;InsertionSort;129738;43246;0;267741
1000;40;3;BubbleSort;782968;306990;42247;518241
1000;40;3;MergeSort;19952;6286;0;175201
1000;40;3;CountingSort;3001;0;0;129740
1000;40;3;QuickSort;39238;16360;6961;808882
1000;40;3;InsertionSort;127782;42594;0;522372
1000;40;3;BubbleSort;795108;314364;41595;714662
1000;40;3;MergeSort;19952;6258;0;122591
1000;40;3;CountingSort;3001;0;0;112830
1000;40;3;QuickSort;47896;19807;8699;726602
1000;40;3;InsertionSort;124161;41387;0;121470
1000;40;3;BubbleSort;780480;309464;40388;457221
1000;40;3;MergeSort;19952;6267;0;124390
1000;40;3;CountingSort;3001;0;0;96750
1000;40;3;QuickSort;39364;16330;7013;728892
1000;40;3;InsertionSort;121383;40461;0;248431
1000;40;3;BubbleSort;773068;307610;39462;477251
1000;40;3;MergeSort;19952;6284;0;122310
1000;40;3;CountingSort;3001;0;0;110190
1000;40;3;QuickSort;36704;16703;5992;670302
1000;40;3;InsertionSort;113502;37834;0;66961
1000;40;3;BubbleSort;760078;306369;36835;320190
1000;40;3;MergeSort;19952;6274;0;155170
1000;40;3;CountingSort;3001;0;0;171920
1000;40;3;QuickSort;36864;15663;6395;577181
1000;40;3;InsertionSort;117231;39077;0;27300
1000;40;3;BubbleSort;777380;312534;38078;341431
1000;40;3;MergeSort;19952;6300;0;100670
1000;40;3;CountingSort;3001;0;0;171891
1000;40;3;QuickSort;40656;17166;7166;136391
1000;40;3;InsertionSort;133359;44453;0;25960
1000;40;3;BubbleSort;800106;313145;43454;380742
1000;40;3;MergeSort;19952;6279;0;102180
1000;40;3;CountingSort;3001;0;0;99220
1000;40;3;QuickSort;44892;19656;7754;119190
1000;40;3;InsertionSort;119592;39864;0;27290
1000;40;3;BubbleSort;728704;286622;38865;335611
1000;40;3;MergeSort;19952;6270;0;138440
1000;40;3;CountingSort;3001;0;0;295590
1000;40;3;QuickSort;40387;16870;7165;55390
1000;40;3;InsertionSort;123642;41214;0;84350
1000;40;3;BubbleSort;763590;301365;40215;339041
1000;40;3;MergeSort;19952;6294;0;82610
1000;40;3;CountingSort;3001;0;0;48740
1000;40;3;QuickSort;40092;16254;7280;54770
1000;40;3;InsertionSort;123330;41110;0;21220
1000;40;3;BubbleSort;775664;307610;40111;370821
1000;40;3;MergeSort;19952;6298;0;106190
1000;40;3;CountingSort;3001;0;0;31410
1000;40;3;QuickSort;38832;16341;6821;377431
1000;40;3;InsertionSort;121539;40513;0;20530
1000;40;3;BubbleSort;770794;306369;39514;285611
1000;40;3;MergeSort;19952;6300;0;108281
1000;40;3;CountingSort;3001;0;0;22030
1000;40;3;QuickSort;34524;15324;5735;39790
1000;40;3;InsertionSort;129198;43066;0;34740
1000;40;3;BubbleSort;767212;299472;42067;223171
1000;40;3;MergeSort;19952;6282;0;67040
1000;40;3;CountingSort;3001;0;0;35060
1000;40;3;QuickSort;37584;16320;6428;51680
1000;40;3;InsertionSort;126525;42175;0;20720
1000;40;3;BubbleSort;797074;316185;41176;218141
1000;40;3;MergeSort;19952;6286;0;74671
1000;40;3;CountingSort;3001;0;0;16380
1000;40;3;QuickSort;35926;15973;5991;35710
1000;40;3;InsertionSort;117906;39302;0;20040
1000;40;3;BubbleSort;755942;301365;38303;276901
1000;40;3;MergeSort;19952;6282;0;116660
1000;40;3;CountingSort;3001;0;0;22870
1000;40;3;QuickSort;38513;16940;6524;37470
1000;40;3;InsertionSort;121773;40591;0;21040
1000;40;3;BubbleSort;766118;303875;39592;2860098
1000;40;3;MergeSort;19952;6285;0;2673247
1000;40;3;CountingSort;3001;0;0;20420
1000;40;3;QuickSort;36301;15667;6221;35680
1000;40;3;InsertionSort;127365;42455;0;26270
1000;40;3;BubbleSort;764768;299472;41456;373761
1000;40;3;MergeSort;19952;6285;0;157330
1000;40;3;CountingSort;3001;0;0;20920
1000;40;3;QuickSort;38655;16218;6819;55560
1000;40;3;InsertionSort;121494;40498;0;38230
1000;40;3;BubbleSort;774454;308229;39499;263451
1000;40;3;MergeSort;19952;6296;0;50000
1000;40;3;CountingSort;3001;0;0;20220
1000;40;3;QuickSort;42440;17486;7657;53000
1000;40;3;InsertionSort;124845;41615;0;33650
1000;40;3;BubbleSort;796044;316790;40616;398261
1000;40;3;MergeSort;19952;6282;0;85501
1000;40;3;CountingSort;3001;0;0;40381
1000;40;3;QuickSort;38498;16340;6710;47130
1000;40;3;InsertionSort;124803;41601;0;25650
1000;40;3;BubbleSort;768906;303249;40602;388181
1000;40;3;MergeSort;19952;6291;0;129420
1000;40;3;CountingSort;3001;0;0;20270
1000;40;3;QuickSort;34958;14813;6058;43270
1000;40;3;InsertionSort;116934;38978;0;26820
1000;40;3;BubbleSort;745784;296934;37979;359921
1000;40;3;MergeSort;19952;6284;0;135451
1000;40;3;CountingSort;3001;0;0;23890
1000;40;3;QuickSort;40606;16552;7353;39700
1000;40;3;InsertionSort;123858;41286;0;26050
1000;40;3;BubbleSort;768898;303875;40287;275341
1000;40;3;MergeSort;19952;6282;0;114100
1000;40;3;CountingSort;3001;0;0;20070
1000;40;3;QuickSort;39381;16584;6933;35901
1000;40;3;InsertionSort;120258;40086;0;65300
1000;40;3;BubbleSort;777738;310695;39087;357501
1000;40;3;MergeSort;19952;6281;0;112970
1000;40;3;CountingSort;3001;0;0;93571
1000;40;3;QuickSort;36373;15238;6384;44691
1000;40;3;InsertionSort;121485;40495;0;33490
1000;40;3;BubbleSort;770722;306369;39496;216150
1000;40;3;MergeSort;19952;6282;0;68440
1000;40;3;CountingSort;3001;0;0;23180
1000;40;3;QuickSort;40041;16638;7144;69400
1000;40;3;InsertionSort;121179;40393;0;38010
1000;40;3;BubbleSort;780194;311309;39394;326401
1000;40;3;MergeSort;19952;6279;0;67141
1000;40;3;CountingSort;3001;0;0;21520
1000;40;3;QuickSort;36561;15663;6311;42940
1000;40;3;InsertionSort;123135;41045;0;25640
1000;40;3;BubbleSort;776642;308229;40046;327111
1000;40;3;MergeSort;19952;6275;0;164481
1000;40;3;CountingSort;3001;0;0;19980
1000;40;3;QuickSort;39345;16254;7041;43780
1000;40;3;InsertionSort;121590;40530;0;25340
1000;40;3;BubbleSort;767124;304500;39531;286611
1000;40;3;MergeSort;19952;6281;0;142351
1000;40;3;CountingSort;3001;0;0;21480
1000;40;3;QuickSort;37222;16531;6232;53500
1000;40;3;InsertionSort;112590;37530;0;37750
1000;40;3;BubbleSort;762582;308229;36531;363891
1000;40;3;MergeSort;19952;6278;0;123531
1000;40;3;CountingSort;3001;0;0;16960
1000;40;3;QuickSort;42159;17295;7626;67480
1000;40;3;InsertionSort;119796;39932;0;40980
1000;40;3;BubbleSort;788102;316185;38933;394441
1000;40;3;MergeSort;19952;6280;0;131920
1000;40;3;CountingSort;3001;0;0;22070
1000;40;3;QuickSort;43187;18278;7637;50411
1000;40;3;InsertionSort;120246;40082;0;19930
1000;40;3;BubbleSort;756540;300104;39083;331351
1000;40;3;MergeSort;19952;6255;0;128101
1000;40;3;CountingSort;3001;0;0;16860
1000;40;3;QuickSort;42528;17448;7682;47590
1000;40;3;InsertionSort;120450;40150;0;37280
1000;40;3;BubbleSort;776764;310080;39151;254681
1000;40;3;MergeSort;19952;6282;0;141960
1000;40;3;CountingSort;3001;0;0;8450
1000;40;3;QuickSort;46088;18932;8387;43730
1000;40;3;InsertionSort;128307;42769;0;38250
1000;40;3;BubbleSort;782300;307610;41770;241781
1000;40;3;MergeSort;19952;6284;0;89020
1000;40;3;CountingSort;3001;0;0;7510
1000;40;3;QuickSort;35762;15368;6136;35180
1000;40;3;InsertionSort;118707;39569;0;19610
1000;40;3;BubbleSort;774440;310080;38570;295291
1000;40;3;MergeSort;19952;6276;0;113270
1000;40;3;CountingSort;3001;0;0;7620
1000;40;3;QuickSort;39173;16544;6875;35300
1000;40;3;InsertionSort;126855;42285;0;34410
1000;40;3;BubbleSort;774144;304500;41286;217401
1000;40;3;MergeSort;19952;6288;0;76270
1000;40;3;CountingSort;3001;0;0;7680
1000;40;3;QuickSort;35633;15281;6121;45530
1000;40;3;InsertionSort;124287;41429;0;47790
1000;40;3;BubbleSort;798918;318599;40430;334051
1000;40;3;MergeSort;19952;6280;0;90121
1000;40;3;CountingSort;3001;0;0;8960
1000;40;3;QuickSort;37437;16059;6470;43640
1000;40;3;InsertionSort;128019;42673;0;37670
1000;40;3;BubbleSort;797854;315579;41674;302341
1000;40;3;MergeSort;19952;6283;0;148051
1000;40;3;CountingSort;3001;0;0;8830
1000;40;3;QuickSort;36772;15358;6462;61520
1000;40;3;InsertionSort;125061;41687;0;42750
1000;40;3;BubbleSort;751512;294380;40688;282591
1000;40;3;MergeSort;19952;6296;0;72730
1000;40;3;CountingSort;3001;0;0;9190
1000;40;3;QuickSort;39381;16329;7003;44431
1000;40;3;InsertionSort;124602;41534;0;25760
1000;40;3;BubbleSort;761084;299472;40535;365711
1000;40;3;MergeSort;19952;6300;0;159910
1000;40;3;CountingSort;3001;0;0;8880
1000;40;3;QuickSort;45912;19842;8027;49290
1000;40;3;InsertionSort;124500;41500;0;25960
1000;40;3;BubbleSort;755872;296934;40501;307171
1000;40;3;MergeSort;19952;6287;0;111361
1000;40;3;CountingSort;3001;0;0;9120
1000;40;3;QuickSort;41003;17621;7131;57860
1000;40;3;InsertionSort;122310;40770;0;50440
1000;40;3;BubbleSort;765582;303249;39771;271651
1000;40;3;MergeSort;19952;6266;0;84080
1000;40;3;CountingSort;3001;0;0;14110
1000;40;3;QuickSort;38130;15900;6745;51240
1000;40;3;InsertionSort;118989;39663;0;47600
1000;40;3;BubbleSort;759900;302622;38664;331891
1000;40;3;MergeSort;19952;6300;0;113031
1000;40;3;CountingSort;3001;0;0;7750
1000;40;3;QuickSort;37710;15981;6570;56980
1000;40;3;InsertionSort;122073;40691;0;25130
1000;40;3;BubbleSort;766518;303875;39692;356682
1000;40;3;MergeSort;19952;6287;0;133070
1000;40;3;CountingSort;3001;0;0;9190
1000;40;3;QuickSort;38367;15816;6849;52240
1000;40;3;InsertionSort;129186;43062;0;43800
1000;40;3;BubbleSort;799410;315579;42063;215900
1000;40;3;MergeSort;19952;6264;0;95110
1000;40;3;CountingSort;3001;0;0;10690
1000;40;3;QuickSort;38504;16547;6660;35730
1000;40;3;InsertionSort;121140;40380;0;46190
1000;40;3;BubbleSort;728154;285315;39381;213651
1000;40;3;MergeSort;19952;6301;0;72421
1000;40;3;CountingSort;3001;0;0;9430
1000;40;3;QuickSort;37641;15897;6593;36880
1000;40;3;InsertionSort;123690;41230;0;25210
1000;40;3;BubbleSort;768674;303875;40231;216881
1000;40;3;MergeSort;19952;6292;0;88791
1000;40;3;CountingSort;3001;0;0;11540
1000;40;3;QuickSort;37890;16566;6432;52230
1000;40;3;InsertionSort;119970;39990;0;25130
1000;40;3;BubbleSort;771184;307610;38991;303891
1000;40;3;MergeSort;19952;6302;0;137041
1000;40;3;CountingSort;3001;0;0;7820
1000;40;3;QuickSort;39339;16320;7006;55470
1000;40;3;InsertionSort;118587;39529;0;74870
1000;40;3;BubbleSort;776738;311309;38530;296441
1000;40;3;MergeSort;19952;6275;0;84231
1000;40;3;CountingSort;3001;0;0;11170
1000;40;3;QuickSort;37627;16213;6474;37740
1000;40;3;InsertionSort;124242;41414;0;22250
1000;40;3;BubbleSort;794030;316185;40415;220860
1000;40;3;MergeSort;19952;6305;0;70670
1000;40;3;CountingSort;3001;0;0;7210
1000;40;3;QuickSort;41047;18607;6807;46700
1000;40;3;InsertionSort;129189;43063;0;21390
1000;40;3;BubbleSort;740194;285969;42064;331091
1000;40;3;MergeSort;19952;6275;0;151390
1000;40;3;CountingSort;3001;0;0;7320
1000;40;3;QuickSort;40074;16914;7057;44671
1000;40;3;InsertionSort;117486;39162;0;19400
1000;40;3;BubbleSort;751596;299472;38163;204061
1000;40;3;MergeSort;19952;6290;0;65351
1000;40;3;CountingSort;3001;0;0;7840
1000;40;3;QuickSort;40220;17168;7016;53460
1000;40;3;InsertionSort;119940;39980;0;24931
1000;40;3;BubbleSort;780992;312534;38981;382351
1000;40;3;MergeSort;19952;6277;0;146661
1000;40;3;CountingSort;3001;0;0;7890
1000;40;3;QuickSort;40480;17494;6985;53760
1000;40;3;InsertionSort;118437;39479;0;43741
1000;40;3;BubbleSort;755390;300735;38480;214731
1000;40;3;MergeSort;19952;6283;0;71280
1000;40;3;CountingSort;3001;0;0;7420
1000;40;3;QuickSort;36944;15479;6486;42330
1000;40;3;InsertionSort;129051;43017;0;29230
1000;40;3;BubbleSort;777072;304500;42018;428091
1000;40;3;MergeSort;19952;6267;0;130880
1000;40;3;CountingSort;3001;0;0;9040
1000;40;3;QuickSort;42391;17560;7618;54160
1000;40;3;InsertionSort;119451;39817;0;54710
1000;40;3;BubbleSort;740180;292454;38818;320221
1000;40;3;MergeSort;19952;6294;0;82570
1000;40;3;CountingSort;3001;0;0;9790
1000;40;3;QuickSort;40846;17374;7173;73480
1000;40;3;InsertionSort;126732;42244;0;52620
1000;40;3;BubbleSort;782674;308847;41245;330081
1000;40;3;MergeSort;19952;6281;0;101270
1000;40;3;CountingSort;3001;0;0;8800
1000;40;3;QuickSort;38092;16126;6643;52930
1000;40;3;InsertionSort;126822;42274;0;33310
1000;40;3;BubbleSort;760240;297570;41275;388381
1000;40;3;MergeSort;19952;6286;0;138260
1000;40;3;CountingSort;3001;0;0;8890
1000;40;3;QuickSort;41020;17164;7278;46640
1000;40;3;InsertionSort;123768;41256;0;103251
1000;40;3;BubbleSort;787318;313145;40257;316930
1000;40;3;MergeSort;19952;6282;0;85890
1000;40;3;CountingSort;3001;0;0;7710
1000;40;3;QuickSort;37314;15759;6520;76491
1000;40;3;InsertionSort;123819;41273;0;47441
1000;40;3;BubbleSort;756236;297570;40274;306540
1000;40;3;MergeSort;19952;6288;0;69610
1000;40;3;CountingSort;3001;0;0;9360
1000;40;3;QuickSort;37874;15797;6685;35330
1000;40;3;InsertionSort;126435;42145;0;25520
1000;40;3;BubbleSort;788428;311922;41146;321001
1000;40;3;MergeSort;19952;6277;0;144420
1000;40;3;CountingSort;3001;0;0;9010
1000;40;3;QuickSort;36853;15517;6441;48680
1000;40;3;InsertionSort;120180;40060;0;161060
1000;40;3;BubbleSort;750112;296934;39061;314761
1000;40;3;MergeSort;19952;6275;0;108791
1000;40;3;CountingSort;3001;0;0;9590
1000;40;3;QuickSort;38885;16685;6730;35760
1000;40;3;InsertionSort;128064;42688;0;20960
1000;40;3;BubbleSort;789374;311309;41689;212470
1000;40;3;MergeSort;19952;6256;0;85320
1000;40;3;CountingSort;3001;0;0;7830
1000;40;3;QuickSort;39825;16401;7132;44910
1000;40;3;InsertionSort;117033;39011;0;50970
1000;40;3;BubbleSort;764786;306369;38012;314141
1000;40;3;MergeSort;19952;6278;0;143101
1000;40;3;CountingSort;3001;0;0;7291
1000;40;3;QuickSort;37066;15442;6539;46310
1000;40;3;InsertionSort;122268;40756;0;29850
1000;40;3;BubbleSort;728348;284660;39757;201740
1000;40;3;MergeSort;19952;6292;0;88340
1000;40;3;CountingSort;3001;0;0;8920
1000;40;3;QuickSort;40305;16311;7321;43590
1000;40;3;InsertionSort;120450;40150;0;49160
1000;40;3;BubbleSort;750472;296934;39151;267501
1000;40;3;MergeSort;19952;6296;0;110891
1000;40;3;CountingSort;3001;0;0;7510
1000;40;3;QuickSort;35263;14977;6098;42370
1000;40;3;InsertionSort;119988;39996;0;59210
1000;40;3;BubbleSort;761232;302622;38997;328681
1000;40;3;MergeSort;19952;6281;0;145791
1000;40;3;CountingSort;3001;0;0;8931
1000;40;3;QuickSort;37054;16042;6341;35200
1000;40;3;InsertionSort;119547;39849;0;24760
1000;40;3;BubbleSort;766894;305747;38850;335191
1000;40;3;MergeSort;19952;6270;0;110130
1000;40;3;CountingSort;3001;0;0;7440
1000;40;3;QuickSort;42025;17755;7416;59770
1000;40;3;InsertionSort;120405;40135;0;135410
1000;40;3;BubbleSort;770524;306990;39136;383601
1000;40;3;MergeSort;19952;6287;0;104750
1000;40;3;CountingSort;3001;0;0;8660
1000;40;3;QuickSort;35377;15136;6071;63910
1000;40;3;InsertionSort;123861;41287;0;37930
1000;40;3;BubbleSort;772646;305747;40288;294311
1000;40;3;MergeSort;19952;6292;0;86620
1000;40;3;CountingSort;3001;0;0;9090
1000;40;3;QuickSort;37448;15866;6527;42371
1000;40;3;InsertionSort;122832;40944;0;25220
1000;40;3;BubbleSort;757458;298839;39945;324951
1000;40;3;MergeSort;19952;6280;0;139440
1000;40;3;CountingSort;3001;0;0;15150
1000;40;3;QuickSort;38537;16142;6811;55920
1000;40;3;InsertionSort;124230;41410;0;71120
1000;40;3;BubbleSort;785488;311922;40411;307361
1000;40;3;MergeSort;19952;6276;0;86910
1000;40;3;CountingSort;3001;0;0;8490
1000;40;3;QuickSort;39720;16815;6970;57500
1000;40;3;InsertionSort;121992;40664;0;37640
1000;40;3;BubbleSort;793448;317394;39665;311301
1000;40;3;MergeSort;19952;6290;0;74230
1000;40;3;CountingSort;3001;0;0;10860
1000;40;3;QuickSort;43564;17854;7900;41810
1000;40;3;InsertionSort;122745;40915;0;41280
1000;40;3;BubbleSort;773644;306990;39916;318291
1000;40;3;MergeSort;19952;6290;0;118700
1000;40;3;CountingSort;3001;0;0;7840
1000;40;3;QuickSort;44049;18153;7951;38340
1000;40;3;InsertionSort;127557;42519;0;41120
1000;40;3;BubbleSort;777574;305747;41520;302111
1000;40;3;MergeSort;19952;6283;0;112990
1000;40;3;CountingSort;3001;0;0;7510
1000;40;3;QuickSort;36210;15897;6110;35560
1000;40;3;InsertionSort;120492;40164;0;26670
1000;40;3;BubbleSort;780504;311922;39165;288761
1000;40;3;MergeSort;19952;6283;0;66851
1000;40;3;CountingSort;3001;0;0;9030
1000;40;3;QuickSort;45140;18725;8129;46600
1000;40;3;InsertionSort;121548;40516;0;20360
1000;40;3;BubbleSort;781912;311922;39517;353611
1000;40;3;MergeSort;19952;6297;0;140971
1000;40;3;CountingSort;3001;0;0;9150
1000;40;3;QuickSort;42829;18031;7600;37120
1000;40;3;InsertionSort;120174;40058;0;36661
1000;40;3;BubbleSort;742430;293097;39059;381561
1000;40;3;MergeSort;19952;6276;0;82410
1000;40;3;CountingSort;3001;0;0;9320
1000;40;3;QuickSort;36578;15347;6410;42790
1000;40;3;InsertionSort;118311;39437;0;38300
1000;40;3;BubbleSort;734790;290519;38438;286541
1000;40;3;MergeSort;19952;6276;0;85780
1000;40;3;CountingSort;3001;0;0;9030
1000;40;3;QuickSort;36580;15682;6318;49950
1000;40;3;InsertionSort;116718;38906;0;30031
1000;40;3;BubbleSort;763122;305747;37907;319020
1000;40;3;MergeSort;19952;6297;0;80440
1000;40;3;CountingSort;3001;0;0;8910
1000;40;3;QuickSort;37670;16085;6533;45041
1000;40;3;InsertionSort;124596;41532;0;25951
1000;40;3;BubbleSort;793290;315579;40533;329381
1000;40;3;MergeSort;19952;6271;0;143000
1000;40;3;CountingSort;3001;0;0;7770
1000;40;3;QuickSort;40929;17664;7083;36750
1000;40;3;InsertionSort;116127;38709;0;20260
1000;40;3;BubbleSort;720160;284660;37710;257071
1000;40;3;MergeSort;19952;6296;0;67360
1000;40;3;CountingSort;3001;0;0;7200
1000;40;3;QuickSort;36188;15914;6096;36560
1000;40;3;InsertionSort;122205;40735;0;31330
1000;40;3;BubbleSort;729574;285315;39736;302041
1000;40;3;MergeSort;19952;6297;0;92290
1000;40;3;CountingSort;3001;0;0;9561
1000;40;3;QuickSort;35147;15059;6031;34230
1000;40;3;InsertionSort;123861;41287;0;20550
1000;40;3;BubbleSort;760096;299472;40288;425521
1000;40;3;MergeSort;19952;6279;0;111070
1000;40;3;CountingSort;3001;0;0;10580
1000;40;3;QuickSort;45673;18535;8378;49020
1000;40;3;InsertionSort;122547;40849;0;37720
1000;40;3;BubbleSort;759608;300104;39850;333041
1000;40;3;MergeSort;19952;6279;0;155591
1000;40;3;CountingSort;3001;0;0;8950
1000;40;3;QuickSort;40726;16906;7279;37500
1000;40;3;InsertionSort;122307;40769;0;180251
1000;40;3;BubbleSort;766830;303875;39770;399241
1000;40;3;MergeSort;19952;6293;0;103241
1000;40;3;CountingSort;3001;0;0;11870
1000;40;3;QuickSort;41240;17198;7343;55670
1000;40;3;InsertionSort;120891;40297;0;31480
1000;40;3;BubbleSort;777352;310080;39298;296171
1000;40;3;MergeSort;19952;6289;0;122491
1000;40;3;CountingSort;3001;0;0;8880
1000;40;3;QuickSort;39560;17246;6761;37700
1000;40;3;InsertionSort;121671;40557;0;49660
1000;40;3;BubbleSort;768480;305124;39558;295641
1000;40;3;MergeSort;19952;6290;0;100860
1000;40;3;CountingSort;3001;0;0;7800
1000;40;3;QuickSort;37431;15870;6526;45210
1000;40;3;InsertionSort;122328;40776;0;25280
1000;40;3;BubbleSort;784176;312534;39777;458881
1000;40;3;MergeSort;19952;6268;0;165981
1000;40;3;CountingSort;3001;0;0;7170
1000;40;3;QuickSort;38202;16257;6651;63710
1000;40;3;InsertionSort;118764;39588;0;38320
1000;40;3;BubbleSort;760854;303249;38589;302081
1000;40;3;MergeSort;19952;6263;0;96741
1000;40;3;CountingSort;3001;0;0;6970
1000;40;3;QuickSort;36847;15553;6431;42330
1000;40;3;InsertionSort;118815;39605;0;24640
1000;40;3;BubbleSort;770882;308229;38606;434911
1000;40;3;MergeSort;19952;6262;0;138621
1000;40;3;CountingSort;3001;0;0;7490
1000;40;3;QuickSort;35218;14884;6119;49450
1000;40;3;InsertionSort;126492;42164;0;40220
1000;40;3;BubbleSort;788504;311922;41165;290021
1000;40;3;MergeSort;19952;6300;0;63840
1000;40;3;CountingSort;3001;0;0;7370
1000;40;3;QuickSort;39033;17061;6671;53850
1000;40;3;InsertionSort;125613;41871;0;47310
1000;40;3;BubbleSort;786106;311309;40872;355491
1000;40;3;MergeSort;19952;6276;0;88791
1000;40;3;CountingSort;3001;0;0;9370
1000;40;3;QuickSort;39586;16960;6874;36200
1000;40;3;InsertionSort;116709;38903;0;47251
1000;40;3;BubbleSort;776684;312534;37904;347631
1000;40;3;MergeSort;19952;6285;0;137530
1000;40;3;CountingSort;3001;0;0;8900
1000;40;3;QuickSort;47160;19677;8489;37200
1000;40;3;InsertionSort;123093;41031;0;41000
1000;40;3;BubbleSort;769128;304500;40032;220201
1000;40;3;MergeSort;19952;6273;0;69981
1000;40;3;CountingSort;3001;0;0;11790
1000;40;3;QuickSort;45328;18652;8221;49720
1000;40;3;InsertionSort;124062;41354;0;26440
1000;40;3;BubbleSort;766664;302622;40355;249571
1000;40;3;MergeSort;19952;6286;0;105140
1000;40;4;CountingSort;3001;0;0;194361
1000;40;4;QuickSort;38348;16367;6667;1247583
1000;40;4;InsertionSort;123453;41151;0;3583700
1000;40;4;BubbleSort;783226;311309;40152;6468998
1000;40;4;MergeSort;19952;6405;0;816772
1000;40;4;CountingSort;3001;0;0;106180
1000;40;4;QuickSort;37391;16655;6248;239210
1000;40;4;InsertionSort;129969;43323;0;1873735
1000;40;4;BubbleSort;774540;302622;42324;668001
1000;40;4;MergeSort;19952;6371;0;111970
1000;40;4;CountingSort;3001;0;0;88840
1000;40;4;QuickSort;39867;16860;6990;157920
1000;40;4;InsertionSort;123399;41133;0;495781
1000;40;4;BubbleSort;772030;305747;40134;951663
1000;40;4;MergeSort;19952;6405;0;123370
1000;40;4;CountingSort;3001;0;0;105861
1000;40;4;QuickSort;37215;16170;6352;186781
1000;40;4;InsertionSort;117336;39112;0;463061
1000;40;4;BubbleSort;760202;303875;38113;296210
1000;40;4;MergeSort;19952;6376;0;129130
1000;40;4;CountingSort;3001;0;0;132441
1000;40;4;QuickSort;38442;16893;6500;181271
1000;40;4;InsertionSort;116376;38792;0;459272
1000;40;4;BubbleSort;762666;305747;37793;429941
1000;40;4;MergeSort;19952;6370;0;154190
1000;40;4;CountingSort;3001;0;0;135121
1000;40;4;QuickSort;40527;17826;6908;273571
1000;40;4;InsertionSort;122679;40893;0;199520
1000;40;4;BubbleSort;780966;310695;39894;342540
1000;40;4;MergeSort;19952;6378;0;195740
1000;40;4;CountingSort;3001;0;0;111271
1000;40;4;QuickSort;38558;16322;6748;787972
1000;40;4;InsertionSort;123594;41198;0;276110
1000;40;4;BubbleSort;764784;301994;40199;452701
1000;40;4;MergeSort;19952;6396;0;154630
1000;40;4;CountingSort;3001;0;0;94111
1000;40;4;QuickSort;37985;16193;6594;781863
1000;40;4;InsertionSort;126996;42332;0;286110
1000;40;4;BubbleSort;791622;313145;41333;453161
1000;40;4;MergeSort;19952;6394;0;125100
1000;40;4;CountingSort;3001;0;0;106731
1000;40;4;QuickSort;37845;16926;6302;770492
1000;40;4;InsertionSort;123582;41194;0;518502
1000;40;4;BubbleSort;780940;310080;40195;697521
1000;40;4;MergeSort;19952;6374;0;102780
1000;40;4;CountingSort;3001;0;0;106330
1000;40;4;QuickSort;42877;17497;7789;656612
1000;40;4;InsertionSort;123666;41222;0;161131
1000;40;4;BubbleSort;761100;300104;40223;382091
1000;40;4;MergeSort;19952;6391;0;94321
1000;40;4;CountingSort;3001;0;0;135961
1000;40;4;QuickSort;38630;16295;6771;884123
1000;40;4;InsertionSort;117717;39239;0;155831
1000;40;4;BubbleSort;749370;298205;38240;488571
1000;40;4;MergeSort;19952;6392;0;150820
1000;40;4;CountingSort;3001;0;0;135710
1000;40;4;QuickSort;39960;16704;7088;685092
1000;40;4;InsertionSort;126189;42063;0;35500
1000;40;4;BubbleSort;766986;301365;41064;367701
1000;40;4;MergeSort;19952;6386;0;137451
1000;40;4;CountingSort;3001;0;0;97780
1000;40;4;QuickSort;38993;16199;6930;628142
1000;40;4;InsertionSort;116052;38684;0;32160
1000;40;4;BubbleSort;763478;306369;37685;421081
1000;40;4;MergeSort;19952;6370;0;138441
1000;40;4;CountingSort;3001;0;0;135601
1000;40;4;QuickSort;37724;15653;6682;128921
1000;40;4;InsertionSort;116871;38957;0;193141
1000;40;4;BubbleSort;759582;303875;37958;460131
1000;40;4;MergeSort;19952;6393;0;162710
1000;40;4;CountingSort;3001;0;0;166950
1000;40;4;QuickSort;33785;14519;5754;32850
1000;40;4;InsertionSort;121335;40445;0;35310
1000;40;4;BubbleSort;790154;316185;39446;404161
1000;40;4;MergeSort;19952;6384;0;109590
1000;40;4;CountingSort;3001;0;0;169031
1000;40;4;QuickSort;37862;15875;6668;37451
1000;40;4;InsertionSort;124749;41583;0;48730
1000;40;4;BubbleSort;799534;318599;40584;294441
1000;40;4;MergeSort;19952;6394;0;79950
1000;40;4;CountingSort;3001;0;0;34600
1000;40;4;QuickSort;35976;15057;6306;139530
1000;40;4;InsertionSort;113886;37962;0;31650
1000;40;4;BubbleSort;771696;311922;36963;408031
1000;40;4;MergeSort;19952;6393;0;170840
1000;40;4;CountingSort;3001;0;0;48830
1000;40;4;QuickSort;37656;16518;6378;52010
1000;40;4;InsertionSort;125832;41944;0;26230
1000;40;4;BubbleSort;765250;300735;40945;345811
1000;40;4;MergeSort;19952;6399;0;170801
1000;40;4;CountingSort;3001;0;0;50930
1000;40;4;QuickSort;38447;16022;6793;57890
1000;40;4;InsertionSort;122622;40874;0;38310
1000;40;4;BubbleSort;773480;306990;39875;204351
1000;40;4;MergeSort;19952;6381;0;108101
1000;40;4;CountingSort;3001;0;0;16990
1000;40;4;QuickSort;36697;15526;6396;38800
1000;40;4;InsertionSort;123255;41085;0;27080
1000;40;4;BubbleSort;768094;303875;40086;295541
1000;40;4;MergeSort;19952;6386;0;104250
1000;40;4;CountingSort;3001;0;0;21541
1000;40;4;QuickSort;37982;15962;6672;40060
1000;40;4;InsertionSort;123246;41082;0;26050
1000;40;4;BubbleSort;752926;296297;40083;306251
1000;40;4;MergeSort;19952;6371;0;146760
1000;40;4;CountingSort;3001;0;0;22740
1000;40;4;QuickSort;40579;16564;7332;51991
1000;40;4;InsertionSort;118419;39473;0;54621
1000;40;4;BubbleSort;762896;304500;38474;1934425
1000;40;4;MergeSort;19952;6379;0;1681794
1000;40;4;CountingSort;3001;0;0;20920
1000;40;4;QuickSort;45142;19153;7992;44440
1000;40;4;InsertionSort;122172;40724;0;42040
1000;40;4;BubbleSort;759108;300104;39725;399961
1000;40;4;MergeSort;19952;6378;0;166741
1000;40;4;CountingSort;3001;0;0;22960
1000;40;4;QuickSort;37527;15738;6592;40230
1000;40;4;InsertionSort;115629;38543;0;30780
1000;40;4;BubbleSort;740216;295020;37544;265131
1000;40;4;MergeSort;19952;6374;0;55760
1000;40;4;CountingSort;3001;0;0;23070
1000;40;4;QuickSort;38046;16260;6611;31940
1000;40;4;InsertionSort;118005;39335;0;38380
1000;40;4;BubbleSort;773504;310080;38336;199210
1000;40;4;MergeSort;19952;6372;0;96170
1000;40;4;CountingSort;3001;0;0;22890
1000;40;4;QuickSort;36494;15452;6351;43500
1000;40;4;InsertionSort;125148;41716;0;32740
1000;40;4;BubbleSort;761812;299472;40717;328851
1000;40;4;MergeSort;19952;6391;0;180720
1000;40;4;CountingSort;3001;0;0;14690
1000;40;4;QuickSort;35509;15736;5926;38660
1000;40;4;InsertionSort;120102;40034;0;25160
1000;40;4;BubbleSort;792134;317997;39035;461591
1000;40;4;MergeSort;19952;6392;0;165301
1000;40;4;CountingSort;3001;0;0;27470
1000;40;4;QuickSort;39090;16242;6948;40970
1000;40;4;InsertionSort;124101;41367;0;30400
1000;40;4;BubbleSort;765460;301994;40368;408361
1000;40;4;MergeSort;19952;6360;0;150040
1000;40;4;CountingSort;3001;0;0;14740
1000;40;4;QuickSort;41872;17206;7565;44800
1000;40;4;InsertionSort;115422;38474;0;34930
1000;40;4;BubbleSort;763880;306990;37475;251241
1000;40;4;MergeSort;19952;6366;0;98910
1000;40;4;CountingSort;3001;0;0;17761
1000;40;4;QuickSort;37963;16231;6581;46800
1000;40;4;InsertionSort;116964;38988;0;49240
1000;40;4;BubbleSort;763450;305747;37989;270810
1000;40;4;MergeSort;19952;6368;0;94240
1000;40;4;CountingSort;3001;0;0;15010
1000;40;4;QuickSort;36278;16352;5986;41140
1000;40;4;InsertionSort;125646;41882;0;30000
1000;40;4;BubbleSort;756126;296297;40883;309461
1000;40;4;MergeSort;19952;6388;0;111390
1000;40;4;CountingSort;3001;0;0;17250
1000;40;4;QuickSort;35425;14848;6199;44450
1000;40;4;InsertionSort;122064;40688;0;31800
1000;40;4;BubbleSort;771494;306369;39689;236891
1000;40;4;MergeSort;19952;6391;0;72910
1000;40;4;CountingSort;3001;0;0;15940
1000;40;4;QuickSort;40884;17142;7245;32690
1000;40;4;InsertionSort;126546;42182;0;21710
1000;40;4;BubbleSort;793460;314364;41183;264620
1000;40;4;MergeSort;19952;6395;0;95120
1000;40;4;CountingSort;3001;0;0;22350
1000;40;4;QuickSort;37446;15930;6513;383741
1000;40;4;InsertionSort;120456;40152;0;21260
1000;40;4;BubbleSort;771832;307610;39153;288761
1000;40;4;MergeSort;19952;6393;0;122590
1000;40;4;CountingSort;3001;0;0;20620
1000;40;4;QuickSort;43226;18269;7661;55800
1000;40;4;InsertionSort;126588;42196;0;33271
1000;40;4;BubbleSort;761198;298205;41197;307110
1000;40;4;MergeSort;19952;6395;0;167820
1000;40;4;CountingSort;3001;0;0;23530
1000;40;4;QuickSort;36280;15343;6311;36000
1000;40;4;InsertionSort;122010;40670;0;31390
1000;40;4;BubbleSort;770178;305747;39671;384750
1000;40;4;MergeSort;19952;6413;0;80010
1000;40;4;CountingSort;3001;0;0;22520
1000;40;4;QuickSort;40542;17367;7056;36071
1000;40;4;InsertionSort;127323;42441;0;27180
1000;40;4;BubbleSort;794496;314364;41442;248300
1000;40;4;MergeSort;19952;6394;0;77480
1000;40;4;CountingSort;3001;0;0;60541
1000;40;4;QuickSort;36049;15307;6260;53911
1000;40;4;InsertionSort;128766;42922;0;26890
1000;40;4;BubbleSort;791536;311922;41923;341751
1000;40;4;MergeSort;19952;6396;0;171660
1000;40;4;CountingSort;3001;0;0;16060
1000;40;4;QuickSort;39420;16896;6842;43890
1000;40;4;InsertionSort;129486;43162;0;33840
1000;40;4;BubbleSort;754846;293097;42163;215140
1000;40;4;MergeSort;19952;6386;0;108730
1000;40;4;CountingSort;3001;0;0;23240
1000;40;4;QuickSort;42328;17275;7681;51331
1000;40;4;InsertionSort;123699;41233;0;44071
1000;40;4;BubbleSort;783554;311309;40234;354771
1000;40;4;MergeSort;19952;6381;0;111400
1000;40;4;CountingSort;3001;0;0;17170
1000;40;4;QuickSort;40450;17131;7108;36801
1000;40;4;InsertionSort;126534;42178;0;26500
1000;40;4;BubbleSort;786106;310695;41179;397371
1000;40;4;MergeSort;19952;6378;0;117830
1000;40;4;CountingSort;3001;0;0;20870
1000;40;4;QuickSort;39737;16382;7112;36181
1000;40;4;InsertionSort;124674;41558;0;156400
1000;40;4;BubbleSort;763706;300735;40559;348371
1000;40;4;MergeSort;19952;6367;0;77940
1000;40;4;CountingSort;3001;0;0;18170
1000;40;4;QuickSort;35825;15047;6253;72811
1000;40;4;InsertionSort;123120;41040;0;42151
1000;40;4;BubbleSort;771658;305747;40041;381931
1000;40;4;MergeSort;19952;6386;0;111480
1000;40;4;CountingSort;3001;0;0;18670
1000;40;4;QuickSort;37377;15906;6493;50180
1000;40;4;InsertionSort;123210;41070;0;45030
1000;40;4;BubbleSort;776742;308229;40071;269291
1000;40;4;MergeSort;19952;6379;0;96180
1000;40;4;CountingSort;3001;0;0;20220
1000;40;4;QuickSort;38967;16629;6767;61220
1000;40;4;InsertionSort;124728;41576;0;38190
1000;40;4;BubbleSort;768806;303249;40577;227870
1000;40;4;MergeSort;19952;6394;0;103110
1000;40;4;CountingSort;3001;0;0;22970
1000;40;4;QuickSort;38508;16800;6570;50300
1000;40;4;InsertionSort;129525;43175;0;48521
1000;40;4;BubbleSort;787632;309464;42176;306260
1000;40;4;MergeSort;19952;6402;0;119830
1000;40;4;CountingSort;3001;0;0;22970
1000;40;4;QuickSort;35613;14970;6214;42800
1000;40;4;InsertionSort;117684;39228;0;28540
1000;40;4;BubbleSort;755646;301365;38229;317981
1000;40;4;MergeSort;19952;6375;0;112841
1000;40;4;CountingSort;3001;0;0;11410
1000;40;4;QuickSort;39877;16693;7063;62600
1000;40;4;InsertionSort;120822;40274;0;64580
1000;40;4;BubbleSort;776028;309464;39275;293261
1000;40;4;MergeSort;19952;6373;0;107481
1000;40;4;CountingSort;3001;0;0;10160
1000;40;4;QuickSort;38617;16342;6760;47480
1000;40;4;InsertionSort;124629;41543;0;30140
1000;40;4;BubbleSort;757316;297570;40544;219800
1000;40;4;MergeSort;19952;6404;0;112580
1000;40;4;CountingSort;3001;0;0;20920
1000;40;4;QuickSort;34513;14734;5924;45230
1000;40;4;InsertionSort;120672;40224;0;19920
1000;40;4;BubbleSort;750768;296934;39225;240910
1000;40;4;MergeSort;19952;6393;0;92980
1000;40;4;CountingSort;3001;0;0;8720
1000;40;4;QuickSort;36336;15483;6276;34970
1000;40;4;InsertionSort;116235;38745;0;19290
1000;40;4;BubbleSort;758734;303875;37746;328581
1000;40;4;MergeSort;19952;6377;0;154340
1000;40;4;CountingSort;3001;0;0;10850
1000;40;4;QuickSort;34692;14523;6062;64171
1000;40;4;InsertionSort;120894;40298;0;53721
1000;40;4;BubbleSort;738234;290519;39299;250881
1000;40;4;MergeSort;19952;6385;0;82250
1000;40;4;CountingSort;3001;0;0;8090
1000;40;4;QuickSort;40523;17192;7110;47750
1000;40;4;InsertionSort;130491;43497;0;49440
1000;40;4;BubbleSort;791382;310695;42498;218731
1000;40;4;MergeSort;19952;6389;0;92220
1000;40;4;CountingSort;3001;0;0;10330
1000;40;4;QuickSort;40974;17412;7200;50350
1000;40;4;InsertionSort;125352;41784;0;21270
1000;40;4;BubbleSort;788208;312534;40785;352451
1000;40;4;MergeSort;19952;6374;0;162961
1000;40;4;CountingSort;3001;0;0;9980
1000;40;4;QuickSort;38023;15925;6702;45300
1000;40;4;InsertionSort;127041;42347;0;20980
1000;40;4;BubbleSort;788010;311309;41348;368401
1000;40;4;MergeSort;19952;6372;0;176570
1000;40;4;CountingSort;3001;0;0;15110
1000;40;4;QuickSort;36985;15796;6395;44200
1000;40;4;InsertionSort;128238;42746;0;26270
1000;40;4;BubbleSort;783446;308229;41747;354791
1000;40;4;MergeSort;19952;6388;0;146980
1000;40;4;CountingSort;3001;0;0;9620
1000;40;4;QuickSort;37998;17010;6332;46970
1000;40;4;InsertionSort;121788;40596;0;25270
1000;40;4;BubbleSort;767388;304500;39597;360841
1000;40;4;MergeSort;19952;6402;0;160310
1000;40;4;CountingSort;3001;0;0;10360
1000;40;4;QuickSort;37325;16145;6400;47190
1000;40;4;InsertionSort;121122;40374;0;41590
1000;40;4;BubbleSort;776428;309464;39375;450921
1000;40;4;MergeSort;19952;6388;0;117040
1000;40;4;CountingSort;3001;0;0;10290
1000;40;4;QuickSort;35351;14819;6190;41820
1000;40;4;InsertionSort;116088;38696;0;24450
1000;40;4;BubbleSort;742106;295659;37697;336081
1000;40;4;MergeSort;19952;6388;0;146691
1000;40;4;CountingSort;3001;0;0;13090
1000;40;4;QuickSort;39007;16546;6836;46900
1000;40;4;InsertionSort;116994;38998;0;149151
1000;40;4;BubbleSort;791596;319800;37999;313091
1000;40;4;MergeSort;19952;6399;0;96551
1000;40;4;CountingSort;3001;0;0;9230
1000;40;4;QuickSort;37735;16225;6498;36820
1000;40;4;InsertionSort;124767;41589;0;26070
1000;40;4;BubbleSort;787428;312534;40590;333281
1000;40;4;MergeSort;19952;6386;0;130641
1000;40;4;CountingSort;3001;0;0;10970
1000;40;4;QuickSort;38383;16696;6564;72840
1000;40;4;InsertionSort;121728;40576;0;21730
1000;40;4;BubbleSort;776002;308847;39577;195831
1000;40;4;MergeSort;19952;6370;0;118380
1000;40;4;CountingSort;3001;0;0;10540
1000;40;4;QuickSort;40922;17171;7247;55700
1000;40;4;InsertionSort;123024;41008;0;31830
1000;40;4;BubbleSort;771530;305747;40009;284711
1000;40;4;MergeSort;19952;6406;0;78090
1000;40;4;CountingSort;3001;0;0;10540
1000;40;4;QuickSort;35124;14997;6044;45210
1000;40;4;InsertionSort;127086;42362;0;36440
1000;40;4;BubbleSort;784380;309464;41363;325861
1000;40;4;MergeSort;19952;6370;0;124490
1000;40;4;CountingSort;3001;0;0;10050
1000;40;4;QuickSort;39581;16169;7136;45180
1000;40;4;InsertionSort;123474;41158;0;32860
1000;40;4;BubbleSort;744256;291810;40159;349111
1000;40;4;MergeSort;19952;6398;0;185560
1000;40;4;CountingSort;3001;0;0;10440
1000;40;4;QuickSort;38451;17406;6350;59350
1000;40;4;InsertionSort;125298;41766;0;43610
1000;40;4;BubbleSort;786912;311922;40767;245651
1000;40;4;MergeSort;19952;6381;0;98340
1000;40;4;CountingSort;3001;0;0;9030
1000;40;4;QuickSort;40090;17014;7020;48400
1000;40;4;InsertionSort;120180;40060;0;20120
1000;40;4;BubbleSort;783754;313755;39061;385851
1000;40;4;MergeSort;19952;6379;0;177981
1000;40;4;CountingSort;3001;0;0;8660
1000;40;4;QuickSort;36373;15433;6311;60910
1000;40;4;InsertionSort;121557;40519;0;79100
1000;40;4;BubbleSort;774538;308229;39520;313731
1000;40;4;MergeSort;19952;6383;0;80351
1000;40;4;CountingSort;3001;0;0;9990
1000;40;4;QuickSort;34759;14914;5953;47450
1000;40;4;InsertionSort;132000;44000;0;31720
1000;40;4;BubbleSort;793394;310695;43001;225001
1000;40;4;MergeSort;19952;6363;0;102101
1000;40;4;CountingSort;3001;0;0;10130
1000;40;4;QuickSort;37687;15733;6653;47780
1000;40;4;InsertionSort;123948;41316;0;30140
1000;40;4;BubbleSort;776488;307610;40317;387451
1000;40;4;MergeSort;19952;6405;0;157030
1000;40;4;CountingSort;3001;0;0;10000
1000;40;4;QuickSort;35996;15977;6015;54000
1000;40;4;InsertionSort;116283;38761;0;74890
1000;40;4;BubbleSort;728198;288575;37762;271970
1000;40;4;MergeSort;19952;6369;0;102150
1000;40;4;CountingSort;3001;0;0;16210
1000;40;4;QuickSort;43324;17707;7865;37760
1000;40;4;InsertionSort;118950;39650;0;25051
1000;40;4;BubbleSort;778448;311922;38651;386921
1000;40;4;MergeSort;19952;6383;0;169440
1000;40;4;CountingSort;3001;0;0;9870
1000;40;4;QuickSort;40094;16544;7181;35490
1000;40;4;InsertionSort;126018;42006;0;25810
1000;40;4;BubbleSort;781722;308847;41007;286800
1000;40;4;MergeSort;19952;6396;0;90430
1000;40;4;CountingSort;3001;0;0;15460
1000;40;4;QuickSort;41627;16997;7533;54870
1000;40;4;InsertionSort;123711;41237;0;50850
1000;40;4;BubbleSort;788462;313755;40238;358081
1000;40;4;MergeSort;19952;6385;0;120221
1000;40;4;CountingSort;3001;0;0;9610
1000;40;4;QuickSort;36803;15722;6367;44010
1000;40;4;InsertionSort;126243;42081;0;82891
1000;40;4;BubbleSort;742776;289224;41082;391102
1000;40;4;MergeSort;19952;6392;0;147360
1000;40;4;CountingSort;3001;0;0;10700
1000;40;4;QuickSort;35957;15542;6146;49321
1000;40;4;InsertionSort;130710;43570;0;49910
1000;40;4;BubbleSort;762878;296297;42571;277800
1000;40;4;MergeSort;19952;6382;0;78720
1000;40;4;CountingSort;3001;0;0;9020
1000;40;4;QuickSort;39386;16817;6859;69570
1000;40;4;InsertionSort;122511;40837;0;38130
1000;40;4;BubbleSort;755762;298205;39838;245820
1000;40;4;MergeSort;19952;6398;0;83370
1000;40;4;CountingSort;3001;0;0;9560
1000;40;4;QuickSort;41066;17120;7311;35860
1000;40;4;InsertionSort;119898;39966;0;66101
1000;40;4;BubbleSort;772326;308229;38967;373801
1000;40;4;MergeSort;19952;6374;0;135150
1000;40;4;CountingSort;3001;0;0;8690
1000;40;4;QuickSort;37447;15469;6663;34390
1000;40;4;InsertionSort;123462;41154;0;30210
1000;40;4;BubbleSort;762090;300735;40155;274711
1000;40;4;MergeSort;19952;6394;0;93251
1000;40;4;CountingSort;3001;0;0;10100
1000;40;4;QuickSort;41810;17072;7576;37270
1000;40;4;InsertionSort;121674;40558;0;32190
1000;40;4;BubbleSort;782080;311922;39559;355841
1000;40;4;MergeSort;19952;6373;0;121830
1000;40;4;CountingSort;3001;0;0;10050
1000;40;4;QuickSort;36270;15672;6194;44000
1000;40;4;InsertionSort;116676;38892;0;24580
1000;40;4;BubbleSort;769266;308847;37893;276581
1000;40;4;MergeSort;19952;6391;0;148191
1000;40;4;CountingSort;3001;0;0;9930
1000;40;4;QuickSort;40307;16805;7161;54411
1000;40;4;InsertionSort;121341;40447;0;37080
1000;40;4;BubbleSort;770530;306369;39448;249940
1000;40;4;MergeSort;19952;6374;0;106660
1000;40;4;CountingSort;3001;0;0;9350
1000;40;4;QuickSort;37475;15614;6622;52530
1000;40;4;InsertionSort;122550;40850;0;48480
1000;40;4;BubbleSort;769652;305124;39851;304651
1000;40;4;MergeSort;19952;6403;0;152461
1000;40;4;CountingSort;3001;0;0;9080
1000;40;4;QuickSort;40298;17720;6849;46130
1000;40;4;InsertionSort;121662;40554;0;29970
1000;40;4;BubbleSort;782064;311922;39555;295730
1000;40;4;MergeSort;19952;6378;0;149170
1000;40;4;CountingSort;3001;0;0;10850
1000;40;4;QuickSort;38460;16281;6746;55990
1000;40;4;InsertionSort;127005;42335;0;155181
1000;40;4;BubbleSort;769332;301994;41336;420492
1000;40;4;MergeSort;19952;6366;0;117621
1000;40;4;CountingSort;3001;0;0;15550
1000;40;4;QuickSort;35408;14984;6139;52440
1000;40;4;InsertionSort;120720;40240;0;37440
1000;40;4;BubbleSort;773422;308229;39241;223051
1000;40;4;MergeSort;19952;6388;0;105100
1000;40;4;CountingSort;3001;0;0;9690
1000;40;4;QuickSort;37241;16136;6364;49400
1000;40;4;InsertionSort;119004;39668;0;31030
1000;40;4;BubbleSort;743436;294380;38669;190690
1000;40;4;MergeSort;19952;6380;0;101940
1000;40;4;CountingSort;3001;0;0;9830
1000;40;4;QuickSort;43895;18314;7857;45920
1000;40;4;InsertionSort;119118;39706;0;28090
1000;40;4;BubbleSort;756298;300735;38707;312651
1000;40;4;MergeSort;19952;6354;0;160451
1000;40;4;CountingSort;3001;0;0;7360
1000;40;4;QuickSort;35552;15215;6111;54270
1000;40;4;InsertionSort;118668;39556;0;34480
1000;40;4;BubbleSort;758216;301994;38557;288421
1000;40;4;MergeSort;19952;6404;0;125160
1000;40;4;CountingSort;3001;0;0;9630
1000;40;4;QuickSort;35802;15582;6075;44750
1000;40;4;InsertionSort;128505;42835;0;37200
1000;40;4;BubbleSort;794854;313755;41836;482861
1000;40;4;MergeSort;19952;6374;0;176161
1000;40;4;CountingSort;3001;0;0;9450
1000;40;4;QuickSort;35462;15287;6065;51240
1000;40;4;InsertionSort;127317;42439;0;334701
1000;40;4;BubbleSort;790828;312534;41440;647782
1000;40;4;MergeSort;19952;6393;0;108600
1000;40;4;CountingSort;3001;0;0;11120
1000;40;4;QuickSort;36891;15501;6473;42820
1000;40;4;InsertionSort;119085;39695;0;39300
1000;40;4;BubbleSort;774944;310080;38696;290831
1000;40;4;MergeSort;19952;6380;0;106950
1000;40;4;CountingSort;3001;0;0;8330
1000;40;4;QuickSort;38549;16019;6840;51780
1000;40;4;InsertionSort;126183;42061;0;52210
1000;40;4;BubbleSort;765718;300735;41062;375281
1000;40;4;MergeSort;19952;6390;0;132640
1000;40;4;CountingSort;3001;0;0;9940
1000;40;4;QuickSort;44244;18756;7825;45680
1000;40;4;InsertionSort;118734;39578;0;20130
1000;40;4;BubbleSort;768296;306990;38579;371171
1000;40;4;MergeSort;19952;6385;0;150181
1000;40;4;CountingSort;3001;0;0;9690
1000;40;4;QuickSort;36488;15134;6460;47010
1000;40;4;InsertionSort;116724;38908;0;35480
1000;40;4;BubbleSort;780364;314364;37909;443601
1000;40;4;MergeSort;19952;6386;0;91660
1000;40;4;CountingSort;3001;0;0;13540
1000;40;4;QuickSort;36886;16009;6294;56000
1000;40;4;InsertionSort;120405;40135;0;25060
1000;40;4;BubbleSort;760532;301994;39136;471152
1000;40;4;MergeSort;19952;6378;0;157330
1000;40;4;CountingSort;3001;0;0;18370
1000;40;4;QuickSort;36521;15293;6418;43750
1000;40;4;InsertionSort;119193;39731;0;82870
1000;40;4;BubbleSort;757658;301365;38732;387901
1000;40;4;MergeSort;19952;6393;0;130690
1000;40;4;CountingSort;3001;0;0;10510
1000;40;4;QuickSort;36559;15718;6282;43330
1000;40;4;InsertionSort;120870;40290;0;42510
1000;40;4;BubbleSort;743358;293097;39291;303731
1000;40;4;MergeSort;19952;6377;0;93880
1000;40;4;CountingSort;3001;0;0;10030
1000;40;4;QuickSort;36150;15996;6048;51481
1000;40;4;InsertionSort;123444;41148;0;29990
1000;40;4;BubbleSort;779524;309464;40149;282840
1000;40;4;MergeSort;19952;6379;0;85850
1000;40;4;CountingSort;3001;0;0;12811
1000;40;4;QuickSort;38406;16167;6741;70450
1000;40;4;InsertionSort;120840;40280;0;42540
1000;40;4;BubbleSort;773582;308229;39281;252930
1000;40;4;MergeSort;19952;6389;0;99710
1000;50;1;CountingSort;3001;0;0;186680
1000;50;1;QuickSort;41547;17112;7487;1373233
1000;50;1;InsertionSort;414276;138092;0;5952786
1000;50;1;BubbleSort;1545210;498419;137093;8970834
1000;50;1;MergeSort;19952;8550;0;889703
1000;50;1;CountingSort;3001;0;0;106201
1000;50;1;QuickSort;39120;16587;6837;186610
1000;50;1;InsertionSort;446691;148897;0;387881
1000;50;1;BubbleSort;1588786;498597;147898;1295843
1000;50;1;MergeSort;19952;8537;0;161771
1000;50;1;CountingSort;3001;0;0;116960
1000;50;1;QuickSort;38245;16981;6408;161300
1000;50;1;InsertionSort;447153;149051;0;790382
1000;50;1;BubbleSort;1590788;499290;148052;1662925
1000;50;1;MergeSort;19952;8594;0;147531
1000;50;1;CountingSort;3001;0;0;86530
1000;50;1;QuickSort;41387;17126;7424;176811
1000;50;1;InsertionSort;430695;143565;0;821483
1000;50;1;BubbleSort;1566612;498174;142566;1023123
1000;50;1;MergeSort;19952;8556;0;158860
1000;50;1;CountingSort;3001;0;0;102660
1000;50;1;QuickSort;43210;17944;7766;657622
1000;50;1;InsertionSort;451084;150360;0;3464400
1000;50;1;BubbleSort;1595640;499094;149363;1164333
1000;50;1;MergeSort;19952;8564;0;158320
1000;50;1;CountingSort;3001;0;0;137470
1000;50;1;QuickSort;40411;17059;7118;132370
1000;50;1;InsertionSort;450089;150027;0;2001185
1000;50;1;BubbleSort;1592578;498225;149032;2247756
1000;50;1;MergeSort;19952;8608;0;136800
1000;50;1;CountingSort;3001;0;0;115690
1000;50;1;QuickSort;47881;19972;8635;62670
1000;50;1;InsertionSort;432366;144122;0;382401
1000;50;1;BubbleSort;1561392;494450;143123;612152
1000;50;1;MergeSort;19952;8548;0;165880
1000;50;1;CountingSort;3001;0;0;109720
1000;50;1;QuickSort;38657;16154;6830;69610
1000;50;1;InsertionSort;432434;144142;0;881483
1000;50;1;BubbleSort;1570938;499175;143147;1023453
1000;50;1;MergeSort;19952;8587;0;180390
1000;50;1;CountingSort;3001;0;0;122011
1000;50;1;QuickSort;36189;15948;6081;103330
1000;50;1;InsertionSort;426658;142218;0;341741
1000;50;1;BubbleSort;1558772;496944;141221;512961
1000;50;1;MergeSort;19952;8519;0;140361
1000;50;1;CountingSort;3001;0;0;113561
1000;50;1;QuickSort;44423;18218;8066;143651
1000;50;1;InsertionSort;438657;146219;0;137250
1000;50;1;BubbleSort;1576458;497789;145220;582251
1000;50;1;MergeSort;19952;8525;0;167820
1000;50;1;CountingSort;3001;0;0;123251
1000;50;1;QuickSort;36545;16316;6073;133351
1000;50;1;InsertionSort;420279;140093;0;165010
1000;50;1;BubbleSort;1555070;499347;139094;569121
1000;50;1;MergeSort;19952;8598;0;115290
1000;50;1;CountingSort;3001;0;0;161080
1000;50;1;QuickSort;41339;17588;7252;140700
1000;50;1;InsertionSort;447489;149163;0;98420
1000;50;1;BubbleSort;1584850;496097;148164;622592
1000;50;1;MergeSort;19952;8621;0;138781
1000;50;1;CountingSort;3001;0;0;119881
1000;50;1;QuickSort;41708;17813;7289;97940
1000;50;1;InsertionSort;426504;142168;0;149600
1000;50;1;BubbleSort;1561126;498225;141169;554212
1000;50;1;MergeSort;19952;8543;0;102270
1000;50;1;CountingSort;3001;0;0;120631
1000;50;1;QuickSort;41012;16631;7462;49531
1000;50;1;InsertionSort;434841;144947;0;291150
1000;50;1;BubbleSort;1566420;495314;143948;765732
1000;50;1;MergeSort;19952;8589;0;146930
1000;50;1;CountingSort;3001;0;0;119181
1000;50;1;QuickSort;36014;14933;6355;103881
1000;50;1;InsertionSort;437809;145935;0;83201
1000;50;1;BubbleSort;1577562;498905;144938;664031
1000;50;1;MergeSort;19952;8594;0;127290
1000;50;1;CountingSort;3001;0;0;137780
1000;50;1;QuickSort;43750;18250;7830;66180
1000;50;1;InsertionSort;436341;145447;0;433821
1000;50;1;BubbleSort;1569482;495845;144448;861732
1000;50;1;MergeSort;19952;8638;0;148991
1000;50;1;CountingSort;3001;0;0;35140
1000;50;1;QuickSort;38462;16526;6651;42080
1000;50;1;InsertionSort;431550;143850;0;64690
1000;50;1;BubbleSort;1567098;497847;142851;588562
1000;50;1;MergeSort;19952;8499;0;123650
1000;50;1;CountingSort;3001;0;0;66060
1000;50;1;QuickSort;37768;16024;6584;71360
1000;50;1;InsertionSort;456747;152249;0;99271
1000;50;1;BubbleSort;1600218;497609;151250;555732
1000;50;1;MergeSort;19952;8571;0;171410
1000;50;1;CountingSort;3001;0;0;61521
1000;50;1;QuickSort;36238;15733;6166;69210
1000;50;1;InsertionSort;428804;142932;0;135050
1000;50;1;BubbleSort;1562192;497222;141937;564292
1000;50;1;MergeSort;19952;8540;0;107210
1000;50;1;CountingSort;3001;0;0;17670
1000;50;1;QuickSort;43403;18215;7739;55440
1000;50;1;InsertionSort;474297;158099;0;74130
1000;50;1;BubbleSort;1626530;499065;157100;708422
1000;50;1;MergeSort;19952;8588;0;177861
1000;50;1;CountingSort;3001;0;0;20461
1000;50;1;QuickSort;41987;17426;7529;42880
1000;50;1;InsertionSort;448065;149355;0;88770
1000;50;1;BubbleSort;1587454;497015;148356;660371
1000;50;1;MergeSort;19952;8582;0;127130
1000;50;1;CountingSort;3001;0;0;1300393
1000;50;1;QuickSort;35033;14888;6043;62820
1000;50;1;InsertionSort;426738;142246;0;1308153
1000;50;1;BubbleSort;1558136;496574;141247;1736545
1000;50;1;MergeSort;19952;8459;0;116911
1000;50;1;CountingSort;3001;0;0;20471
1000;50;1;QuickSort;35990;15125;6293;47080
1000;50;1;InsertionSort;432048;144016;0;103100
1000;50;1;BubbleSort;1568206;498069;143017;578171
1000;50;1;MergeSort;19952;8595;0;89180
1000;50;1;CountingSort;3001;0;0;21440
1000;50;1;QuickSort;36628;15757;6287;51870
1000;50;1;InsertionSort;444834;148278;0;86260
1000;50;1;BubbleSort;1586136;498510;147279;560902
1000;50;1;MergeSort;19952;8511;0;104840
1000;50;1;CountingSort;3001;0;0;50770
1000;50;1;QuickSort;37338;16095;6415;49380
1000;50;1;InsertionSort;433761;144587;0;81510
1000;50;1;BubbleSort;1566546;496097;143588;559811
1000;50;1;MergeSort;19952;8565;0;134580
1000;50;1;CountingSort;3001;0;0;25140
1000;50;1;QuickSort;39836;16727;7039;126350
1000;50;1;InsertionSort;445153;148383;0;121570
1000;50;1;BubbleSort;1587138;498797;147386;495341
1000;50;1;MergeSort;19952;8631;0;113800
1000;50;1;CountingSort;3001;0;0;20590
1000;50;1;QuickSort;37487;15635;6633;63130
1000;50;1;InsertionSort;458371;152789;0;104940
1000;50;1;BubbleSort;1604098;498465;151792;466602
1000;50;1;MergeSort;19952;8523;0;120811
1000;50;1;CountingSort;3001;0;0;43460
1000;50;1;QuickSort;38197;16192;6670;42770
1000;50;1;InsertionSort;441975;147325;0;476761
1000;50;1;BubbleSort;1578298;496497;146326;974973
1000;50;1;MergeSort;19952;8590;0;110980
1000;50;1;CountingSort;3001;0;0;20611
1000;50;1;QuickSort;34056;14661;5810;40290
1000;50;1;InsertionSort;464805;154935;0;134890
1000;50;1;BubbleSort;1614282;499269;153936;586501
1000;50;1;MergeSort;19952;8548;0;56070
1000;50;1;CountingSort;3001;0;0;26200
1000;50;1;QuickSort;39790;16312;7165;79750
1000;50;1;InsertionSort;439429;146475;0;150430
1000;50;1;BubbleSort;1574270;496179;145478;921423
1000;50;1;MergeSort;19952;8536;0;128611
1000;50;1;CountingSort;3001;0;0;20390
1000;50;1;QuickSort;37845;16155;6560;51710
1000;50;1;InsertionSort;421761;140583;0;205010
1000;50;1;BubbleSort;1556658;499149;139590;887783
1000;50;1;MergeSort;19952;8626;0;139481
1000;50;1;CountingSort;3001;0;0;34360
1000;50;1;QuickSort;39482;16421;7020;52020
1000;50;1;InsertionSort;472644;157548;0;494701
1000;50;1;BubbleSort;1625014;499409;156549;860032
1000;50;1;MergeSort;19952;8604;0;149151
1000;50;1;CountingSort;3001;0;0;10500
1000;50;1;QuickSort;38116;16279;6600;43320
1000;50;1;InsertionSort;446598;148864;0;361522
1000;50;1;BubbleSort;1589066;498797;147868;812192
1000;50;1;MergeSort;19952;8519;0;148750
1000;50;1;CountingSort;3001;0;0;12150
1000;50;1;QuickSort;38204;16304;6637;42070
1000;50;1;InsertionSort;408324;136108;0;463901
1000;50;1;BubbleSort;1536130;497847;135109;938583
1000;50;1;MergeSort;19952;8620;0;232021
1000;50;1;CountingSort;3001;0;0;8840
1000;50;1;QuickSort;37948;16030;6645;41730
1000;50;1;InsertionSort;433407;144469;0;85880
1000;50;1;BubbleSort;1572418;499269;143470;572652
1000;50;1;MergeSort;19952;8554;0;90151
1000;50;1;CountingSort;3001;0;0;8900
1000;50;1;QuickSort;39458;16910;6856;41920
1000;50;1;InsertionSort;433233;144411;0;425691
1000;50;1;BubbleSort;1570392;498372;143412;880192
1000;50;1;MergeSort;19952;8599;0;118361
1000;50;1;CountingSort;3001;0;0;8580
1000;50;1;QuickSort;43536;17970;7859;74870
1000;50;1;InsertionSort;457218;152406;0;727092
1000;50;1;BubbleSort;1600072;497222;151407;1187843
1000;50;1;MergeSort;19952;8559;0;116071
1000;50;1;CountingSort;3001;0;0;8910
1000;50;1;QuickSort;37199;15611;6537;55670
1000;50;1;InsertionSort;430167;143389;0;85580
1000;50;1;BubbleSort;1567078;498759;142390;674432
1000;50;1;MergeSort;19952;8587;0;154081
1000;50;1;CountingSort;3001;0;0;8680
1000;50;1;QuickSort;41452;17941;7170;57300
1000;50;1;InsertionSort;448593;149531;0;491111
1000;50;1;BubbleSort;1585118;495495;148532;906082
1000;50;1;MergeSort;19952;8520;0;146880
1000;50;1;CountingSort;3001;0;0;9280
1000;50;1;QuickSort;39545;17063;6833;59840
1000;50;1;InsertionSort;430039;143345;0;92930
1000;50;1;BubbleSort;1565740;498174;142348;559841
1000;50;1;MergeSort;19952;8595;0;103890
1000;50;1;CountingSort;3001;0;0;8680
1000;50;1;QuickSort;38316;16371;6655;52780
1000;50;1;InsertionSort;429294;143098;0;414992
1000;50;1;BubbleSort;1553824;492714;142099;754152
1000;50;1;MergeSort;19952;8578;0;147940
1000;50;1;CountingSort;3001;0;0;8980
1000;50;1;QuickSort;37647;15684;6655;52700
1000;50;1;InsertionSort;439574;146522;0;360051
1000;50;1;BubbleSort;1580116;499004;145527;861422
1000;50;1;MergeSort;19952;8517;0;127030
1000;50;1;CountingSort;3001;0;0;9261
1000;50;1;QuickSort;41394;17235;7393;91090
1000;50;1;InsertionSort;428500;142832;0;91930
1000;50;1;BubbleSort;1558330;495495;141835;564401
1000;50;1;MergeSort;19952;8633;0;102670
1000;50;1;CountingSort;3001;0;0;9070
1000;50;1;QuickSort;39838;16414;7142;52410
1000;50;1;InsertionSort;429963;143321;0;168110
1000;50;1;BubbleSort;1565936;498324;142322;750892
1000;50;1;MergeSort;19952;8522;0;161340
1000;50;1;CountingSort;3001;0;0;8880
1000;50;1;QuickSort;36791;15743;6341;64370
1000;50;1;InsertionSort;427236;142412;0;526461
1000;50;1;BubbleSort;1561460;497904;141413;922133
1000;50;1;MergeSort;19952;8581;0;122010
1000;50;1;CountingSort;3001;0;0;9030
1000;50;1;QuickSort;37774;15823;6648;63030
1000;50;1;InsertionSort;433961;144651;0;93200
1000;50;1;BubbleSort;1570318;497847;143656;599881
1000;50;1;MergeSort;19952;8545;0;107650
1000;50;1;CountingSort;3001;0;0;8950
1000;50;1;QuickSort;38595;16293;6772;54150
1000;50;1;InsertionSort;435183;145061;0;121621
1000;50;1;BubbleSort;1561676;492714;144062;548512
1000;50;1;MergeSort;19952;8546;0;107550
1000;50;1;CountingSort;3001;0;0;8900
1000;50;1;QuickSort;36695;16160;6181;53370
1000;50;1;InsertionSort;434587;144861;0;82690
1000;50;1;BubbleSort;1573464;499004;143864;683702
1000;50;1;MergeSort;19952;8579;0;158361
1000;50;1;CountingSort;3001;0;0;16450
1000;50;1;QuickSort;35908;15097;6273;47180
1000;50;1;InsertionSort;424756;141584;0;127831
1000;50;1;BubbleSort;1560016;498834;140587;662862
1000;50;1;MergeSort;19952;8590;0;146621
1000;50;1;CountingSort;3001;0;0;9190
1000;50;1;QuickSort;35380;15373;5999;63980
1000;50;1;InsertionSort;425488;141828;0;83950
1000;50;1;BubbleSort;1559874;498275;140831;591952
1000;50;1;MergeSort;19952;8543;0;112041
1000;50;1;CountingSort;3001;0;0;8660
1000;50;1;QuickSort;41046;17307;7250;53800
1000;50;1;InsertionSort;445210;148402;0;131741
1000;50;1;BubbleSort;1584460;497420;147405;662802
1000;50;1;MergeSort;19952;8578;0;130481
1000;50;1;CountingSort;3001;0;0;9200
1000;50;1;QuickSort;35449;15256;6063;69811
1000;50;1;InsertionSort;457819;152605;0;120990
1000;50;1;BubbleSort;1602676;498122;151608;607401
1000;50;1;MergeSort;19952;8562;0;122160
1000;50;1;CountingSort;3001;0;0;8770
1000;50;1;QuickSort;40753;17743;7004;55780
1000;50;1;InsertionSort;453023;151005;0;96360
1000;50;1;BubbleSort;1598390;499175;150010;680402
1000;50;1;MergeSort;19952;8581;0;152251
1000;50;1;CountingSort;3001;0;0;14360
1000;50;1;QuickSort;39006;16560;6814;46610
1000;50;1;InsertionSort;427749;142583;0;86990
1000;50;1;BubbleSort;1553126;493395;141584;673762
1000;50;1;MergeSort;19952;8568;0;90360
1000;50;1;CountingSort;3001;0;0;14610
1000;50;1;QuickSort;37108;15697;6464;46080
1000;50;1;InsertionSort;433590;144530;0;529772
1000;50;1;BubbleSort;1563224;494550;143531;1017843
1000;50;1;MergeSort;19952;8492;0;80310
1000;50;1;CountingSort;3001;0;0;9400
1000;50;1;QuickSort;41039;17828;7075;68130
1000;50;1;InsertionSort;451474;150490;0;428331
1000;50;1;BubbleSort;1592550;497289;149493;894193
1000;50;1;MergeSort;19952;8628;0;158851
1000;50;1;CountingSort;3001;0;0;11550
1000;50;1;QuickSort;42429;17976;7489;86120
1000;50;1;InsertionSort;441141;147047;0;117520
1000;50;1;BubbleSort;1582070;498939;146048;716322
1000;50;1;MergeSort;19952;8583;0;110860
1000;50;1;CountingSort;3001;0;0;9140
1000;50;1;QuickSort;37766;16322;6490;61440
1000;50;1;InsertionSort;433086;144362;0;98830
1000;50;1;BubbleSort;1572296;499422;143363;578752
1000;50;1;MergeSort;19952;8547;0;109801
1000;50;1;CountingSort;3001;0;0;9110
1000;50;1;QuickSort;40690;17152;7186;52920
1000;50;1;InsertionSort;441396;147132;0;84200
1000;50;1;BubbleSort;1574602;495035;146133;585382
1000;50;1;MergeSort;19952;8527;0;106440
1000;50;1;CountingSort;3001;0;0;8960
1000;50;1;QuickSort;36347;15611;6238;60900
1000;50;1;InsertionSort;438105;146035;0;137720
1000;50;1;BubbleSort;1572172;496014;145036;652752
1000;50;1;MergeSort;19952;8580;0;112371
1000;50;1;CountingSort;3001;0;0;9000
1000;50;1;QuickSort;36998;15743;6407;65740
1000;50;1;InsertionSort;438885;146293;0;103300
1000;50;1;BubbleSort;1579196;499004;145297;565491
1000;50;1;MergeSort;19952;8540;0;88090
1000;50;1;CountingSort;3001;0;0;22961
1000;50;1;QuickSort;38270;16577;6560;92130
1000;50;1;InsertionSort;410185;136727;0;113570
1000;50;1;BubbleSort;1541878;499479;135730;673502
1000;50;1;MergeSort;19952;8615;0;129030
1000;50;1;CountingSort;3001;0;0;8890
1000;50;1;QuickSort;35536;15109;6139;53921
1000;50;1;InsertionSort;427843;142613;0;390261
1000;50;1;BubbleSort;1558324;495930;141616;830492
1000;50;1;MergeSort;19952;8540;0;163790
1000;50;1;CountingSort;3001;0;0;8490
1000;50;1;QuickSort;35716;15952;5928;66090
1000;50;1;InsertionSort;426727;142241;0;131311
1000;50;1;BubbleSort;1558124;496574;141244;706912
1000;50;1;MergeSort;19952;8589;0;123331
1000;50;1;CountingSort;3001;0;0;8590
1000;50;1;QuickSort;33568;14869;5580;62460
1000;50;1;InsertionSort;450477;150159;0;91090
1000;50;1;BubbleSort;1592218;497789;149160;662292
1000;50;1;MergeSort;19952;8552;0;145581
1000;50;1;CountingSort;3001;0;0;8980
1000;50;1;QuickSort;39146;16394;6915;68641
1000;50;1;InsertionSort;459319;153105;0;102790
1000;50;1;BubbleSort;1602320;496944;152108;696412
1000;50;1;MergeSort;19952;8591;0;110840
1000;50;1;CountingSort;3001;0;0;8670
1000;50;1;QuickSort;39192;16431;6926;51220
1000;50;1;InsertionSort;428323;142773;0;565151
1000;50;1;BubbleSort;1564124;498510;141776;963722
1000;50;1;MergeSort;19952;8583;0;238140
1000;50;1;CountingSort;3001;0;0;9420
1000;50;1;QuickSort;38529;16629;6633;93300
1000;50;1;InsertionSort;445696;148564;0;115430
1000;50;1;BubbleSort;1588276;499004;147567;629522
1000;50;1;MergeSort;19952;8576;0;160180
1000;50;1;CountingSort;3001;0;0;7370
1000;50;1;QuickSort;33571;14083;5835;57990
1000;50;1;InsertionSort;429576;143192;0;757812
1000;50;1;BubbleSort;1565792;498510;142193;1108393
1000;50;1;MergeSort;19952;8606;0;105550
1000;50;1;CountingSort;3001;0;0;7500
1000;50;1;QuickSort;37880;17009;6299;65870
1000;50;1;InsertionSort;438166;146054;0;119020
1000;50;1;BubbleSort;1577336;498554;145057;616862
1000;50;1;MergeSort;19952;8554;0;124131
1000;50;1;CountingSort;3001;0;0;9310
1000;50;1;QuickSort;37309;15841;6490;83710
1000;50;1;InsertionSort;436959;145653;0;140061
1000;50;1;BubbleSort;1576746;499065;144654;645442
1000;50;1;MergeSort;19952;8612;0;134150
1000;50;1;CountingSort;3001;0;0;8790
1000;50;1;QuickSort;39215;16517;6894;64080
1000;50;1;InsertionSort;437125;145707;0;316361
1000;50;1;BubbleSort;1576650;498905;144710;860823
1000;50;1;MergeSort;19952;8582;0;149940
1000;50;1;CountingSort;3001;0;0;10170
1000;50;1;QuickSort;38292;16074;6736;45170
1000;50;1;InsertionSort;476752;158916;0;136150
1000;50;1;BubbleSort;1629554;498939;157919;678692
1000;50;1;MergeSort;19952;8542;0;132970
1000;50;1;CountingSort;3001;0;0;9080
1000;50;1;QuickSort;40986;17055;7308;53870
1000;50;1;InsertionSort;430747;143581;0;112810
1000;50;1;BubbleSort;1568146;498905;142584;614721
1000;50;1;MergeSort;19952;8603;0;144641
1000;50;1;CountingSort;3001;0;0;9190
1000;50;1;QuickSort;38597;15806;6935;51680
1000;50;1;InsertionSort;464940;154978;0;375121
1000;50;1;BubbleSort;1613288;498680;153982;906913
1000;50;1;MergeSort;19952;8555;0;148681
1000;50;1;CountingSort;3001;0;0;9010
1000;50;1;QuickSort;44734;18991;7915;54220
1000;50;1;InsertionSort;446790;148930;0;161570
1000;50;1;BubbleSort;1590484;499380;147931;694592
1000;50;1;MergeSort;19952;8603;0;158721
1000;50;1;CountingSort;3001;0;0;8560
1000;50;1;QuickSort;41294;17525;7262;67570
1000;50;1;InsertionSort;459919;153305;0;108651
1000;50;1;BubbleSort;1605152;497960;152308;613202
1000;50;1;MergeSort;19952;8548;0;85181
1000;50;1;CountingSort;3001;0;0;13990
1000;50;1;QuickSort;34555;14941;5869;77151
1000;50;1;InsertionSort;432213;144071;0;108060
1000;50;1;BubbleSort;1570586;499149;143072;561101
1000;50;1;MergeSort;19952;8546;0;114550
1000;50;1;CountingSort;3001;0;0;9230
1000;50;1;QuickSort;37213;16012;6395;59571
1000;50;1;InsertionSort;440110;146702;0;104790
1000;50;1;BubbleSort;1578398;497789;145705;503871
1000;50;1;MergeSort;19952;8527;0;83320
1000;50;1;CountingSort;3001;0;0;9410
1000;50;1;QuickSort;42658;17545;7717;53140
1000;50;1;InsertionSort;431496;143832;0;548592
1000;50;1;BubbleSort;1561020;494844;142833;952603
1000;50;1;MergeSort;19952;8476;0;238811
1000;50;1;CountingSort;3001;0;0;8850
1000;50;1;QuickSort;38264;16112;6717;76910
1000;50;1;InsertionSort;427399;142465;0;135130
1000;50;1;BubbleSort;1562616;498372;141468;709172
1000;50;1;MergeSort;19952;8468;0;130760
1000;50;1;CountingSort;3001;0;0;9150
1000;50;1;QuickSort;44019;18024;7999;57660
1000;50;1;InsertionSort;417300;139098;0;434821
1000;50;1;BubbleSort;1547748;497670;138102;834573
1000;50;1;MergeSort;19952;8566;0;158351
1000;50;1;CountingSort;3001;0;0;10900
1000;50;1;QuickSort;42802;17845;7648;66260
1000;50;1;InsertionSort;423633;141211;0;96930
1000;50;1;BubbleSort;1557196;498174;140212;475971
1000;50;1;MergeSort;19952;8540;0;123690
1000;50;1;CountingSort;3001;0;0;9011
1000;50;1;QuickSort;36907;15502;6468;75720
1000;50;1;InsertionSort;435123;145041;0;813052
1000;50;1;BubbleSort;1573006;498419;144042;1097563
1000;50;1;MergeSort;19952;8542;0;88630
1000;50;1;CountingSort;3001;0;0;8890
1000;50;1;QuickSort;38351;16235;6713;74060
1000;50;1;InsertionSort;472236;157412;0;113430
1000;50;1;BubbleSort;1624146;499247;156413;473051
1000;50;1;MergeSort;19952;8542;0;106730
1000;50;1;CountingSort;3001;0;0;8810
1000;50;1;QuickSort;45423;19338;8018;76741
1000;50;1;InsertionSort;435882;145294;0;128551
1000;50;1;BubbleSort;1575250;499035;144295;452911
1000;50;1;MergeSort;19952;8594;0;130400
1000;50;1;CountingSort;3001;0;0;8540
1000;50;1;QuickSort;40373;17240;7048;65860
1000;50;1;InsertionSort;447570;149190;0;83440
1000;50;1;BubbleSort;1587072;497154;148191;613052
1000;50;1;MergeSort;19952;8537;0;142791
1000;50;1;CountingSort;3001;0;0;8760
1000;50;1;QuickSort;40404;16821;7206;52440
1000;50;1;InsertionSort;439221;146407;0;431971
1000;50;1;BubbleSort;1579820;499094;145408;931173
1000;50;1;MergeSort;19952;8568;0;146320
1000;50;1;CountingSort;3001;0;0;8950
1000;50;1;QuickSort;39478;16273;7067;70071
1000;50;1;InsertionSort;453689;151227;0;179001
1000;50;1;BubbleSort;1598206;498639;150232;565551
1000;50;1;MergeSort;19952;8554;0;144430
1000;50;1;CountingSort;3001;0;0;8970
1000;50;1;QuickSort;35728;15451;6102;68740
1000;50;1;InsertionSort;442432;147476;0;112220
1000;50;1;BubbleSort;1582754;498419;146479;592312
1000;50;1;MergeSort;19952;8611;0;86270
1000;50;1;CountingSort;3001;0;0;8740
1000;50;1;QuickSort;37509;15717;6608;57671
1000;50;1;InsertionSort;449571;149857;0;92590
1000;50;1;BubbleSort;1589602;497085;148858;567111
1000;50;1;MergeSort;19952;8535;0;113990
1000;50;1;CountingSort;3001;0;0;7360
1000;50;1;QuickSort;36046;16252;5925;74931
1000;50;1;InsertionSort;430512;143504;0;110661
1000;50;1;BubbleSort;1564988;497484;142505;600041
1000;50;1;MergeSort;19952;8487;0;109820
1000;50;1;CountingSort;3001;0;0;9190
1000;50;1;QuickSort;40915;16684;7416;51501
1000;50;1;InsertionSort;408850;136282;0;184390
1000;50;1;BubbleSort;1527484;493172;135285;706811
1000;50;1;MergeSort;19952;8561;0;155660
1000;50;1;CountingSort;3001;0;0;9061
1000;50;1;QuickSort;37344;15651;6570;61450
1000;50;1;InsertionSort;440082;146694;0;96130
1000;50;1;BubbleSort;1576080;496650;145695;569391
1000;50;1;MergeSort;19952;8549;0;115240
1000;50;1;CountingSort;3001;0;0;8880
1000;50;1;QuickSort;39297;16062;7074;64870
1000;50;1;InsertionSort;431913;143969;0;578011
1000;50;1;BubbleSort;1566986;497547;142973;910722
1000;50;1;MergeSort;19952;8558;0;145741
1000;50;1;CountingSort;3001;0;0;9570
1000;50;1;QuickSort;44344;18661;7893;57201
1000;50;1;InsertionSort;472791;157597;0;723872
1000;50;1;BubbleSort;1620836;497222;156598;1144143
1000;50;1;MergeSort;19952;8585;0;148110
1000;50;1;CountingSort;3001;0;0;9150
1000;50;1;QuickSort;38804;16274;6854;61810
1000;50;1;InsertionSort;433738;144578;0;111820
1000;50;1;BubbleSort;1571842;498759;143581;532301
1000;50;1;MergeSort;19952;8584;0;135501
1000;50;1;CountingSort;3001;0;0;9061
1000;50;1;QuickSort;40248;16656;7200;53060
1000;50;1;InsertionSort;460218;153406;0;359001
1000;50;1;BubbleSort;1600796;495584;152407;877272
1000;50;1;MergeSort;19952;8533;0;173190
1000;50;1;CountingSort;3001;0;0;7330
1000;50;1;QuickSort;40885;16996;7297;65170
1000;50;1;InsertionSort;444514;148170;0;751652
1000;50;1;BubbleSort;1586052;498680;147173;1198573
1000;50;1;MergeSort;19952;8490;0;89620
1000;50;1;CountingSort;3001;0;0;40810
1000;50;1;QuickSort;37324;16270;6352;70650
1000;50;1;InsertionSort;425981;141991;0;84220
1000;50;1;BubbleSort;1559792;497904;140996;580042
1000;50;1;MergeSort;19952;8549;0;108551
1000;50;2;CountingSort;3001;0;0;200661
1000;50;2;QuickSort;45056;18875;8068;1472184
1000;50;2;InsertionSort;177693;59231;0;5037013
1000;50;2;BubbleSort;948372;357722;58232;6819599
1000;50;2;MergeSort;19952;6608;0;1000363
1000;50;2;CountingSort;3001;0;0;110470
1000;50;2;QuickSort;37310;15905;6474;196361
1000;50;2;InsertionSort;194776;64922;0;2337477
1000;50;2;BubbleSort;986906;365597;63928;2584167
1000;50;2;MergeSort;19952;6636;0;146570
1000;50;2;CountingSort;3001;0;0;100581
1000;50;2;QuickSort;38359;16111;6749;171601
1000;50;2;InsertionSort;191189;63727;0;948102
1000;50;2;BubbleSort;961022;355047;62732;1045223
1000;50;2;MergeSort;19952;6611;0;169320
1000;50;2;CountingSort;3001;0;0;130611
1000;50;2;QuickSort;36657;16200;6149;778642
1000;50;2;InsertionSort;187654;62546;0;1523145
1000;50;2;BubbleSort;974300;364040;61555;1937396
1000;50;2;MergeSort;19952;6635;0;156270
1000;50;2;CountingSort;3001;0;0;116491
1000;50;2;QuickSort;35355;15060;6102;758313
1000;50;2;InsertionSort;191463;63817;0;331761
1000;50;2;BubbleSort;969926;359315;62824;796372
1000;50;2;MergeSort;19952;6622;0;140780
1000;50;2;CountingSort;3001;0;0;111561
1000;50;2;QuickSort;36148;15364;6278;194300
1000;50;2;InsertionSort;186691;62227;0;558521
1000;50;2;BubbleSort;948540;351804;61233;902583
1000;50;2;MergeSort;19952;6617;0;112331
1000;50;2;CountingSort;3001;0;0;114400
1000;50;2;QuickSort;35812;15205;6222;44130
1000;50;2;InsertionSort;181060;60350;0;193560
1000;50;2;BubbleSort;963418;362997;59356;813452
1000;50;2;MergeSort;19952;6621;0;157340
1000;50;2;CountingSort;3001;0;0;125020
1000;50;2;QuickSort;38207;16397;6601;77750
1000;50;2;InsertionSort;185342;61776;0;246540
1000;50;2;BubbleSort;972256;364560;60784;381631
1000;50;2;MergeSort;19952;6608;0;81400
1000;50;2;CountingSort;3001;0;0;99191
1000;50;2;QuickSort;42929;18335;7518;99461
1000;50;2;InsertionSort;187611;62535;0;228120
1000;50;2;BubbleSort;975276;364560;61539;372331
1000;50;2;MergeSort;19952;6615;0;81731
1000;50;2;CountingSort;3001;0;0;121241
1000;50;2;QuickSort;43475;18080;7801;54210
1000;50;2;InsertionSort;193705;64567;0;622032
1000;50;2;BubbleSort;979228;362474;63570;868233
1000;50;2;MergeSort;19952;6636;0;133530
1000;50;2;CountingSort;3001;0;0;87410
1000;50;2;QuickSort;37574;16226;6443;48910
1000;50;2;InsertionSort;182988;60994;0;137171
1000;50;2;BubbleSort;937042;348525;59998;306001
1000;50;2;MergeSort;19952;6614;0;163091
1000;50;2;CountingSort;3001;0;0;100201
1000;50;2;QuickSort;37057;15841;6399;66101
1000;50;2;InsertionSort;205604;68530;0;131760
1000;50;2;BubbleSort;995100;362474;67538;468661
1000;50;2;MergeSort;19952;6616;0;82440
1000;50;2;CountingSort;3001;0;0;120290
1000;50;2;QuickSort;36709;15136;6514;98440
1000;50;2;InsertionSort;198780;66254;0;75880
1000;50;2;BubbleSort;987050;362997;65264;418111
1000;50;2;MergeSort;19952;6624;0;113621
1000;50;2;CountingSort;3001;0;0;97150
1000;50;2;QuickSort;35716;15046;6222;56250
1000;50;2;InsertionSort;178055;59347;0;344661
1000;50;2;BubbleSort;958368;362474;58355;541752
1000;50;2;MergeSort;19952;6613;0;113351
1000;50;2;CountingSort;3001;0;0;104170
1000;50;2;QuickSort;40735;16987;7261;48231
1000;50;2;InsertionSort;186581;62191;0;49950
1000;50;2;BubbleSort;972864;364040;61196;341360
1000;50;2;MergeSort;19952;6624;0;112280
1000;50;2;CountingSort;3001;0;0;155391
1000;50;2;QuickSort;36220;15472;6254;126831
1000;50;2;InsertionSort;195469;65151;0;58920
1000;50;2;BubbleSort;999098;371229;64160;431351
1000;50;2;MergeSort;19952;6610;0;120140
1000;50;2;CountingSort;3001;0;0;65570
1000;50;2;QuickSort;39773;17036;6913;65230
1000;50;2;InsertionSort;197316;65768;0;55920
1000;50;2;BubbleSort;985094;362997;64775;492832
1000;50;2;MergeSort;19952;6623;0;158520
1000;50;2;CountingSort;3001;0;0;31630
1000;50;2;QuickSort;37059;15549;6509;40140
1000;50;2;InsertionSort;185104;61700;0;35970
1000;50;2;BubbleSort;972970;365079;60703;426861
1000;50;2;MergeSort;19952;6623;0;149211
1000;50;2;CountingSort;3001;0;0;20490
1000;50;2;QuickSort;36073;15301;6262;57680
1000;50;2;InsertionSort;182933;60973;0;122700
1000;50;2;BubbleSort;974214;367145;59981;423091
1000;50;2;MergeSort;19952;6637;0;93580
1000;50;2;CountingSort;3001;0;0;18000
1000;50;2;QuickSort;42715;17686;7677;44600
1000;50;2;InsertionSort;193847;64611;0;77150
1000;50;2;BubbleSort;964570;355047;63619;309111
1000;50;2;MergeSort;19952;6610;0;105021
1000;50;2;CountingSort;3001;0;0;20120
1000;50;2;QuickSort;41601;17085;7510;39150
1000;50;2;InsertionSort;181350;60446;0;35401
1000;50;2;BubbleSort;944672;353430;59453;459841
1000;50;2;MergeSort;19952;6645;0;156710
1000;50;2;CountingSort;3001;0;0;1360833
1000;50;2;QuickSort;40264;17110;7055;50140
1000;50;2;InsertionSort;184140;61378;0;1315873
1000;50;2;BubbleSort;983986;371229;60382;388901
1000;50;2;MergeSort;19952;6615;0;129991
1000;50;2;CountingSort;3001;0;0;16470
1000;50;2;QuickSort;35709;14988;6242;54741
1000;50;2;InsertionSort;194217;64737;0;56690
1000;50;2;BubbleSort;985122;365079;63741;427871
1000;50;2;MergeSort;19952;6627;0;96720
1000;50;2;CountingSort;3001;0;0;21670
1000;50;2;QuickSort;36714;16290;6139;46550
1000;50;2;InsertionSort;185487;61827;0;109240
1000;50;2;BubbleSort;961954;359315;60831;417181
1000;50;2;MergeSort;19952;6659;0;139640
1000;50;2;CountingSort;3001;0;0;19950
1000;50;2;QuickSort;45268;18820;8153;49310
1000;50;2;InsertionSort;189070;63020;0;43190
1000;50;2;BubbleSort;950624;351260;62026;430362
1000;50;2;MergeSort;19952;6628;0;192520
1000;50;2;CountingSort;3001;0;0;22950
1000;50;2;QuickSort;38228;16064;6727;68450
1000;50;2;InsertionSort;193288;64424;0;67210
1000;50;2;BubbleSort;959510;352889;63433;296371
1000;50;2;MergeSort;19952;6628;0;95030
1000;50;2;CountingSort;3001;0;0;20431
1000;50;2;QuickSort;34948;15259;5900;54100
1000;50;2;InsertionSort;181508;60500;0;45400
1000;50;2;BubbleSort;958764;360372;59505;278321
1000;50;2;MergeSort;19952;6617;0;77640
1000;50;2;CountingSort;3001;0;0;21971
1000;50;2;QuickSort;41496;17517;7330;61270
1000;50;2;InsertionSort;188963;62985;0;53760
1000;50;2;BubbleSort;951568;351804;61990;328911
1000;50;2;MergeSort;19952;6621;0;136830
1000;50;2;CountingSort;3001;0;0;20360
1000;50;2;QuickSort;37487;15998;6495;45101
1000;50;2;InsertionSort;191353;63781;0;37391
1000;50;2;BubbleSort;960166;354509;62787;384941
1000;50;2;MergeSort;19952;6646;0;158640
1000;50;2;CountingSort;3001;0;0;21640
1000;50;2;QuickSort;36940;16126;6278;45600
1000;50;2;InsertionSort;190664;63552;0;79950
1000;50;2;BubbleSort;984518;367145;62557;436321
1000;50;2;MergeSort;19952;6635;0;146350
1000;50;2;CountingSort;3001;0;0;17360
1000;50;2;QuickSort;36366;15348;6336;57450
1000;50;2;InsertionSort;194713;64899;0;62650
1000;50;2;BubbleSort;980580;362474;63908;354311
1000;50;2;MergeSort;19952;6627;0;99650
1000;50;2;CountingSort;3001;0;0;17470
1000;50;2;QuickSort;36657;15462;6392;70480
1000;50;2;InsertionSort;196215;65401;0;37500
1000;50;2;BubbleSort;980482;361425;64408;325701
1000;50;2;MergeSort;19952;6629;0;137801
1000;50;2;CountingSort;3001;0;0;20490
1000;50;2;QuickSort;34482;14445;6015;44210
1000;50;2;InsertionSort;189956;63316;0;43670
1000;50;2;BubbleSort;960452;355584;62321;437672
1000;50;2;MergeSort;19952;6641;0;177630
1000;50;2;CountingSort;3001;0;0;31980
1000;50;2;QuickSort;40958;17483;7154;81711
1000;50;2;InsertionSort;192304;64098;0;67711
1000;50;2;BubbleSort;965726;356655;63104;340040
1000;50;2;MergeSort;19952;6628;0;82390
1000;50;2;CountingSort;3001;0;0;16610
1000;50;2;QuickSort;35371;14953;6141;36370
1000;50;2;InsertionSort;185325;61769;0;61350
1000;50;2;BubbleSort;962804;359844;60779;343961
1000;50;2;MergeSort;19952;6641;0;109530
1000;50;2;CountingSort;3001;0;0;17830
1000;50;2;QuickSort;39760;16426;7111;46210
1000;50;2;InsertionSort;187191;62393;0;46520
1000;50;2;BubbleSort;965288;359844;61400;528591
1000;50;2;MergeSort;19952;6646;0;168941
1000;50;2;CountingSort;3001;0;0;16860
1000;50;2;QuickSort;38671;16612;6684;38050
1000;50;2;InsertionSort;191386;63790;0;30100
1000;50;2;BubbleSort;970884;359844;62799;361941
1000;50;2;MergeSort;19952;6623;0;124751
1000;50;2;CountingSort;3001;0;0;43730
1000;50;2;QuickSort;38671;16405;6754;58730
1000;50;2;InsertionSort;187478;62486;0;54360
1000;50;2;BubbleSort;976146;365079;61497;309991
1000;50;2;MergeSort;19952;6634;0;81771
1000;50;2;CountingSort;3001;0;0;16550
1000;50;2;QuickSort;35047;15043;5995;65330
1000;50;2;InsertionSort;192518;64168;0;162490
1000;50;2;BubbleSort;971334;359315;63176;470341
1000;50;2;MergeSort;19952;6639;0;97111
1000;50;2;CountingSort;3001;0;0;27190
1000;50;2;QuickSort;37961;15563;6805;71471
1000;50;2;InsertionSort;188656;62882;0;65660
1000;50;2;BubbleSort;978746;365597;61888;291630
1000;50;2;MergeSort;19952;6641;0;106960
1000;50;2;CountingSort;3001;0;0;20570
1000;50;2;QuickSort;37718;15680;6684;49701
1000;50;2;InsertionSort;195514;65168;0;70220
1000;50;2;BubbleSort;973204;358254;64174;527952
1000;50;2;MergeSort;19952;6609;0;84561
1000;50;2;CountingSort;3001;0;0;18100
1000;50;2;QuickSort;40951;17191;7264;37970
1000;50;2;InsertionSort;181716;60568;0;53310
1000;50;2;BubbleSort;973618;367659;59575;356161
1000;50;2;MergeSort;19952;6606;0;109201
1000;50;2;CountingSort;3001;0;0;16460
1000;50;2;QuickSort;39782;16439;7111;46110
1000;50;2;InsertionSort;191439;63807;0;70230
1000;50;2;BubbleSort;970956;359844;62817;387211
1000;50;2;MergeSort;19952;6645;0;131691
1000;50;2;CountingSort;3001;0;0;22820
1000;50;2;QuickSort;36246;15381;6293;65360
1000;50;2;InsertionSort;196637;65543;0;70530
1000;50;2;BubbleSort;970432;356120;64548;292731
1000;50;2;MergeSort;19952;6641;0;88300
1000;50;2;CountingSort;3001;0;0;32590
1000;50;2;QuickSort;38695;16636;6675;37300
1000;50;2;InsertionSort;203255;67749;0;131040
1000;50;2;BubbleSort;973876;353430;66754;455651
1000;50;2;MergeSort;19952;6612;0;158651
1000;50;2;CountingSort;3001;0;0;17740
1000;50;2;QuickSort;38497;16132;6785;56330
1000;50;2;InsertionSort;185990;61990;0;35210
1000;50;2;BubbleSort;989492;372744;61001;474261
1000;50;2;MergeSort;19952;6620;0;125301
1000;50;2;CountingSort;3001;0;0;10100
1000;50;2;QuickSort;40619;17690;6977;64050
1000;50;2;InsertionSort;195789;65259;0;54040
1000;50;2;BubbleSort;1001544;372240;64266;265041
1000;50;2;MergeSort;19952;6610;0;99100
1000;50;2;CountingSort;3001;0;0;9110
1000;50;2;QuickSort;43856;18317;7841;63820
1000;50;2;InsertionSort;187271;62419;0;54780
1000;50;2;BubbleSort;967506;360899;61427;282110
1000;50;2;MergeSort;19952;6641;0;97540
1000;50;2;CountingSort;3001;0;0;8961
1000;50;2;QuickSort;38641;15889;6917;44840
1000;50;2;InsertionSort;189427;63139;0;85060
1000;50;2;BubbleSort;980808;366114;62145;460871
1000;50;2;MergeSort;19952;6619;0;154230
1000;50;2;CountingSort;3001;0;0;8440
1000;50;2;QuickSort;36347;15446;6306;57810
1000;50;2;InsertionSort;183267;61087;0;66450
1000;50;2;BubbleSort;951532;355584;60091;274171
1000;50;2;MergeSort;19952;6624;0;111270
1000;50;2;CountingSort;3001;0;0;9970
1000;50;2;QuickSort;41283;16914;7463;49570
1000;50;2;InsertionSort;185666;61886;0;61810
1000;50;2;BubbleSort;976824;366630;60891;439671
1000;50;2;MergeSort;19952;6632;0;97210
1000;50;2;CountingSort;3001;0;0;19590
1000;50;2;QuickSort;35807;15176;6214;55300
1000;50;2;InsertionSort;184878;61620;0;67360
1000;50;2;BubbleSort;961150;359315;60630;339671
1000;50;2;MergeSort;19952;6643;0;111210
1000;50;2;CountingSort;3001;0;0;8840
1000;50;2;QuickSort;46422;19176;8413;64820
1000;50;2;InsertionSort;188723;62905;0;43440
1000;50;2;BubbleSort;974678;363519;61910;443971
1000;50;2;MergeSort;19952;6625;0;112030
1000;50;2;CountingSort;3001;0;0;8680
1000;50;2;QuickSort;36138;15606;6175;45200
1000;50;2;InsertionSort;193689;64561;0;264081
1000;50;2;BubbleSort;957868;351804;63565;473422
1000;50;2;MergeSort;19952;6613;0;147511
1000;50;2;CountingSort;3001;0;0;14030
1000;50;2;QuickSort;35410;14932;6161;37190
1000;50;2;InsertionSort;185720;61902;0;174880
1000;50;2;BubbleSort;958018;357189;60910;497441
1000;50;2;MergeSort;19952;6616;0;95350
1000;50;2;CountingSort;3001;0;0;8390
1000;50;2;QuickSort;34488;14817;5888;35420
1000;50;2;InsertionSort;192047;64009;0;38830
1000;50;2;BubbleSort;982238;365079;63020;533122
1000;50;2;MergeSort;19952;6627;0;133351
1000;50;2;CountingSort;3001;0;0;8740
1000;50;2;QuickSort;39317;16766;6853;40470
1000;50;2;InsertionSort;189201;63063;0;117430
1000;50;2;BubbleSort;964788;358254;62070;331821
1000;50;2;MergeSort;19952;6622;0;86810
1000;50;2;CountingSort;3001;0;0;8790
1000;50;2;QuickSort;41852;17483;7464;44430
1000;50;2;InsertionSort;189237;63077;0;57370
1000;50;2;BubbleSort;984668;368172;62081;302691
1000;50;2;MergeSort;19952;6632;0;80400
1000;50;2;CountingSort;3001;0;0;6930
1000;50;2;QuickSort;43479;18357;7712;47810
1000;50;2;InsertionSort;184859;61617;0;29270
1000;50;2;BubbleSort;974716;366114;60622;429231
1000;50;2;MergeSort;19952;6623;0;169630
1000;50;2;CountingSort;3001;0;0;8990
1000;50;2;QuickSort;37818;16536;6430;51440
1000;50;2;InsertionSort;189504;63166;0;217150
1000;50;2;BubbleSort;956620;353970;62170;421951
1000;50;2;MergeSort;19952;6628;0;98270
1000;50;2;CountingSort;3001;0;0;10500
1000;50;2;QuickSort;38707;15985;6910;38740
1000;50;2;InsertionSort;184029;61335;0;28600
1000;50;2;BubbleSort;975682;367145;60348;303451
1000;50;2;MergeSort;19952;6655;0;121421
1000;50;2;CountingSort;3001;0;0;20530
1000;50;2;QuickSort;38301;16293;6673;54140
1000;50;2;InsertionSort;192046;64012;0;50720
1000;50;2;BubbleSort;969642;358785;63018;326991
1000;50;2;MergeSort;19952;6620;0;90450
1000;50;2;CountingSort;3001;0;0;7630
1000;50;2;QuickSort;35937;15057;6296;35680
1000;50;2;InsertionSort;194574;64854;0;42810
1000;50;2;BubbleSort;984564;364560;63861;456971
1000;50;2;MergeSort;19952;6624;0;127441
1000;50;2;CountingSort;3001;0;0;8840
1000;50;2;QuickSort;39270;16485;6914;39390
1000;50;2;InsertionSort;191568;63852;0;150601
1000;50;2;BubbleSort;982630;365597;62859;401261
1000;50;2;MergeSort;19952;6604;0;77091
1000;50;2;CountingSort;3001;0;0;9030
1000;50;2;QuickSort;38425;16009;6792;58260
1000;50;2;InsertionSort;195597;65197;0;45540
1000;50;2;BubbleSort;985924;364560;64201;313171
1000;50;2;MergeSort;19952;6629;0;80811
1000;50;2;CountingSort;3001;0;0;8600
1000;50;2;QuickSort;42852;17592;7744;47730
1000;50;2;InsertionSort;193416;64470;0;43250
1000;50;2;BubbleSort;973584;359844;63474;394271
1000;50;2;MergeSort;19952;6608;0;143341
1000;50;2;CountingSort;3001;0;0;7310
1000;50;2;QuickSort;36258;15393;6287;39900
1000;50;2;InsertionSort;190146;63380;0;203011
1000;50;2;BubbleSort;981764;366114;62384;459241
1000;50;2;MergeSort;19952;6653;0;94220
1000;50;2;CountingSort;3001;0;0;9650
1000;50;2;QuickSort;38391;16350;6687;37860
1000;50;2;InsertionSort;192495;64163;0;37340
1000;50;2;BubbleSort;961686;354509;63167;372371
1000;50;2;MergeSort;19952;6608;0;94180
1000;50;2;CountingSort;3001;0;0;8700
1000;50;2;QuickSort;35892;15327;6188;56810
1000;50;2;InsertionSort;190896;63630;0;68700
1000;50;2;BubbleSort;988926;369195;62634;429471
1000;50;2;MergeSort;19952;6638;0;123421
1000;50;2;CountingSort;3001;0;0;8500
1000;50;2;QuickSort;36646;15310;6447;54561
1000;50;2;InsertionSort;190684;63558;0;36981
1000;50;2;BubbleSort;990684;370214;62564;423031
1000;50;2;MergeSort;19952;6623;0;171630
1000;50;2;CountingSort;3001;0;0;9180
1000;50;2;QuickSort;38859;16008;6950;41540
1000;50;2;InsertionSort;187351;62447;0;28980
1000;50;2;BubbleSort;972850;363519;61453;286681
1000;50;2;MergeSort;19952;6643;0;78231
1000;50;2;CountingSort;3001;0;0;7240
1000;50;2;QuickSort;37277;15932;6440;46980
1000;50;2;InsertionSort;186183;62057;0;37830
1000;50;2;BubbleSort;958634;357189;61064;351041
1000;50;2;MergeSort;19952;6614;0;125021
1000;50;2;CountingSort;3001;0;0;8620
1000;50;2;QuickSort;36635;15767;6288;76830
1000;50;2;InsertionSort;201696;67228;0;302041
1000;50;2;BubbleSort;975034;355047;66235;452351
1000;50;2;MergeSort;19952;6638;0;78781
1000;50;2;CountingSort;3001;0;0;8530
1000;50;2;QuickSort;39315;16395;6981;64870
1000;50;2;InsertionSort;183683;61225;0;57470
1000;50;2;BubbleSort;970040;364560;60230;306821
1000;50;2;MergeSort;19952;6643;0;81570
1000;50;2;CountingSort;3001;0;0;9170
1000;50;2;QuickSort;36577;15649;6317;50920
1000;50;2;InsertionSort;185935;61971;0;38880
1000;50;2;BubbleSort;961502;358785;60983;328601
1000;50;2;MergeSort;19952;6623;0;126611
1000;50;2;CountingSort;3001;0;0;12100
1000;50;2;QuickSort;41015;16784;7409;52670
1000;50;2;InsertionSort;188400;62796;0;264111
1000;50;2;BubbleSort;990682;371735;61803;512761
1000;50;2;MergeSort;19952;6625;0;131891
1000;50;2;CountingSort;3001;0;0;7340
1000;50;2;QuickSort;39642;17790;6608;57290
1000;50;2;InsertionSort;190191;63393;0;48100
1000;50;2;BubbleSort;972450;361425;62400;412371
1000;50;2;MergeSort;19952;6619;0;114471
1000;50;2;CountingSort;3001;0;0;7330
1000;50;2;QuickSort;38346;16275;6692;50440
1000;50;2;InsertionSort;188583;62857;0;68850
1000;50;2;BubbleSort;978650;365597;61864;436891
1000;50;2;MergeSort;19952;6620;0;102870
1000;50;2;CountingSort;3001;0;0;13340
1000;50;2;QuickSort;36916;16228;6228;45030
1000;50;2;InsertionSort;184504;61498;0;57840
1000;50;2;BubbleSort;942354;350169;60504;462661
1000;50;2;MergeSort;19952;6654;0;125960
1000;50;2;CountingSort;3001;0;0;8570
1000;50;2;QuickSort;38527;16864;6557;37950
1000;50;2;InsertionSort;194352;64774;0;279611
1000;50;2;BubbleSort;975904;360372;63790;510591
1000;50;2;MergeSort;19952;6629;0;96140
1000;50;2;CountingSort;3001;0;0;8600
1000;50;2;QuickSort;37459;15649;6612;45960
1000;50;2;InsertionSort;185031;61675;0;28510
1000;50;2;BubbleSort;972874;365079;60679;332901
1000;50;2;MergeSort;19952;6632;0;98510
1000;50;2;CountingSort;3001;0;0;9190
1000;50;2;QuickSort;40599;16647;7331;45760
1000;50;2;InsertionSort;192027;64003;0;37460
1000;50;2;BubbleSort;959992;353970;63013;402171
1000;50;2;MergeSort;19952;6621;0;106770
1000;50;2;CountingSort;3001;0;0;8840
1000;50;2;QuickSort;37068;15783;6434;68470
1000;50;2;InsertionSort;193349;64445;0;92950
1000;50;2;BubbleSort;981892;364040;63453;288541
1000;50;2;MergeSort;19952;6619;0;95380
1000;50;2;CountingSort;3001;0;0;7120
1000;50;2;QuickSort;40802;17573;7078;69330
1000;50;2;InsertionSort;182661;60883;0;51490
1000;50;2;BubbleSort;963460;361950;59890;349291
1000;50;2;MergeSort;19952;6621;0;81940
1000;50;2;CountingSort;3001;0;0;8600
1000;50;2;QuickSort;37420;15841;6523;36470
1000;50;2;InsertionSort;184833;61607;0;71510
1000;50;2;BubbleSort;962144;359844;60614;401681
1000;50;2;MergeSort;19952;6632;0;101210
1000;50;2;CountingSort;3001;0;0;8300
1000;50;2;QuickSort;39025;16639;6799;45930
1000;50;2;InsertionSort;178703;59565;0;44310
1000;50;2;BubbleSort;962360;364040;58570;422391
1000;50;2;MergeSort;19952;6649;0;153550
1000;50;2;CountingSort;3001;0;0;9310
1000;50;2;QuickSort;39534;16725;6938;60570
1000;50;2;InsertionSort;188912;62966;0;52970
1000;50;2;BubbleSort;983214;367659;61974;601702
1000;50;2;MergeSort;19952;6634;0;92541
1000;50;2;CountingSort;3001;0;0;8960
1000;50;2;QuickSort;38596;16078;6832;37480
1000;50;2;InsertionSort;193848;64614;0;37550
1000;50;2;BubbleSort;970980;358254;63618;465371
1000;50;2;MergeSort;19952;6647;0;162680
1000;50;2;CountingSort;3001;0;0;8850
1000;50;2;QuickSort;36998;15542;6493;44940
1000;50;2;InsertionSort;189520;63168;0;88760
1000;50;2;BubbleSort;953402;352347;62177;390081
1000;50;2;MergeSort;19952;6610;0;110560
1000;50;2;CountingSort;3001;0;0;8600
1000;50;2;QuickSort;37832;16073;6594;36520
1000;50;2;InsertionSort;196797;65595;0;59080
1000;50;2;BubbleSort;975978;358785;64602;357771
1000;50;2;MergeSort;19952;6639;0;164430
1000;50;2;CountingSort;3001;0;0;9170
1000;50;2;QuickSort;43223;17570;7876;38100
1000;50;2;InsertionSort;187619;62535;0;168230
1000;50;2;BubbleSort;978400;366114;61543;352751
1000;50;2;MergeSort;19952;6621;0;102051
1000;50;2;CountingSort;3001;0;0;7730
1000;50;2;QuickSort;40331;17339;6996;68780
1000;50;2;InsertionSort;194288;64758;0;60030
1000;50;2;BubbleSort;957584;351260;63766;266481
1000;50;2;MergeSort;19952;6598;0;92920
1000;50;2;CountingSort;3001;0;0;8550
1000;50;2;QuickSort;44283;18657;7872;38480
1000;50;2;InsertionSort;197093;65693;0;40301
1000;50;2;BubbleSort;973182;357189;64701;378661
1000;50;2;MergeSort;19952;6645;0;108330
1000;50;2;CountingSort;3001;0;0;8570
1000;50;2;QuickSort;39592;16621;6990;71090
1000;50;2;InsertionSort;189285;63089;0;261181
1000;50;2;BubbleSort;974390;362997;62099;653092
1000;50;2;MergeSort;19952;6642;0;96611
1000;50;2;CountingSort;3001;0;0;8450
1000;50;2;QuickSort;42507;18039;7496;42360
1000;50;2;InsertionSort;188736;62910;0;43600
1000;50;2;BubbleSort;962034;357189;61914;449491
1000;50;2;MergeSort;19952;6630;0;76520
1000;50;2;CountingSort;3001;0;0;8750
1000;50;2;QuickSort;37229;15749;6493;44290
1000;50;2;InsertionSort;184209;61401;0;47340
1000;50;2;BubbleSort;954930;356655;60405;473691
1000;50;2;MergeSort;19952;6642;0;104660
1000;50;2;CountingSort;3001;0;0;10380
1000;50;2;QuickSort;39545;17234;6778;45381
1000;50;2;InsertionSort;187366;62450;0;39240
1000;50;2;BubbleSort;960214;357189;61459;451531
1000;50;2;MergeSort;19952;6641;0;160820
1000;50;2;CountingSort;3001;0;0;17790
1000;50;2;QuickSort;41297;16934;7444;46790
1000;50;2;InsertionSort;185925;61967;0;96020
1000;50;2;BubbleSort;966770;361425;60980;511921
1000;50;2;MergeSort;19952;6636;0;160100
1000;50;2;CountingSort;3001;0;0;11870
1000;50;2;QuickSort;37515;16239;6431;60140
1000;50;2;InsertionSort;190044;63346;0;248321
1000;50;2;BubbleSort;970144;360372;62350;474771
1000;50;2;MergeSort;19952;6621;0;132601
1000;50;2;CountingSort;3001;0;0;9190
1000;50;2;QuickSort;42718;18316;7477;39630
1000;50;2;InsertionSort;190563;63517;0;49070
1000;50;2;BubbleSort;972946;361425;62524;389191
1000;50;2;MergeSort;19952;6647;0;116911
1000;50;3;CountingSort;3001;0;0;182951
1000;50;3;QuickSort;44508;18258;8080;1430924
1000;50;3;InsertionSort;180885;60295;0;5209874
1000;50;3;BubbleSort;964222;363519;59296;7858691
1000;50;3;MergeSort;19952;6602;0;880883
1000;50;3;CountingSort;3001;0;0;112490
1000;50;3;QuickSort;36066;15603;6148;185220
1000;50;3;InsertionSort;194247;64749;0;2981568
1000;50;3;BubbleSort;978900;361950;63750;3177139
1000;50;3;MergeSort;19952;6623;0;171560
1000;50;3;CountingSort;3001;0;0;110000
1000;50;3;QuickSort;40040;16799;7070;917612
1000;50;3;InsertionSort;181320;60440;0;555641
1000;50;3;BubbleSort;953208;357722;59441;817842
1000;50;3;MergeSort;19952;6639;0;120411
1000;50;3;CountingSort;3001;0;0;145720
1000;50;3;QuickSort;34939;14578;6116;599691
1000;50;3;InsertionSort;197667;65889;0;315231
1000;50;3;BubbleSort;970728;355584;64890;992673
1000;50;3;MergeSort;19952;6615;0;148160
1000;50;3;CountingSort;3001;0;0;112480
1000;50;3;QuickSort;37818;16020;6605;787522
1000;50;3;InsertionSort;192195;64065;0;1384464
1000;50;3;BubbleSort;998758;373247;63066;998713
1000;50;3;MergeSort;19952;6622;0;141081
1000;50;3;CountingSort;3001;0;0;135440
1000;50;3;QuickSort;38323;16027;6765;142891
1000;50;3;InsertionSort;191232;63744;0;2313206
1000;50;3;BubbleSort;963220;356120;62745;2361907
1000;50;3;MergeSort;19952;6648;0;174971
1000;50;3;CountingSort;3001;0;0;124270
1000;50;3;QuickSort;36616;15433;6389;34390
1000;50;3;InsertionSort;189993;63331;0;534731
1000;50;3;BubbleSort;979486;365079;62332;817332
1000;50;3;MergeSort;19952;6636;0;100390
1000;50;3;CountingSort;3001;0;0;146610
1000;50;3;QuickSort;39911;17270;6880;52940
1000;50;3;InsertionSort;194361;64787;0;174460
1000;50;3;BubbleSort;974840;359844;63788;425541
1000;50;3;MergeSort;19952;6632;0;102621
1000;50;3;CountingSort;3001;0;0;158080
1000;50;3;QuickSort;37389;15702;6566;55490
1000;50;3;InsertionSort;183201;61067;0;132000
1000;50;3;BubbleSort;979682;369705;60068;384491
1000;50;3;MergeSort;19952;6633;0;104600
1000;50;3;CountingSort;3001;0;0;99760
1000;50;3;QuickSort;39130;16336;6932;131151
1000;50;3;InsertionSort;195978;65326;0;152591
1000;50;3;BubbleSort;979106;360899;64327;461331
1000;50;3;MergeSort;19952;6630;0;162880
1000;50;3;CountingSort;3001;0;0;156410
1000;50;3;QuickSort;36132;15468;6218;76130
1000;50;3;InsertionSort;191106;63702;0;131700
1000;50;3;BubbleSort;989202;369195;62703;438221
1000;50;3;MergeSort;19952;6644;0;110731
1000;50;3;CountingSort;3001;0;0;99150
1000;50;3;QuickSort;37703;16904;6274;44990
1000;50;3;InsertionSort;172170;57390;0;51450
1000;50;3;BubbleSort;939942;357189;56391;537532
1000;50;3;MergeSort;19952;6612;0;120431
1000;50;3;CountingSort;3001;0;0;100090
1000;50;3;QuickSort;38434;16930;6501;109630
1000;50;3;InsertionSort;187074;62358;0;35230
1000;50;3;BubbleSort;970384;362474;61359;293251
1000;50;3;MergeSort;19952;6633;0;98391
1000;50;3;CountingSort;3001;0;0;118841
1000;50;3;QuickSort;38428;16336;6686;84540
1000;50;3;InsertionSort;184833;61611;0;55480
1000;50;3;BubbleSort;974676;366114;60612;454011
1000;50;3;MergeSort;19952;6628;0;165190
1000;50;3;CountingSort;3001;0;0;150570
1000;50;3;QuickSort;38390;16355;6684;37930
1000;50;3;InsertionSort;192462;64154;0;40930
1000;50;3;BubbleSort;959480;353430;63155;393871
1000;50;3;MergeSort;19952;6604;0;145521
1000;50;3;CountingSort;3001;0;0;168331
1000;50;3;QuickSort;40584;16959;7207;63150
1000;50;3;InsertionSort;188361;62787;0;54761
1000;50;3;BubbleSort;966840;359844;61788;311500
1000;50;3;MergeSort;19952;6625;0;78840
1000;50;3;CountingSort;3001;0;0;94930
1000;50;3;QuickSort;36142;15439;6243;79940
1000;50;3;InsertionSort;197778;65926;0;56160
1000;50;3;BubbleSort;993998;367145;64927;273060
1000;50;3;MergeSort;19952;6632;0;87710
1000;50;3;CountingSort;3001;0;0;61941
1000;50;3;QuickSort;36023;15167;6287;63531
1000;50;3;InsertionSort;187464;62488;0;30080
1000;50;3;BubbleSort;983324;368684;61489;438771
1000;50;3;MergeSort;19952;6620;0;110140
1000;50;3;CountingSort;3001;0;0;31180
1000;50;3;QuickSort;37797;16248;6513;49250
1000;50;3;InsertionSort;181014;60338;0;33930
1000;50;3;BubbleSort;945296;353970;59339;332851
1000;50;3;MergeSort;19952;6641;0;108130
1000;50;3;CountingSort;3001;0;0;17480
1000;50;3;QuickSort;38518;15940;6875;55200
1000;50;3;InsertionSort;195387;65129;0;61180
1000;50;3;BubbleSort;984600;364040;64130;280151
1000;50;3;MergeSort;19952;6639;0;81680
1000;50;3;CountingSort;3001;0;0;56890
1000;50;3;QuickSort;39725;16430;7096;101260
1000;50;3;InsertionSort;196518;65506;0;62250
1000;50;3;BubbleSort;1003516;372744;64507;289971
1000;50;3;MergeSort;19952;6630;0;86121
1000;50;3;CountingSort;3001;0;0;17760
1000;50;3;QuickSort;36874;15667;6397;47500
1000;50;3;InsertionSort;192144;64048;0;30680
1000;50;3;BubbleSort;967640;357722;63049;363611
1000;50;3;MergeSort;19952;6629;0;149021
1000;50;3;CountingSort;3001;0;0;1276644
1000;50;3;QuickSort;36607;15034;6524;44501
1000;50;3;InsertionSort;178788;59596;0;1211474
1000;50;3;BubbleSort;960382;362997;58597;522551
1000;50;3;MergeSort;19952;6624;0;92980
1000;50;3;CountingSort;3001;0;0;17860
1000;50;3;QuickSort;35883;16053;5946;53861
1000;50;3;InsertionSort;198807;66269;0;70290
1000;50;3;BubbleSort;989160;364040;65270;465511
1000;50;3;MergeSort;19952;6657;0;114890
1000;50;3;CountingSort;3001;0;0;35270
1000;50;3;QuickSort;38970;16458;6838;38371
1000;50;3;InsertionSort;189144;63048;0;70411
1000;50;3;BubbleSort;993684;372744;62049;431101
1000;50;3;MergeSort;19952;6627;0;85430
1000;50;3;CountingSort;3001;0;0;29300
1000;50;3;QuickSort;40372;16555;7274;69380
1000;50;3;InsertionSort;199371;66457;0;252231
1000;50;3;BubbleSort;979402;358785;65458;525152
1000;50;3;MergeSort;19952;6608;0;102971
1000;50;3;CountingSort;3001;0;0;20190
1000;50;3;QuickSort;37379;15467;6635;44700
1000;50;3;InsertionSort;193065;64355;0;45110
1000;50;3;BubbleSort;974168;360372;63356;343781
1000;50;3;MergeSort;19952;6629;0;75691
1000;50;3;CountingSort;3001;0;0;30490
1000;50;3;QuickSort;35880;15009;6285;51170
1000;50;3;InsertionSort;185352;61784;0;40001
1000;50;3;BubbleSort;942384;349622;60785;321340
1000;50;3;MergeSort;19952;6626;0;70080
1000;50;3;CountingSort;3001;0;0;16790
1000;50;3;QuickSort;39801;16161;7215;45470
1000;50;3;InsertionSort;201459;67153;0;137821
1000;50;3;BubbleSort;999934;367659;66154;491442
1000;50;3;MergeSort;19952;6620;0;137930
1000;50;3;CountingSort;3001;0;0;68780
1000;50;3;QuickSort;37376;15407;6660;45640
1000;50;3;InsertionSort;192150;64050;0;188970
1000;50;3;BubbleSort;945948;346872;63051;462181
1000;50;3;MergeSort;19952;6628;0;188241
1000;50;3;CountingSort;3001;0;0;49710
1000;50;3;QuickSort;39925;17026;6958;49310
1000;50;3;InsertionSort;195147;65049;0;209061
1000;50;3;BubbleSort;996628;370214;64050;483401
1000;50;3;MergeSort;19952;6635;0;72560
1000;50;3;CountingSort;3001;0;0;22010
1000;50;3;QuickSort;38803;16222;6858;68070
1000;50;3;InsertionSort;197745;65915;0;62010
1000;50;3;BubbleSort;988784;364560;64916;348951
1000;50;3;MergeSort;19952;6635;0;130641
1000;50;3;CountingSort;3001;0;0;20000
1000;50;3;QuickSort;41134;16831;7443;57340
1000;50;3;InsertionSort;189300;63100;0;49120
1000;50;3;BubbleSort;956344;353970;62101;271531
1000;50;3;MergeSort;19952;6618;0;57570
1000;50;3;CountingSort;3001;0;0;24350
1000;50;3;QuickSort;42051;17859;7399;39250
1000;50;3;InsertionSort;184455;61485;0;30460
1000;50;3;BubbleSort;980334;369195;60486;393451
1000;50;3;MergeSort;19952;6647;0;116751
1000;50;3;CountingSort;3001;0;0;16820
1000;50;3;QuickSort;39535;16600;6988;65850
1000;50;3;InsertionSort;190464;63488;0;51440
1000;50;3;BubbleSort;990384;370214;62489;395231
1000;50;3;MergeSort;19952;6650;0;128951
1000;50;3;CountingSort;3001;0;0;22230
1000;50;3;QuickSort;36494;15824;6223;52760
1000;50;3;InsertionSort;194871;64957;0;52960
1000;50;3;BubbleSort;983912;364040;63958;281061
1000;50;3;MergeSort;19952;6605;0;96941
1000;50;3;CountingSort;3001;0;0;33710
1000;50;3;QuickSort;42409;17473;7655;53160
1000;50;3;InsertionSort;188373;62791;0;60990
1000;50;3;BubbleSort;977326;365079;61792;443882
1000;50;3;MergeSort;19952;6648;0;113671
1000;50;3;CountingSort;3001;0;0;28520
1000;50;3;QuickSort;42043;17206;7617;47720
1000;50;3;InsertionSort;177639;59213;0;28720
1000;50;3;BubbleSort;912066;339605;58214;334221
1000;50;3;MergeSort;19952;6610;0;135980
1000;50;3;CountingSort;3001;0;0;11200
1000;50;3;QuickSort;45501;19020;8157;82020
1000;50;3;InsertionSort;182229;60743;0;103231
1000;50;3;BubbleSort;923816;342420;59744;430232
1000;50;3;MergeSort;19952;6638;0;153680
1000;50;3;CountingSort;3001;0;0;9380
1000;50;3;QuickSort;37796;15503;6757;46030
1000;50;3;InsertionSort;186888;62296;0;50850
1000;50;3;BubbleSort;955282;355047;61297;341791
1000;50;3;MergeSort;19952;6613;0;92320
1000;50;3;CountingSort;3001;0;0;9191
1000;50;3;QuickSort;36643;16081;6201;37390
1000;50;3;InsertionSort;195528;65176;0;47380
1000;50;3;BubbleSort;999166;371229;64177;332311
1000;50;3;MergeSort;19952;6608;0;73270
1000;50;3;CountingSort;3001;0;0;8880
1000;50;3;QuickSort;38050;15616;6814;53850
1000;50;3;InsertionSort;189846;63282;0;46720
1000;50;3;BubbleSort;969876;360372;62283;368371
1000;50;3;MergeSort;19952;6628;0;88321
1000;50;3;CountingSort;3001;0;0;8860
1000;50;3;QuickSort;40841;16613;7416;37620
1000;50;3;InsertionSort;189312;63104;0;37320
1000;50;3;BubbleSort;965990;358785;62105;383591
1000;50;3;MergeSort;19952;6628;0;114471
1000;50;3;CountingSort;3001;0;0;9570
1000;50;3;QuickSort;37644;15894;6588;37400
1000;50;3;InsertionSort;198588;66196;0;47100
1000;50;3;BubbleSort;1004258;371735;65197;322611
1000;50;3;MergeSort;19952;6646;0;100920
1000;50;3;CountingSort;3001;0;0;9830
1000;50;3;QuickSort;37653;15528;6715;36271
1000;50;3;InsertionSort;197919;65973;0;129470
1000;50;3;BubbleSort;975340;357722;64974;460421
1000;50;3;MergeSort;19952;6629;0;110890
1000;50;3;CountingSort;3001;0;0;9111
1000;50;3;QuickSort;38444;15845;6856;40301
1000;50;3;InsertionSort;187707;62569;0;33690
1000;50;3;BubbleSort;973318;363519;61570;384581
1000;50;3;MergeSort;19952;6654;0;76200
1000;50;3;CountingSort;3001;0;0;8990
1000;50;3;QuickSort;39882;17022;6947;62220
1000;50;3;InsertionSort;195102;65034;0;59240
1000;50;3;BubbleSort;981088;362474;64035;391261
1000;50;3;MergeSort;19952;6642;0;96720
1000;50;3;CountingSort;3001;0;0;8880
1000;50;3;QuickSort;36857;15566;6430;46161
1000;50;3;InsertionSort;187062;62354;0;65881
1000;50;3;BubbleSort;986864;370722;61355;428881
1000;50;3;MergeSort;19952;6639;0;154050
1000;50;3;CountingSort;3001;0;0;9121
1000;50;3;QuickSort;36209;15356;6280;233630
1000;50;3;InsertionSort;188913;62971;0;51900
1000;50;3;BubbleSort;980116;366114;61972;259410
1000;50;3;MergeSort;19952;6639;0;93760
1000;50;3;CountingSort;3001;0;0;7840
1000;50;3;QuickSort;35501;15218;6099;59040
1000;50;3;InsertionSort;183546;61182;0;166550
1000;50;3;BubbleSort;970890;365079;60183;395631
1000;50;3;MergeSort;19952;6649;0;89920
1000;50;3;CountingSort;3001;0;0;9150
1000;50;3;QuickSort;37107;15894;6399;56740
1000;50;3;InsertionSort;193902;64634;0;44730
1000;50;3;BubbleSort;989858;367659;63635;359921
1000;50;3;MergeSort;19952;6611;0;108520
1000;50;3;CountingSort;3001;0;0;7500
1000;50;3;QuickSort;37990;16168;6610;88111
1000;50;3;InsertionSort;197076;65692;0;40520
1000;50;3;BubbleSort;977402;359315;64693;472981
1000;50;3;MergeSort;19952;6621;0;139620
1000;50;3;CountingSort;3001;0;0;9480
1000;50;3;QuickSort;34971;15414;5843;52790
1000;50;3;InsertionSort;177438;59146;0;41920
1000;50;3;BubbleSort;938366;352889;58147;373071
1000;50;3;MergeSort;19952;6606;0;86851
1000;50;3;CountingSort;3001;0;0;9220
1000;50;3;QuickSort;36511;15223;6425;46911
1000;50;3;InsertionSort;186270;62090;0;29910
1000;50;3;BubbleSort;954458;355047;61091;439471
1000;50;3;MergeSort;19952;6606;0;136930
1000;50;3;CountingSort;3001;0;0;9120
1000;50;3;QuickSort;39314;16304;7011;45880
1000;50;3;InsertionSort;191787;63929;0;134300
1000;50;3;BubbleSort;976668;362474;62930;428541
1000;50;3;MergeSort;19952;6624;0;162101
1000;50;3;CountingSort;3001;0;0;9010
1000;50;3;QuickSort;40241;16823;7142;55550
1000;50;3;InsertionSort;188550;62850;0;417031
1000;50;3;BubbleSort;990874;371735;61851;633342
1000;50;3;MergeSort;19952;6625;0;103671
1000;50;3;CountingSort;3001;0;0;8840
1000;50;3;QuickSort;41496;17457;7341;55420
1000;50;3;InsertionSort;191076;63692;0;48580
1000;50;3;BubbleSort;956550;352889;62693;340531
1000;50;3;MergeSort;19952;6634;0;102310
1000;50;3;CountingSort;3001;0;0;7580
1000;50;3;QuickSort;36510;15450;6361;36590
1000;50;3;InsertionSort;191949;63983;0;54940
1000;50;3;BubbleSort;956630;352347;62984;377451
1000;50;3;MergeSort;19952;6618;0;144591
1000;50;3;CountingSort;3001;0;0;9510
1000;50;3;QuickSort;39957;16725;7084;68050
1000;50;3;InsertionSort;200160;66720;0;99520
1000;50;3;BubbleSort;976194;356655;65721;308340
1000;50;3;MergeSort;19952;6628;0;110741
1000;50;3;CountingSort;3001;0;0;9280
1000;50;3;QuickSort;34658;15707;5660;56780
1000;50;3;InsertionSort;195978;65326;0;57120
1000;50;3;BubbleSort;974878;358785;64327;295581
1000;50;3;MergeSort;19952;6633;0;104951
1000;50;3;CountingSort;3001;0;0;9000
1000;50;3;QuickSort;41408;17891;7187;78250
1000;50;3;InsertionSort;187329;62443;0;329841
1000;50;3;BubbleSort;988234;371229;61444;631942
1000;50;3;MergeSort;19952;6634;0;101550
1000;50;3;CountingSort;3001;0;0;8980
1000;50;3;QuickSort;37194;16242;6329;56201
1000;50;3;InsertionSort;194403;64801;0;50851
1000;50;3;BubbleSort;960986;352889;63802;517971
1000;50;3;MergeSort;19952;6603;0;99030
1000;50;3;CountingSort;3001;0;0;9060
1000;50;3;QuickSort;35583;15168;6141;44250
1000;50;3;InsertionSort;182913;60971;0;38690
1000;50;3;BubbleSort;951056;355584;59972;425271
1000;50;3;MergeSort;19952;6631;0;104680
1000;50;3;CountingSort;3001;0;0;9590
1000;50;3;QuickSort;43227;18114;7698;74310
1000;50;3;InsertionSort;187074;62358;0;87121
1000;50;3;BubbleSort;958746;356655;61359;319581
1000;50;3;MergeSort;19952;6632;0;94930
1000;50;3;CountingSort;3001;0;0;10190
1000;50;3;QuickSort;37236;15828;6477;68060
1000;50;3;InsertionSort;192105;64035;0;50640
1000;50;3;BubbleSort;988488;368172;63036;284971
1000;50;3;MergeSort;19952;6620;0;94780
1000;50;3;CountingSort;3001;0;0;9290
1000;50;3;QuickSort;40699;17158;7191;53510
1000;50;3;InsertionSort;198204;66068;0;151911
1000;50;3;BubbleSort;967136;353430;65069;470492
1000;50;3;MergeSort;19952;6622;0;115931
1000;50;3;CountingSort;3001;0;0;8950
1000;50;3;QuickSort;43096;17725;7792;38081
1000;50;3;InsertionSort;191409;63803;0;30520
1000;50;3;BubbleSort;969846;359315;62804;340241
1000;50;3;MergeSort;19952;6625;0;75460
1000;50;3;CountingSort;3001;0;0;9721
1000;50;3;QuickSort;35440;14725;6252;44930
1000;50;3;InsertionSort;186336;62112;0;72240
1000;50;3;BubbleSort;960960;358254;61113;465831
1000;50;3;MergeSort;19952;6635;0;153510
1000;50;3;CountingSort;3001;0;0;11670
1000;50;3;QuickSort;35156;14873;6090;68440
1000;50;3;InsertionSort;192678;64226;0;316841
1000;50;3;BubbleSort;990276;368684;63227;597242
1000;50;3;MergeSort;19952;6650;0;127970
1000;50;3;CountingSort;3001;0;0;14910
1000;50;3;QuickSort;35315;15545;5938;64430
1000;50;3;InsertionSort;176994;58998;0;59740
1000;50;3;BubbleSort;963190;365597;57999;379461
1000;50;3;MergeSort;19952;6637;0;86810
1000;50;3;CountingSort;3001;0;0;9000
1000;50;3;QuickSort;42847;18028;7600;60320
1000;50;3;InsertionSort;187803;62601;0;64250
1000;50;3;BubbleSort;969258;361425;61602;472791
1000;50;3;MergeSort;19952;6637;0;114740
1000;50;3;CountingSort;3001;0;0;9060
1000;50;3;QuickSort;38627;16202;6802;68591
1000;50;3;InsertionSort;184248;61416;0;47731
1000;50;3;BubbleSort;986148;372240;60417;372921
1000;50;3;MergeSort;19952;6599;0;101570
1000;50;3;CountingSort;3001;0;0;9050
1000;50;3;QuickSort;34875;14829;6021;59921
1000;50;3;InsertionSort;193500;64500;0;66881
1000;50;3;BubbleSort;983124;364560;63501;534451
1000;50;3;MergeSort;19952;6626;0;150870
1000;50;3;CountingSort;3001;0;0;9640
1000;50;3;QuickSort;38007;16023;6654;69420
1000;50;3;InsertionSort;185973;61991;0;60480
1000;50;3;BubbleSort;954062;355047;60992;391151
1000;50;3;MergeSort;19952;6639;0;165450
1000;50;3;CountingSort;3001;0;0;13060
1000;50;3;QuickSort;41335;17869;7157;38980
1000;50;3;InsertionSort;195858;65286;0;48971
1000;50;3;BubbleSort;990408;366630;64287;460852
1000;50;3;MergeSort;19952;6629;0;78140
1000;50;3;CountingSort;3001;0;0;9080
1000;50;3;QuickSort;39101;16529;6860;37360
1000;50;3;InsertionSort;193983;64661;0;66420
1000;50;3;BubbleSort;960426;352889;63662;346431
1000;50;3;MergeSort;19952;6630;0;115120
1000;50;3;CountingSort;3001;0;0;7380
1000;50;3;QuickSort;34425;14601;5946;49191
1000;50;3;InsertionSort;191448;63816;0;329491
1000;50;3;BubbleSort;979348;364040;62817;565841
1000;50;3;MergeSort;19952;6642;0;102180
1000;50;3;CountingSort;3001;0;0;12600
1000;50;3;QuickSort;36456;15366;6362;64960
1000;50;3;InsertionSort;194826;64942;0;60120
1000;50;3;BubbleSort;984892;364560;63943;278871
1000;50;3;MergeSort;19952;6611;0;88651
1000;50;3;CountingSort;3001;0;0;11190
1000;50;3;QuickSort;40227;16968;7091;45690
1000;50;3;InsertionSort;183162;61054;0;66320
1000;50;3;BubbleSort;962018;360899;60055;357841
1000;50;3;MergeSort;19952;6629;0;90570
1000;50;3;CountingSort;3001;0;0;9140
1000;50;3;QuickSort;44453;18092;8119;57340
1000;50;3;InsertionSort;194916;64972;0;74150
1000;50;3;BubbleSort;993260;368684;63973;440151
1000;50;3;MergeSort;19952;6640;0;140401
1000;50;3;CountingSort;3001;0;0;7990
1000;50;3;QuickSort;37093;15904;6399;60570
1000;50;3;InsertionSort;185022;61674;0;47970
1000;50;3;BubbleSort;976990;367145;60675;366511
1000;50;3;MergeSort;19952;6634;0;121901
1000;50;3;CountingSort;3001;0;0;15200
1000;50;3;QuickSort;37234;15883;6441;38290
1000;50;3;InsertionSort;189864;63288;0;368201
1000;50;3;BubbleSort;995650;373247;62289;669681
1000;50;3;MergeSort;19952;6633;0;91930
1000;50;3;CountingSort;3001;0;0;8980
1000;50;3;QuickSort;35821;15454;6128;46870
1000;50;3;InsertionSort;192441;64147;0;32460
1000;50;3;BubbleSort;982750;365079;63148;319261
1000;50;3;MergeSort;19952;6622;0;92171
1000;50;3;CountingSort;3001;0;0;9640
1000;50;3;QuickSort;39265;16627;6873;55491
1000;50;3;InsertionSort;180945;60315;0;68531
1000;50;3;BubbleSort;949504;356120;59316;432921
1000;50;3;MergeSort;19952;6644;0;118840
1000;50;3;CountingSort;3001;0;0;9450
1000;50;3;QuickSort;43469;17660;7950;47170
1000;50;3;InsertionSort;186957;62319;0;256691
1000;50;3;BubbleSort;987738;371229;61320;636882
1000;50;3;MergeSort;19952;6618;0;112910
1000;50;3;CountingSort;3001;0;0;9790
1000;50;3;QuickSort;42213;18009;7399;64230
1000;50;3;InsertionSort;187965;62655;0;49750
1000;50;3;BubbleSort;962068;357722;61656;289971
1000;50;3;MergeSort;19952;6627;0;72960
1000;50;3;CountingSort;3001;0;0;14490
1000;50;3;QuickSort;36119;15929;6064;39951
1000;50;3;InsertionSort;187425;62475;0;129980
1000;50;3;BubbleSort;980194;367145;61476;379911
1000;50;3;MergeSort;19952;6633;0;117930
1000;50;3;CountingSort;3001;0;0;7870
1000;50;3;QuickSort;38221;15802;6795;47280
1000;50;3;InsertionSort;189162;63054;0;55200
1000;50;3;BubbleSort;995718;373749;62055;405681
1000;50;3;MergeSort;19952;6641;0;113571
1000;50;3;CountingSort;3001;0;0;9230
1000;50;3;QuickSort;33699;14796;5627;39821
1000;50;3;InsertionSort;192411;64137;0;33480
1000;50;3;BubbleSort;966930;357189;63138;359181
1000;50;3;MergeSort;19952;6626;0;81370
1000;50;3;CountingSort;3001;0;0;9210
1000;50;3;QuickSort;38184;15852;6783;51001
1000;50;3;InsertionSort;197208;65736;0;31531
1000;50;3;BubbleSort;1006446;373749;64737;437211
1000;50;3;MergeSort;19952;6630;0;138530
1000;50;3;CountingSort;3001;0;0;9650
1000;50;3;QuickSort;38906;16733;6718;61660
1000;50;3;InsertionSort;186927;62309;0;339241
1000;50;3;BubbleSort;974360;364560;61310;642652
1000;50;3;MergeSort;19952;6649;0;98520
1000;50;3;CountingSort;3001;0;0;9620
1000;50;3;QuickSort;44046;18984;7682;59611
1000;50;3;InsertionSort;188574;62858;0;52970
1000;50;3;BubbleSort;992924;372744;61859;363531
1000;50;3;MergeSort;19952;6629;0;97370
1000;50;3;CountingSort;3001;0;0;9080
1000;50;3;QuickSort;36281;16865;5812;64570
1000;50;3;InsertionSort;184167;61389;0;398671
1000;50;3;BubbleSort;947338;352889;60390;681022
1000;50;3;MergeSort;19952;6638;0;118620
1000;50;3;CountingSort;3001;0;0;9270
1000;50;3;QuickSort;37266;16182;6364;46710
1000;50;3;InsertionSort;180885;60295;0;62861
1000;50;3;BubbleSort;935332;349074;59296;366720
1000;50;3;MergeSort;19952;6627;0;76700
1000;50;3;CountingSort;3001;0;0;9110
1000;50;3;QuickSort;35661;15153;6168;36250
1000;50;3;InsertionSort;189576;63192;0;37110
1000;50;3;BubbleSort;975810;363519;62193;426731
1000;50;3;MergeSort;19952;6635;0;142030
1000;50;3;CountingSort;3001;0;0;9260
1000;50;3;QuickSort;39360;16536;6944;60510
1000;50;3;InsertionSort;193275;64425;0;322441
1000;50;3;BubbleSort;958398;352347;63426;608122
1000;50;3;MergeSort;19952;6615;0;92671
1000;50;3;CountingSort;3001;0;0;9150
1000;50;3;QuickSort;39112;16045;7017;51540
1000;50;3;InsertionSort;174273;58091;0;42030
1000;50;3;BubbleSort;963686;367659;57092;443121
1000;50;3;MergeSort;19952;6630;0;109731
1000;50;3;CountingSort;3001;0;0;9580
1000;50;3;QuickSort;36226;15673;6188;62230
1000;50;3;InsertionSort;188367;62789;0;402001
1000;50;3;BubbleSort;976280;364560;61790;628082
1000;50;3;MergeSort;19952;6614;0;90840
1000;50;3;CountingSort;3001;0;0;9100
1000;50;3;QuickSort;37528;15790;6575;45380
1000;50;3;InsertionSort;190386;63462;0;41840
1000;50;3;BubbleSort;938046;344097;62463;405601
1000;50;3;MergeSort;19952;6627;0;126880
1000;50;3;CountingSort;3001;0;0;14660
1000;50;3;QuickSort;42116;17660;7494;58061
1000;50;3;InsertionSort;188424;62808;0;49130
1000;50;3;BubbleSort;969034;360899;61809;348280
1000;50;3;MergeSort;19952;6638;0;86020
1000;50;4;CountingSort;3001;0;0;205950
1000;50;4;QuickSort;37548;15870;6561;1420244
1000;50;4;InsertionSort;194724;64908;0;5113874
1000;50;4;BubbleSort;961414;352889;63909;6684308
1000;50;4;MergeSort;19952;6625;0;1044533
1000;50;4;CountingSort;3001;0;0;119850
1000;50;4;QuickSort;38227;15997;6750;178800
1000;50;4;InsertionSort;190443;63481;0;812892
1000;50;4;BubbleSort;982156;366114;62482;728002
1000;50;4;MergeSort;19952;6629;0;324021
1000;50;4;CountingSort;3001;0;0;86900
1000;50;4;QuickSort;45929;18800;8381;186850
1000;50;4;InsertionSort;182502;60834;0;1981335
1000;50;4;BubbleSort;959028;359844;59835;4411042
1000;50;4;MergeSort;19952;6604;0;317931
1000;50;4;CountingSort;3001;0;0;94910
1000;50;4;QuickSort;34368;14943;5815;152180
1000;50;4;InsertionSort;189852;63284;0;241601
1000;50;4;BubbleSort;988550;369705;62285;281561
1000;50;4;MergeSort;19952;6630;0;260691
1000;50;4;CountingSort;3001;0;0;136901
1000;50;4;QuickSort;40423;16852;7181;178351
1000;50;4;InsertionSort;184296;61432;0;274371
1000;50;4;BubbleSort;971890;365079;60433;379391
1000;50;4;MergeSort;19952;6628;0;254030
1000;50;4;CountingSort;3001;0;0;145010
1000;50;4;QuickSort;37438;15553;6634;149431
1000;50;4;InsertionSort;189744;63248;0;221711
1000;50;4;BubbleSort;956936;353970;62249;567112
1000;50;4;MergeSort;19952;6623;0;284740
1000;50;4;CountingSort;3001;0;0;95981
1000;50;4;QuickSort;35268;15078;6066;633532
1000;50;4;InsertionSort;194556;64852;0;296240
1000;50;4;BubbleSort;960106;352347;63853;662692
1000;50;4;MergeSort;19952;6631;0;368791
1000;50;4;CountingSort;3001;0;0;96970
1000;50;4;QuickSort;35793;14898;6302;665212
1000;50;4;InsertionSort;191142;63714;0;206511
1000;50;4;BubbleSort;957720;353430;62715;557882
1000;50;4;MergeSort;19952;6626;0;348601
1000;50;4;CountingSort;3001;0;0;94210
1000;50;4;QuickSort;40735;17359;7124;711792
1000;50;4;InsertionSort;194457;64819;0;441581
1000;50;4;BubbleSort;955618;350169;63820;747462
1000;50;4;MergeSort;19952;6641;0;432751
1000;50;4;CountingSort;3001;0;0;116010
1000;50;4;QuickSort;37583;15680;6631;904793
1000;50;4;InsertionSort;194112;64704;0;120701
1000;50;4;BubbleSort;965988;355584;63705;695242
1000;50;4;MergeSort;19952;6642;0;377111
1000;50;4;CountingSort;3001;0;0;161121
1000;50;4;QuickSort;35987;15539;6151;668612
1000;50;4;InsertionSort;202557;67519;0;203311
1000;50;4;BubbleSort;1010560;372240;66520;672672
1000;50;4;MergeSort;19952;6627;0;408571
1000;50;4;CountingSort;3001;0;0;133310
1000;50;4;QuickSort;36335;15437;6301;606692
1000;50;4;InsertionSort;191712;63904;0;189291
1000;50;4;BubbleSort;974470;361425;62905;744592
1000;50;4;MergeSort;19952;6617;0;472052
1000;50;4;CountingSort;3001;0;0;108710
1000;50;4;QuickSort;40290;17076;7074;878462
1000;50;4;InsertionSort;184782;61594;0;51020
1000;50;4;BubbleSort;952474;355047;60595;490281
1000;50;4;MergeSort;19952;6631;0;342341
1000;50;4;CountingSort;3001;0;0;113020
1000;50;4;QuickSort;39990;16707;7088;588151
1000;50;4;InsertionSort;184023;61341;0;50090
1000;50;4;BubbleSort;966316;362474;60342;734262
1000;50;4;MergeSort;19952;6612;0;378601
1000;50;4;CountingSort;3001;0;0;102200
1000;50;4;QuickSort;35853;15372;6157;358591
1000;50;4;InsertionSort;195123;65041;0;143171
1000;50;4;BubbleSort;948806;346319;64042;428981
1000;50;4;MergeSort;19952;6637;0;148951
1000;50;4;CountingSort;3001;0;0;120850
1000;50;4;QuickSort;40320;17673;6887;64500
1000;50;4;InsertionSort;183096;61032;0;157900
1000;50;4;BubbleSort;973392;366630;60033;405221
1000;50;4;MergeSort;19952;6633;0;123591
1000;50;4;CountingSort;3001;0;0;54880
1000;50;4;QuickSort;42710;17618;7697;61230
1000;50;4;InsertionSort;193332;64444;0;53521
1000;50;4;BubbleSort;953024;349622;63445;456022
1000;50;4;MergeSort;19952;6644;0;113720
1000;50;4;CountingSort;3001;0;0;65030
1000;50;4;QuickSort;39828;16632;7074;70280
1000;50;4;InsertionSort;191190;63730;0;62650
1000;50;4;BubbleSort;967432;358254;62731;475061
1000;50;4;MergeSort;19952;6620;0;117280
1000;50;4;CountingSort;3001;0;0;42060
1000;50;4;QuickSort;38056;15898;6718;59000
1000;50;4;InsertionSort;192384;64128;0;34570
1000;50;4;BubbleSort;977464;362474;63129;461681
1000;50;4;MergeSort;19952;6646;0;147281
1000;50;4;CountingSort;3001;0;0;19240
1000;50;4;QuickSort;35813;15605;6072;53131
1000;50;4;InsertionSort;188181;62727;0;34270
1000;50;4;BubbleSort;962356;357722;61728;422771
1000;50;4;MergeSort;19952;6632;0;115670
1000;50;4;CountingSort;3001;0;0;23670
1000;50;4;QuickSort;36666;16449;6077;54520
1000;50;4;InsertionSort;190983;63661;0;59120
1000;50;4;BubbleSort;995128;372240;62662;278280
1000;50;4;MergeSort;19952;6637;0;121011
1000;50;4;CountingSort;3001;0;0;18100
1000;50;4;QuickSort;37211;16391;6277;52200
1000;50;4;InsertionSort;188391;62797;0;39261
1000;50;4;BubbleSort;990662;371735;61798;288991
1000;50;4;MergeSort;19952;6625;0;106800
1000;50;4;CountingSort;3001;0;0;1271984
1000;50;4;QuickSort;39482;16343;7042;35270
1000;50;4;InsertionSort;185250;61750;0;85210
1000;50;4;BubbleSort;970042;363519;60751;308471
1000;50;4;MergeSort;19952;6640;0;1342344
1000;50;4;CountingSort;3001;0;0;17520
1000;50;4;QuickSort;37311;15492;6613;44750
1000;50;4;InsertionSort;186603;62201;0;53140
1000;50;4;BubbleSort;960252;357722;61202;499292
1000;50;4;MergeSort;19952;6635;0;130000
1000;50;4;CountingSort;3001;0;0;16220
1000;50;4;QuickSort;36297;15078;6403;85590
1000;50;4;InsertionSort;188736;62912;0;75340
1000;50;4;BubbleSort;991122;371735;61913;467091
1000;50;4;MergeSort;19952;6611;0;71630
1000;50;4;CountingSort;3001;0;0;35900
1000;50;4;QuickSort;40544;17207;7115;69630
1000;50;4;InsertionSort;190332;63444;0;68420
1000;50;4;BubbleSort;978900;364560;62445;323501
1000;50;4;MergeSort;19952;6631;0;115730
1000;50;4;CountingSort;3001;0;0;16230
1000;50;4;QuickSort;38142;16077;6696;47930
1000;50;4;InsertionSort;183843;61281;0;47211
1000;50;4;BubbleSort;983586;371229;60282;478951
1000;50;4;MergeSort;19952;6613;0;143110
1000;50;4;CountingSort;3001;0;0;34480
1000;50;4;QuickSort;37064;15578;6498;94061
1000;50;4;InsertionSort;209967;69989;0;40700
1000;50;4;BubbleSort;1017404;370722;68990;451381
1000;50;4;MergeSort;19952;6628;0;113990
1000;50;4;CountingSort;3001;0;0;16320
1000;50;4;QuickSort;40046;16619;7142;43180
1000;50;4;InsertionSort;188403;62801;0;43640
1000;50;4;BubbleSort;956226;354509;61802;270271
1000;50;4;MergeSort;19952;6622;0;81550
1000;50;4;CountingSort;3001;0;0;17801
1000;50;4;QuickSort;39345;16170;7073;37450
1000;50;4;InsertionSort;192048;64016;0;41080
1000;50;4;BubbleSort;960008;353970;63017;485901
1000;50;4;MergeSort;19952;6636;0;116010
1000;50;4;CountingSort;3001;0;0;16310
1000;50;4;QuickSort;37684;15898;6604;38700
1000;50;4;InsertionSort;182700;60900;0;100080
1000;50;4;BubbleSort;980032;370214;59901;440951
1000;50;4;MergeSort;19952;6620;0;110501
1000;50;4;CountingSort;3001;0;0;27180
1000;50;4;QuickSort;44287;19543;7576;69940
1000;50;4;InsertionSort;194511;64837;0;295481
1000;50;4;BubbleSort;976096;360372;63838;509062
1000;50;4;MergeSort;19952;6648;0;110161
1000;50;4;CountingSort;3001;0;0;21520
1000;50;4;QuickSort;37538;15944;6533;58760
1000;50;4;InsertionSort;195006;65002;0;49910
1000;50;4;BubbleSort;989272;366630;64003;311631
1000;50;4;MergeSort;19952;6636;0;50820
1000;50;4;CountingSort;3001;0;0;30140
1000;50;4;QuickSort;42313;17539;7596;52060
1000;50;4;InsertionSort;191268;63756;0;206050
1000;50;4;BubbleSort;975976;362474;62757;672292
1000;50;4;MergeSort;19952;6641;0;97960
1000;50;4;CountingSort;3001;0;0;31011
1000;50;4;QuickSort;45931;18850;8363;56550
1000;50;4;InsertionSort;183900;61300;0;41030
1000;50;4;BubbleSort;966152;362474;60301;299240
1000;50;4;MergeSort;19952;6615;0;81580
1000;50;4;CountingSort;3001;0;0;67250
1000;50;4;QuickSort;44956;18676;8102;57080
1000;50;4;InsertionSort;191253;63751;0;78041
1000;50;4;BubbleSort;967516;358254;62752;292681
1000;50;4;MergeSort;19952;6634;0;77230
1000;50;4;CountingSort;3001;0;0;21780
1000;50;4;QuickSort;34749;15150;5849;39220
1000;50;4;InsertionSort;194223;64741;0;49360
1000;50;4;BubbleSort;983048;364040;63742;353812
1000;50;4;MergeSort;19952;6623;0;117260
1000;50;4;CountingSort;3001;0;0;22050
1000;50;4;QuickSort;44898;18381;8169;40520
1000;50;4;InsertionSort;185391;61797;0;32430
1000;50;4;BubbleSort;971272;364040;60798;495301
1000;50;4;MergeSort;19952;6620;0;121580
1000;50;4;CountingSort;3001;0;0;20320
1000;50;4;QuickSort;43994;18056;7971;48760
1000;50;4;InsertionSort;181041;60347;0;29190
1000;50;4;BubbleSort;936636;349622;59348;386691
1000;50;4;MergeSort;19952;6634;0;122271
1000;50;4;CountingSort;3001;0;0;20510
1000;50;4;QuickSort;39757;17461;6768;50181
1000;50;4;InsertionSort;190659;63553;0;51340
1000;50;4;BubbleSort;970960;360372;62554;452361
1000;50;4;MergeSort;19952;6638;0;99430
1000;50;4;CountingSort;3001;0;0;20940
1000;50;4;QuickSort;34164;14724;5817;48120
1000;50;4;InsertionSort;192405;64135;0;52440
1000;50;4;BubbleSort;976444;361950;63136;453082
1000;50;4;MergeSort;19952;6632;0;102610
1000;50;4;CountingSort;3001;0;0;21610
1000;50;4;QuickSort;38829;16086;6920;63140
1000;50;4;InsertionSort;197289;65763;0;69800
1000;50;4;BubbleSort;985050;362997;64764;393421
1000;50;4;MergeSort;19952;6624;0;178800
1000;50;4;CountingSort;3001;0;0;19320
1000;50;4;QuickSort;38280;16047;6751;46260
1000;50;4;InsertionSort;189303;63101;0;42790
1000;50;4;BubbleSort;990866;371229;62102;438711
1000;50;4;MergeSort;19952;6596;0;110451
1000;50;4;CountingSort;3001;0;0;10340
1000;50;4;QuickSort;37036;15361;6563;76420
1000;50;4;InsertionSort;195660;65220;0;58460
1000;50;4;BubbleSort;998328;370722;64221;309251
1000;50;4;MergeSort;19952;6637;0;107850
1000;50;4;CountingSort;3001;0;0;9310
1000;50;4;QuickSort;40884;17139;7249;53630
1000;50;4;InsertionSort;183567;61189;0;400931
1000;50;4;BubbleSort;961504;360372;60190;621992
1000;50;4;MergeSort;19952;6642;0;118640
1000;50;4;CountingSort;3001;0;0;7620
1000;50;4;QuickSort;40635;17106;7162;40290
1000;50;4;InsertionSort;193872;64624;0;39750
1000;50;4;BubbleSort;979448;362474;63625;300181
1000;50;4;MergeSort;19952;6578;0;96470
1000;50;4;CountingSort;3001;0;0;22660
1000;50;4;QuickSort;36606;15474;6376;45170
1000;50;4;InsertionSort;177816;59272;0;57060
1000;50;4;BubbleSort;917932;342420;58273;347931
1000;50;4;MergeSort;19952;6628;0;119291
1000;50;4;CountingSort;3001;0;0;7590
1000;50;4;QuickSort;36617;15149;6486;37900
1000;50;4;InsertionSort;181137;60379;0;173041
1000;50;4;BubbleSort;941128;351804;59380;471452
1000;50;4;MergeSort;19952;6632;0;117410
1000;50;4;CountingSort;3001;0;0;9431
1000;50;4;QuickSort;38350;15865;6820;61110
1000;50;4;InsertionSort;193080;64360;0;62910
1000;50;4;BubbleSort;981524;364040;63361;272771
1000;50;4;MergeSort;19952;6637;0;89280
1000;50;4;CountingSort;3001;0;0;10870
1000;50;4;QuickSort;42651;17472;7719;62330
1000;50;4;InsertionSort;192672;64224;0;54650
1000;50;4;BubbleSort;988218;367659;63225;304961
1000;50;4;MergeSort;19952;6608;0;97200
1000;50;4;CountingSort;3001;0;0;9351
1000;50;4;QuickSort;37492;16180;6444;50000
1000;50;4;InsertionSort;192339;64113;0;68210
1000;50;4;BubbleSort;998950;373247;63114;308381
1000;50;4;MergeSort;19952;6622;0;87220
1000;50;4;CountingSort;3001;0;0;9590
1000;50;4;QuickSort;39449;17633;6600;40110
1000;50;4;InsertionSort;193437;64479;0;61510
1000;50;4;BubbleSort;989238;367659;63480;398821
1000;50;4;MergeSort;19952;6638;0;80160
1000;50;4;CountingSort;3001;0;0;7370
1000;50;4;QuickSort;37885;16072;6607;73611
1000;50;4;InsertionSort;198132;66044;0;64361
1000;50;4;BubbleSort;955028;347424;65045;366251
1000;50;4;MergeSort;19952;6615;0;98070
1000;50;4;CountingSort;3001;0;0;9620
1000;50;4;QuickSort;34173;14958;5733;48061
1000;50;4;InsertionSort;199464;66488;0;78460
1000;50;4;BubbleSort;979526;358785;65489;606581
1000;50;4;MergeSort;19952;6641;0;120110
1000;50;4;CountingSort;3001;0;0;7330
1000;50;4;QuickSort;44786;19097;7901;49490
1000;50;4;InsertionSort;194634;64878;0;63950
1000;50;4;BubbleSort;945936;345210;63879;264251
1000;50;4;MergeSort;19952;6610;0;83440
1000;50;4;CountingSort;3001;0;0;18900
1000;50;4;QuickSort;40703;16946;7253;58521
1000;50;4;InsertionSort;188247;62749;0;55440
1000;50;4;BubbleSort;932960;342980;61750;401561
1000;50;4;MergeSort;19952;6625;0;134570
1000;50;4;CountingSort;3001;0;0;17720
1000;50;4;QuickSort;38414;15848;6848;38211
1000;50;4;InsertionSort;191478;63826;0;82550
1000;50;4;BubbleSort;965686;357189;62827;393781
1000;50;4;MergeSort;19952;6609;0;126610
1000;50;4;CountingSort;3001;0;0;7340
1000;50;4;QuickSort;36060;15237;6276;51651
1000;50;4;InsertionSort;197532;65844;0;393211
1000;50;4;BubbleSort;990574;365597;64845;619051
1000;50;4;MergeSort;19952;6638;0;95020
1000;50;4;CountingSort;3001;0;0;7330
1000;50;4;QuickSort;37419;16104;6442;37440
1000;50;4;InsertionSort;197445;65815;0;38200
1000;50;4;BubbleSort;995608;368172;64816;347871
1000;50;4;MergeSort;19952;6640;0;87200
1000;50;4;CountingSort;3001;0;0;9090
1000;50;4;QuickSort;39205;16567;6872;47150
1000;50;4;InsertionSort;189471;63157;0;42400
1000;50;4;BubbleSort;963010;357189;62158;503301
1000;50;4;MergeSort;19952;6634;0;168440
1000;50;4;CountingSort;3001;0;0;9100
1000;50;4;QuickSort;35112;15045;6020;56320
1000;50;4;InsertionSort;189807;63269;0;46410
1000;50;4;BubbleSort;971930;361425;62270;288761
1000;50;4;MergeSort;19952;6633;0;116360
1000;50;4;CountingSort;3001;0;0;9150
1000;50;4;QuickSort;36809;15671;6371;42680
1000;50;4;InsertionSort;185241;61747;0;61861
1000;50;4;BubbleSort;966892;361950;60748;374021
1000;50;4;MergeSort;19952;6600;0;141360
1000;50;4;CountingSort;3001;0;0;8990
1000;50;4;QuickSort;40823;17144;7211;38430
1000;50;4;InsertionSort;194307;64769;0;52151
1000;50;4;BubbleSort;959774;352347;63770;338840
1000;50;4;MergeSort;19952;6626;0;103940
1000;50;4;CountingSort;3001;0;0;15020
1000;50;4;QuickSort;37534;16570;6313;45510
1000;50;4;InsertionSort;186912;62304;0;52100
1000;50;4;BubbleSort;977448;366114;61305;337381
1000;50;4;MergeSort;19952;6611;0;99011
1000;50;4;CountingSort;3001;0;0;7410
1000;50;4;QuickSort;37080;15777;6435;37640
1000;50;4;InsertionSort;193257;64419;0;142771
1000;50;4;BubbleSort;999168;372744;63420;417981
1000;50;4;MergeSort;19952;6594;0;116090
1000;50;4;CountingSort;3001;0;0;11420
1000;50;4;QuickSort;36763;15796;6316;52810
1000;50;4;InsertionSort;185109;61703;0;51840
1000;50;4;BubbleSort;953984;355584;60704;356191
1000;50;4;MergeSort;19952;6606;0;91860
1000;50;4;CountingSort;3001;0;0;7810
1000;50;4;QuickSort;38714;16520;6735;40100
1000;50;4;InsertionSort;201342;67114;0;44011
1000;50;4;BubbleSort;998750;367145;66115;364841
1000;50;4;MergeSort;19952;6612;0;78480
1000;50;4;CountingSort;3001;0;0;10080
1000;50;4;QuickSort;41912;18182;7253;46131
1000;50;4;InsertionSort;192975;64325;0;61171
1000;50;4;BubbleSort;995762;371229;63326;442041
1000;50;4;MergeSort;19952;6630;0;152020
1000;50;4;CountingSort;3001;0;0;7820
1000;50;4;QuickSort;41231;17144;7354;66440
1000;50;4;InsertionSort;189096;63032;0;298751
1000;50;4;BubbleSort;977252;364560;62033;592411
1000;50;4;MergeSort;19952;6626;0;112950
1000;50;4;CountingSort;3001;0;0;9320
1000;50;4;QuickSort;36841;15361;6492;61581
1000;50;4;InsertionSort;189711;63237;0;48951
1000;50;4;BubbleSort;957970;354509;62238;385081
1000;50;4;MergeSort;19952;6633;0;133290
1000;50;4;CountingSort;3001;0;0;21600
1000;50;4;QuickSort;42579;17769;7595;69211
1000;50;4;InsertionSort;185679;61893;0;78081
1000;50;4;BubbleSort;971656;364040;60894;312020
1000;50;4;MergeSort;19952;6616;0;118170
1000;50;4;CountingSort;3001;0;0;9140
1000;50;4;QuickSort;45373;18853;8167;49670
1000;50;4;InsertionSort;188166;62722;0;47900
1000;50;4;BubbleSort;963400;358254;61723;363231
1000;50;4;MergeSort;19952;6625;0;121791
1000;50;4;CountingSort;3001;0;0;7790
1000;50;4;QuickSort;42217;17140;7692;47591
1000;50;4;InsertionSort;191121;63707;0;37941
1000;50;4;BubbleSort;988200;368684;62708;475611
1000;50;4;MergeSort;19952;6626;0;158890
1000;50;4;CountingSort;3001;0;0;9240
1000;50;4;QuickSort;35174;15263;5970;56720
1000;50;4;InsertionSort;193719;64573;0;52720
1000;50;4;BubbleSort;975040;360372;63574;261470
1000;50;4;MergeSort;19952;6627;0;101230
1000;50;4;CountingSort;3001;0;0;7410
1000;50;4;QuickSort;34668;14853;5934;50650
1000;50;4;InsertionSort;193227;64409;0;60570
1000;50;4;BubbleSort;975438;360899;63410;298581
1000;50;4;MergeSort;19952;6618;0;74650
1000;50;4;CountingSort;3001;0;0;9390
1000;50;4;QuickSort;38443;15715;6910;38640
1000;50;4;InsertionSort;194736;64912;0;44080
1000;50;4;BubbleSort;977450;360899;63913;421701
1000;50;4;MergeSort;19952;6615;0;122970
1000;50;4;CountingSort;3001;0;0;9200
1000;50;4;QuickSort;43312;17545;7933;79991
1000;50;4;InsertionSort;188403;62801;0;52830
1000;50;4;BubbleSort;975288;364040;61802;315181
1000;50;4;MergeSort;19952;6616;0;75550
1000;50;4;CountingSort;3001;0;0;18930
1000;50;4;QuickSort;38832;16146;6912;56310
1000;50;4;InsertionSort;200172;66724;0;70380
1000;50;4;BubbleSort;997190;367145;65725;370871
1000;50;4;MergeSort;19952;6616;0;148300
1000;50;4;CountingSort;3001;0;0;7580
1000;50;4;QuickSort;36523;15088;6478;71011
1000;50;4;InsertionSort;186756;62252;0;276220
1000;50;4;BubbleSort;952952;353970;61253;491401
1000;50;4;MergeSort;19952;6624;0;107560
1000;50;4;CountingSort;3001;0;0;9470
1000;50;4;QuickSort;42893;17534;7782;47740
1000;50;4;InsertionSort;194874;64958;0;37300
1000;50;4;BubbleSort;970214;357189;63959;327431
1000;50;4;MergeSort;19952;6613;0;105501
1000;50;4;CountingSort;3001;0;0;9440
1000;50;4;QuickSort;40112;17072;7005;43520
1000;50;4;InsertionSort;193512;64504;0;39760
1000;50;4;BubbleSort;974764;360372;63505;353621
1000;50;4;MergeSort;19952;6635;0;117921
1000;50;4;CountingSort;3001;0;0;9510
1000;50;4;QuickSort;40574;16787;7260;41700
1000;50;4;InsertionSort;186246;62082;0;43060
1000;50;4;BubbleSort;954426;355047;61083;447331
1000;50;4;MergeSort;19952;6602;0;77380
1000;50;4;CountingSort;3001;0;0;7550
1000;50;4;QuickSort;38105;16472;6548;57810
1000;50;4;InsertionSort;199986;66662;0;105250
1000;50;4;BubbleSort;1001042;369195;65663;544722
1000;50;4;MergeSort;19952;6644;0;106611
1000;50;4;CountingSort;3001;0;0;12370
1000;50;4;QuickSort;36855;16047;6275;53650
1000;50;4;InsertionSort;196197;65399;0;38970
1000;50;4;BubbleSort;974108;358254;64400;459351
1000;50;4;MergeSort;19952;6638;0;183520
1000;50;4;CountingSort;3001;0;0;8840
1000;50;4;QuickSort;38729;16958;6586;69680
1000;50;4;InsertionSort;190080;63360;0;255440
1000;50;4;BubbleSort;968074;359315;62361;522261
1000;50;4;MergeSort;19952;6635;0;95290
1000;50;4;CountingSort;3001;0;0;8830
1000;50;4;QuickSort;36486;16479;6008;52780
1000;50;4;InsertionSort;196638;65546;0;93111
1000;50;4;BubbleSort;996578;369195;64547;359822
1000;50;4;MergeSort;19952;6639;0;113910
1000;50;4;CountingSort;3001;0;0;8030
1000;50;4;QuickSort;41017;16915;7381;76501
1000;50;4;InsertionSort;192987;64329;0;72780
1000;50;4;BubbleSort;951468;349074;63330;353341
1000;50;4;MergeSort;19952;6626;0;102510
1000;50;4;CountingSort;3001;0;0;9720
1000;50;4;QuickSort;44756;19142;7879;41660
1000;50;4;InsertionSort;187407;62469;0;46410
1000;50;4;BubbleSort;973960;364040;61470;407881
1000;50;4;MergeSort;19952;6619;0;109990
1000;50;4;CountingSort;3001;0;0;7690
1000;50;4;QuickSort;36277;14917;6453;37090
1000;50;4;InsertionSort;193599;64533;0;225310
1000;50;4;BubbleSort;990480;368172;63534;445381
1000;50;4;MergeSort;19952;6619;0;114250
1000;50;4;CountingSort;3001;0;0;9260
1000;50;4;QuickSort;36879;15684;6399;50370
1000;50;4;InsertionSort;196182;65394;0;39750
1000;50;4;BubbleSort;986700;364560;64395;305461
1000;50;4;MergeSort;19952;6637;0;95240
1000;50;4;CountingSort;3001;0;0;7880
1000;50;4;QuickSort;37059;15672;6466;42760
1000;50;4;InsertionSort;190779;63593;0;45580
1000;50;4;BubbleSort;959394;354509;62594;318581
1000;50;4;MergeSort;19952;6620;0;151571
1000;50;4;CountingSort;3001;0;0;9330
1000;50;4;QuickSort;35508;15645;5961;47560
1000;50;4;InsertionSort;188817;62939;0;102620
1000;50;4;BubbleSort;963204;357722;61940;487821
1000;50;4;MergeSort;19952;6633;0;146360
1000;50;4;CountingSort;3001;0;0;15280
1000;50;4;QuickSort;41670;17223;7486;86710
1000;50;4;InsertionSort;187707;62569;0;35170
1000;50;4;BubbleSort;958520;356120;61570;295601
1000;50;4;MergeSort;19952;6625;0;98831
1000;50;4;CountingSort;3001;0;0;7970
1000;50;4;QuickSort;39426;16866;6851;39130
1000;50;4;InsertionSort;183405;61135;0;43230
1000;50;4;BubbleSort;955988;357722;60136;400061
1000;50;4;MergeSort;19952;6622;0;178671
1000;50;4;CountingSort;3001;0;0;7410
1000;50;4;QuickSort;36030;15504;6175;37340
1000;50;4;InsertionSort;193410;64470;0;67730
1000;50;4;BubbleSort;961824;353970;63471;289571
1000;50;4;MergeSort;19952;6638;0;97710
1000;50;4;CountingSort;3001;0;0;7320
1000;50;4;QuickSort;42688;18181;7499;50120
1000;50;4;InsertionSort;196512;65504;0;41170
1000;50;4;BubbleSort;999464;370722;64505;410711
1000;50;4;MergeSort;19952;6629;0;101100
1000;50;4;CountingSort;3001;0;0;9530
1000;50;4;QuickSort;36054;14988;6358;45730
1000;50;4;InsertionSort;187971;62657;0;132970
1000;50;4;BubbleSort;992120;372744;61658;447531
1000;50;4;MergeSort;19952;6623;0;138160
1000;50;4;CountingSort;3001;0;0;16320
1000;50;4;QuickSort;36140;16040;6033;57350
1000;50;4;InsertionSort;185337;61779;0;43330
1000;50;4;BubbleSort;986590;371735;60780;295281
1000;50;4;MergeSort;19952;6642;0;112860
1000;50;4;CountingSort;3001;0;0;9490
1000;50;4;QuickSort;37969;16114;6611;61261
1000;50;4;InsertionSort;193812;64604;0;46540
1000;50;4;BubbleSort;969864;357722;63605;353361
1000;50;4;MergeSort;19952;6633;0;100520
1000;50;4;CountingSort;3001;0;0;9090
1000;50;4;QuickSort;40270;16600;7221;45320
1000;50;4;InsertionSort;186618;62206;0;65920
1000;50;4;BubbleSort;969776;362474;61207;368811
1000;50;4;MergeSort;19952;6619;0;100951
1000;60;1;CountingSort;3001;0;0;229280
1000;60;1;QuickSort;35955;15660;6107;1247583
1000;60;1;InsertionSort;498878;166290;0;5641365
1000;60;1;BubbleSort;1655068;496944;165295;9916087
1000;60;1;MergeSort;19952;8635;0;894293
1000;60;1;CountingSort;3001;0;0;105090
1000;60;1;QuickSort;38869;16363;6825;245751
1000;60;1;InsertionSort;487988;162660;0;1467334
1000;60;1;BubbleSort;1638854;496097;161665;2224186
1000;60;1;MergeSort;19952;8611;0;104140
1000;60;1;CountingSort;3001;0;0;143990
1000;60;1;QuickSort;42049;17602;7489;156340
1000;60;1;InsertionSort;531780;177260;0;696112
1000;60;1;BubbleSort;1703582;499269;176261;1550334
1000;60;1;MergeSort;19952;8643;0;159520
1000;60;1;CountingSort;3001;0;0;140981
1000;60;1;QuickSort;36164;15275;6293;148241
1000;60;1;InsertionSort;491928;163976;0;1297504
1000;60;1;BubbleSort;1647368;497730;162977;1729075
1000;60;1;MergeSort;19952;8641;0;150330
1000;60;1;CountingSort;3001;0;0;103650
1000;60;1;QuickSort;37687;15676;6668;561111
1000;60;1;InsertionSort;483429;161143;0;258741
1000;60;1;BubbleSort;1635916;497670;160144;468611
1000;60;1;MergeSort;19952;8615;0;119521
1000;60;1;CountingSort;3001;0;0;141560
1000;60;1;QuickSort;35956;14929;6358;765212
1000;60;1;InsertionSort;511249;170413;0;413221
1000;60;1;BubbleSort;1674420;498372;169419;875952
1000;60;1;MergeSort;19952;8680;0;180671
1000;60;1;CountingSort;3001;0;0;109080
1000;60;1;QuickSort;34235;14939;5755;187201
1000;60;1;InsertionSort;520300;173432;0;125821
1000;60;1;BubbleSort;1687334;498797;172435;734542
1000;60;1;MergeSort;19952;8644;0;124100
1000;60;1;CountingSort;3001;0;0;143850
1000;60;1;QuickSort;35620;15163;6161;48470
1000;60;1;InsertionSort;499150;166382;0;497371
1000;60;1;BubbleSort;1660450;499455;165385;952173
1000;60;1;MergeSort;19952;8614;0;144931
1000;60;1;CountingSort;3001;0;0;109630
1000;60;1;QuickSort;36209;15569;6203;53600
1000;60;1;InsertionSort;520663;173553;0;795892
1000;60;1;BubbleSort;1687154;498465;172556;1137053
1000;60;1;MergeSort;19952;8593;0;93871
1000;60;1;CountingSort;3001;0;0;90831
1000;60;1;QuickSort;37204;15931;6432;96991
1000;60;1;InsertionSort;514284;171428;0;146171
1000;60;1;BubbleSort;1674864;496574;170429;551191
1000;60;1;MergeSort;19952;8626;0;111510
1000;60;1;CountingSort;3001;0;0;143660
1000;60;1;QuickSort;40590;16833;7258;66990
1000;60;1;InsertionSort;517239;172411;0;695022
1000;60;1;BubbleSort;1683904;499122;171415;1064643
1000;60;1;MergeSort;19952;8645;0;128231
1000;60;1;CountingSort;3001;0;0;131940
1000;60;1;QuickSort;41441;17414;7341;41480
1000;60;1;InsertionSort;528537;176179;0;535862
1000;60;1;BubbleSort;1698238;498759;175180;954973
1000;60;1;MergeSort;19952;8605;0;165851
1000;60;1;CountingSort;3001;0;0;120950
1000;60;1;QuickSort;43470;18186;7769;85630
1000;60;1;InsertionSort;516670;172222;0;119451
1000;60;1;BubbleSort;1683880;499490;171225;485222
1000;60;1;MergeSort;19952;8623;0;123311
1000;60;1;CountingSort;3001;0;0;115320
1000;60;1;QuickSort;38460;16458;6665;119340
1000;60;1;InsertionSort;492172;164056;0;137921
1000;60;1;BubbleSort;1647454;497609;163059;666282
1000;60;1;MergeSort;19952;8586;0;110501
1000;60;1;CountingSort;3001;0;0;114080
1000;60;1;QuickSort;35538;14919;6216;69810
1000;60;1;InsertionSort;512500;170832;0;953703
1000;60;1;BubbleSort;1669598;495129;169835;1280784
1000;60;1;MergeSort;19952;8595;0;112421
1000;60;1;CountingSort;3001;0;0;127741
1000;60;1;QuickSort;37317;16221;6364;130341
1000;60;1;InsertionSort;495592;165196;0;168561
1000;60;1;BubbleSort;1654536;498870;164199;653681
1000;60;1;MergeSort;19952;8610;0;113490
1000;60;1;CountingSort;3001;0;0;67130
1000;60;1;QuickSort;45913;18985;8310;58020
1000;60;1;InsertionSort;502150;167382;0;322241
1000;60;1;BubbleSort;1659848;497154;166385;894232
1000;60;1;MergeSort;19952;8659;0;156490
1000;60;1;CountingSort;3001;0;0;42940
1000;60;1;QuickSort;40406;16763;7220;80380
1000;60;1;InsertionSort;491390;163792;0;171610
1000;60;1;BubbleSort;1633944;491372;162800;560182
1000;60;1;MergeSort;19952;8607;0;182201
1000;60;1;CountingSort;3001;0;0;16320
1000;60;1;QuickSort;38604;15918;6897;65030
1000;60;1;InsertionSort;513306;171102;0;983612
1000;60;1;BubbleSort;1679070;499329;170103;1412534
1000;60;1;MergeSort;19952;8637;0;99450
1000;60;1;CountingSort;3001;0;0;21471
1000;60;1;QuickSort;38069;15989;6691;70820
1000;60;1;InsertionSort;507277;169091;0;130570
1000;60;1;BubbleSort;1671320;499472;168094;698582
1000;60;1;MergeSort;19952;8598;0;164040
1000;60;1;CountingSort;3001;0;0;24110
1000;60;1;QuickSort;36554;16226;6111;81390
1000;60;1;InsertionSort;545158;181718;0;933032
1000;60;1;BubbleSort;1721542;499329;180721;1315833
1000;60;1;MergeSort;19952;8638;0;111680
1000;60;1;CountingSort;3001;0;0;21330
1000;60;1;QuickSort;39768;16446;7103;56910
1000;60;1;InsertionSort;486053;162015;0;2173546
1000;60;1;BubbleSort;1642808;499364;161020;2668947
1000;60;1;MergeSort;19952;8626;0;2112226
1000;60;1;CountingSort;3001;0;0;21080
1000;60;1;QuickSort;37067;15608;6471;56160
1000;60;1;InsertionSort;512613;170871;0;523242
1000;60;1;BubbleSort;1678216;499364;169872;1037983
1000;60;1;MergeSort;19952;8626;0;156361
1000;60;1;CountingSort;3001;0;0;21230
1000;60;1;QuickSort;36034;15205;6280;65130
1000;60;1;InsertionSort;495379;165125;0;107760
1000;60;1;BubbleSort;1649962;496725;164128;632942
1000;60;1;MergeSort;19952;8602;0;79451
1000;60;1;CountingSort;3001;0;0;17270
1000;60;1;QuickSort;39986;16382;7201;56630
1000;60;1;InsertionSort;493410;164470;0;138511
1000;60;1;BubbleSort;1650992;498554;163471;736172
1000;60;1;MergeSort;19952;8629;0;143040
1000;60;1;CountingSort;3001;0;0;26400
1000;60;1;QuickSort;39730;17164;6866;84010
1000;60;1;InsertionSort;524073;174691;0;155480
1000;60;1;BubbleSort;1692712;498972;173692;559431
1000;60;1;MergeSort;19952;8664;0;128460
1000;60;1;CountingSort;3001;0;0;21760
1000;60;1;QuickSort;40775;17225;7187;68700
1000;60;1;InsertionSort;519593;173195;0;159201
1000;60;1;BubbleSort;1685730;498465;172200;637832
1000;60;1;MergeSort;19952;8616;0;160321
1000;60;1;CountingSort;3001;0;0;60961
1000;60;1;QuickSort;40845;17472;7127;56040
1000;60;1;InsertionSort;503235;167745;0;407111
1000;60;1;BubbleSort;1659342;496179;166746;903012
1000;60;1;MergeSort;19952;8615;0;166860
1000;60;1;CountingSort;3001;0;0;20750
1000;60;1;QuickSort;37955;16844;6376;55370
1000;60;1;InsertionSort;514902;171634;0;652632
1000;60;1;BubbleSort;1678888;498174;170635;1147893
1000;60;1;MergeSort;19952;8724;0;114581
1000;60;1;CountingSort;3001;0;0;32841
1000;60;1;QuickSort;38145;16119;6692;54640
1000;60;1;InsertionSort;536373;178789;0;291290
1000;60;1;BubbleSort;1706390;497609;177793;790172
1000;60;1;MergeSort;19952;8626;0;167380
1000;60;1;CountingSort;3001;0;0;20320
1000;60;1;QuickSort;37089;16089;6337;55810
1000;60;1;InsertionSort;524672;174888;0;205771
1000;60;1;BubbleSort;1692220;498324;173893;748962
1000;60;1;MergeSort;19952;8609;0;122310
1000;60;1;CountingSort;3001;0;0;10050
1000;60;1;QuickSort;36885;16047;6291;62800
1000;60;1;InsertionSort;508316;169436;0;179730
1000;60;1;BubbleSort;1669224;497730;168441;559492
1000;60;1;MergeSort;19952;8559;0;157981
1000;60;1;CountingSort;3001;0;0;9370
1000;60;1;QuickSort;35831;15197;6206;55330
1000;60;1;InsertionSort;517563;172519;0;504411
1000;60;1;BubbleSort;1683286;498597;171523;996013
1000;60;1;MergeSort;19952;8652;0;161071
1000;60;1;CountingSort;3001;0;0;9270
1000;60;1;QuickSort;37411;15478;6649;56660
1000;60;1;InsertionSort;544965;181653;0;515702
1000;60;1;BubbleSort;1720926;499149;180657;997523
1000;60;1;MergeSort;19952;8650;0;128710
1000;60;1;CountingSort;3001;0;0;8970
1000;60;1;QuickSort;39768;16680;7025;76450
1000;60;1;InsertionSort;556785;185595;0;921303
1000;60;1;BubbleSort;1733724;497670;184596;1405224
1000;60;1;MergeSort;19952;8635;0;102970
1000;60;1;CountingSort;3001;0;0;9090
1000;60;1;QuickSort;36265;15466;6258;55680
1000;60;1;InsertionSort;530613;176869;0;119150
1000;60;1;BubbleSort;1699942;498225;175873;696382
1000;60;1;MergeSort;19952;8641;0;142410
1000;60;1;CountingSort;3001;0;0;9070
1000;60;1;QuickSort;38568;16227;6778;55470
1000;60;1;InsertionSort;522562;174186;0;388601
1000;60;1;BubbleSort;1684950;496097;173189;870063
1000;60;1;MergeSort;19952;8624;0;160061
1000;60;1;CountingSort;3001;0;0;8840
1000;60;1;QuickSort;38727;16599;6711;64170
1000;60;1;InsertionSort;512001;170667;0;111841
1000;60;1;BubbleSort;1669482;495405;169668;823573
1000;60;1;MergeSort;19952;8620;0;138500
1000;60;1;CountingSort;3001;0;0;9060
1000;60;1;QuickSort;47970;19701;8761;77510
1000;60;1;InsertionSort;524559;174853;0;117761
1000;60;1;BubbleSort;1693660;499122;173854;609692
1000;60;1;MergeSort;19952;8620;0;117590
1000;60;1;CountingSort;3001;0;0;9090
1000;60;1;QuickSort;37860;15816;6686;53761
1000;60;1;InsertionSort;487497;162499;0;498892
1000;60;1;BubbleSort;1635298;494649;161500;1014882
1000;60;1;MergeSort;19952;8614;0;192990
1000;60;1;CountingSort;3001;0;0;8810
1000;60;1;QuickSort;38987;16079;6972;55340
1000;60;1;InsertionSort;511675;170557;0;479481
1000;60;1;BubbleSort;1674048;497904;169560;951293
1000;60;1;MergeSort;19952;8667;0;153061
1000;60;1;CountingSort;3001;0;0;8920
1000;60;1;QuickSort;44419;18178;8075;61170
1000;60;1;InsertionSort;533011;177669;0;109570
1000;60;1;BubbleSort;1693478;493395;176672;661462
1000;60;1;MergeSort;19952;8657;0;146450
1000;60;1;CountingSort;3001;0;0;8000
1000;60;1;QuickSort;38760;16104;6881;69881
1000;60;1;InsertionSort;524446;174814;0;621931
1000;60;1;BubbleSort;1686612;495672;173817;1029522
1000;60;1;MergeSort;19952;8637;0;154080
1000;60;1;CountingSort;3001;0;0;9410
1000;60;1;QuickSort;41076;17853;7066;73970
1000;60;1;InsertionSort;502630;167542;0;158540
1000;60;1;BubbleSort;1659018;496419;166545;674992
1000;60;1;MergeSort;19952;8625;0;139581
1000;60;1;CountingSort;3001;0;0;8740
1000;60;1;QuickSort;39681;17049;6881;84240
1000;60;1;InsertionSort;521526;173838;0;128041
1000;60;1;BubbleSort;1680480;494550;172845;545492
1000;60;1;MergeSort;19952;8651;0;118190
1000;60;1;CountingSort;3001;0;0;8730
1000;60;1;QuickSort;38144;16322;6612;56970
1000;60;1;InsertionSort;541122;180372;0;104881
1000;60;1;BubbleSort;1716448;499472;179376;730632
1000;60;1;MergeSort;19952;8632;0;153440
1000;60;1;CountingSort;3001;0;0;9190
1000;60;1;QuickSort;41979;17091;7623;84480
1000;60;1;InsertionSort;502630;167540;0;454731
1000;60;1;BubbleSort;1662428;498122;166546;972473
1000;60;1;MergeSort;19952;8619;0;145371
1000;60;1;CountingSort;3001;0;0;9170
1000;60;1;QuickSort;37198;15724;6500;56870
1000;60;1;InsertionSort;530214;176738;0;758213
1000;60;1;BubbleSort;1701684;499364;175739;1195623
1000;60;1;MergeSort;19952;8654;0;115880
1000;60;1;CountingSort;3001;0;0;9420
1000;60;1;QuickSort;40326;17265;7017;45080
1000;60;1;InsertionSort;504675;168225;0;113521
1000;60;1;BubbleSort;1665648;498372;167226;722642
1000;60;1;MergeSort;19952;8620;0;175240
1000;60;1;CountingSort;3001;0;0;9060
1000;60;1;QuickSort;36584;16034;6178;78320
1000;60;1;InsertionSort;522210;174070;0;102181
1000;60;1;BubbleSort;1689028;498372;173071;678742
1000;60;1;MergeSort;19952;8654;0;122170
1000;60;1;CountingSort;3001;0;0;10790
1000;60;1;QuickSort;36833;15233;6531;55270
1000;60;1;InsertionSort;496396;165464;0;92270
1000;60;1;BubbleSort;1655746;498939;164467;606782
1000;60;1;MergeSort;19952;8601;0;114771
1000;60;1;CountingSort;3001;0;0;13260
1000;60;1;QuickSort;38591;15803;6920;54690
1000;60;1;InsertionSort;523351;174449;0;113911
1000;60;1;BubbleSort;1684798;495495;173452;721641
1000;60;1;MergeSort;19952;8642;0;146480
1000;60;1;CountingSort;3001;0;0;20810
1000;60;1;QuickSort;38624;16901;6570;71050
1000;60;1;InsertionSort;498504;166168;0;110670
1000;60;1;BubbleSort;1653976;496650;165169;689492
1000;60;1;MergeSort;19952;8664;0;112200
1000;60;1;CountingSort;3001;0;0;9060
1000;60;1;QuickSort;34749;15171;5868;65470
1000;60;1;InsertionSort;519226;173074;0;128581
1000;60;1;BubbleSort;1685976;498834;172077;712502
1000;60;1;MergeSort;19952;8662;0;131791
1000;60;1;CountingSort;3001;0;0;10580
1000;60;1;QuickSort;38511;16281;6740;51490
1000;60;1;InsertionSort;490426;163474;0;348441
1000;60;1;BubbleSort;1648258;499175;162477;750912
1000;60;1;MergeSort;19952;8602;0;171890
1000;60;1;CountingSort;3001;0;0;7350
1000;60;1;QuickSort;35175;14673;6169;72800
1000;60;1;InsertionSort;493975;164657;0;112661
1000;60;1;BubbleSort;1650670;498015;163660;598282
1000;60;1;MergeSort;19952;8585;0;117860
1000;60;1;CountingSort;3001;0;0;9260
1000;60;1;QuickSort;37061;16250;6264;64410
1000;60;1;InsertionSort;496811;165601;0;182681
1000;60;1;BubbleSort;1657268;499422;164606;652062
1000;60;1;MergeSort;19952;8655;0;118861
1000;60;1;CountingSort;3001;0;0;9000
1000;60;1;QuickSort;40914;17469;7153;56930
1000;60;1;InsertionSort;483558;161184;0;553182
1000;60;1;BubbleSort;1637772;498510;160188;961213
1000;60;1;MergeSort;19952;8640;0;146090
1000;60;1;CountingSort;3001;0;0;8930
1000;60;1;QuickSort;38909;16775;6709;90880
1000;60;1;InsertionSort;492475;164157;0;158051
1000;60;1;BubbleSort;1651178;499269;163160;604302
1000;60;1;MergeSort;19952;8627;0;147381
1000;60;1;CountingSort;3001;0;0;9570
1000;60;1;QuickSort;38194;15949;6745;55480
1000;60;1;InsertionSort;496710;165570;0;95940
1000;60;1;BubbleSort;1654204;497960;164571;695302
1000;60;1;MergeSort;19952;8639;0;157321
1000;60;1;CountingSort;3001;0;0;9230
1000;60;1;QuickSort;38662;16393;6767;69391
1000;60;1;InsertionSort;510703;170233;0;951252
1000;60;1;BubbleSort;1672638;497847;169236;1324523
1000;60;1;MergeSort;19952;8667;0;106940
1000;60;1;CountingSort;3001;0;0;9760
1000;60;1;QuickSort;40970;17033;7323;48260
1000;60;1;InsertionSort;516168;172056;0;100930
1000;60;1;BubbleSort;1674672;495222;171057;538261
1000;60;1;MergeSort;19952;8609;0;98550
1000;60;1;CountingSort;3001;0;0;7190
1000;60;1;QuickSort;38441;16406;6675;56471
1000;60;1;InsertionSort;514302;171432;0;344101
1000;60;1;BubbleSort;1679988;499122;170436;881582
1000;60;1;MergeSort;19952;8632;0;148320
1000;60;1;CountingSort;3001;0;0;9420
1000;60;1;QuickSort;43755;17847;7970;82250
1000;60;1;InsertionSort;516489;172163;0;160400
1000;60;1;BubbleSort;1679996;497670;171164;599702
1000;60;1;MergeSort;19952;8635;0;132590
1000;60;1;CountingSort;3001;0;0;8830
1000;60;1;QuickSort;35522;14741;6271;43280
1000;60;1;InsertionSort;509847;169947;0;229391
1000;60;1;BubbleSort;1669974;497085;168951;740312
1000;60;1;MergeSort;19952;8613;0;124761
1000;60;1;CountingSort;3001;0;0;7620
1000;60;1;QuickSort;36665;15185;6494;66001
1000;60;1;InsertionSort;527460;175818;0;100840
1000;60;1;BubbleSort;1695208;497960;174822;530761
1000;60;1;MergeSort;19952;8562;0;126730
1000;60;1;CountingSort;3001;0;0;7010
1000;60;1;QuickSort;36998;16475;6177;44410
1000;60;1;InsertionSort;516102;172032;0;141310
1000;60;1;BubbleSort;1682442;499149;171036;696032
1000;60;1;MergeSort;19952;8553;0;106680
1000;60;1;CountingSort;3001;0;0;9250
1000;60;1;QuickSort;39145;16144;6999;66111
1000;60;1;InsertionSort;529779;176593;0;159231
1000;60;1;BubbleSort;1696684;497154;175594;662441
1000;60;1;MergeSort;19952;8641;0;140470
1000;60;1;CountingSort;3001;0;0;8680
1000;60;1;QuickSort;41047;17635;7142;72771
1000;60;1;InsertionSort;509512;169836;0;601491
1000;60;1;BubbleSort;1674336;499490;168839;1064003
1000;60;1;MergeSort;19952;8648;0;141470
1000;60;1;CountingSort;3001;0;0;9120
1000;60;1;QuickSort;35816;14969;6286;63160
1000;60;1;InsertionSort;508339;169445;0;126290
1000;60;1;BubbleSort;1666150;496179;168448;730512
1000;60;1;MergeSort;19952;8603;0;173351
1000;60;1;CountingSort;3001;0;0;8490
1000;60;1;QuickSort;39602;16787;6935;101550
1000;60;1;InsertionSort;544122;181374;0;1001233
1000;60;1;BubbleSort;1719168;498834;180375;1444104
1000;60;1;MergeSort;19952;8625;0;119551
1000;60;1;CountingSort;3001;0;0;8740
1000;60;1;QuickSort;36169;15118;6356;54930
1000;60;1;InsertionSort;496134;165378;0;100981
1000;60;1;BubbleSort;1655964;499224;164379;582902
1000;60;1;MergeSort;19952;8659;0;165720
1000;60;1;CountingSort;3001;0;0;7550
1000;60;1;QuickSort;41253;17643;7196;55721
1000;60;1;InsertionSort;527955;175985;0;233200
1000;60;1;BubbleSort;1696592;498324;174986;671032
1000;60;1;MergeSort;19952;8624;0;155730
1000;60;1;CountingSort;3001;0;0;12940
1000;60;1;QuickSort;43132;18127;7662;57830
1000;60;1;InsertionSort;524971;174989;0;122421
1000;60;1;BubbleSort;1688162;496097;173992;513092
1000;60;1;MergeSort;19952;8669;0;147100
1000;60;1;CountingSort;3001;0;0;31610
1000;60;1;QuickSort;40661;17150;7177;64650
1000;60;1;InsertionSort;509068;169688;0;101350
1000;60;1;BubbleSort;1661554;493395;168691;597922
1000;60;1;MergeSort;19952;8595;0;114110
1000;60;1;CountingSort;3001;0;0;9080
1000;60;1;QuickSort;34050;14424;5879;60760
1000;60;1;InsertionSort;512283;170761;0;182001
1000;60;1;BubbleSort;1677668;499310;169762;663382
1000;60;1;MergeSort;19952;8614;0;119091
1000;60;1;CountingSort;3001;0;0;8750
1000;60;1;QuickSort;41264;17186;7354;65800
1000;60;1;InsertionSort;502645;167547;0;129571
1000;60;1;BubbleSort;1663308;498554;166550;766832
1000;60;1;MergeSort;19952;8610;0;126061
1000;60;1;CountingSort;3001;0;0;9040
1000;60;1;QuickSort;37610;15836;6580;54450
1000;60;1;InsertionSort;502119;167373;0;263870
1000;60;1;BubbleSort;1663684;499094;166374;675042
1000;60;1;MergeSort;19952;8642;0;128160
1000;60;1;CountingSort;3001;0;0;8710
1000;60;1;QuickSort;36778;15559;6403;59910
1000;60;1;InsertionSort;516909;172301;0;569702
1000;60;1;BubbleSort;1683620;499200;171305;982403
1000;60;1;MergeSort;19952;8608;0;115081
1000;60;1;CountingSort;3001;0;0;9070
1000;60;1;QuickSort;37764;16110;6558;54840
1000;60;1;InsertionSort;533558;177850;0;606851
1000;60;1;BubbleSort;1700870;496725;176855;1013312
1000;60;1;MergeSort;19952;8623;0;132490
1000;60;1;CountingSort;3001;0;0;14380
1000;60;1;QuickSort;34093;14797;5766;66681
1000;60;1;InsertionSort;506137;168711;0;127301
1000;60;1;BubbleSort;1668050;498597;167714;655662
1000;60;1;MergeSort;19952;8660;0;106570
1000;60;1;CountingSort;3001;0;0;9580
1000;60;1;QuickSort;40111;16669;7155;54590
1000;60;1;InsertionSort;508309;169435;0;150180
1000;60;1;BubbleSort;1669560;497904;168438;726492
1000;60;1;MergeSort;19952;8620;0;180140
1000;60;1;CountingSort;3001;0;0;26280
1000;60;1;QuickSort;34299;15492;5599;55280
1000;60;1;InsertionSort;498682;166224;0;578352
1000;60;1;BubbleSort;1658660;498870;165230;1000003
1000;60;1;MergeSort;19952;8624;0;151771
1000;60;1;CountingSort;3001;0;0;7510
1000;60;1;QuickSort;39468;16569;6979;70790
1000;60;1;InsertionSort;506862;168952;0;100920
1000;60;1;BubbleSort;1669634;498905;167956;555802
1000;60;1;MergeSort;19952;8644;0;117361
1000;60;1;CountingSort;3001;0;0;9010
1000;60;1;QuickSort;36766;15454;6443;55740
1000;60;1;InsertionSort;537657;179217;0;331301
1000;60;1;BubbleSort;1711812;499464;178221;880642
1000;60;1;MergeSort;19952;8634;0;154470
1000;60;1;CountingSort;3001;0;0;11700
1000;60;1;QuickSort;42195;18321;7298;83700
1000;60;1;InsertionSort;537219;179073;0;110630
1000;60;1;BubbleSort;1708540;498122;178074;606781
1000;60;1;MergeSort;19952;8662;0;128080
1000;60;1;CountingSort;3001;0;0;9510
1000;60;1;QuickSort;36302;15929;6126;73030
1000;60;1;InsertionSort;537282;179090;0;158401
1000;60;1;BubbleSort;1707482;497547;178097;496062
1000;60;1;MergeSort;19952;8599;0;113850
1000;60;1;CountingSort;3001;0;0;10630
1000;60;1;QuickSort;38525;17612;6304;58471
1000;60;1;InsertionSort;501606;167202;0;336140
1000;60;1;BubbleSort;1661556;498372;166203;837762
1000;60;1;MergeSort;19952;8632;0;128150
1000;60;1;CountingSort;3001;0;0;15400
1000;60;1;QuickSort;41708;17747;7325;64100
1000;60;1;InsertionSort;482362;160784;0;112741
1000;60;1;BubbleSort;1633738;497289;159790;605232
1000;60;1;MergeSort;19952;8676;0;143230
1000;60;1;CountingSort;3001;0;0;9140
1000;60;1;QuickSort;38957;16568;6795;65740
1000;60;1;InsertionSort;529065;176355;0;112561
1000;60;1;BubbleSort;1698784;498680;175356;642682
1000;60;1;MergeSort;19952;8651;0;113830
1000;60;1;CountingSort;3001;0;0;7100
1000;60;1;QuickSort;39585;16479;7032;56120
1000;60;1;InsertionSort;510693;170231;0;83690
1000;60;1;BubbleSort;1673172;498122;169232;694892
1000;60;1;MergeSort;19952;8651;0;122101
1000;60;1;CountingSort;3001;0;0;9230
1000;60;1;QuickSort;37033;15721;6442;54720
1000;60;1;InsertionSort;514947;171647;0;808592
1000;60;1;BubbleSort;1679624;498510;170651;1185393
1000;60;1;MergeSort;19952;8592;0;151891
1000;60;1;CountingSort;3001;0;0;9220
1000;60;1;QuickSort;36251;16148;6051;60860
1000;60;1;InsertionSort;529116;176370;0;158960
1000;60;1;BubbleSort;1698240;498372;175374;775112
1000;60;1;MergeSort;19952;8614;0;121040
1000;60;1;CountingSort;3001;0;0;12660
1000;60;1;QuickSort;35848;15640;6077;60140
1000;60;1;InsertionSort;513940;171310;0;125741
1000;60;1;BubbleSort;1679664;499200;170316;465521
1000;60;1;MergeSort;19952;8599;0;91510
1000;60;1;CountingSort;3001;0;0;9150
1000;60;1;QuickSort;40037;16751;7091;52361
1000;60;1;InsertionSort;496279;165425;0;104310
1000;60;1;BubbleSort;1656440;499364;164428;569441
1000;60;1;MergeSort;19952;8618;0;144230
1000;60;1;CountingSort;3001;0;0;9350
1000;60;1;QuickSort;38467;16141;6774;43350
1000;60;1;InsertionSort;479598;159866;0;691722
1000;60;1;BubbleSort;1632018;498275;158867;1095774
1000;60;1;MergeSort;19952;8605;0;131710
1000;60;1;CountingSort;3001;0;0;9330
1000;60;1;QuickSort;45117;18705;8147;65930
1000;60;1;InsertionSort;515127;171705;0;111410
1000;60;1;BubbleSort;1681806;499479;170712;702042
1000;60;1;MergeSort;19952;8592;0;116781
1000;60;1;CountingSort;3001;0;0;14350
1000;60;1;QuickSort;35548;15124;6141;56541
1000;60;1;InsertionSort;498363;166121;0;98750
1000;60;1;BubbleSort;1653788;496650;165122;486911
1000;60;1;MergeSort;19952;8612;0;114020
1000;60;1;CountingSort;3001;0;0;9310
1000;60;1;QuickSort;39341;16535;6935;52670
1000;60;1;InsertionSort;503532;167842;0;109081
1000;60;1;BubbleSort;1659244;495930;166846;724232
1000;60;1;MergeSort;19952;8577;0;96280
1000;60;1;CountingSort;3001;0;0;9220
1000;60;1;QuickSort;33544;14248;5763;54240
1000;60;1;InsertionSort;519185;173059;0;537021
1000;60;1;BubbleSort;1686134;498939;172064;1101073
1000;60;1;MergeSort;19952;8643;0;160681
1000;60;2;CountingSort;3001;0;0;174891
1000;60;2;QuickSort;44382;18561;7935;1444784
1000;60;2;InsertionSort;273455;91147;0;6488088
1000;60;2;BubbleSort;1180268;409824;90155;7229290
1000;60;2;MergeSort;19952;6919;0;1010162
1000;60;2;CountingSort;3001;0;0;113800
1000;60;2;QuickSort;43865;19100;7591;267511
1000;60;2;InsertionSort;275227;91739;0;3623459
1000;60;2;BubbleSort;1181780;409400;90745;4413362
1000;60;2;MergeSort;19952;6921;0;437261
1000;60;2;CountingSort;3001;0;0;114590
1000;60;2;QuickSort;35368;15130;6077;136400
1000;60;2;InsertionSort;274420;91470;0;826693
1000;60;2;BubbleSort;1180704;409400;90476;1590294
1000;60;2;MergeSort;19952;6929;0;306141
1000;60;2;CountingSort;3001;0;0;86261
1000;60;2;QuickSort;45890;18923;8314;203080
1000;60;2;InsertionSort;262041;87345;0;529351
1000;60;2;BubbleSort;1161640;408122;86349;1328884
1000;60;2;MergeSort;19952;6899;0;162640
1000;60;2;CountingSort;3001;0;0;104070
1000;60;2;QuickSort;46667;19205;8480;689952
1000;60;2;InsertionSort;256605;85531;0;352011
1000;60;2;BubbleSort;1112950;387399;84538;642832
1000;60;2;MergeSort;19952;6918;0;463141
1000;60;2;CountingSort;3001;0;0;151860
1000;60;2;QuickSort;37438;15640;6594;897633
1000;60;2;InsertionSort;281760;93914;0;427561
1000;60;2;BubbleSort;1190496;409400;92924;759702
1000;60;2;MergeSort;19952;6909;0;440401
1000;60;2;CountingSort;3001;0;0;130431
1000;60;2;QuickSort;40206;16806;7121;206971
1000;60;2;InsertionSort;268651;89547;0;184331
1000;60;2;BubbleSort;1160052;402920;88553;412081
1000;60;2;MergeSort;19952;6929;0;223250
1000;60;2;CountingSort;3001;0;0;103870
1000;60;2;QuickSort;38421;16353;6699;93700
1000;60;2;InsertionSort;273240;91076;0;260251
1000;60;2;BubbleSort;1178282;408975;90083;651052
1000;60;2;MergeSort;19952;6942;0;350940
1000;60;2;CountingSort;3001;0;0;129190
1000;60;2;QuickSort;37338;15846;6494;102540
1000;60;2;InsertionSort;272927;90973;0;257451
1000;60;2;BubbleSort;1171856;405972;89978;595632
1000;60;2;MergeSort;19952;6938;0;354961
1000;60;2;CountingSort;3001;0;0;125890
1000;60;2;QuickSort;37237;15763;6487;51880
1000;60;2;InsertionSort;273056;91014;0;124051
1000;60;2;BubbleSort;1177186;408549;90022;607732
1000;60;2;MergeSort;19952;6911;0;338950
1000;60;2;CountingSort;3001;0;0;96290
1000;60;2;QuickSort;36350;15146;6398;35450
1000;60;2;InsertionSort;277500;92494;0;57960
1000;60;2;BubbleSort;1176226;405105;91504;581491
1000;60;2;MergeSort;19952;6911;0;260551
1000;60;2;CountingSort;3001;0;0;138770
1000;60;2;QuickSort;36346;15142;6408;89660
1000;60;2;InsertionSort;270907;90299;0;88280
1000;60;2;BubbleSort;1155068;398924;89305;821613
1000;60;2;MergeSort;19952;6907;0;397752
1000;60;2;CountingSort;3001;0;0;179371
1000;60;2;QuickSort;42937;17668;7762;57680
1000;60;2;InsertionSort;272426;90806;0;125341
1000;60;2;BubbleSort;1183938;412347;89811;549591
1000;60;2;MergeSort;19952;6931;0;134140
1000;60;2;CountingSort;3001;0;0;191841
1000;60;2;QuickSort;41910;17667;7413;73500
1000;60;2;InsertionSort;282054;94012;0;86051
1000;60;2;BubbleSort;1197616;412764;93022;548371
1000;60;2;MergeSort;19952;6906;0;177930
1000;60;2;CountingSort;3001;0;0;155520
1000;60;2;QuickSort;38969;17051;6638;51180
1000;60;2;InsertionSort;272768;90920;0;466631
1000;60;2;BubbleSort;1164660;402480;89925;818742
1000;60;2;MergeSort;19952;6938;0;128551
1000;60;2;CountingSort;3001;0;0;153080
1000;60;2;QuickSort;43025;18965;7370;137670
1000;60;2;InsertionSort;261291;87093;0;68081
1000;60;2;BubbleSort;1145820;400710;86100;474631
1000;60;2;MergeSort;19952;6925;0;134430
1000;60;2;CountingSort;3001;0;0;78750
1000;60;2;QuickSort;37118;15707;6467;39060
1000;60;2;InsertionSort;277916;92636;0;327381
1000;60;2;BubbleSort;1174158;403797;91641;629752
1000;60;2;MergeSort;19952;6931;0;132091
1000;60;2;CountingSort;3001;0;0;32550
1000;60;2;QuickSort;38617;16015;6861;46500
1000;60;2;InsertionSort;262366;87452;0;70890
1000;60;2;BubbleSort;1149026;401597;86458;384751
1000;60;2;MergeSort;19952;6913;0;97651
1000;60;2;CountingSort;3001;0;0;30900
1000;60;2;QuickSort;39337;16618;6907;61570
1000;60;2;InsertionSort;268866;89618;0;157831
1000;60;2;BubbleSort;1185810;415655;88625;606212
1000;60;2;MergeSort;19952;6933;0;168401
1000;60;2;CountingSort;3001;0;0;34090
1000;60;2;QuickSort;39957;16674;7093;54910
1000;60;2;InsertionSort;276159;92049;0;58771
1000;60;2;BubbleSort;1188918;412347;91056;359950
1000;60;2;MergeSort;19952;6927;0;134680
1000;60;2;CountingSort;3001;0;0;16520
1000;60;2;QuickSort;35356;15052;6098;71611
1000;60;2;InsertionSort;256228;85406;0;143131
1000;60;2;BubbleSort;1146116;404234;84412;679192
1000;60;2;MergeSort;19952;6915;0;193150
1000;60;2;CountingSort;3001;0;0;17460
1000;60;2;QuickSort;35024;15044;5989;72060
1000;60;2;InsertionSort;275226;91734;0;66960
1000;60;2;BubbleSort;1169706;403359;90747;425151
1000;60;2;MergeSort;19952;6920;0;118940
1000;60;2;CountingSort;3001;0;0;1182793
1000;60;2;QuickSort;37320;15786;6511;54080
1000;60;2;InsertionSort;266354;88780;0;64010
1000;60;2;BubbleSort;1181642;415245;87788;410162
1000;60;2;MergeSort;19952;6925;0;133790
1000;60;2;CountingSort;3001;0;0;21080
1000;60;2;QuickSort;34925;14639;6093;64100
1000;60;2;InsertionSort;262094;87360;0;59130
1000;60;2;BubbleSort;1153066;403797;86368;358111
1000;60;2;MergeSort;19952;6914;0;113701
1000;60;2;CountingSort;3001;0;0;13530
1000;60;2;QuickSort;36521;15626;6309;49240
1000;60;2;InsertionSort;279803;93263;0;316610
1000;60;2;BubbleSort;1164232;397574;92271;568771
1000;60;2;MergeSort;19952;6903;0;148230
1000;60;2;CountingSort;3001;0;0;24700
1000;60;2;QuickSort;37166;15377;6596;47520
1000;60;2;InsertionSort;282139;94043;0;58811
1000;60;2;BubbleSort;1205954;416879;93049;385162
1000;60;2;MergeSort;19952;6897;0;103200
1000;60;2;CountingSort;3001;0;0;20550
1000;60;2;QuickSort;40122;16626;7174;40490
1000;60;2;InsertionSort;272627;90873;0;62820
1000;60;2;BubbleSort;1163590;402039;89878;432621
1000;60;2;MergeSort;19952;6909;0;124161
1000;60;2;CountingSort;3001;0;0;17420
1000;60;2;QuickSort;37126;15961;6388;94540
1000;60;2;InsertionSort;277786;92588;0;101390
1000;60;2;BubbleSort;1193590;413595;91600;382841
1000;60;2;MergeSort;19952;6923;0;141150
1000;60;2;CountingSort;3001;0;0;14150
1000;60;2;QuickSort;40605;16470;7379;51750
1000;60;2;InsertionSort;270832;90274;0;72780
1000;60;2;BubbleSort;1158540;400710;89280;529601
1000;60;2;MergeSort;19952;6947;0;122361
1000;60;2;CountingSort;3001;0;0;23900
1000;60;2;QuickSort;38948;16763;6735;66011
1000;60;2;InsertionSort;278661;92881;0;183011
1000;60;2;BubbleSort;1176904;404670;91891;666262
1000;60;2;MergeSort;19952;6915;0;147950
1000;60;2;CountingSort;3001;0;0;27420
1000;60;2;QuickSort;45472;18781;8233;46380
1000;60;2;InsertionSort;271815;90601;0;41140
1000;60;2;BubbleSort;1188922;415245;89608;406931
1000;60;2;MergeSort;19952;6942;0;69990
1000;60;2;CountingSort;3001;0;0;39670
1000;60;2;QuickSort;40324;16462;7285;58840
1000;60;2;InsertionSort;277426;92472;0;46640
1000;60;2;BubbleSort;1176122;405105;91478;536822
1000;60;2;MergeSort;19952;6896;0;180120
1000;60;2;CountingSort;3001;0;0;20450
1000;60;2;QuickSort;35603;14873;6249;85370
1000;60;2;InsertionSort;284280;94754;0;91350
1000;60;2;BubbleSort;1168394;396669;93764;350001
1000;60;2;MergeSort;19952;6916;0;109891
1000;60;2;CountingSort;3001;0;0;55790
1000;60;2;QuickSort;47499;20760;8238;70370
1000;60;2;InsertionSort;256897;85629;0;82420
1000;60;2;BubbleSort;1147880;404670;84635;366671
1000;60;2;MergeSort;19952;6927;0;131021
1000;60;2;CountingSort;3001;0;0;16350
1000;60;2;QuickSort;39640;16438;7066;39270
1000;60;2;InsertionSort;274313;91435;0;62800
1000;60;2;BubbleSort;1199558;418899;90440;490292
1000;60;2;MergeSort;19952;6903;0;156841
1000;60;2;CountingSort;3001;0;0;22770
1000;60;2;QuickSort;43040;18446;7531;43940
1000;60;2;InsertionSort;271575;90523;0;62090
1000;60;2;BubbleSort;1190236;416064;89527;506351
1000;60;2;MergeSort;19952;6917;0;99730
1000;60;2;CountingSort;3001;0;0;16610
1000;60;2;QuickSort;37041;15570;6487;56680
1000;60;2;InsertionSort;276357;92115;0;51100
1000;60;2;BubbleSort;1195798;415655;91122;525512
1000;60;2;MergeSort;19952;6928;0;130720
1000;60;2;CountingSort;3001;0;0;60890
1000;60;2;QuickSort;37252;15721;6514;45840
1000;60;2;InsertionSort;277503;92495;0;54030
1000;60;2;BubbleSort;1167440;400710;91505;353471
1000;60;2;MergeSort;19952;6946;0;128990
1000;60;2;CountingSort;3001;0;0;24440
1000;60;2;QuickSort;38486;16277;6739;60810
1000;60;2;InsertionSort;258125;86037;0;81040
1000;60;2;BubbleSort;1143374;401597;85045;448171
1000;60;2;MergeSort;19952;6915;0;114511
1000;60;2;CountingSort;3001;0;0;65360
1000;60;2;QuickSort;41421;17331;7364;60410
1000;60;2;InsertionSort;275272;91754;0;58310
1000;60;2;BubbleSort;1147208;392084;90760;539691
1000;60;2;MergeSort;19952;6929;0;157660
1000;60;2;CountingSort;3001;0;0;20390
1000;60;2;QuickSort;36245;15917;6113;82270
1000;60;2;InsertionSort;271149;90381;0;73640
1000;60;2;BubbleSort;1170348;406404;89385;455371
1000;60;2;MergeSort;19952;6918;0;115441
1000;60;2;CountingSort;3001;0;0;46090
1000;60;2;QuickSort;34432;15484;5658;44250
1000;60;2;InsertionSort;269569;89853;0;72970
1000;60;2;BubbleSort;1154180;399372;88859;541911
1000;60;2;MergeSort;19952;6930;0;171110
1000;60;2;CountingSort;3001;0;0;35490
1000;60;2;QuickSort;40742;16844;7301;84390
1000;60;2;InsertionSort;268854;89616;0;85720
1000;60;2;BubbleSort;1157674;401597;88620;330461
1000;60;2;MergeSort;19952;6923;0;123161
1000;60;2;CountingSort;3001;0;0;34050
1000;60;2;QuickSort;36684;16080;6196;61851
1000;60;2;InsertionSort;261793;87261;0;435331
1000;60;2;BubbleSort;1173086;414009;86267;670321
1000;60;2;MergeSort;19952;6923;0;127550
1000;60;2;CountingSort;3001;0;0;8290
1000;60;2;QuickSort;36101;15371;6242;38210
1000;60;2;InsertionSort;271690;90560;0;72660
1000;60;2;BubbleSort;1158794;400265;89566;364901
1000;60;2;MergeSort;19952;6900;0;109021
1000;60;2;CountingSort;3001;0;0;7110
1000;60;2;QuickSort;40125;17445;6885;41451
1000;60;2;InsertionSort;275845;91943;0;499291
1000;60;2;BubbleSort;1185146;410669;90952;749762
1000;60;2;MergeSort;19952;6906;0;119880
1000;60;2;CountingSort;3001;0;0;8970
1000;60;2;QuickSort;43225;17854;7781;49280
1000;60;2;InsertionSort;274368;91452;0;153490
1000;60;2;BubbleSort;1189026;413595;90459;595671
1000;60;2;MergeSort;19952;6922;0;165050
1000;60;2;CountingSort;3001;0;0;8800
1000;60;2;QuickSort;37731;15729;6666;46421
1000;60;2;InsertionSort;274587;91523;0;62080
1000;60;2;BubbleSort;1195076;416472;90533;409701
1000;60;2;MergeSort;19952;6904;0;131360
1000;60;2;CountingSort;3001;0;0;9361
1000;60;2;QuickSort;43106;17984;7714;67120
1000;60;2;InsertionSort;272927;90969;0;93490
1000;60;2;BubbleSort;1195300;417690;89980;573791
1000;60;2;MergeSort;19952;6927;0;172940
1000;60;2;CountingSort;3001;0;0;7440
1000;60;2;QuickSort;36990;15801;6404;382192
1000;60;2;InsertionSort;283792;94592;0;63750
1000;60;2;BubbleSort;1190648;408122;93601;374261
1000;60;2;MergeSort;19952;6897;0;132380
1000;60;2;CountingSort;3001;0;0;7750
1000;60;2;QuickSort;42029;17765;7422;54040
1000;60;2;InsertionSort;273421;91139;0;210800
1000;60;2;BubbleSort;1194326;416879;90142;668132
1000;60;2;MergeSort;19952;6923;0;163210
1000;60;2;CountingSort;3001;0;0;7300
1000;60;2;QuickSort;41570;17057;7510;64450
1000;60;2;InsertionSort;270485;90157;0;90430
1000;60;2;BubbleSort;1127654;385497;89165;475621
1000;60;2;MergeSort;19952;6923;0;154000
1000;60;2;CountingSort;3001;0;0;7260
1000;60;2;QuickSort;35797;14992;6278;82730
1000;60;2;InsertionSort;282788;94258;0;362691
1000;60;2;BubbleSort;1197758;412347;93266;787422
1000;60;2;MergeSort;19952;6904;0;119421
1000;60;2;CountingSort;3001;0;0;8850
1000;60;2;QuickSort;37853;15821;6671;39771
1000;60;2;InsertionSort;270676;90224;0;66850
1000;60;2;BubbleSort;1192288;417690;89227;550441
1000;60;2;MergeSort;19952;6905;0;99800
1000;60;2;CountingSort;3001;0;0;14520
1000;60;2;QuickSort;37843;15901;6648;37680
1000;60;2;InsertionSort;269916;89968;0;306141
1000;60;2;BubbleSort;1187210;415655;88975;647832
1000;60;2;MergeSort;19952;6929;0;156981
1000;60;2;CountingSort;3001;0;0;8890
1000;60;2;QuickSort;35188;15445;5916;39530
1000;60;2;InsertionSort;279789;93257;0;62060
1000;60;2;BubbleSort;1205256;418094;92267;544831
1000;60;2;MergeSort;19952;6918;0;103140
1000;60;2;CountingSort;3001;0;0;8680
1000;60;2;QuickSort;43319;17966;7785;40030
1000;60;2;InsertionSort;268825;89605;0;192711
1000;60;2;BubbleSort;1164654;405105;88611;695132
1000;60;2;MergeSort;19952;6897;0;182361
1000;60;2;CountingSort;3001;0;0;8690
1000;60;2;QuickSort;36525;15468;6352;51500
1000;60;2;InsertionSort;272144;90712;0;72740
1000;60;2;BubbleSort;1196666;418899;89717;346161
1000;60;2;MergeSort;19952;6919;0;95421
1000;60;2;CountingSort;3001;0;0;7510
1000;60;2;QuickSort;42645;17313;7781;62600
1000;60;2;InsertionSort;281683;93891;0;54180
1000;60;2;BubbleSort;1188686;408549;92897;456211
1000;60;2;MergeSort;19952;6912;0;170031
1000;60;2;CountingSort;3001;0;0;7420
1000;60;2;QuickSort;39745;16972;6922;54160
1000;60;2;InsertionSort;280199;93397;0;57250
1000;60;2;BubbleSort;1200098;415245;92402;359591
1000;60;2;MergeSort;19952;6913;0;84590
1000;60;2;CountingSort;3001;0;0;7000
1000;60;2;QuickSort;35336;14897;6141;47070
1000;60;2;InsertionSort;280981;93653;0;184041
1000;60;2;BubbleSort;1161268;395304;92665;510092
1000;60;2;MergeSort;19952;6893;0;144190
1000;60;2;CountingSort;3001;0;0;9460
1000;60;2;QuickSort;40990;17347;7202;53710
1000;60;2;InsertionSort;271965;90653;0;60040
1000;60;2;BubbleSort;1186646;414009;89657;347291
1000;60;2;MergeSort;19952;6909;0;103230
1000;60;2;CountingSort;3001;0;0;8700
1000;60;2;QuickSort;36081;15363;6241;64420
1000;60;2;InsertionSort;272618;90870;0;382831
1000;60;2;BubbleSort;1185860;413180;89875;745182
1000;60;2;MergeSort;19952;6907;0;96870
1000;60;2;CountingSort;3001;0;0;8880
1000;60;2;QuickSort;42751;17962;7585;69830
1000;60;2;InsertionSort;269081;89691;0;68670
1000;60;2;BubbleSort;1180312;412764;88696;486131
1000;60;2;MergeSort;19952;6923;0;109760
1000;60;2;CountingSort;3001;0;0;9130
1000;60;2;QuickSort;36354;15618;6243;46570
1000;60;2;InsertionSort;272185;90721;0;97551
1000;60;2;BubbleSort;1183626;412347;89733;551072
1000;60;2;MergeSort;19952;6927;0;151530
1000;60;2;CountingSort;3001;0;0;9160
1000;60;2;QuickSort;38313;16404;6640;53610
1000;60;2;InsertionSort;285217;95069;0;60130
1000;60;2;BubbleSort;1201828;412764;94075;341831
1000;60;2;MergeSort;19952;6914;0;100010
1000;60;2;CountingSort;3001;0;0;7400
1000;60;2;QuickSort;37189;15901;6426;66920
1000;60;2;InsertionSort;268483;89489;0;429611
1000;60;2;BubbleSort;1186936;416472;88498;798042
1000;60;2;MergeSort;19952;6915;0;119750
1000;60;2;CountingSort;3001;0;0;13340
1000;60;2;QuickSort;38953;16618;6784;48270
1000;60;2;InsertionSort;265657;88549;0;89660
1000;60;2;BubbleSort;1164750;407265;87555;507592
1000;60;2;MergeSort;19952;6890;0;120211
1000;60;2;CountingSort;3001;0;0;9090
1000;60;2;QuickSort;37715;15803;6648;52680
1000;60;2;InsertionSort;271206;90400;0;88211
1000;60;2;BubbleSort;1183144;412764;89404;481061
1000;60;2;MergeSort;19952;6902;0;126130
1000;60;2;CountingSort;3001;0;0;9000
1000;60;2;QuickSort;39517;16264;7074;63240
1000;60;2;InsertionSort;263026;87672;0;67260
1000;60;2;BubbleSort;1176380;414834;86678;541741
1000;60;2;MergeSort;19952;6927;0;98530
1000;60;2;CountingSort;3001;0;0;8800
1000;60;2;QuickSort;36088;15298;6265;46370
1000;60;2;InsertionSort;275928;91974;0;174711
1000;60;2;BubbleSort;1192756;414422;90978;505442
1000;60;2;MergeSort;19952;6926;0;163021
1000;60;2;CountingSort;3001;0;0;9450
1000;60;2;QuickSort;37128;15486;6549;39190
1000;60;2;InsertionSort;283715;94567;0;56891
1000;60;2;BubbleSort;1203144;414422;93575;340931
1000;60;2;MergeSort;19952;6921;0;86610
1000;60;2;CountingSort;3001;0;0;10740
1000;60;2;QuickSort;38897;16334;6857;48290
1000;60;2;InsertionSort;275016;91670;0;223351
1000;60;2;BubbleSort;1138440;387872;90674;512181
1000;60;2;MergeSort;19952;6905;0;154760
1000;60;2;CountingSort;3001;0;0;8951
1000;60;2;QuickSort;35348;15677;5900;64200
1000;60;2;InsertionSort;265790;88592;0;279600
1000;60;2;BubbleSort;1156240;402920;87600;537311
1000;60;2;MergeSort;19952;6920;0;118340
1000;60;2;CountingSort;3001;0;0;7180
1000;60;2;QuickSort;40483;17095;7138;52970
1000;60;2;InsertionSort;275530;91840;0;77080
1000;60;2;BubbleSort;1162128;399372;90846;419841
1000;60;2;MergeSort;19952;6918;0;99960
1000;60;2;CountingSort;3001;0;0;8840
1000;60;2;QuickSort;37612;16126;6496;42661
1000;60;2;InsertionSort;270846;90278;0;56150
1000;60;2;BubbleSort;1184330;413595;89285;438681
1000;60;2;MergeSort;19952;6909;0;100980
1000;60;2;CountingSort;3001;0;0;8710
1000;60;2;QuickSort;37692;15663;6675;37620
1000;60;2;InsertionSort;271293;90427;0;50740
1000;60;2;BubbleSort;1158266;400265;89434;529801
1000;60;2;MergeSort;19952;6929;0;114610
1000;60;2;CountingSort;3001;0;0;8150
1000;60;2;QuickSort;35909;15101;6266;65030
1000;60;2;InsertionSort;273709;91233;0;76610
1000;60;2;BubbleSort;1187316;413180;90239;455741
1000;60;2;MergeSort;19952;6925;0;81480
1000;60;2;CountingSort;3001;0;0;6960
1000;60;2;QuickSort;38517;16086;6812;75630
1000;60;2;InsertionSort;277054;92348;0;95110
1000;60;2;BubbleSort;1179946;407265;91354;505811
1000;60;2;MergeSort;19952;6914;0;100230
1000;60;2;CountingSort;3001;0;0;9120
1000;60;2;QuickSort;36491;15671;6283;43030
1000;60;2;InsertionSort;264951;88315;0;529852
1000;60;2;BubbleSort;1141706;396215;87319;783501
1000;60;2;MergeSort;19952;6941;0;105860
1000;60;2;CountingSort;3001;0;0;7950
1000;60;2;QuickSort;37731;16143;6525;39090
1000;60;2;InsertionSort;266219;88737;0;92461
1000;60;2;BubbleSort;1178986;414009;87742;428472
1000;60;2;MergeSort;19952;6928;0;84660
1000;60;2;CountingSort;3001;0;0;7080
1000;60;2;QuickSort;35615;14840;6254;47420
1000;60;2;InsertionSort;266838;88942;0;85720
1000;60;2;BubbleSort;1185554;416879;87949;563681
1000;60;2;MergeSort;19952;6907;0;151190
1000;60;2;CountingSort;3001;0;0;15280
1000;60;2;QuickSort;38177;15878;6779;59530
1000;60;2;InsertionSort;281279;93759;0;69090
1000;60;2;BubbleSort;1188142;408549;92761;464601
1000;60;2;MergeSort;19952;6937;0;136031
1000;60;2;CountingSort;3001;0;0;8870
1000;60;2;QuickSort;37334;15620;6577;47430
1000;60;2;InsertionSort;266895;88961;0;162901
1000;60;2;BubbleSort;1169822;408975;87968;572132
1000;60;2;MergeSort;19952;6909;0;152820
1000;60;2;CountingSort;3001;0;0;8740
1000;60;2;QuickSort;33981;14982;5662;57870
1000;60;2;InsertionSort;270571;90185;0;65780
1000;60;2;BubbleSort;1180634;411929;89194;498981
1000;60;2;MergeSort;19952;6926;0;139280
1000;60;2;CountingSort;3001;0;0;14990
1000;60;2;QuickSort;36675;15246;6474;55930
1000;60;2;InsertionSort;275724;91906;0;685232
1000;60;2;BubbleSort;1175584;405972;90910;770122
1000;60;2;MergeSort;19952;6933;0;164420
1000;60;2;CountingSort;3001;0;0;9140
1000;60;2;QuickSort;41769;17451;7429;58310
1000;60;2;InsertionSort;270796;90264;0;360391
1000;60;2;BubbleSort;1162908;402920;89267;698702
1000;60;2;MergeSort;19952;6914;0;119540
1000;60;2;CountingSort;3001;0;0;9020
1000;60;2;QuickSort;41601;17511;7365;61850
1000;60;2;InsertionSort;262250;87416;0;69450
1000;60;2;BubbleSort;1160202;407265;86418;492862
1000;60;2;MergeSort;19952;6928;0;133850
1000;60;2;CountingSort;3001;0;0;9080
1000;60;2;QuickSort;42310;17119;7738;59541
1000;60;2;InsertionSort;276495;92161;0;68891
1000;60;2;BubbleSort;1175750;405539;91168;444251
1000;60;2;MergeSort;19952;6920;0;113370
1000;60;2;CountingSort;3001;0;0;8710
1000;60;2;QuickSort;36456;15555;6305;48271
1000;60;2;InsertionSort;266373;88787;0;226560
1000;60;2;BubbleSort;1180844;414834;87794;563121
1000;60;2;MergeSort;19952;6919;0;162330
1000;60;2;CountingSort;3001;0;0;8960
1000;60;2;QuickSort;38037;16539;6503;63020
1000;60;2;InsertionSort;262921;87637;0;91310
1000;60;2;BubbleSort;1174590;414009;86643;410671
1000;60;2;MergeSort;19952;6910;0;109140
1000;60;2;CountingSort;3001;0;0;8830
1000;60;2;QuickSort;37683;15621;6691;46130
1000;60;2;InsertionSort;271603;90533;0;59940
1000;60;2;BubbleSort;1191088;416472;89536;517812
1000;60;2;MergeSort;19952;6912;0;151320
1000;60;2;CountingSort;3001;0;0;8560
1000;60;2;QuickSort;38779;16186;6869;74710
1000;60;2;InsertionSort;270019;90005;0;78650
1000;60;2;BubbleSort;1184050;414009;89008;433971
1000;60;2;MergeSort;19952;6931;0;103090
1000;60;2;CountingSort;3001;0;0;7420
1000;60;2;QuickSort;37360;16144;6408;63370
1000;60;2;InsertionSort;269979;89991;0;57780
1000;60;2;BubbleSort;1174780;409400;88995;420721
1000;60;2;MergeSort;19952;6922;0;101750
1000;60;2;CountingSort;3001;0;0;8930
1000;60;2;QuickSort;43506;17784;7907;50530
1000;60;2;InsertionSort;276898;92294;0;218870
1000;60;2;BubbleSort;1186550;410669;91303;580151
1000;60;2;MergeSort;19952;6895;0;155990
1000;60;2;CountingSort;3001;0;0;8810
1000;60;2;QuickSort;45609;18588;8332;60110
1000;60;2;InsertionSort;273069;91019;0;66710
1000;60;2;BubbleSort;1185632;412764;90026;406971
1000;60;2;MergeSort;19952;6927;0;106301
1000;60;2;CountingSort;3001;0;0;12150
1000;60;2;QuickSort;37162;15631;6515;49351
1000;60;2;InsertionSort;263234;87742;0;59590
1000;60;2;BubbleSort;1168326;410669;86747;554851
1000;60;2;MergeSort;19952;6921;0;171730
1000;60;2;CountingSort;3001;0;0;9030
1000;60;2;QuickSort;35748;15798;5981;74590
1000;60;2;InsertionSort;267647;89211;0;354191
1000;60;2;BubbleSort;1175896;411510;88219;703252
1000;60;2;MergeSort;19952;6940;0;121821
1000;60;2;CountingSort;3001;0;0;9220
1000;60;2;QuickSort;37615;15439;6711;47860
1000;60;2;InsertionSort;262448;87478;0;77570
1000;60;2;BubbleSort;1141994;398025;86486;552062
1000;60;2;MergeSort;19952;6910;0;174451
1000;60;2;CountingSort;3001;0;0;9250
1000;60;2;QuickSort;46431;19176;8424;70421
1000;60;2;InsertionSort;288130;96040;0;81120
1000;60;2;BubbleSort;1188652;404234;95046;454831
1000;60;2;MergeSort;19952;6912;0;105530
1000;60;3;CountingSort;3001;0;0;223000
1000;60;3;QuickSort;37153;15589;6515;1192073
1000;60;3;InsertionSort;277407;92469;0;6378397
1000;60;3;BubbleSort;1169074;401597;91470;8286433
1000;60;3;MergeSort;19952;7127;0;840093
1000;60;3;CountingSort;3001;0;0;110300
1000;60;3;QuickSort;43981;17914;8007;176210
1000;60;3;InsertionSort;271470;90490;0;2534947
1000;60;3;BubbleSort;1192534;417285;89491;4715013
1000;60;3;MergeSort;19952;7134;0;163391
1000;60;3;CountingSort;3001;0;0;109480
1000;60;3;QuickSort;39024;16371;6877;119431
1000;60;3;InsertionSort;269670;89890;0;1231244
1000;60;3;BubbleSort;1161404;402920;88891;1816755
1000;60;3;MergeSort;19952;7138;0;195660
1000;60;3;CountingSort;3001;0;0;155441
1000;60;3;QuickSort;40379;16424;7311;213081
1000;60;3;InsertionSort;277710;92570;0;299861
1000;60;3;BubbleSort;1191812;412764;91571;732793
1000;60;3;MergeSort;19952;7134;0;398141
1000;60;3;CountingSort;3001;0;0;145961
1000;60;3;QuickSort;38625;16722;6644;195851
1000;60;3;InsertionSort;274056;91352;0;503062
1000;60;3;BubbleSort;1174220;406404;90353;961752
1000;60;3;MergeSort;19952;7128;0;505741
1000;60;3;CountingSort;3001;0;0;108240
1000;60;3;QuickSort;37027;15583;6483;233041
1000;60;3;InsertionSort;272196;90732;0;239471
1000;60;3;BubbleSort;1183626;412347;89733;419821
1000;60;3;MergeSort;19952;7151;0;151901
1000;60;3;CountingSort;3001;0;0;148781
1000;60;3;QuickSort;39618;16560;7013;257361
1000;60;3;InsertionSort;283386;94462;0;305751
1000;60;3;BubbleSort;1184062;405105;93463;718012
1000;60;3;MergeSort;19952;7133;0;410331
1000;60;3;CountingSort;3001;0;0;163341
1000;60;3;QuickSort;37879;16396;6493;926833
1000;60;3;InsertionSort;279342;93114;0;588831
1000;60;3;BubbleSort;1164510;398025;92115;985112
1000;60;3;MergeSort;19952;7142;0;504771
1000;60;3;CountingSort;3001;0;0;115050
1000;60;3;QuickSort;38764;16921;6611;888812
1000;60;3;InsertionSort;264768;88256;0;194271
1000;60;3;BubbleSort;1183598;417285;87257;775742
1000;60;3;MergeSort;19952;7132;0;433861
1000;60;3;CountingSort;3001;0;0;148020
1000;60;3;QuickSort;34622;14750;5957;837343
1000;60;3;InsertionSort;278016;92672;0;486482
1000;60;3;BubbleSort;1169886;401597;91673;746973
1000;60;3;MergeSort;19952;7150;0;258130
1000;60;3;CountingSort;3001;0;0;130010
1000;60;3;QuickSort;35725;15457;6087;731082
1000;60;3;InsertionSort;272253;90751;0;74490
1000;60;3;BubbleSort;1191952;416472;89752;596362
1000;60;3;MergeSort;19952;7177;0;265431
1000;60;3;CountingSort;3001;0;0;91571
1000;60;3;QuickSort;36480;15393;6356;642872
1000;60;3;InsertionSort;279969;93323;0;157050
1000;60;3;BubbleSort;1177764;404234;92324;721012
1000;60;3;MergeSort;19952;7171;0;434791
1000;60;3;CountingSort;3001;0;0;102410
1000;60;3;QuickSort;42562;17695;7628;621792
1000;60;3;InsertionSort;265215;88405;0;76380
1000;60;3;BubbleSort;1162432;406404;87406;542852
1000;60;3;MergeSort;19952;7136;0;131991
1000;60;3;CountingSort;3001;0;0;117760
1000;60;3;QuickSort;41156;17294;7295;618372
1000;60;3;InsertionSort;277473;92491;0;209731
1000;60;3;BubbleSort;1178776;406404;91492;683892
1000;60;3;MergeSort;19952;7136;0;136621
1000;60;3;CountingSort;3001;0;0;117311
1000;60;3;QuickSort;42316;17476;7620;133791
1000;60;3;InsertionSort;283275;94425;0;98961
1000;60;3;BubbleSort;1206648;416472;93426;555831
1000;60;3;MergeSort;19952;7149;0;119090
1000;60;3;CountingSort;3001;0;0;91780
1000;60;3;QuickSort;37472;15560;6634;37130
1000;60;3;InsertionSort;280488;93496;0;99040
1000;60;3;BubbleSort;1188788;409400;92497;411831
1000;60;3;MergeSort;19952;7116;0;153351
1000;60;3;CountingSort;3001;0;0;41990
1000;60;3;QuickSort;34628;14513;6043;53010
1000;60;3;InsertionSort;261138;87046;0;76850
1000;60;3;BubbleSort;1174678;415245;86047;374541
1000;60;3;MergeSort;19952;7128;0;108890
1000;60;3;CountingSort;3001;0;0;52020
1000;60;3;QuickSort;36567;15885;6222;47660
1000;60;3;InsertionSort;280260;93420;0;75640
1000;60;3;BubbleSort;1196044;413180;92421;430402
1000;60;3;MergeSort;19952;7145;0;142581
1000;60;3;CountingSort;3001;0;0;16560
1000;60;3;QuickSort;35878;15163;6239;48200
1000;60;3;InsertionSort;260019;86673;0;85880
1000;60;3;BubbleSort;1123140;390222;85674;416061
1000;60;3;MergeSort;19952;7126;0;108381
1000;60;3;CountingSort;3001;0;0;27710
1000;60;3;QuickSort;41814;17226;7525;52010
1000;60;3;InsertionSort;276204;92068;0;244501
1000;60;3;BubbleSort;1183924;409824;91069;538061
1000;60;3;MergeSort;19952;7147;0;82340
1000;60;3;CountingSort;3001;0;0;18990
1000;60;3;QuickSort;39085;16447;6878;61630
1000;60;3;InsertionSort;258411;86137;0;58000
1000;60;3;BubbleSort;1156796;408122;85138;351951
1000;60;3;MergeSort;19952;7148;0;86540
1000;60;3;CountingSort;3001;0;0;22810
1000;60;3;QuickSort;44778;18405;8128;46890
1000;60;3;InsertionSort;269397;89799;0;181061
1000;60;3;BubbleSort;1162794;403797;88800;548192
1000;60;3;MergeSort;19952;7138;0;164491
1000;60;3;CountingSort;3001;0;0;1214403
1000;60;3;QuickSort;41864;17306;7523;70060
1000;60;3;InsertionSort;276105;92035;0;105480
1000;60;3;BubbleSort;1171738;403797;91036;476581
1000;60;3;MergeSort;19952;7134;0;144841
1000;60;3;CountingSort;3001;0;0;22020
1000;60;3;QuickSort;43030;17635;7798;74420
1000;60;3;InsertionSort;278508;92836;0;76730
1000;60;3;BubbleSort;1194538;413595;91837;310241
1000;60;3;MergeSort;19952;7137;0;106640
1000;60;3;CountingSort;3001;0;0;13720
1000;60;3;QuickSort;37971;16164;6602;62100
1000;60;3;InsertionSort;258390;86130;0;68740
1000;60;3;BubbleSort;1148118;403797;85131;488861
1000;60;3;MergeSort;19952;7154;0;96070
1000;60;3;CountingSort;3001;0;0;31310
1000;60;3;QuickSort;37313;15494;6609;57930
1000;60;3;InsertionSort;261528;87176;0;63040
1000;60;3;BubbleSort;1176018;415655;86177;370341
1000;60;3;MergeSort;19952;7121;0;84370
1000;60;3;CountingSort;3001;0;0;20850
1000;60;3;QuickSort;40123;16882;7071;41070
1000;60;3;InsertionSort;279801;93267;0;89360
1000;60;3;BubbleSort;1197916;414422;92268;415731
1000;60;3;MergeSort;19952;7139;0;146910
1000;60;3;CountingSort;3001;0;0;49770
1000;60;3;QuickSort;36897;15813;6365;54870
1000;60;3;InsertionSort;284220;94740;0;87210
1000;60;3;BubbleSort;1200492;412764;93741;373751
1000;60;3;MergeSort;19952;7145;0;81591
1000;60;3;CountingSort;3001;0;0;19050
1000;60;3;QuickSort;38491;15952;6847;50560
1000;60;3;InsertionSort;279933;93311;0;98101
1000;60;3;BubbleSort;1201376;416064;92312;439561
1000;60;3;MergeSort;19952;7126;0;117390
1000;60;3;CountingSort;3001;0;0;25201
1000;60;3;QuickSort;34266;14655;5875;47700
1000;60;3;InsertionSort;270894;90298;0;388611
1000;60;3;BubbleSort;1176844;409824;89299;849082
1000;60;3;MergeSort;19952;7149;0;97410
1000;60;3;CountingSort;3001;0;0;23050
1000;60;3;QuickSort;39057;16182;6960;48340
1000;60;3;InsertionSort;265527;88509;0;71070
1000;60;3;BubbleSort;1149678;399819;87510;452622
1000;60;3;MergeSort;19952;7131;0;62131
1000;60;3;CountingSort;3001;0;0;29501
1000;60;3;QuickSort;36748;15880;6286;43430
1000;60;3;InsertionSort;288819;96273;0;142060
1000;60;3;BubbleSort;1189564;404234;95274;563052
1000;60;3;MergeSort;19952;7152;0;148540
1000;60;3;CountingSort;3001;0;0;23540
1000;60;3;QuickSort;40067;16580;7156;54131
1000;60;3;InsertionSort;265914;88638;0;68420
1000;60;3;BubbleSort;1169356;409400;87639;590081
1000;60;3;MergeSort;19952;7140;0;91260
1000;60;3;CountingSort;3001;0;0;30240
1000;60;3;QuickSort;41866;17539;7444;54970
1000;60;3;InsertionSort;287853;95951;0;82671
1000;60;3;BubbleSort;1211936;416064;94952;409362
1000;60;3;MergeSort;19952;7121;0;118340
1000;60;3;CountingSort;3001;0;0;8690
1000;60;3;QuickSort;36646;15709;6321;38551
1000;60;3;InsertionSort;275913;91971;0;66970
1000;60;3;BubbleSort;1163526;399819;90972;408481
1000;60;3;MergeSort;19952;7124;0;130850
1000;60;3;CountingSort;3001;0;0;17701
1000;60;3;QuickSort;36116;14909;6410;58850
1000;60;3;InsertionSort;267378;89126;0;50070
1000;60;3;BubbleSort;1183818;415655;88127;310531
1000;60;3;MergeSort;19952;7149;0;84380
1000;60;3;CountingSort;3001;0;0;9850
1000;60;3;QuickSort;35608;15808;5947;38780
1000;60;3;InsertionSort;271095;90365;0;184490
1000;60;3;BubbleSort;1163304;402920;89366;612442
1000;60;3;MergeSort;19952;7145;0;114940
1000;60;3;CountingSort;3001;0;0;40660
1000;60;3;QuickSort;37766;16544;6418;98401
1000;60;3;InsertionSort;273234;91078;0;97361
1000;60;3;BubbleSort;1191626;415655;90079;584801
1000;60;3;MergeSort;19952;7122;0;166330
1000;60;3;CountingSort;3001;0;0;9720
1000;60;3;QuickSort;40535;16865;7229;66220
1000;60;3;InsertionSort;276189;92063;0;658532
1000;60;3;BubbleSort;1176200;405972;91064;908163
1000;60;3;MergeSort;19952;7120;0;111061
1000;60;3;CountingSort;3001;0;0;41430
1000;60;3;QuickSort;35534;15020;6184;77320
1000;60;3;InsertionSort;267783;89261;0;96371
1000;60;3;BubbleSort;1167578;407265;88262;525882
1000;60;3;MergeSort;19952;7132;0;146620
1000;60;3;CountingSort;3001;0;0;11130
1000;60;3;QuickSort;35796;14817;6315;46880
1000;60;3;InsertionSort;279411;93137;0;447381
1000;60;3;BubbleSort;1185650;408549;92138;769712
1000;60;3;MergeSort;19952;7117;0;116051
1000;60;3;CountingSort;3001;0;0;16180
1000;60;3;QuickSort;37807;15538;6751;40230
1000;60;3;InsertionSort;276126;92042;0;85981
1000;60;3;BubbleSort;1145550;390689;91043;373541
1000;60;3;MergeSort;19952;7152;0;86480
1000;60;3;CountingSort;3001;0;0;7360
1000;60;3;QuickSort;39062;15812;7081;47080
1000;60;3;InsertionSort;288255;96085;0;44580
1000;60;3;BubbleSort;1202524;411090;95086;533251
1000;60;3;MergeSort;19952;7151;0;150970
1000;60;3;CountingSort;3001;0;0;9230
1000;60;3;QuickSort;38751;16452;6774;59351
1000;60;3;InsertionSort;256995;85665;0;62641
1000;60;3;BubbleSort;1123758;392547;84666;449241
1000;60;3;MergeSort;19952;7133;0;125150
1000;60;3;CountingSort;3001;0;0;9130
1000;60;3;QuickSort;35162;14735;6144;46850
1000;60;3;InsertionSort;263823;87941;0;165940
1000;60;3;BubbleSort;1170788;411510;86942;623522
1000;60;3;MergeSort;19952;7140;0;137350
1000;60;3;CountingSort;3001;0;0;9380
1000;60;3;QuickSort;48001;19591;8815;47891
1000;60;3;InsertionSort;264378;88126;0;58130
1000;60;3;BubbleSort;1166458;408975;87127;305181
1000;60;3;MergeSort;19952;7125;0;105040
1000;60;3;CountingSort;3001;0;0;8960
1000;60;3;QuickSort;42195;17361;7623;62541
1000;60;3;InsertionSort;271050;90350;0;70200
1000;60;3;BubbleSort;1173648;408122;89351;413401
1000;60;3;MergeSort;19952;7147;0;109760
1000;60;3;CountingSort;3001;0;0;9510
1000;60;3;QuickSort;44435;18557;7968;52070
1000;60;3;InsertionSort;282594;94198;0;485431
1000;60;3;BubbleSort;1190746;408975;93199;871902
1000;60;3;MergeSort;19952;7124;0;103040
1000;60;3;CountingSort;3001;0;0;9130
1000;60;3;QuickSort;43170;17874;7766;49740
1000;60;3;InsertionSort;267261;89087;0;89301
1000;60;3;BubbleSort;1181196;414422;88088;501142
1000;60;3;MergeSort;19952;7112;0;127530
1000;60;3;CountingSort;3001;0;0;9810
1000;60;3;QuickSort;36611;15497;6379;51430
1000;60;3;InsertionSort;277326;92442;0;74960
1000;60;3;BubbleSort;1155466;394847;91443;319501
1000;60;3;MergeSort;19952;7104;0;146311
1000;60;3;CountingSort;3001;0;0;12500
1000;60;3;QuickSort;43281;17697;7861;48720
1000;60;3;InsertionSort;266241;88747;0;119470
1000;60;3;BubbleSort;1151522;400265;87748;556082
1000;60;3;MergeSort;19952;7143;0;124441
1000;60;3;CountingSort;3001;0;0;10960
1000;60;3;QuickSort;49941;20886;9015;67210
1000;60;3;InsertionSort;261453;87151;0;73870
1000;60;3;BubbleSort;1125052;390222;86152;434621
1000;60;3;MergeSort;19952;7124;0;119471
1000;60;3;CountingSort;3001;0;0;9640
1000;60;3;QuickSort;43199;18608;7525;53690
1000;60;3;InsertionSort;278790;92930;0;91591
1000;60;3;BubbleSort;1179668;405972;91931;610521
1000;60;3;MergeSort;19952;7133;0;140940
1000;60;3;CountingSort;3001;0;0;12170
1000;60;3;QuickSort;38854;16615;6740;57680
1000;60;3;InsertionSort;263361;87787;0;93560
1000;60;3;BubbleSort;1165102;408975;86788;365291
1000;60;3;MergeSort;19952;7141;0;115961
1000;60;3;CountingSort;3001;0;0;12440
1000;60;3;QuickSort;38648;16664;6656;40140
1000;60;3;InsertionSort;288186;96062;0;189021
1000;60;3;BubbleSort;1191330;405539;95063;523252
1000;60;3;MergeSort;19952;7116;0;145590
1000;60;3;CountingSort;3001;0;0;8960
1000;60;3;QuickSort;39628;16504;7041;39120
1000;60;3;InsertionSort;271047;90349;0;87121
1000;60;3;BubbleSort;1162360;402480;89350;534772
1000;60;3;MergeSort;19952;7139;0;102661
1000;60;3;CountingSort;3001;0;0;8970
1000;60;3;QuickSort;36500;15479;6338;47491
1000;60;3;InsertionSort;267177;89059;0;66050
1000;60;3;BubbleSort;1168484;408122;88060;436761
1000;60;3;MergeSort;19952;7137;0;156410
1000;60;3;CountingSort;3001;0;0;7730
1000;60;3;QuickSort;45745;19333;8139;59370
1000;60;3;InsertionSort;273030;91010;0;82810
1000;60;3;BubbleSort;1155192;397574;90011;337921
1000;60;3;MergeSort;19952;7121;0;107281
1000;60;3;CountingSort;3001;0;0;7630
1000;60;3;QuickSort;35817;15069;6242;46550
1000;60;3;InsertionSort;268305;89435;0;177601
1000;60;3;BubbleSort;1167414;406835;88436;583162
1000;60;3;MergeSort;19952;7146;0;147221
1000;60;3;CountingSort;3001;0;0;7950
1000;60;3;QuickSort;37251;16314;6328;58910
1000;60;3;InsertionSort;284049;94683;0;57690
1000;60;3;BubbleSort;1206046;415655;93684;543732
1000;60;3;MergeSort;19952;7167;0;155771
1000;60;3;CountingSort;3001;0;0;8850
1000;60;3;QuickSort;37288;16075;6400;63480
1000;60;3;InsertionSort;284796;94932;0;421461
1000;60;3;BubbleSort;1169976;397122;93933;664402
1000;60;3;MergeSort;19952;7154;0;93270
1000;60;3;CountingSort;3001;0;0;9030
1000;60;3;QuickSort;36162;15900;6090;38800
1000;60;3;InsertionSort;280284;93428;0;88790
1000;60;3;BubbleSort;1170246;400265;92429;411821
1000;60;3;MergeSort;19952;7127;0;135130
1000;60;3;CountingSort;3001;0;0;8631
1000;60;3;QuickSort;38798;15770;7011;44500
1000;60;3;InsertionSort;271170;90390;0;55670
1000;60;3;BubbleSort;1155412;398924;89391;601541
1000;60;3;MergeSort;19952;7117;0;82140
1000;60;3;CountingSort;3001;0;0;8990
1000;60;3;QuickSort;39204;16740;6808;38670
1000;60;3;InsertionSort;281388;93796;0;181211
1000;60;3;BubbleSort;1173496;401154;92797;653471
1000;60;3;MergeSort;19952;7133;0;110080
1000;60;3;CountingSort;3001;0;0;14490
1000;60;3;QuickSort;39312;16524;6922;54110
1000;60;3;InsertionSort;267534;89178;0;59570
1000;60;3;BubbleSort;1178244;412764;88179;413211
1000;60;3;MergeSort;19952;7131;0;98671
1000;60;3;CountingSort;3001;0;0;9500
1000;60;3;QuickSort;35914;15157;6254;46921
1000;60;3;InsertionSort;286023;95341;0;288050
1000;60;3;BubbleSort;1206212;414422;94342;672112
1000;60;3;MergeSort;19952;7108;0;147090
1000;60;3;CountingSort;3001;0;0;8100
1000;60;3;QuickSort;35957;15320;6208;59260
1000;60;3;InsertionSort;284844;94948;0;59940
1000;60;3;BubbleSort;1183390;403797;93949;528061
1000;60;3;MergeSort;19952;7158;0;143630
1000;60;3;CountingSort;3001;0;0;7890
1000;60;3;QuickSort;39772;17158;6858;58330
1000;60;3;InsertionSort;269199;89733;0;73151
1000;60;3;BubbleSort;1180464;412764;88734;410892
1000;60;3;MergeSort;19952;7161;0;125630
1000;60;3;CountingSort;3001;0;0;9320
1000;60;3;QuickSort;38304;16440;6627;47491
1000;60;3;InsertionSort;269412;89804;0;212791
1000;60;3;BubbleSort;1149464;397122;88805;519341
1000;60;3;MergeSort;19952;7134;0;137430
1000;60;3;CountingSort;3001;0;0;9271
1000;60;3;QuickSort;42934;18250;7556;49340
1000;60;3;InsertionSort;263448;87816;0;71110
1000;60;3;BubbleSort;1156608;404670;86817;396351
1000;60;3;MergeSort;19952;7132;0;105820
1000;60;3;CountingSort;3001;0;0;18330
1000;60;3;QuickSort;36880;15139;6579;163180
1000;60;3;InsertionSort;278979;92993;0;255701
1000;60;3;BubbleSort;1160406;396215;91994;589052
1000;60;3;MergeSort;19952;7135;0;168231
1000;60;3;CountingSort;3001;0;0;16201
1000;60;3;QuickSort;35775;15003;6257;54150
1000;60;3;InsertionSort;276897;92299;0;94800
1000;60;3;BubbleSort;1193218;414009;91300;482291
1000;60;3;MergeSort;19952;7140;0;126650
1000;60;3;CountingSort;3001;0;0;9010
1000;60;3;QuickSort;39718;16648;7015;78011
1000;60;3;InsertionSort;268818;89606;0;325141
1000;60;3;BubbleSort;1171526;408549;88607;654141
1000;60;3;MergeSort;19952;7126;0;111360
1000;60;3;CountingSort;3001;0;0;9480
1000;60;3;QuickSort;36786;15561;6402;63160
1000;60;3;InsertionSort;268224;89408;0;108940
1000;60;3;BubbleSort;1161230;403797;88409;515802
1000;60;3;MergeSort;19952;7153;0;173641
1000;60;3;CountingSort;3001;0;0;9310
1000;60;3;QuickSort;39068;16058;7009;52760
1000;60;3;InsertionSort;271734;90578;0;391491
1000;60;3;BubbleSort;1183844;412764;89579;719752
1000;60;3;MergeSort;19952;7147;0;112810
1000;60;3;CountingSort;3001;0;0;9130
1000;60;3;QuickSort;43632;18243;7804;40951
1000;60;3;InsertionSort;270015;90005;0;133230
1000;60;3;BubbleSort;1184042;414009;89006;529031
1000;60;3;MergeSort;19952;7119;0;104780
1000;60;3;CountingSort;3001;0;0;8900
1000;60;3;QuickSort;38340;15720;6865;38860
1000;60;3;InsertionSort;278253;92751;0;79371
1000;60;3;BubbleSort;1184106;408549;91752;483611
1000;60;3;MergeSort;19952;7101;0;112801
1000;60;3;CountingSort;3001;0;0;15790
1000;60;3;QuickSort;39305;16418;6963;70820
1000;60;3;InsertionSort;281298;93766;0;70030
1000;60;3;BubbleSort;1191562;410247;92767;427981
1000;60;3;MergeSort;19952;7139;0;133281
1000;60;3;CountingSort;3001;0;0;14840
1000;60;3;QuickSort;39578;16442;7038;49070
1000;60;3;InsertionSort;270894;90298;0;309931
1000;60;3;BubbleSort;1174294;408549;89299;629292
1000;60;3;MergeSort;19952;7142;0;158861
1000;60;3;CountingSort;3001;0;0;9450
1000;60;3;QuickSort;40684;16753;7303;62630
1000;60;3;InsertionSort;277716;92572;0;455141
1000;60;3;BubbleSort;1179962;406835;91573;793282
1000;60;3;MergeSort;19952;7143;0;100230
1000;60;3;CountingSort;3001;0;0;8280
1000;60;3;QuickSort;40471;17314;7059;45830
1000;60;3;InsertionSort;265056;88352;0;51710
1000;60;3;BubbleSort;1183170;416879;87353;419011
1000;60;3;MergeSort;19952;7137;0;94811
1000;60;3;CountingSort;3001;0;0;15010
1000;60;3;QuickSort;35578;15148;6143;48430
1000;60;3;InsertionSort;264417;88139;0;127251
1000;60;3;BubbleSort;1149980;400710;87140;536172
1000;60;3;MergeSort;19952;7140;0;174961
1000;60;3;CountingSort;3001;0;0;9100
1000;60;3;QuickSort;41274;17157;7369;74080
1000;60;3;InsertionSort;269370;89790;0;82580
1000;60;3;BubbleSort;1180692;412764;88791;472821
1000;60;3;MergeSort;19952;7143;0;138210
1000;60;3;CountingSort;3001;0;0;9410
1000;60;3;QuickSort;41853;17868;7334;52600
1000;60;3;InsertionSort;267087;89029;0;96370
1000;60;3;BubbleSort;1123114;385497;88030;513792
1000;60;3;MergeSort;19952;7115;0;152971
1000;60;3;CountingSort;3001;0;0;9480
1000;60;3;QuickSort;39342;16551;6933;63681
1000;60;3;InsertionSort;275604;91868;0;69700
1000;60;3;BubbleSort;1156814;396669;90869;407411
1000;60;3;MergeSort;19952;7151;0;105910
1000;60;3;CountingSort;3001;0;0;14670
1000;60;3;QuickSort;41198;16886;7425;70840
1000;60;3;InsertionSort;268206;89402;0;560761
1000;60;3;BubbleSort;1189800;418094;88403;894762
1000;60;3;MergeSort;19952;7098;0;95810
1000;60;3;CountingSort;3001;0;0;9580
1000;60;3;QuickSort;39356;16694;6891;56850
1000;60;3;InsertionSort;277599;92533;0;87250
1000;60;3;BubbleSort;1162186;398025;91534;310051
1000;60;3;MergeSort;19952;7122;0;114471
1000;60;3;CountingSort;3001;0;0;13900
1000;60;3;QuickSort;40454;17447;7017;49490
1000;60;3;InsertionSort;255867;85289;0;255061
1000;60;3;BubbleSort;1162688;412764;84290;742332
1000;60;3;MergeSort;19952;7127;0;163931
1000;60;3;CountingSort;3001;0;0;10000
1000;60;3;QuickSort;40336;16948;7126;62870
1000;60;3;InsertionSort;276840;92280;0;567012
1000;60;3;BubbleSort;1165654;400265;91281;875923
1000;60;3;MergeSort;19952;7117;0;121331
1000;60;3;CountingSort;3001;0;0;9320
1000;60;3;QuickSort;40965;17277;7236;55731
1000;60;3;InsertionSort;270222;90074;0;60211
1000;60;3;BubbleSort;1131098;387399;89075;404111
1000;60;3;MergeSort;19952;7124;0;103960
1000;60;3;CountingSort;3001;0;0;9520
1000;60;3;QuickSort;43259;17708;7853;63680
1000;60;3;InsertionSort;270042;90014;0;72360
1000;60;3;BubbleSort;1177398;410669;89015;491171
1000;60;3;MergeSort;19952;7116;0;140250
1000;60;3;CountingSort;3001;0;0;9330
1000;60;3;QuickSort;39788;16502;7089;48680
1000;60;3;InsertionSort;271821;90607;0;65330
1000;60;3;BubbleSort;1158962;400265;89608;520681
1000;60;3;MergeSort;19952;7143;0;147021
1000;60;3;CountingSort;3001;0;0;9450
1000;60;3;QuickSort;40234;16552;7229;61261
1000;60;3;InsertionSort;283503;94501;0;72651
1000;60;3;BubbleSort;1193656;409824;93502;304840
1000;60;3;MergeSort;19952;7156;0;113770
1000;60;3;CountingSort;3001;0;0;8950
1000;60;3;QuickSort;36756;15213;6525;47040
1000;60;3;InsertionSort;269301;89767;0;53800
1000;60;3;BubbleSort;1160912;402920;88768;528572
1000;60;3;MergeSort;19952;7154;0;150691
1000;60;3;CountingSort;3001;0;0;7840
1000;60;3;QuickSort;36512;15908;6212;45821
1000;60;3;InsertionSort;271539;90513;0;95850
1000;60;3;BubbleSort;1161250;401597;89514;465051
1000;60;3;MergeSort;19952;7110;0;125840
1000;60;3;CountingSort;3001;0;0;9110
1000;60;3;QuickSort;38876;16436;6817;62360
1000;60;3;InsertionSort;273063;91021;0;450561
1000;60;3;BubbleSort;1178888;409400;90022;671692
1000;60;3;MergeSort;19952;7155;0;109551
1000;60;3;CountingSort;3001;0;0;14870
1000;60;3;QuickSort;39469;16537;6982;39640
1000;60;3;InsertionSort;273222;91074;0;65140
1000;60;3;BubbleSort;1179100;409400;90075;389071
1000;60;3;MergeSort;19952;7119;0;79690
1000;60;3;CountingSort;3001;0;0;9180
1000;60;3;QuickSort;35904;15150;6248;48690
1000;60;3;InsertionSort;255525;85175;0;40310
1000;60;3;BubbleSort;1168014;415655;84176;455102
1000;60;3;MergeSort;19952;7139;0;116400
1000;60;3;CountingSort;3001;0;0;9540
1000;60;3;QuickSort;36485;15461;6352;58630
1000;60;3;InsertionSort;271140;90380;0;67790
1000;60;3;BubbleSort;1188834;415655;89381;412921
1000;60;3;MergeSort;19952;7149;0;86190
1000;60;3;CountingSort;3001;0;0;9090
1000;60;3;QuickSort;41772;17040;7586;41370
1000;60;3;InsertionSort;276393;92131;0;127920
1000;60;3;BubbleSort;1161478;398475;91132;510071
1000;60;3;MergeSort;19952;7135;0;120550
1000;60;4;CountingSort;3001;0;0;223951
1000;60;4;QuickSort;42361;18283;7352;1143193
1000;60;4;InsertionSort;291069;97023;0;6115567
1000;60;4;BubbleSort;1206276;411090;96024;8407472
1000;60;4;MergeSort;19952;7370;0;865972
1000;60;4;CountingSort;3001;0;0;143271
1000;60;4;QuickSort;38920;16726;6725;319411
1000;60;4;InsertionSort;275187;91729;0;2855978
1000;60;4;BubbleSort;1190110;413595;90730;5404514
1000;60;4;MergeSort;19952;7362;0;305371
1000;60;4;CountingSort;3001;0;0;126841
1000;60;4;QuickSort;42147;17751;7462;222041
1000;60;4;InsertionSort;282057;94019;0;1501045
1000;60;4;BubbleSort;1170824;399372;93020;1978795
1000;60;4;MergeSort;19952;7351;0;259001
1000;60;4;CountingSort;3001;0;0;157270
1000;60;4;QuickSort;40751;16847;7289;192371
1000;60;4;InsertionSort;276444;92148;0;355561
1000;60;4;BubbleSort;1185090;410247;91149;839462
1000;60;4;MergeSort;19952;7361;0;265101
1000;60;4;CountingSort;3001;0;0;89900
1000;60;4;QuickSort;35792;15362;6144;140801
1000;60;4;InsertionSort;280758;93586;0;520962
1000;60;4;BubbleSort;1199192;414422;92587;1280933
1000;60;4;MergeSort;19952;7350;0;348241
1000;60;4;CountingSort;3001;0;0;144220
1000;60;4;QuickSort;40179;16878;7113;725812
1000;60;4;InsertionSort;266346;88782;0;290711
1000;60;4;BubbleSort;1178322;413595;87783;848132
1000;60;4;MergeSort;19952;7361;0;252471
1000;60;4;CountingSort;3001;0;0;126010
1000;60;4;QuickSort;33679;14764;5643;639832
1000;60;4;InsertionSort;268938;89646;0;223141
1000;60;4;BubbleSort;1176768;411090;88647;1337584
1000;60;4;MergeSort;19952;7363;0;310401
1000;60;4;CountingSort;3001;0;0;136931
1000;60;4;QuickSort;35139;15015;6051;778812
1000;60;4;InsertionSort;287580;95860;0;380161
1000;60;4;BubbleSort;1198244;409400;94861;906172
1000;60;4;MergeSort;19952;7376;0;398671
1000;60;4;CountingSort;3001;0;0;138280
1000;60;4;QuickSort;42292;18052;7411;842382
1000;60;4;InsertionSort;258153;86051;0;227111
1000;60;4;BubbleSort;1164902;412347;85052;722482
1000;60;4;MergeSort;19952;7343;0;423072
1000;60;4;CountingSort;3001;0;0;117570
1000;60;4;QuickSort;39542;16196;7112;241711
1000;60;4;InsertionSort;262305;87435;0;917463
1000;60;4;BubbleSort;1165392;409824;86436;1090213
1000;60;4;MergeSort;19952;7356;0;256091
1000;60;4;CountingSort;3001;0;0;174431
1000;60;4;QuickSort;46128;19176;8322;124750
1000;60;4;InsertionSort;281586;93862;0;228800
1000;60;4;BubbleSort;1194472;411510;92863;672712
1000;60;4;MergeSort;19952;7357;0;382761
1000;60;4;CountingSort;3001;0;0;89170
1000;60;4;QuickSort;36484;15508;6323;35561
1000;60;4;InsertionSort;275820;91940;0;137780
1000;60;4;BubbleSort;1184258;410247;90941;304721
1000;60;4;MergeSort;19952;7323;0;92300
1000;60;4;CountingSort;3001;0;0;92220
1000;60;4;QuickSort;45358;19348;8004;48520
1000;60;4;InsertionSort;262311;87437;0;71060
1000;60;4;BubbleSort;1160282;407265;86438;426721
1000;60;4;MergeSort;19952;7345;0;110931
1000;60;4;CountingSort;3001;0;0;118280
1000;60;4;QuickSort;36770;15686;6350;82510
1000;60;4;InsertionSort;284271;94757;0;104030
1000;60;4;BubbleSort;1188702;406835;93758;472701
1000;60;4;MergeSort;19952;7360;0;162610
1000;60;4;CountingSort;3001;0;0;85151
1000;60;4;QuickSort;45426;19428;7982;53061
1000;60;4;InsertionSort;272334;90778;0;369821
1000;60;4;BubbleSort;1162310;401597;89779;643951
1000;60;4;MergeSort;19952;7357;0;112410
1000;60;4;CountingSort;3001;0;0;119921
1000;60;4;QuickSort;37677;15597;6700;103721
1000;60;4;InsertionSort;278499;92833;0;76831
1000;60;4;BubbleSort;1167866;400265;91834;542161
1000;60;4;MergeSort;19952;7327;0;105570
1000;60;4;CountingSort;3001;0;0;47601
1000;60;4;QuickSort;39876;17061;6942;55050
1000;60;4;InsertionSort;272379;90793;0;142910
1000;60;4;BubbleSort;1147036;393930;89794;571771
1000;60;4;MergeSort;19952;7353;0;133980
1000;60;4;CountingSort;3001;0;0;64651
1000;60;4;QuickSort;38340;16122;6752;41831
1000;60;4;InsertionSort;274515;91505;0;85110
1000;60;4;BubbleSort;1153544;395760;90506;324611
1000;60;4;MergeSort;19952;7351;0;118750
1000;60;4;CountingSort;3001;0;0;21780
1000;60;4;QuickSort;44401;18148;8089;56300
1000;60;4;InsertionSort;283674;94558;0;91590
1000;60;4;BubbleSort;1191334;408549;93559;535821
1000;60;4;MergeSort;19952;7317;0;130911
1000;60;4;CountingSort;3001;0;0;21940
1000;60;4;QuickSort;35891;15884;6001;36460
1000;60;4;InsertionSort;281901;93967;0;581922
1000;60;4;BubbleSort;1182950;405539;92968;821213
1000;60;4;MergeSort;19952;7330;0;91380
1000;60;4;CountingSort;3001;0;0;19910
1000;60;4;QuickSort;38730;16098;6873;46920
1000;60;4;InsertionSort;269562;89854;0;55180
1000;60;4;BubbleSort;1170808;407694;88855;507981
1000;60;4;MergeSort;19952;7349;0;142071
1000;60;4;CountingSort;3001;0;0;27261
1000;60;4;QuickSort;34923;14967;5992;49440
1000;60;4;InsertionSort;277701;92567;0;246920
1000;60;4;BubbleSort;1192632;413180;91568;548071
1000;60;4;MergeSort;19952;7348;0;134280
1000;60;4;CountingSort;3001;0;0;1320344
1000;60;4;QuickSort;37950;16581;6451;47961
1000;60;4;InsertionSort;263220;87740;0;1238383
1000;60;4;BubbleSort;1156304;404670;86741;1493503
1000;60;4;MergeSort;19952;7365;0;117160
1000;60;4;CountingSort;3001;0;0;17710
1000;60;4;QuickSort;38942;16310;6877;38860
1000;60;4;InsertionSort;271485;90495;0;236341
1000;60;4;BubbleSort;1185174;413595;89496;546022
1000;60;4;MergeSort;19952;7363;0;150621
1000;60;4;CountingSort;3001;0;0;22640
1000;60;4;QuickSort;42273;17712;7531;49940
1000;60;4;InsertionSort;261723;87241;0;77560
1000;60;4;BubbleSort;1147276;401154;86242;580842
1000;60;4;MergeSort;19952;7362;0;73610
1000;60;4;CountingSort;3001;0;0;27240
1000;60;4;QuickSort;40306;16759;7188;49430
1000;60;4;InsertionSort;280602;93534;0;67831
1000;60;4;BubbleSort;1192320;411090;92535;516352
1000;60;4;MergeSort;19952;7331;0;148460
1000;60;4;CountingSort;3001;0;0;16500
1000;60;4;QuickSort;36428;15524;6302;67870
1000;60;4;InsertionSort;268836;89612;0;68990
1000;60;4;BubbleSort;1162920;404234;88613;431471
1000;60;4;MergeSort;19952;7379;0;108041
1000;60;4;CountingSort;3001;0;0;20230
1000;60;4;QuickSort;39582;16992;6868;46760
1000;60;4;InsertionSort;281748;93916;0;239911
1000;60;4;BubbleSort;1195526;411929;92917;604002
1000;60;4;MergeSort;19952;7372;0;118791
1000;60;4;CountingSort;3001;0;0;17030
1000;60;4;QuickSort;45263;19115;8050;45560
1000;60;4;InsertionSort;266484;88828;0;98530
1000;60;4;BubbleSort;1147366;398025;87829;441981
1000;60;4;MergeSort;19952;7355;0;103540
1000;60;4;CountingSort;3001;0;0;71890
1000;60;4;QuickSort;38041;15976;6690;49110
1000;60;4;InsertionSort;283668;94556;0;162861
1000;60;4;BubbleSort;1212026;418899;93557;556062
1000;60;4;MergeSort;19952;7329;0;154000
1000;60;4;CountingSort;3001;0;0;16510
1000;60;4;QuickSort;42150;17565;7522;53780
1000;60;4;InsertionSort;278379;92793;0;104641
1000;60;4;BubbleSort;1204170;418497;91794;455482
1000;60;4;MergeSort;19952;7379;0;70091
1000;60;4;CountingSort;3001;0;0;17860
1000;60;4;QuickSort;36740;16097;6222;52860
1000;60;4;InsertionSort;270816;90272;0;52320
1000;60;4;BubbleSort;1154042;398475;89273;587562
1000;60;4;MergeSort;19952;7353;0;165251
1000;60;4;CountingSort;3001;0;0;20341
1000;60;4;QuickSort;35931;15267;6225;47040
1000;60;4;InsertionSort;274965;91655;0;54590
1000;60;4;BubbleSort;1183118;410247;90656;526491
1000;60;4;MergeSort;19952;7364;0;110840
1000;60;4;CountingSort;3001;0;0;22200
1000;60;4;QuickSort;38161;16150;6666;48381
1000;60;4;InsertionSort;271416;90472;0;72240
1000;60;4;BubbleSort;1189202;415655;89473;466831
1000;60;4;MergeSort;19952;7354;0;108230
1000;60;4;CountingSort;3001;0;0;20270
1000;60;4;QuickSort;35964;15546;6142;58910
1000;60;4;InsertionSort;274275;91425;0;52800
1000;60;4;BubbleSort;1173648;405972;90426;538421
1000;60;4;MergeSort;19952;7364;0;152780
1000;60;4;CountingSort;3001;0;0;21960
1000;60;4;QuickSort;37585;16315;6422;56021
1000;60;4;InsertionSort;271269;90423;0;69891
1000;60;4;BubbleSort;1163536;402920;89424;327130
1000;60;4;MergeSort;19952;7336;0;110550
1000;60;4;CountingSort;3001;0;0;20150
1000;60;4;QuickSort;34293;15702;5538;48540
1000;60;4;InsertionSort;280743;93581;0;52980
1000;60;4;BubbleSort;1189128;409400;92582;531042
1000;60;4;MergeSort;19952;7332;0;175730
1000;60;4;CountingSort;3001;0;0;10790
1000;60;4;QuickSort;40193;16961;7085;54460
1000;60;4;InsertionSort;277392;92464;0;99230
1000;60;4;BubbleSort;1200430;417285;91465;507631
1000;60;4;MergeSort;19952;7356;0;136750
1000;60;4;CountingSort;3001;0;0;8960
1000;60;4;QuickSort;34700;14687;5998;63310
1000;60;4;InsertionSort;276231;92077;0;606142
1000;60;4;BubbleSort;1174522;405105;91078;932813
1000;60;4;MergeSort;19952;7347;0;87781
1000;60;4;CountingSort;3001;0;0;9840
1000;60;4;QuickSort;32853;14418;5481;39700
1000;60;4;InsertionSort;261030;87010;0;80270
1000;60;4;BubbleSort;1175354;415655;86011;419381
1000;60;4;MergeSort;19952;7333;0;111220
1000;60;4;CountingSort;3001;0;0;9170
1000;60;4;QuickSort;44181;18717;7811;73330
1000;60;4;InsertionSort;268272;89424;0;76410
1000;60;4;BubbleSort;1179228;412764;88425;446441
1000;60;4;MergeSort;19952;7343;0;105881
1000;60;4;CountingSort;3001;0;0;9120
1000;60;4;QuickSort;35555;15299;6085;46680
1000;60;4;InsertionSort;263595;87865;0;63001
1000;60;4;BubbleSort;1161134;406835;86866;494991
1000;60;4;MergeSort;19952;7345;0;143660
1000;60;4;CountingSort;3001;0;0;9010
1000;60;4;QuickSort;36505;15247;6422;47680
1000;60;4;InsertionSort;267948;89316;0;55780
1000;60;4;BubbleSort;1166076;406404;88317;469492
1000;60;4;MergeSort;19952;7331;0;143931
1000;60;4;CountingSort;3001;0;0;8880
1000;60;4;QuickSort;38495;15956;6850;47540
1000;60;4;InsertionSort;275625;91875;0;57811
1000;60;4;BubbleSort;1178892;407694;90876;383911
1000;60;4;MergeSort;19952;7363;0;98380
1000;60;4;CountingSort;3001;0;0;9580
1000;60;4;QuickSort;40085;16805;7085;47440
1000;60;4;InsertionSort;283263;94421;0;179061
1000;60;4;BubbleSort;1206632;416472;93422;615071
1000;60;4;MergeSort;19952;7356;0;144060
1000;60;4;CountingSort;3001;0;0;9400
1000;60;4;QuickSort;42404;18125;7429;57890
1000;60;4;InsertionSort;276765;92255;0;63931
1000;60;4;BubbleSort;1190552;412764;91256;427752
1000;60;4;MergeSort;19952;7323;0;113460
1000;60;4;CountingSort;3001;0;0;9510
1000;60;4;QuickSort;38292;16173;6703;59111
1000;60;4;InsertionSort;267591;89197;0;384581
1000;60;4;BubbleSort;1175812;411510;88198;734222
1000;60;4;MergeSort;19952;7358;0;103420
1000;60;4;CountingSort;3001;0;0;10700
1000;60;4;QuickSort;38333;16448;6626;58470
1000;60;4;InsertionSort;262122;87374;0;560081
1000;60;4;BubbleSort;1155710;405105;86375;821192
1000;60;4;MergeSort;19952;7351;0;134320
1000;60;4;CountingSort;3001;0;0;7940
1000;60;4;QuickSort;36538;15052;6489;52190
1000;60;4;InsertionSort;267546;89182;0;68310
1000;60;4;BubbleSort;1162072;404670;88183;654472
1000;60;4;MergeSort;19952;7347;0;82761
1000;60;4;CountingSort;3001;0;0;7520
1000;60;4;QuickSort;35231;15422;5928;59330
1000;60;4;InsertionSort;269991;89997;0;573562
1000;60;4;BubbleSort;1170522;407265;88998;870723
1000;60;4;MergeSort;19952;7385;0;101381
1000;60;4;CountingSort;3001;0;0;9200
1000;60;4;QuickSort;40705;16936;7271;47860
1000;60;4;InsertionSort;271287;90429;0;89050
1000;60;4;BubbleSort;1183248;412764;89430;423971
1000;60;4;MergeSort;19952;7356;0;166600
1000;60;4;CountingSort;3001;0;0;10180
1000;60;4;QuickSort;41302;17353;7313;59670
1000;60;4;InsertionSort;269244;89748;0;67330
1000;60;4;BubbleSort;1145604;395304;88749;437021
1000;60;4;MergeSort;19952;7348;0;143101
1000;60;4;CountingSort;3001;0;0;9480
1000;60;4;QuickSort;38786;16739;6677;39230
1000;60;4;InsertionSort;270420;90140;0;67680
1000;60;4;BubbleSort;1170234;406835;89141;757063
1000;60;4;MergeSort;19952;7358;0;123571
1000;60;4;CountingSort;3001;0;0;9470
1000;60;4;QuickSort;37093;15898;6389;54921
1000;60;4;InsertionSort;278682;92894;0;66081
1000;60;4;BubbleSort;1186380;409400;91895;383711
1000;60;4;MergeSort;19952;7354;0;114790
1000;60;4;CountingSort;3001;0;0;9100
1000;60;4;QuickSort;36352;15466;6301;48300
1000;60;4;InsertionSort;262377;87459;0;45940
1000;60;4;BubbleSort;1141890;398025;86460;533381
1000;60;4;MergeSort;19952;7342;0;149390
1000;60;4;CountingSort;3001;0;0;8130
1000;60;4;QuickSort;36414;15528;6291;50370
1000;60;4;InsertionSort;249378;83126;0;81350
1000;60;4;BubbleSort;1136976;404234;82127;467691
1000;60;4;MergeSort;19952;7334;0;130930
1000;60;4;CountingSort;3001;0;0;9510
1000;60;4;QuickSort;35011;15031;5988;54420
1000;60;4;InsertionSort;280476;93492;0;77110
1000;60;4;BubbleSort;1199640;414834;92493;538301
1000;60;4;MergeSort;19952;7348;0;145461
1000;60;4;CountingSort;3001;0;0;9340
1000;60;4;QuickSort;41256;17013;7415;53710
1000;60;4;InsertionSort;277314;92438;0;86881
1000;60;4;BubbleSort;1182000;408122;91439;401961
1000;60;4;MergeSort;19952;7326;0;142500
1000;60;4;CountingSort;3001;0;0;11430
1000;60;4;QuickSort;39937;17197;6916;49291
1000;60;4;InsertionSort;283956;94652;0;190821
1000;60;4;BubbleSort;1203456;414422;93653;532971
1000;60;4;MergeSort;19952;7368;0;158410
1000;60;4;CountingSort;3001;0;0;9760
1000;60;4;QuickSort;39876;16782;7044;60980
1000;60;4;InsertionSort;263235;87745;0;67380
1000;60;4;BubbleSort;1168322;410669;86746;546302
1000;60;4;MergeSort;19952;7347;0;141181
1000;60;4;CountingSort;3001;0;0;9100
1000;60;4;QuickSort;35603;14951;6228;46780
1000;60;4;InsertionSort;267231;89077;0;322261
1000;60;4;BubbleSort;1173650;410669;88078;685002
1000;60;4;MergeSort;19952;7360;0;155410
1000;60;4;CountingSort;3001;0;0;15230
1000;60;4;QuickSort;40104;17247;6948;50720
1000;60;4;InsertionSort;276576;92192;0;83381
1000;60;4;BubbleSort;1183572;409400;91193;365791
1000;60;4;MergeSort;19952;7365;0;120981
1000;60;4;CountingSort;3001;0;0;9020
1000;60;4;QuickSort;42256;17476;7595;60210
1000;60;4;InsertionSort;289002;96334;0;709612
1000;60;4;BubbleSort;1210184;414422;95335;936743
1000;60;4;MergeSort;19952;7358;0;107620
1000;60;4;CountingSort;3001;0;0;9470
1000;60;4;QuickSort;39747;16827;6973;58930
1000;60;4;InsertionSort;263202;87734;0;110060
1000;60;4;BubbleSort;1140278;396669;86735;374191
1000;60;4;MergeSort;19952;7335;0;157301
1000;60;4;CountingSort;3001;0;0;9470
1000;60;4;QuickSort;42080;17732;7442;68170
1000;60;4;InsertionSort;265281;88427;0;540501
1000;60;4;BubbleSort;1182656;416472;87428;768332
1000;60;4;MergeSort;19952;7350;0;109780
1000;60;4;CountingSort;3001;0;0;9020
1000;60;4;QuickSort;38945;16820;6706;56800
1000;60;4;InsertionSort;269640;89880;0;93720
1000;60;4;BubbleSort;1157832;401154;88881;429231
1000;60;4;MergeSort;19952;7362;0;115080
1000;60;4;CountingSort;3001;0;0;9040
1000;60;4;QuickSort;38169;15735;6816;38840
1000;60;4;InsertionSort;276270;92090;0;58220
1000;60;4;BubbleSort;1176308;405972;91091;522471
1000;60;4;MergeSort;19952;7364;0;135761
1000;60;4;CountingSort;3001;0;0;9130
1000;60;4;QuickSort;42042;17688;7436;67760
1000;60;4;InsertionSort;264756;88252;0;63280
1000;60;4;BubbleSort;1163542;407265;87253;391712
1000;60;4;MergeSort;19952;7358;0;100250
1000;60;4;CountingSort;3001;0;0;14870
1000;60;4;QuickSort;36922;15409;6511;47341
1000;60;4;InsertionSort;274755;91585;0;284360
1000;60;4;BubbleSort;1170812;404234;90586;613291
1000;60;4;MergeSort;19952;7379;0;155710
1000;60;4;CountingSort;3001;0;0;9050
1000;60;4;QuickSort;42523;17191;7774;57420
1000;60;4;InsertionSort;272055;90685;0;65560
1000;60;4;BubbleSort;1166338;403797;89686;387271
1000;60;4;MergeSort;19952;7341;0;118870
1000;60;4;CountingSort;3001;0;0;9280
1000;60;4;QuickSort;41672;17294;7459;48570
1000;60;4;InsertionSort;274704;91568;0;130610
1000;60;4;BubbleSort;1151970;394847;90569;582232
1000;60;4;MergeSort;19952;7341;0;162481
1000;60;4;CountingSort;3001;0;0;9591
1000;60;4;QuickSort;35678;15692;5989;49120
1000;60;4;InsertionSort;269673;89891;0;91020
1000;60;4;BubbleSort;1193366;418899;88892;491971
1000;60;4;MergeSort;19952;7383;0;122480
1000;60;4;CountingSort;3001;0;0;9320
1000;60;4;QuickSort;45138;18498;8221;82390
1000;60;4;InsertionSort;276828;92276;0;89080
1000;60;4;BubbleSort;1194776;414834;91277;490542
1000;60;4;MergeSort;19952;7342;0;134131
1000;60;4;CountingSort;3001;0;0;9141
1000;60;4;QuickSort;39265;16531;6900;47370
1000;60;4;InsertionSort;263817;87939;0;185750
1000;60;4;BubbleSort;1168254;410247;86940;540701
1000;60;4;MergeSort;19952;7316;0;157060
1000;60;4;CountingSort;3001;0;0;9420
1000;60;4;QuickSort;37510;15559;6646;59020
1000;60;4;InsertionSort;278850;92950;0;69850
1000;60;4;BubbleSort;1196648;414422;91951;397021
1000;60;4;MergeSort;19952;7361;0;134241
1000;60;4;CountingSort;3001;0;0;15300
1000;60;4;QuickSort;35905;15469;6144;46890
1000;60;4;InsertionSort;278553;92851;0;54060
1000;60;4;BubbleSort;1182796;407694;91852;519302
1000;60;4;MergeSort;19952;7361;0;145540
1000;60;4;CountingSort;3001;0;0;9210
1000;60;4;QuickSort;38880;16227;6885;66770
1000;60;4;InsertionSort;278217;92739;0;87770
1000;60;4;BubbleSort;1187454;410247;91740;332271
1000;60;4;MergeSort;19952;7348;0;96130
1000;60;4;CountingSort;3001;0;0;17060
1000;60;4;QuickSort;37664;15692;6662;60070
1000;60;4;InsertionSort;267159;89053;0;200250
1000;60;4;BubbleSort;1164160;405972;88054;519211
1000;60;4;MergeSort;19952;7338;0;156160
1000;60;4;CountingSort;3001;0;0;7900
1000;60;4;QuickSort;39713;16271;7155;65300
1000;60;4;InsertionSort;261663;87221;0;62650
1000;60;4;BubbleSort;1137318;396215;86222;421581
1000;60;4;MergeSort;19952;7344;0;139171
1000;60;4;CountingSort;3001;0;0;9540
1000;60;4;QuickSort;47215;19654;8529;53480
1000;60;4;InsertionSort;272772;90924;0;56500
1000;60;4;BubbleSort;1160230;400265;89925;516002
1000;60;4;MergeSort;19952;7331;0;111111
1000;60;4;CountingSort;3001;0;0;7790
1000;60;4;QuickSort;38255;16175;6690;50731
1000;60;4;InsertionSort;274716;91572;0;133161
1000;60;4;BubbleSort;1175962;406835;90573;560471
1000;60;4;MergeSort;19952;7350;0;111460
1000;60;4;CountingSort;3001;0;0;9430
1000;60;4;QuickSort;39953;16391;7183;48680
1000;60;4;InsertionSort;267366;89122;0;276091
1000;60;4;BubbleSort;1175512;411510;88123;628982
1000;60;4;MergeSort;19952;7332;0;118741
1000;60;4;CountingSort;3001;0;0;9860
1000;60;4;QuickSort;33759;14457;5771;57340
1000;60;4;InsertionSort;280347;93449;0;57510
1000;60;4;BubbleSort;1202744;416472;92450;429041
1000;60;4;MergeSort;19952;7355;0;103240
1000;60;4;CountingSort;3001;0;0;10020
1000;60;4;QuickSort;40009;16837;7060;52220
1000;60;4;InsertionSort;267084;89028;0;308191
1000;60;4;BubbleSort;1174296;411090;88029;581832
1000;60;4;MergeSort;19952;7345;0;158411
1000;60;4;CountingSort;3001;0;0;9840
1000;60;4;QuickSort;38646;16749;6629;65411
1000;60;4;InsertionSort;267969;89323;0;706252
1000;60;4;BubbleSort;1150246;398475;88324;959632
1000;60;4;MergeSort;19952;7366;0;105070
1000;60;4;CountingSort;3001;0;0;9730
1000;60;4;QuickSort;40925;17501;7137;63200
1000;60;4;InsertionSort;283896;94632;0;735652
1000;60;4;BubbleSort;1202550;414009;93633;955633
1000;60;4;MergeSort;19952;7354;0;101221
1000;60;4;CountingSort;3001;0;0;9760
1000;60;4;QuickSort;37776;16008;6591;61230
1000;60;4;InsertionSort;273897;91299;0;69420
1000;60;4;BubbleSort;1188390;413595;90300;452601
1000;60;4;MergeSort;19952;7380;0;80280
1000;60;4;CountingSort;3001;0;0;19400
1000;60;4;QuickSort;36484;16243;6083;48260
1000;60;4;InsertionSort;272283;90761;0;52610
1000;60;4;BubbleSort;1182068;411510;89762;563301
1000;60;4;MergeSort;19952;7368;0;148190
1000;60;4;CountingSort;3001;0;0;9690
1000;60;4;QuickSort;38788;17536;6420;64290
1000;60;4;InsertionSort;271347;90449;0;75631
1000;60;4;BubbleSort;1189928;416064;89450;321391
1000;60;4;MergeSort;19952;7355;0;104740
1000;60;4;CountingSort;3001;0;0;9940
1000;60;4;QuickSort;34111;14809;5759;56590
1000;60;4;InsertionSort;264144;88048;0;53980
1000;60;4;BubbleSort;1186796;419300;87049;559212
1000;60;4;MergeSort;19952;7336;0;113071
1000;60;4;CountingSort;3001;0;0;9760
1000;60;4;QuickSort;40426;17236;7042;66830
1000;60;4;InsertionSort;256065;85355;0;64530
1000;60;4;BubbleSort;1141502;402039;84356;467801
1000;60;4;MergeSort;19952;7357;0;110240
1000;60;4;CountingSort;3001;0;0;9980
1000;60;4;QuickSort;39505;16327;7058;49750
1000;60;4;InsertionSort;264657;88219;0;57960
1000;60;4;BubbleSort;1144930;398025;87220;454562
1000;60;4;MergeSort;19952;7356;0;146851
1000;60;4;CountingSort;3001;0;0;10340
1000;60;4;QuickSort;37613;15617;6676;58560
1000;60;4;InsertionSort;275412;91804;0;71781
1000;60;4;BubbleSort;1158368;397574;90805;394071
1000;60;4;MergeSort;19952;7379;0;83361
1000;60;4;CountingSort;3001;0;0;9720
1000;60;4;QuickSort;34933;14953;5987;61111
1000;60;4;InsertionSort;273732;91244;0;103651
1000;60;4;BubbleSort;1196360;417690;90245;400002
1000;60;4;MergeSort;19952;7337;0;130880
1000;60;4;CountingSort;3001;0;0;10030
1000;60;4;QuickSort;38571;16635;6651;51941
1000;60;4;InsertionSort;262773;87591;0;124400
1000;60;4;BubbleSort;1146898;400265;86592;526911
1000;60;4;MergeSort;19952;7366;0;140550
1000;60;4;CountingSort;3001;0;0;9730
1000;60;4;QuickSort;37905;16809;6372;55020
1000;60;4;InsertionSort;286857;95619;0;716342
1000;60;4;BubbleSort;1200660;411090;94620;1079533
1000;60;4;MergeSort;19952;7360;0;101500
1000;60;4;CountingSort;3001;0;0;10140
1000;60;4;QuickSort;37651;15811;6600;61461
1000;60;4;InsertionSort;287961;95987;0;79401
1000;60;4;BubbleSort;1211262;415655;94988;443391
1000;60;4;MergeSort;19952;7357;0;91600
1000;60;4;CountingSort;3001;0;0;9771
1000;60;4;QuickSort;44236;18601;7886;52330
1000;60;4;InsertionSort;276390;92130;0;361271
1000;60;4;BubbleSort;1198282;416879;91131;621971
1000;60;4;MergeSort;19952;7364;0;212890
1000;60;4;CountingSort;3001;0;0;7740
1000;60;4;QuickSort;37321;16486;6288;55310
1000;60;4;InsertionSort;276312;92104;0;94520
1000;60;4;BubbleSort;1161370;398475;91105;391991
1000;60;4;MergeSort;19952;7372;0;117131
1000;60;4;CountingSort;3001;0;0;7720
1000;60;4;QuickSort;37690;15784;6630;52670
1000;60;4;InsertionSort;285957;95319;0;68421
1000;60;4;BubbleSort;1184874;403797;94320;521182
1000;60;4;MergeSort;19952;7361;0;166730
1000;70;1;CountingSort;3001;0;0;176650
1000;70;1;QuickSort;41894;17939;7327;1321103
1000;70;1;InsertionSort;556224;185408;0;7181899
1000;70;1;BubbleSort;1732604;497484;184409;8774334
1000;70;1;MergeSort;19952;8663;0;845663
1000;70;1;CountingSort;3001;0;0;144031
1000;70;1;QuickSort;38676;16413;6756;231871
1000;70;1;InsertionSort;572559;190853;0;389282
1000;70;1;BubbleSort;1756610;498597;189854;955622
1000;70;1;MergeSort;19952;8642;0;151931
1000;70;1;CountingSort;3001;0;0;117390
1000;70;1;QuickSort;37615;16225;6465;168941
1000;70;1;InsertionSort;577253;192415;0;4850093
1000;70;1;BubbleSort;1763420;498870;191420;2930537
1000;70;1;MergeSort;19952;8654;0;145270
1000;70;1;CountingSort;3001;0;0;166941
1000;70;1;QuickSort;36242;15107;6375;673362
1000;70;1;InsertionSort;567133;189043;0;150180
1000;70;1;BubbleSort;1749462;498639;188046;597391
1000;70;1;MergeSort;19952;8664;0;174300
1000;70;1;CountingSort;3001;0;0;139540
1000;70;1;QuickSort;38760;16533;6736;847862
1000;70;1;InsertionSort;577731;192575;0;170771
1000;70;1;BubbleSort;1765010;499347;191579;640332
1000;70;1;MergeSort;19952;8686;0;148131
1000;70;1;CountingSort;3001;0;0;125640
1000;70;1;QuickSort;37182;15624;6505;170111
1000;70;1;InsertionSort;581346;193782;0;127581
1000;70;1;BubbleSort;1769532;499200;192783;905513
1000;70;1;MergeSort;19952;8662;0;116061
1000;70;1;CountingSort;3001;0;0;130911
1000;70;1;QuickSort;39554;16439;7038;60520
1000;70;1;InsertionSort;575617;191871;0;110480
1000;70;1;BubbleSort;1757240;496872;190874;699442
1000;70;1;MergeSort;19952;8596;0;121490
1000;70;1;CountingSort;3001;0;0;104461
1000;70;1;QuickSort;47514;19779;8576;95401
1000;70;1;InsertionSort;586910;195634;0;129000
1000;70;1;BubbleSort;1776564;499004;194639;785902
1000;70;1;MergeSort;19952;8678;0;127660
1000;70;1;CountingSort;3001;0;0;92251
1000;70;1;QuickSort;40384;16990;7137;96160
1000;70;1;InsertionSort;584742;194914;0;183961
1000;70;1;BubbleSort;1774504;499422;193915;661122
1000;70;1;MergeSort;19952;8664;0;152381
1000;70;1;CountingSort;3001;0;0;104641
1000;70;1;QuickSort;36296;16115;6057;68031
1000;70;1;InsertionSort;554253;184751;0;126301
1000;70;1;BubbleSort;1733798;499395;183752;502491
1000;70;1;MergeSort;19952;8681;0;90500
1000;70;1;CountingSort;3001;0;0;113140
1000;70;1;QuickSort;36046;16096;5984;79130
1000;70;1;InsertionSort;574285;191427;0;125140
1000;70;1;BubbleSort;1760648;499464;190430;514591
1000;70;1;MergeSort;19952;8660;0;107310
1000;70;1;CountingSort;3001;0;0;114600
1000;70;1;QuickSort;37164;15558;6531;68380
1000;70;1;InsertionSort;581962;193986;0;492781
1000;70;1;BubbleSort;1767650;497847;192989;990342
1000;70;1;MergeSort;19952;8673;0;127640
1000;70;1;CountingSort;3001;0;0;124951
1000;70;1;QuickSort;38726;16511;6737;87640
1000;70;1;InsertionSort;567337;189111;0;126280
1000;70;1;BubbleSort;1749896;498720;188114;666431
1000;70;1;MergeSort;19952;8656;0;99130
1000;70;1;CountingSort;3001;0;0;111300
1000;70;1;QuickSort;40903;17299;7202;137910
1000;70;1;InsertionSort;591601;197199;0;204050
1000;70;1;BubbleSort;1781738;498465;196202;730802
1000;70;1;MergeSort;19952;8622;0;149761
1000;70;1;CountingSort;3001;0;0;125831
1000;70;1;QuickSort;44277;18198;8036;143530
1000;70;1;InsertionSort;587867;195951;0;183160
1000;70;1;BubbleSort;1775644;497904;194959;621882
1000;70;1;MergeSort;19952;8631;0;116600
1000;70;1;CountingSort;3001;0;0;110000
1000;70;1;QuickSort;42363;17649;7568;74580
1000;70;1;InsertionSort;598455;199485;0;580071
1000;70;1;BubbleSort;1789404;497730;198486;1118103
1000;70;1;MergeSort;19952;8649;0;124970
1000;70;1;CountingSort;3001;0;0;50251
1000;70;1;QuickSort;36100;15604;6160;53850
1000;70;1;InsertionSort;583723;194573;0;104651
1000;70;1;BubbleSort;1773064;499380;193576;624891
1000;70;1;MergeSort;19952;8653;0;118330
1000;70;1;CountingSort;3001;0;0;37360
1000;70;1;QuickSort;36924;16482;6150;55590
1000;70;1;InsertionSort;572992;190996;0;517362
1000;70;1;BubbleSort;1752354;496179;189999;1082273
1000;70;1;MergeSort;19952;8685;0;124581
1000;70;1;CountingSort;3001;0;0;16510
1000;70;1;QuickSort;37400;16250;6393;70650
1000;70;1;InsertionSort;560241;186747;0;176331
1000;70;1;BubbleSort;1741290;499149;185748;625012
1000;70;1;MergeSort;19952;8643;0;152181
1000;70;1;CountingSort;3001;0;0;21760
1000;70;1;QuickSort;36561;15639;6305;80380
1000;70;1;InsertionSort;571711;190569;0;135750
1000;70;1;BubbleSort;1753506;497609;189572;542491
1000;70;1;MergeSort;19952;8664;0;114960
1000;70;1;CountingSort;3001;0;0;20090
1000;70;1;QuickSort;38389;16087;6777;54950
1000;70;1;InsertionSort;576450;192148;0;748672
1000;70;1;BubbleSort;1760068;497730;191152;1323504
1000;70;1;MergeSort;19952;8650;0;145761
1000;70;1;CountingSort;3001;0;0;22720
1000;70;1;QuickSort;40186;16666;7170;62510
1000;70;1;InsertionSort;585889;195295;0;745072
1000;70;1;BubbleSort;1773840;498324;194298;1146383
1000;70;1;MergeSort;19952;8680;0;176511
1000;70;1;CountingSort;3001;0;0;20710
1000;70;1;QuickSort;36699;15621;6353;64620
1000;70;1;InsertionSort;565260;188420;0;169940
1000;70;1;BubbleSort;1745492;497904;187421;493941
1000;70;1;MergeSort;19952;8637;0;105060
1000;70;1;CountingSort;3001;0;0;22060
1000;70;1;QuickSort;38634;15960;6888;44050
1000;70;1;InsertionSort;567457;189151;0;94860
1000;70;1;BubbleSort;1747956;497670;188154;741852
1000;70;1;MergeSort;19952;8665;0;179521
1000;70;1;CountingSort;3001;0;0;20740
1000;70;1;QuickSort;36129;15267;6283;53980
1000;70;1;InsertionSort;587615;195869;0;582521
1000;70;1;BubbleSort;1776516;498510;194874;1038683
1000;70;1;MergeSort;19952;8685;0;118061
1000;70;1;CountingSort;3001;0;0;49190
1000;70;1;QuickSort;37858;16006;6616;71031
1000;70;1;InsertionSort;581398;193798;0;434282
1000;70;1;BubbleSort;1769742;499269;192801;886122
1000;70;1;MergeSort;19952;8641;0;115820
1000;70;1;CountingSort;3001;0;0;20300
1000;70;1;QuickSort;41986;17521;7482;63950
1000;70;1;InsertionSort;585467;195153;0;120650
1000;70;1;BubbleSort;1774762;499065;194158;646422
1000;70;1;MergeSort;19952;8647;0;62520
1000;70;1;CountingSort;3001;0;0;59900
1000;70;1;QuickSort;41468;17384;7362;76010
1000;70;1;InsertionSort;558140;186044;0;163320
1000;70;1;BubbleSort;1738854;499329;185049;637882
1000;70;1;MergeSort;19952;8634;0;143781
1000;70;1;CountingSort;3001;0;0;20360
1000;70;1;QuickSort;40760;16850;7301;83680
1000;70;1;InsertionSort;582693;194231;0;146830
1000;70;1;BubbleSort;1769576;498324;193232;511221
1000;70;1;MergeSort;19952;8641;0;116210
1000;70;1;CountingSort;3001;0;0;22500
1000;70;1;QuickSort;39207;16173;7006;53970
1000;70;1;InsertionSort;589385;196459;0;171581
1000;70;1;BubbleSort;1779986;499065;195464;626002
1000;70;1;MergeSort;19952;8658;0;187880
1000;70;1;CountingSort;3001;0;0;20780
1000;70;1;QuickSort;37734;15870;6618;55070
1000;70;1;InsertionSort;576753;192247;0;112290
1000;70;1;BubbleSort;1763204;499094;191254;618381
1000;70;1;MergeSort;19952;8709;0;159290
1000;70;1;CountingSort;3001;0;0;22340
1000;70;1;QuickSort;39093;16374;6908;70130
1000;70;1;InsertionSort;576037;192011;0;124910
1000;70;1;BubbleSort;1758500;497222;191014;517871
1000;70;1;MergeSort;19952;8696;0;109760
1000;70;1;CountingSort;3001;0;0;20141
1000;70;1;QuickSort;38676;16311;6782;68290
1000;70;1;InsertionSort;576136;192044;0;1182813
1000;70;1;BubbleSort;1760432;498122;191047;1556024
1000;70;1;MergeSort;19952;8660;0;115110
1000;70;1;CountingSort;3001;0;0;14200
1000;70;1;QuickSort;38664;15930;6908;49910
1000;70;1;InsertionSort;593940;197980;0;95851
1000;70;1;BubbleSort;1785284;498680;196981;519221
1000;70;1;MergeSort;19952;8687;0;104630
1000;70;1;CountingSort;3001;0;0;9320
1000;70;1;QuickSort;39324;16665;6880;73820
1000;70;1;InsertionSort;562665;187555;0;128111
1000;70;1;BubbleSort;1743418;498597;186556;497942
1000;70;1;MergeSort;19952;8637;0;144881
1000;70;1;CountingSort;3001;0;0;8850
1000;70;1;QuickSort;36885;15798;6367;55790
1000;70;1;InsertionSort;561355;187117;0;216041
1000;70;1;BubbleSort;1742974;499247;186120;617252
1000;70;1;MergeSort;19952;8682;0;196450
1000;70;1;CountingSort;3001;0;0;7570
1000;70;1;QuickSort;36208;15211;6319;61310
1000;70;1;InsertionSort;594852;198284;0;564681
1000;70;1;BubbleSort;1784234;497547;197285;960883
1000;70;1;MergeSort;19952;8663;0;157870
1000;70;1;CountingSort;3001;0;0;9630
1000;70;1;QuickSort;44581;18457;8044;83270
1000;70;1;InsertionSort;586635;195543;0;106960
1000;70;1;BubbleSort;1777006;499409;194547;646832
1000;70;1;MergeSort;19952;8676;0;125121
1000;70;1;CountingSort;3001;0;0;8700
1000;70;1;QuickSort;32389;14470;5312;65910
1000;70;1;InsertionSort;600918;200306;0;562341
1000;70;1;BubbleSort;1796046;499409;199307;965443
1000;70;1;MergeSort;19952;8693;0;175851
1000;70;1;CountingSort;3001;0;0;9330
1000;70;1;QuickSort;41998;17608;7454;100400
1000;70;1;InsertionSort;584334;194778;0;993892
1000;70;1;BubbleSort;1773060;498972;193779;1491184
1000;70;1;MergeSort;19952;8662;0;150490
1000;70;1;CountingSort;3001;0;0;9161
1000;70;1;QuickSort;42163;17725;7476;60640
1000;70;1;InsertionSort;585166;195054;0;171200
1000;70;1;BubbleSort;1775096;499434;194057;705742
1000;70;1;MergeSort;19952;8652;0;126910
1000;70;1;CountingSort;3001;0;0;8830
1000;70;1;QuickSort;39349;16507;6938;60990
1000;70;1;InsertionSort;585324;195104;0;118321
1000;70;1;BubbleSort;1773092;498324;194111;749802
1000;70;1;MergeSort;19952;8675;0;166140
1000;70;1;CountingSort;3001;0;0;8920
1000;70;1;QuickSort;35334;14634;6232;84060
1000;70;1;InsertionSort;552357;184119;0;1027593
1000;70;1;BubbleSort;1728828;498174;183120;1526724
1000;70;1;MergeSort;19952;8643;0;117181
1000;70;1;CountingSort;3001;0;0;10560
1000;70;1;QuickSort;36111;15072;6343;89880
1000;70;1;InsertionSort;597436;199144;0;197840
1000;70;1;BubbleSort;1789866;498639;198147;637802
1000;70;1;MergeSort;19952;8674;0;151310
1000;70;1;CountingSort;3001;0;0;9410
1000;70;1;QuickSort;40008;16998;7003;70100
1000;70;1;InsertionSort;589852;196616;0;205771
1000;70;1;BubbleSort;1781456;499490;195619;792753
1000;70;1;MergeSort;19952;8658;0;198910
1000;70;1;CountingSort;3001;0;0;9300
1000;70;1;QuickSort;40428;16788;7221;66720
1000;70;1;InsertionSort;568319;189437;0;191041
1000;70;1;BubbleSort;1747068;496650;188442;688752
1000;70;1;MergeSort;19952;8640;0;144881
1000;70;1;CountingSort;3001;0;0;12630
1000;70;1;QuickSort;36011;15224;6263;62480
1000;70;1;InsertionSort;614433;204811;0;147951
1000;70;1;BubbleSort;1813058;498905;203812;634382
1000;70;1;MergeSort;19952;8687;0;126580
1000;70;1;CountingSort;3001;0;0;8700
1000;70;1;QuickSort;40005;16401;7205;44310
1000;70;1;InsertionSort;555189;185061;0;133610
1000;70;1;BubbleSort;1734880;499310;184065;515871
1000;70;1;MergeSort;19952;8630;0;112500
1000;70;1;CountingSort;3001;0;0;10320
1000;70;1;QuickSort;35195;15053;6038;56510
1000;70;1;InsertionSort;586752;195584;0;104580
1000;70;1;BubbleSort;1777158;499409;194585;648142
1000;70;1;MergeSort;19952;8660;0;169171
1000;70;1;CountingSort;3001;0;0;7580
1000;70;1;QuickSort;37933;17104;6273;77090
1000;70;1;InsertionSort;559980;186660;0;111960
1000;70;1;BubbleSort;1741624;499490;185661;621092
1000;70;1;MergeSort;19952;8641;0;90030
1000;70;1;CountingSort;3001;0;0;7460
1000;70;1;QuickSort;38418;16065;6787;72930
1000;70;1;InsertionSort;585640;195212;0;874982
1000;70;1;BubbleSort;1774670;498905;194215;1608394
1000;70;1;MergeSort;19952;8678;0;111281
1000;70;1;CountingSort;3001;0;0;9830
1000;70;1;QuickSort;37434;15918;6509;59390
1000;70;1;InsertionSort;569773;189923;0;130611
1000;70;1;BubbleSort;1753774;499035;188926;684182
1000;70;1;MergeSort;19952;8651;0;117950
1000;70;1;CountingSort;3001;0;0;16730
1000;70;1;QuickSort;39770;16922;6954;65760
1000;70;1;InsertionSort;571012;190334;0;120661
1000;70;1;BubbleSort;1741840;492240;189340;897472
1000;70;1;MergeSort;19952;8692;0;114530
1000;70;1;CountingSort;3001;0;0;9221
1000;70;1;QuickSort;39083;16463;6879;56370
1000;70;1;InsertionSort;619461;206485;0;613381
1000;70;1;BubbleSort;1816666;497355;205489;1041703
1000;70;1;MergeSort;19952;8666;0;166900
1000;70;1;CountingSort;3001;0;0;9070
1000;70;1;QuickSort;38015;15782;6748;59260
1000;70;1;InsertionSort;584070;194686;0;456891
1000;70;1;BubbleSort;1771016;498122;193693;851302
1000;70;1;MergeSort;19952;8727;0;180441
1000;70;1;CountingSort;3001;0;0;11570
1000;70;1;QuickSort;38870;15719;7047;54730
1000;70;1;InsertionSort;583404;194466;0;177621
1000;70;1;BubbleSort;1770624;498372;193470;779002
1000;70;1;MergeSort;19952;8655;0;190471
1000;70;1;CountingSort;3001;0;0;9220
1000;70;1;QuickSort;37590;15663;6644;71101
1000;70;1;InsertionSort;582606;194202;0;135001
1000;70;1;BubbleSort;1770690;498939;193203;502301
1000;70;1;MergeSort;19952;8662;0;130550
1000;70;1;CountingSort;3001;0;0;9640
1000;70;1;QuickSort;40056;16455;7191;62760
1000;70;1;InsertionSort;584200;194732;0;167451
1000;70;1;BubbleSort;1770280;497670;193735;617082
1000;70;1;MergeSort;19952;8667;0;127621
1000;70;1;CountingSort;3001;0;0;9270
1000;70;1;QuickSort;38334;16041;6750;73261
1000;70;1;InsertionSort;594438;198146;0;131761
1000;70;1;BubbleSort;1787246;499329;197147;501682
1000;70;1;MergeSort;19952;8671;0;125500
1000;70;1;CountingSort;3001;0;0;7950
1000;70;1;QuickSort;38605;16087;6839;48080
1000;70;1;InsertionSort;587712;195900;0;466722
1000;70;1;BubbleSort;1778356;499364;194907;854482
1000;70;1;MergeSort;19952;8661;0;103780
1000;70;1;CountingSort;3001;0;0;7140
1000;70;1;QuickSort;42347;17474;7638;57230
1000;70;1;InsertionSort;582194;194062;0;153241
1000;70;1;BubbleSort;1771112;499422;193067;535451
1000;70;1;MergeSort;19952;8666;0;122830
1000;70;1;CountingSort;3001;0;0;9690
1000;70;1;QuickSort;40445;16847;7200;55190
1000;70;1;InsertionSort;589114;196370;0;890932
1000;70;1;BubbleSort;1777630;498069;195373;1299973
1000;70;1;MergeSort;19952;8653;0;237020
1000;70;1;CountingSort;3001;0;0;16940
1000;70;1;QuickSort;36607;15322;6427;92630
1000;70;1;InsertionSort;567985;189327;0;148510
1000;70;1;BubbleSort;1749968;498324;188330;601232
1000;70;1;MergeSort;19952;8650;0;136381
1000;70;1;CountingSort;3001;0;0;7540
1000;70;1;QuickSort;39238;16300;6977;78160
1000;70;1;InsertionSort;604138;201378;0;1104753
1000;70;1;BubbleSort;1800414;499445;200381;1556084
1000;70;1;MergeSort;19952;8667;0;134201
1000;70;1;CountingSort;3001;0;0;9160
1000;70;1;QuickSort;37164;15606;6522;56120
1000;70;1;InsertionSort;585913;195303;0;670942
1000;70;1;BubbleSort;1775294;499035;194306;1076703
1000;70;1;MergeSort;19952;8641;0;155671
1000;70;1;CountingSort;3001;0;0;9730
1000;70;1;QuickSort;38206;15835;6801;86710
1000;70;1;InsertionSort;577222;192404;0;131650
1000;70;1;BubbleSort;1763884;499122;191410;696422
1000;70;1;MergeSort;19952;8613;0;148521
1000;70;1;CountingSort;3001;0;0;9310
1000;70;1;QuickSort;36320;15455;6286;54870
1000;70;1;InsertionSort;556902;185630;0;634152
1000;70;1;BubbleSort;1737042;499247;184637;941282
1000;70;1;MergeSort;19952;8671;0;127960
1000;70;1;CountingSort;3001;0;0;9690
1000;70;1;QuickSort;35957;15308;6207;75760
1000;70;1;InsertionSort;592276;197424;0;184080
1000;70;1;BubbleSort;1780016;497154;196427;517481
1000;70;1;MergeSort;19952;8648;0;153070
1000;70;1;CountingSort;3001;0;0;7500
1000;70;1;QuickSort;38743;16453;6751;64850
1000;70;1;InsertionSort;569254;189750;0;146551
1000;70;1;BubbleSort;1753460;499224;188753;692222
1000;70;1;MergeSort;19952;8685;0;104391
1000;70;1;CountingSort;3001;0;0;9520
1000;70;1;QuickSort;42024;17262;7576;45590
1000;70;1;InsertionSort;608622;202874;0;715962
1000;70;1;BubbleSort;1806390;499445;201875;1093703
1000;70;1;MergeSort;19952;8693;0;134180
1000;70;1;CountingSort;3001;0;0;7490
1000;70;1;QuickSort;39606;16311;7108;55790
1000;70;1;InsertionSort;565687;188561;0;132341
1000;70;1;BubbleSort;1743094;496419;187564;876693
1000;70;1;MergeSort;19952;8661;0;133560
1000;70;1;CountingSort;3001;0;0;9690
1000;70;1;QuickSort;38958;16659;6766;54771
1000;70;1;InsertionSort;550001;183331;0;555441
1000;70;1;BubbleSort;1728234;499445;182336;973062
1000;70;1;MergeSort;19952;8660;0;157870
1000;70;1;CountingSort;3001;0;0;7630
1000;70;1;QuickSort;40986;17142;7277;57450
1000;70;1;InsertionSort;590247;196747;0;512471
1000;70;1;BubbleSort;1781192;499094;195751;868223
1000;70;1;MergeSort;19952;8658;0;187721
1000;70;1;CountingSort;3001;0;0;9380
1000;70;1;QuickSort;36805;16123;6226;68460
1000;70;1;InsertionSort;605761;201917;0;128440
1000;70;1;BubbleSort;1801762;499035;200923;723372
1000;70;1;MergeSort;19952;8685;0;92590
1000;70;1;CountingSort;3001;0;0;7430
1000;70;1;QuickSort;35523;15327;6054;54811
1000;70;1;InsertionSort;564276;188092;0;107510
1000;70;1;BubbleSort;1745812;498720;187093;618371
1000;70;1;MergeSort;19952;8704;0;163580
1000;70;1;CountingSort;3001;0;0;9320
1000;70;1;QuickSort;37820;16259;6529;77910
1000;70;1;InsertionSort;602731;200909;0;1163854
1000;70;1;BubbleSort;1796756;498554;199912;1475624
1000;70;1;MergeSort;19952;8681;0;94610
1000;70;1;CountingSort;3001;0;0;9170
1000;70;1;QuickSort;35819;15128;6237;54950
1000;70;1;InsertionSort;569993;189995;0;166641
1000;70;1;BubbleSort;1754980;499490;189000;626872
1000;70;1;MergeSort;19952;8702;0;112950
1000;70;1;CountingSort;3001;0;0;9570
1000;70;1;QuickSort;39198;16413;6926;45700
1000;70;1;InsertionSort;578352;192780;0;181720
1000;70;1;BubbleSort;1763068;497960;191787;560091
1000;70;1;MergeSort;19952;8668;0;118750
1000;70;1;CountingSort;3001;0;0;7800
1000;70;1;QuickSort;44876;18494;8129;58840
1000;70;1;InsertionSort;595569;198523;0;892072
1000;70;1;BubbleSort;1788754;499329;197524;1233443
1000;70;1;MergeSort;19952;8701;0;223191
1000;70;1;CountingSort;3001;0;0;14690
1000;70;1;QuickSort;38075;17000;6348;58150
1000;70;1;InsertionSort;576783;192259;0;806952
1000;70;1;BubbleSort;1761796;498372;191263;1230383
1000;70;1;MergeSort;19952;8661;0;152320
1000;70;1;CountingSort;3001;0;0;9270
1000;70;1;QuickSort;39834;17211;6870;69390
1000;70;1;InsertionSort;594808;198268;0;110460
1000;70;1;BubbleSort;1787092;499004;197271;651452
1000;70;1;MergeSort;19952;8677;0;108810
1000;70;1;CountingSort;3001;0;0;9380
1000;70;1;QuickSort;41987;17729;7419;56760
1000;70;1;InsertionSort;556864;185620;0;153450
1000;70;1;BubbleSort;1734186;497847;184623;612811
1000;70;1;MergeSort;19952;8684;0;112830
1000;70;1;CountingSort;3001;0;0;7880
1000;70;1;QuickSort;40878;17331;7182;58320
1000;70;1;InsertionSort;577187;192393;0;107181
1000;70;1;BubbleSort;1763536;498972;191398;489451
1000;70;1;MergeSort;19952;8674;0;124251
1000;70;1;CountingSort;3001;0;0;9370
1000;70;1;QuickSort;36948;15411;6509;44630
1000;70;1;InsertionSort;566515;188833;0;930702
1000;70;1;BubbleSort;1749438;499035;187842;1515434
1000;70;1;MergeSort;19952;8640;0;122321
1000;70;1;CountingSort;3001;0;0;9480
1000;70;1;QuickSort;37867;15673;6724;66850
1000;70;1;InsertionSort;585341;195111;0;153320
1000;70;1;BubbleSort;1774652;499094;194116;574152
1000;70;1;MergeSort;19952;8621;0;121110
1000;70;1;CountingSort;3001;0;0;9190
1000;70;1;QuickSort;42906;17799;7694;53720
1000;70;1;InsertionSort;605118;201706;0;141680
1000;70;1;BubbleSort;1792898;495035;200707;581881
1000;70;1;MergeSort;19952;8646;0;133580
1000;70;1;CountingSort;3001;0;0;9220
1000;70;1;QuickSort;42885;18141;7580;47780
1000;70;1;InsertionSort;573346;191114;0;110811
1000;70;1;BubbleSort;1755928;497730;190117;559792
1000;70;1;MergeSort;19952;8660;0;123751
1000;70;1;CountingSort;3001;0;0;14600
1000;70;1;QuickSort;39910;16621;7102;50100
1000;70;1;InsertionSort;597544;199180;0;101140
1000;70;1;BubbleSort;1789080;498174;198183;616772
1000;70;1;MergeSort;19952;8631;0;162341
1000;70;1;CountingSort;3001;0;0;9220
1000;70;1;QuickSort;39347;16658;6887;52180
1000;70;1;InsertionSort;560755;186917;0;143271
1000;70;1;BubbleSort;1738258;497289;185920;633911
1000;70;1;MergeSort;19952;8661;0;122120
1000;70;1;CountingSort;3001;0;0;9670
1000;70;1;QuickSort;41944;17329;7533;71470
1000;70;1;InsertionSort;587592;195864;0;1013283
1000;70;1;BubbleSort;1777998;499269;194865;1388994
1000;70;1;MergeSort;19952;8691;0;127600
1000;70;1;CountingSort;3001;0;0;9510
1000;70;1;QuickSort;39661;16669;6995;75860
1000;70;1;InsertionSort;607305;202435;0;1191633
1000;70;1;BubbleSort;1804588;499422;201436;1553844
1000;70;1;MergeSort;19952;8666;0;94350
1000;70;1;CountingSort;3001;0;0;9680
1000;70;1;QuickSort;35730;15861;5961;73480
1000;70;1;InsertionSort;567500;189164;0;128330
1000;70;1;BubbleSort;1749226;498275;188169;492581
1000;70;1;MergeSort;19952;8637;0;121200
1000;70;1;CountingSort;3001;0;0;9250
1000;70;1;QuickSort;41408;17381;7344;71481
1000;70;1;InsertionSort;583291;194429;0;155430
1000;70;1;BubbleSort;1772266;499269;193432;790552
1000;70;1;MergeSort;19952;8686;0;142090
1000;70;1;CountingSort;3001;0;0;9580
1000;70;1;QuickSort;36100;15346;6255;65320
1000;70;1;InsertionSort;585297;195097;0;130751
1000;70;1;BubbleSort;1769552;496574;194101;644472
1000;70;1;MergeSort;19952;8638;0;95571
1000;70;1;CountingSort;3001;0;0;9100
1000;70;1;QuickSort;38562;16155;6795;72791
1000;70;1;InsertionSort;585156;195050;0;138101
1000;70;1;BubbleSort;1773146;498465;194054;514461
1000;70;1;MergeSort;19952;8650;0;144280
1000;70;1;CountingSort;3001;0;0;9240
1000;70;1;QuickSort;41923;17218;7570;59820
1000;70;1;InsertionSort;572548;190848;0;98500
1000;70;1;BubbleSort;1756424;498510;189851;735242
1000;70;1;MergeSort;19952;8690;0;159391
1000;70;1;CountingSort;3001;0;0;9230
1000;70;1;QuickSort;40206;16998;7077;74670
1000;70;1;InsertionSort;546447;182149;0;169060
1000;70;1;BubbleSort;1721050;498225;181150;707832
1000;70;1;MergeSort;19952;8649;0;133770
1000;70;1;CountingSort;3001;0;0;9110
1000;70;1;QuickSort;38373;16287;6699;59510
1000;70;1;InsertionSort;561439;187143;0;616892
1000;70;1;BubbleSort;1740174;497789;186149;1136813
1000;70;1;MergeSort;19952;8705;0;160081
1000;70;1;CountingSort;3001;0;0;8020
1000;70;1;QuickSort;39104;16544;6850;55010
1000;70;1;InsertionSort;612004;204000;0;247901
1000;70;1;BubbleSort;1810506;499247;203003;745602
1000;70;1;MergeSort;19952;8654;0;159390
1000;70;1;CountingSort;3001;0;0;9480
1000;70;1;QuickSort;35359;15820;5860;49100
1000;70;1;InsertionSort;582918;194306;0;1116563
1000;70;1;BubbleSort;1766826;496799;193307;1486904
1000;70;1;MergeSort;19952;8676;0;136571
1000;70;2;CountingSort;3001;0;0;224701
1000;70;2;QuickSort;36426;15738;6226;2159756
1000;70;2;InsertionSort;390048;130010;0;6642538
1000;70;2;BubbleSort;1421750;452835;129020;9588495
1000;70;2;MergeSort;19952;7311;0;1472804
1000;70;2;CountingSort;3001;0;0;96090
1000;70;2;QuickSort;38185;15889;6758;159140
1000;70;2;InsertionSort;363267;121083;0;1311974
1000;70;2;BubbleSort;1366812;443220;120093;1776155
1000;70;2;MergeSort;19952;7281;0;173981
1000;70;2;CountingSort;3001;0;0;123130
1000;70;2;QuickSort;41921;17936;7339;238531
1000;70;2;InsertionSort;372761;124251;0;4164691
1000;70;2;BubbleSort;1380134;443555;123256;6538308
1000;70;2;MergeSort;19952;7283;0;199360
1000;70;2;CountingSort;3001;0;0;111130
1000;70;2;QuickSort;38388;16128;6751;852392
1000;70;2;InsertionSort;365412;121798;0;296761
1000;70;2;BubbleSort;1371676;444222;120808;875473
1000;70;2;MergeSort;19952;7288;0;465472
1000;70;2;CountingSort;3001;0;0;88651
1000;70;2;QuickSort;36720;15903;6266;720281
1000;70;2;InsertionSort;367198;122394;0;520521
1000;70;2;BubbleSort;1376700;445544;121403;927972
1000;70;2;MergeSort;19952;7308;0;367851
1000;70;2;CountingSort;3001;0;0;146140
1000;70;2;QuickSort;37328;16166;6387;156590
1000;70;2;InsertionSort;379140;126376;0;324701
1000;70;2;BubbleSort;1407202;452835;125383;619142
1000;70;2;MergeSort;19952;7321;0;205871
1000;70;2;CountingSort;3001;0;0;133490
1000;70;2;QuickSort;39977;16316;7216;106270
1000;70;2;InsertionSort;382162;127382;0;131780
1000;70;2;BubbleSort;1401844;448140;126391;792752
1000;70;2;MergeSort;19952;7307;0;487602
1000;70;2;CountingSort;3001;0;0;93500
1000;70;2;QuickSort;36100;15355;6242;51750
1000;70;2;InsertionSort;370623;123537;0;286281
1000;70;2;BubbleSort;1386456;448140;122544;863032
1000;70;2;MergeSort;19952;7315;0;444481
1000;70;2;CountingSort;3001;0;0;119200
1000;70;2;QuickSort;37919;15827;6699;56960
1000;70;2;InsertionSort;376387;125455;0;587932
1000;70;2;BubbleSort;1386976;444554;124467;914083
1000;70;2;MergeSort;19952;7271;0;267051
1000;70;2;CountingSort;3001;0;0;143731
1000;70;2;QuickSort;41004;16941;7355;84150
1000;70;2;InsertionSort;370133;123375;0;95520
1000;70;2;BubbleSort;1369150;439815;122380;613921
1000;70;2;MergeSort;19952;7278;0;115030
1000;70;2;CountingSort;3001;0;0;114690
1000;70;2;QuickSort;34507;15067;5814;46170
1000;70;2;InsertionSort;367065;122351;0;146341
1000;70;2;BubbleSort;1389876;452222;121358;563142
1000;70;2;MergeSort;19952;7311;0;148350
1000;70;2;CountingSort;3001;0;0;159711
1000;70;2;QuickSort;39382;16747;6878;39911
1000;70;2;InsertionSort;358155;119381;0;65350
1000;70;2;BubbleSort;1377380;451914;118388;545821
1000;70;2;MergeSort;19952;7285;0;87890
1000;70;2;CountingSort;3001;0;0;155151
1000;70;2;QuickSort;38782;15907;6969;125531
1000;70;2;InsertionSort;361113;120365;0;116751
1000;70;2;BubbleSort;1373138;447819;119375;542202
1000;70;2;MergeSort;19952;7303;0;157620
1000;70;2;CountingSort;3001;0;0;95761
1000;70;2;QuickSort;42507;17400;7694;57700
1000;70;2;InsertionSort;371211;123735;0;296110
1000;70;2;BubbleSort;1383354;446199;122739;747312
1000;70;2;MergeSort;19952;7297;0;119800
1000;70;2;CountingSort;3001;0;0;140220
1000;70;2;QuickSort;39511;16534;6977;76210
1000;70;2;InsertionSort;384036;128010;0;84520
1000;70;2;BubbleSort;1406884;449414;127014;402801
1000;70;2;MergeSort;19952;7303;0;99881
1000;70;2;CountingSort;3001;0;0;144871
1000;70;2;QuickSort;38395;16435;6646;63300
1000;70;2;InsertionSort;364277;121419;0;69110
1000;70;2;BubbleSort;1376068;447174;120430;822992
1000;70;2;MergeSort;19952;7332;0;152710
1000;70;2;CountingSort;3001;0;0;72320
1000;70;2;QuickSort;33412;14326;5703;51730
1000;70;2;InsertionSort;372400;124128;0;622872
1000;70;2;BubbleSort;1389468;448460;123137;913143
1000;70;2;MergeSort;19952;7310;0;114880
1000;70;2;CountingSort;3001;0;0;30610
1000;70;2;QuickSort;46010;19733;8081;60810
1000;70;2;InsertionSort;374641;124875;0;139240
1000;70;2;BubbleSort;1387280;445872;123884;561952
1000;70;2;MergeSort;19952;7282;0;114011
1000;70;2;CountingSort;3001;0;0;26950
1000;70;2;QuickSort;36664;16276;6133;41110
1000;70;2;InsertionSort;380929;126971;0;321101
1000;70;2;BubbleSort;1393690;444885;125980;742442
1000;70;2;MergeSort;19952;7302;0;145961
1000;70;2;CountingSort;3001;0;0;21740
1000;70;2;QuickSort;36959;16331;6203;45520
1000;70;2;InsertionSort;365872;121954;0;75360
1000;70;2;BubbleSort;1380760;448460;120960;519332
1000;70;2;MergeSort;19952;7314;0;111500
1000;70;2;CountingSort;3001;0;0;17590
1000;70;2;QuickSort;39334;16699;6881;40360
1000;70;2;InsertionSort;366046;122012;0;108600
1000;70;2;BubbleSort;1367812;441870;121018;459751
1000;70;2;MergeSort;19952;7287;0;101080
1000;70;2;CountingSort;3001;0;0;22470
1000;70;2;QuickSort;36152;15143;6339;46910
1000;70;2;InsertionSort;375249;125079;0;319671
1000;70;2;BubbleSort;1369674;436665;124086;758802
1000;70;2;MergeSort;19952;7303;0;137630
1000;70;2;CountingSort;3001;0;0;1203404
1000;70;2;QuickSort;37213;16099;6375;43420
1000;70;2;InsertionSort;376796;125596;0;1224843
1000;70;2;BubbleSort;1362348;431972;124601;552601
1000;70;2;MergeSort;19952;7276;0;119100
1000;70;2;CountingSort;3001;0;0;22090
1000;70;2;QuickSort;35433;14922;6172;45610
1000;70;2;InsertionSort;352712;117566;0;97590
1000;70;2;BubbleSort;1350036;441870;116574;399511
1000;70;2;MergeSort;19952;7302;0;105680
1000;70;2;CountingSort;3001;0;0;17260
1000;70;2;QuickSort;38473;16021;6810;52390
1000;70;2;InsertionSort;367869;122619;0;124550
1000;70;2;BubbleSort;1361248;437372;121626;655522
1000;70;2;MergeSort;19952;7328;0;84411
1000;70;2;CountingSort;3001;0;0;26170
1000;70;2;QuickSort;36864;15612;6413;62381
1000;70;2;InsertionSort;349397;116463;0;72331
1000;70;2;BubbleSort;1344250;441189;115468;574191
1000;70;2;MergeSort;19952;7293;0;162930
1000;70;2;CountingSort;3001;0;0;16600
1000;70;2;QuickSort;42028;17644;7451;44100
1000;70;2;InsertionSort;383485;127823;0;83191
1000;70;2;BubbleSort;1389022;440847;126832;407612
1000;70;2;MergeSort;19952;7292;0;83160
1000;70;2;CountingSort;3001;0;0;17310
1000;70;2;QuickSort;38370;16839;6510;70430
1000;70;2;InsertionSort;361309;120433;0;93410
1000;70;2;BubbleSort;1374036;448140;119439;501001
1000;70;2;MergeSort;19952;7311;0;65170
1000;70;2;CountingSort;3001;0;0;20550
1000;70;2;QuickSort;34335;14802;5848;62281
1000;70;2;InsertionSort;373443;124473;0;62161
1000;70;2;BubbleSort;1390224;448140;123486;581061
1000;70;2;MergeSort;19952;7307;0;116650
1000;70;2;CountingSort;3001;0;0;36160
1000;70;2;QuickSort;37009;16135;6295;65970
1000;70;2;InsertionSort;368010;122666;0;514411
1000;70;2;BubbleSort;1384886;449097;121673;915772
1000;70;2;MergeSort;19952;7297;0;88180
1000;70;2;CountingSort;3001;0;0;17060
1000;70;2;QuickSort;39089;17060;6669;46211
1000;70;2;InsertionSort;363437;121141;0;61260
1000;70;2;BubbleSort;1369040;444222;120149;498921
1000;70;2;MergeSort;19952;7296;0;59940
1000;70;2;CountingSort;3001;0;0;25890
1000;70;2;QuickSort;42277;18271;7338;41460
1000;70;2;InsertionSort;376307;125427;0;70280
1000;70;2;BubbleSort;1391464;446850;124441;544922
1000;70;2;MergeSort;19952;7292;0;119071
1000;70;2;CountingSort;3001;0;0;20170
1000;70;2;QuickSort;42145;17587;7522;41240
1000;70;2;InsertionSort;379423;126471;0;89580
1000;70;2;BubbleSort;1409402;453747;125477;520542
1000;70;2;MergeSort;19952;7300;0;87731
1000;70;2;CountingSort;3001;0;0;29390
1000;70;2;QuickSort;39271;16483;6917;40030
1000;70;2;InsertionSort;356185;118725;0;422301
1000;70;2;BubbleSort;1367204;448140;117731;754492
1000;70;2;MergeSort;19952;7304;0;103710
1000;70;2;CountingSort;3001;0;0;17960
1000;70;2;QuickSort;36446;15251;6385;46360
1000;70;2;InsertionSort;378561;126185;0;95440
1000;70;2;BubbleSort;1382450;440847;125189;414611
1000;70;2;MergeSort;19952;7260;0;94270
1000;70;2;CountingSort;3001;0;0;55280
1000;70;2;QuickSort;36064;15142;6308;51570
1000;70;2;InsertionSort;357013;118999;0;166441
1000;70;2;BubbleSort;1361802;444885;118008;538502
1000;70;2;MergeSort;19952;7315;0;150341
1000;70;2;CountingSort;3001;0;0;28580
1000;70;2;QuickSort;41815;17389;7473;66160
1000;70;2;InsertionSort;375109;125033;0;112040
1000;70;2;BubbleSort;1388554;446199;124039;496541
1000;70;2;MergeSort;19952;7300;0;141031
1000;70;2;CountingSort;3001;0;0;23961
1000;70;2;QuickSort;38007;16011;6668;40270
1000;70;2;InsertionSort;363215;121067;0;387731
1000;70;2;BubbleSort;1363360;441530;120075;683852
1000;70;2;MergeSort;19952;7291;0;85890
1000;70;2;CountingSort;3001;0;0;27390
1000;70;2;QuickSort;38521;16327;6731;47291
1000;70;2;InsertionSort;368226;122738;0;101910
1000;70;2;BubbleSort;1365918;439469;121745;509441
1000;70;2;MergeSort;19952;7309;0;87050
1000;70;2;CountingSort;3001;0;0;30760
1000;70;2;QuickSort;45220;18454;8252;51300
1000;70;2;InsertionSort;381809;127265;0;536662
1000;70;2;BubbleSort;1390186;442547;126273;868053
1000;70;2;MergeSort;19952;7309;0;151430
1000;70;2;CountingSort;3001;0;0;18940
1000;70;2;QuickSort;36863;16205;6215;56931
1000;70;2;InsertionSort;373690;124560;0;76280
1000;70;2;BubbleSort;1382708;444222;123566;427921
1000;70;2;MergeSort;19952;7307;0;121520
1000;70;2;CountingSort;3001;0;0;9160
1000;70;2;QuickSort;40379;16589;7269;44980
1000;70;2;InsertionSort;366815;122265;0;125700
1000;70;2;BubbleSort;1388314;451605;121276;483101
1000;70;2;MergeSort;19952;7302;0;128630
1000;70;2;CountingSort;3001;0;0;6110
1000;70;2;QuickSort;39165;16545;6875;50260
1000;70;2;InsertionSort;377914;125968;0;120091
1000;70;2;BubbleSort;1363104;431604;124974;442052
1000;70;2;MergeSort;19952;7311;0;136480
1000;70;2;CountingSort;3001;0;0;8950
1000;70;2;QuickSort;39371;16793;6868;49200
1000;70;2;InsertionSort;372001;123997;0;757012
1000;70;2;BubbleSort;1357422;432705;123003;1115473
1000;70;2;MergeSort;19952;7276;0;102990
1000;70;2;CountingSort;3001;0;0;7410
1000;70;2;QuickSort;44356;18214;8048;59020
1000;70;2;InsertionSort;363874;121288;0;116721
1000;70;2;BubbleSort;1382520;450672;120294;448072
1000;70;2;MergeSort;19952;7294;0;113370
1000;70;2;CountingSort;3001;0;0;7370
1000;70;2;QuickSort;36407;15533;6299;40590
1000;70;2;InsertionSort;370836;123608;0;542092
1000;70;2;BubbleSort;1384808;447174;122615;899292
1000;70;2;MergeSort;19952;7303;0;110261
1000;70;2;CountingSort;3001;0;0;7600
1000;70;2;QuickSort;36021;15411;6202;63370
1000;70;2;InsertionSort;382804;127600;0;112000
1000;70;2;BubbleSort;1410856;452222;126603;486322
1000;70;2;MergeSort;19952;7298;0;135371
1000;70;2;CountingSort;3001;0;0;7600
1000;70;2;QuickSort;34948;15121;5945;47730
1000;70;2;InsertionSort;372311;124099;0;460561
1000;70;2;BubbleSort;1389348;448460;123107;791782
1000;70;2;MergeSort;19952;7292;0;84340
1000;70;2;CountingSort;3001;0;0;7300
1000;70;2;QuickSort;38134;16420;6562;40620
1000;70;2;InsertionSort;376054;125346;0;118020
1000;70;2;BubbleSort;1384530;443555;124355;479411
1000;70;2;MergeSort;19952;7289;0;142840
1000;70;2;CountingSort;3001;0;0;7580
1000;70;2;QuickSort;36114;15084;6346;39280
1000;70;2;InsertionSort;377269;125749;0;418891
1000;70;2;BubbleSort;1402254;451605;124761;937822
1000;70;2;MergeSort;19952;7292;0;92880
1000;70;2;CountingSort;3001;0;0;11380
1000;70;2;QuickSort;39303;16149;7049;57140
1000;70;2;InsertionSort;370397;123461;0;120161
1000;70;2;BubbleSort;1378320;444222;122469;517402
1000;70;2;MergeSort;19952;7304;0;129930
1000;70;2;CountingSort;3001;0;0;10040
1000;70;2;QuickSort;36957;15315;6554;62730
1000;70;2;InsertionSort;372383;124125;0;253971
1000;70;2;BubbleSort;1370764;439122;123130;685172
1000;70;2;MergeSort;19952;7293;0;147451
1000;70;2;CountingSort;3001;0;0;6270
1000;70;2;QuickSort;34233;14715;5839;40530
1000;70;2;InsertionSort;370269;123421;0;86851
1000;70;2;BubbleSort;1384694;447497;122425;625511
1000;70;2;MergeSort;19952;7296;0;112580
1000;70;2;CountingSort;3001;0;0;9020
1000;70;2;QuickSort;41450;17717;7245;41350
1000;70;2;InsertionSort;369127;123041;0;376151
1000;70;2;BubbleSort;1365026;438425;122044;808283
1000;70;2;MergeSort;19952;7300;0;87791
1000;70;2;CountingSort;3001;0;0;9130
1000;70;2;QuickSort;36342;15705;6215;49331
1000;70;2;InsertionSort;363569;121187;0;94000
1000;70;2;BubbleSort;1351246;435239;120192;448061
1000;70;2;MergeSort;19952;7277;0;100480
1000;70;2;CountingSort;3001;0;0;7181
1000;70;2;QuickSort;34784;15875;5641;62650
1000;70;2;InsertionSort;365971;121987;0;709212
1000;70;2;BubbleSort;1362216;439122;120993;981882
1000;70;2;MergeSort;19952;7291;0;81320
1000;70;2;CountingSort;3001;0;0;7440
1000;70;2;QuickSort;40177;16756;7130;66400
1000;70;2;InsertionSort;359514;119834;0;122351
1000;70;2;BubbleSort;1356372;440504;118841;459962
1000;70;2;MergeSort;19952;7292;0;125690
1000;70;2;CountingSort;3001;0;0;11930
1000;70;2;QuickSort;41436;17256;7390;58190
1000;70;2;InsertionSort;360154;120048;0;634662
1000;70;2;BubbleSort;1368614;446199;119054;977363
1000;70;2;MergeSort;19952;7316;0;102540
1000;70;2;CountingSort;3001;0;0;8630
1000;70;2;QuickSort;35492;14978;6171;65460
1000;70;2;InsertionSort;357609;119201;0;72440
1000;70;2;BubbleSort;1352450;439815;118205;398681
1000;70;2;MergeSort;19952;7310;0;124481
1000;70;2;CountingSort;3001;0;0;8810
1000;70;2;QuickSort;38109;16146;6658;52170
1000;70;2;InsertionSort;367400;122462;0;367921
1000;70;2;BubbleSort;1363428;438774;121470;678312
1000;70;2;MergeSort;19952;7284;0;128900
1000;70;2;CountingSort;3001;0;0;9070
1000;70;2;QuickSort;44385;19140;7750;50630
1000;70;2;InsertionSort;375556;125182;0;72730
1000;70;2;BubbleSort;1393672;448460;124188;410081
1000;70;2;MergeSort;19952;7329;0;93660
1000;70;2;CountingSort;3001;0;0;9930
1000;70;2;QuickSort;36219;15555;6233;45320
1000;70;2;InsertionSort;378692;126228;0;433551
1000;70;2;BubbleSort;1400392;449730;125233;745262
1000;70;2;MergeSort;19952;7287;0;128001
1000;70;2;CountingSort;3001;0;0;7740
1000;70;2;QuickSort;38878;16348;6843;40780
1000;70;2;InsertionSort;359569;119853;0;56710
1000;70;2;BubbleSort;1372356;448460;118859;499272
1000;70;2;MergeSort;19952;7311;0;122911
1000;70;2;CountingSort;3001;0;0;8860
1000;70;2;QuickSort;38222;15917;6776;39490
1000;70;2;InsertionSort;365397;121795;0;323741
1000;70;2;BubbleSort;1366948;441870;120802;796732
1000;70;2;MergeSort;19952;7317;0;118240
1000;70;2;CountingSort;3001;0;0;7520
1000;70;2;QuickSort;37436;16406;6345;51551
1000;70;2;InsertionSort;392692;130892;0;89500
1000;70;2;BubbleSort;1425884;453140;129901;529871
1000;70;2;MergeSort;19952;7313;0;88860
1000;70;2;CountingSort;3001;0;0;9100
1000;70;2;QuickSort;40896;16959;7312;51100
1000;70;2;InsertionSort;353988;117990;0;60040
1000;70;2;BubbleSort;1357770;444885;117000;616052
1000;70;2;MergeSort;19952;7301;0;154931
1000;70;2;CountingSort;3001;0;0;9380
1000;70;2;QuickSort;40346;17336;7011;68840
1000;70;2;InsertionSort;359015;119671;0;759242
1000;70;2;BubbleSort;1369040;447174;118673;1149263
1000;70;2;MergeSort;19952;7323;0;105640
1000;70;2;CountingSort;3001;0;0;10230
1000;70;2;QuickSort;40605;16872;7248;41930
1000;70;2;InsertionSort;370619;123535;0;338701
1000;70;2;BubbleSort;1391516;450672;122543;667282
1000;70;2;MergeSort;19952;7277;0;80280
1000;70;2;CountingSort;3001;0;0;9160
1000;70;2;QuickSort;36097;15586;6180;60990
1000;70;2;InsertionSort;361241;120411;0;82290
1000;70;2;BubbleSort;1363432;442884;119416;417771
1000;70;2;MergeSort;19952;7311;0;127641
1000;70;2;CountingSort;3001;0;0;8930
1000;70;2;QuickSort;37151;15404;6590;49030
1000;70;2;InsertionSort;371100;123696;0;73110
1000;70;2;BubbleSort;1384512;446850;122703;495582
1000;70;2;MergeSort;19952;7309;0;156000
1000;70;2;CountingSort;3001;0;0;8750
1000;70;2;QuickSort;36225;15576;6227;112381
1000;70;2;InsertionSort;392349;130779;0;800352
1000;70;2;BubbleSort;1421112;450984;129786;1073733
1000;70;2;MergeSort;19952;7287;0;121640
1000;70;2;CountingSort;3001;0;0;9070
1000;70;2;QuickSort;36041;16058;5990;62960
1000;70;2;InsertionSort;370301;123431;0;84980
1000;70;2;BubbleSort;1384738;447497;122436;399001
1000;70;2;MergeSort;19952;7289;0;108331
1000;70;2;CountingSort;3001;0;0;8960
1000;70;2;QuickSort;36521;15959;6191;49130
1000;70;2;InsertionSort;383571;127851;0;417651
1000;70;2;BubbleSort;1383594;438075;126861;738362
1000;70;2;MergeSort;19952;7334;0;143211
1000;70;2;CountingSort;3001;0;0;8720
1000;70;2;QuickSort;39109;17575;6514;58700
1000;70;2;InsertionSort;380882;126954;0;116710
1000;70;2;BubbleSort;1392304;444222;125965;405661
1000;70;2;MergeSort;19952;7300;0;129211
1000;70;2;CountingSort;3001;0;0;21621
1000;70;2;QuickSort;42166;17824;7458;61541
1000;70;2;InsertionSort;368366;122784;0;94290
1000;70;2;BubbleSort;1378256;445544;121792;493901
1000;70;2;MergeSort;19952;7298;0;121960
1000;70;2;CountingSort;3001;0;0;8180
1000;70;2;QuickSort;35775;15225;6185;60770
1000;70;2;InsertionSort;366520;122170;0;69080
1000;70;2;BubbleSort;1378404;446850;121176;396341
1000;70;2;MergeSort;19952;7301;0;108240
1000;70;2;CountingSort;3001;0;0;9030
1000;70;2;QuickSort;41807;17237;7520;63050
1000;70;2;InsertionSort;371033;123675;0;114450
1000;70;2;BubbleSort;1384420;446850;122680;499031
1000;70;2;MergeSort;19952;7303;0;118641
1000;70;2;CountingSort;3001;0;0;14831
1000;70;2;QuickSort;40333;16759;7202;79100
1000;70;2;InsertionSort;368984;122992;0;102770
1000;70;2;BubbleSort;1363436;437724;121997;584042
1000;70;2;MergeSort;19952;7324;0;144830
1000;70;2;CountingSort;3001;0;0;9380
1000;70;2;QuickSort;44117;18644;7826;65371
1000;70;2;InsertionSort;376763;125583;0;56380
1000;70;2;BubbleSort;1384132;442884;124591;439321
1000;70;2;MergeSort;19952;7313;0;106170
1000;70;2;CountingSort;3001;0;0;7340
1000;70;2;QuickSort;37161;15483;6552;40170
1000;70;2;InsertionSort;372045;124009;0;55430
1000;70;2;BubbleSort;1378516;443220;123019;417732
1000;70;2;MergeSort;19952;7277;0;86950
1000;70;2;CountingSort;3001;0;0;8650
1000;70;2;QuickSort;42067;18361;7237;55710
1000;70;2;InsertionSort;386025;128671;0;125550
1000;70;2;BubbleSort;1409540;449414;127678;551551
1000;70;2;MergeSort;19952;7328;0;141050
1000;70;2;CountingSort;3001;0;0;9070
1000;70;2;QuickSort;36045;15612;6145;50170
1000;70;2;InsertionSort;354420;118134;0;109020
1000;70;2;BubbleSort;1341196;436310;117144;587972
1000;70;2;MergeSort;19952;7302;0;122490
1000;70;2;CountingSort;3001;0;0;9400
1000;70;2;QuickSort;37931;16151;6589;39891
1000;70;2;InsertionSort;373223;124403;0;72960
1000;70;2;BubbleSort;1391838;449097;123411;558571
1000;70;2;MergeSort;19952;7297;0;153060
1000;70;2;CountingSort;3001;0;0;8630
1000;70;2;QuickSort;37908;15684;6737;60590
1000;70;2;InsertionSort;357492;119162;0;314581
1000;70;2;BubbleSort;1363094;445215;118166;751742
1000;70;2;MergeSort;19952;7305;0;159431
1000;70;2;CountingSort;3001;0;0;9570
1000;70;2;QuickSort;36913;16009;6292;64900
1000;70;2;InsertionSort;377349;125779;0;75030
1000;70;2;BubbleSort;1386254;443555;124786;773102
1000;70;2;MergeSort;19952;7288;0;104521
1000;70;2;CountingSort;3001;0;0;8740
1000;70;2;QuickSort;34745;14654;6035;60630
1000;70;2;InsertionSort;370093;123359;0;103560
1000;70;2;BubbleSort;1379902;445215;122368;768382
1000;70;2;MergeSort;19952;7321;0;125691
1000;70;2;CountingSort;3001;0;0;9160
1000;70;2;QuickSort;43391;18059;7780;60520
1000;70;2;InsertionSort;344204;114732;0;245601
1000;70;2;BubbleSort;1347998;446525;113737;666082
1000;70;2;MergeSort;19952;7317;0;153990
1000;70;2;CountingSort;3001;0;0;8710
1000;70;2;QuickSort;39093;16386;6895;85550
1000;70;2;InsertionSort;365761;121915;0;665932
1000;70;2;BubbleSort;1357734;437019;120924;1045023
1000;70;2;MergeSort;19952;7295;0;99041
1000;70;2;CountingSort;3001;0;0;7580
1000;70;2;QuickSort;37990;15958;6673;65380
1000;70;2;InsertionSort;365946;121978;0;139290
1000;70;2;BubbleSort;1383400;449730;120985;575602
1000;70;2;MergeSort;19952;7268;0;100691
1000;70;2;CountingSort;3001;0;0;9400
1000;70;2;QuickSort;36639;15651;6323;54531
1000;70;2;InsertionSort;349462;116482;0;208980
1000;70;2;BubbleSort;1352394;445215;115491;551441
1000;70;2;MergeSort;19952;7287;0;164450
1000;70;2;CountingSort;3001;0;0;10050
1000;70;2;QuickSort;43556;17873;7891;42150
1000;70;2;InsertionSort;355507;118501;0;53190
1000;70;2;BubbleSort;1370106;450045;117504;498602
1000;70;2;MergeSort;19952;7323;0;106521
1000;70;2;CountingSort;3001;0;0;8820
1000;70;2;QuickSort;42467;17564;7624;72000
1000;70;2;InsertionSort;372382;124122;0;119770
1000;70;2;BubbleSort;1385574;446525;123131;515751
1000;70;2;MergeSort;19952;7301;0;107130
1000;70;2;CountingSort;3001;0;0;8700
1000;70;2;QuickSort;43256;17798;7812;58030
1000;70;2;InsertionSort;371846;123946;0;136180
1000;70;2;BubbleSort;1374864;441530;122951;550542
1000;70;2;MergeSort;19952;7312;0;99720
1000;70;2;CountingSort;3001;0;0;9210
1000;70;2;QuickSort;36588;15795;6267;50961
1000;70;2;InsertionSort;363067;121017;0;133110
1000;70;2;BubbleSort;1347698;433797;120026;681561
1000;70;2;MergeSort;19952;7288;0;154170
1000;70;2;CountingSort;3001;0;0;13330
1000;70;2;QuickSort;35174;15257;5970;70660
1000;70;2;InsertionSort;358052;119348;0;76220
1000;70;2;BubbleSort;1374756;450672;118353;378231
1000;70;2;MergeSort;19952;7297;0;86000
1000;70;2;CountingSort;3001;0;0;9160
1000;70;2;QuickSort;40319;16682;7210;61600
1000;70;2;InsertionSort;374907;124963;0;70101
1000;70;2;BubbleSort;1371340;437724;123973;616741
1000;70;2;MergeSort;19952;7296;0;103870
1000;70;2;CountingSort;3001;0;0;9240
1000;70;2;QuickSort;39380;16679;6899;50680
1000;70;2;InsertionSort;358743;119577;0;183171
1000;70;2;BubbleSort;1366734;446199;118584;582032
1000;70;2;MergeSort;19952;7342;0;161931
1000;70;2;CountingSort;3001;0;0;9700
1000;70;2;QuickSort;36432;16962;5820;66070
1000;70;2;InsertionSort;369512;123166;0;106890
1000;70;2;BubbleSort;1379784;445544;122174;484711
1000;70;2;MergeSort;19952;7278;0;112310
1000;70;2;CountingSort;3001;0;0;7510
1000;70;2;QuickSort;39883;16486;7120;61490
1000;70;2;InsertionSort;369451;123147;0;482751
1000;70;2;BubbleSort;1361942;436665;122153;728222
1000;70;2;MergeSort;19952;7299;0;157461
1000;70;2;CountingSort;3001;0;0;9110
1000;70;2;QuickSort;38644;15883;6918;69360
1000;70;2;InsertionSort;355711;118567;0;79920
1000;70;2;BubbleSort;1362690;446199;117573;401121
1000;70;2;MergeSort;19952;7297;0;91360
1000;70;3;CountingSort;3001;0;0;237950
1000;70;3;QuickSort;38401;15925;6830;1297783
1000;70;3;InsertionSort;377715;125905;0;6015576
1000;70;3;BubbleSort;1390712;445544;124906;7764711
1000;70;3;MergeSort;19952;7464;0;873532
1000;70;3;CountingSort;3001;0;0;114660
1000;70;3;QuickSort;38263;16378;6625;213761
1000;70;3;InsertionSort;383856;127952;0;592062
1000;70;3;BubbleSort;1400862;446525;126953;4349142
1000;70;3;MergeSort;19952;7490;0;447531
1000;70;3;CountingSort;3001;0;0;100161
1000;70;3;QuickSort;39013;16879;6707;193681
1000;70;3;InsertionSort;367077;122359;0;255250
1000;70;3;BubbleSort;1362988;438774;121360;1394793
1000;70;3;MergeSort;19952;7501;0;512951
1000;70;3;CountingSort;3001;0;0;111580
1000;70;3;QuickSort;39730;17128;6860;164930
1000;70;3;InsertionSort;360084;120028;0;773732
1000;70;3;BubbleSort;1367860;445872;119029;1526804
1000;70;3;MergeSort;19952;7486;0;207811
1000;70;3;CountingSort;3001;0;0;116790
1000;70;3;QuickSort;43926;18234;7885;774902
1000;70;3;InsertionSort;381537;127179;0;611621
1000;70;3;BubbleSort;1398420;446850;126180;1428203
1000;70;3;MergeSort;19952;7495;0;257191
1000;70;3;CountingSort;3001;0;0;128110
1000;70;3;QuickSort;41000;17648;7122;895322
1000;70;3;InsertionSort;371451;123817;0;224801
1000;70;3;BubbleSort;1367422;438075;122818;1063513
1000;70;3;MergeSort;19952;7486;0;253351
1000;70;3;CountingSort;3001;0;0;117890
1000;70;3;QuickSort;42154;17695;7475;911232
1000;70;3;InsertionSort;374019;124673;0;77910
1000;70;3;BubbleSort;1396040;450672;123674;1093583
1000;70;3;MergeSort;19952;7496;0;469962
1000;70;3;CountingSort;3001;0;0;144731
1000;70;3;QuickSort;36057;15141;6309;654581
1000;70;3;InsertionSort;366633;122211;0;500311
1000;70;3;BubbleSort;1360296;437724;121212;1225813
1000;70;3;MergeSort;19952;7497;0;253341
1000;70;3;CountingSort;3001;0;0;172760
1000;70;3;QuickSort;41159;17189;7329;224081
1000;70;3;InsertionSort;352341;117447;0;85270
1000;70;3;BubbleSort;1358190;446199;116448;1066053
1000;70;3;MergeSort;19952;7480;0;461412
1000;70;3;CountingSort;3001;0;0;116170
1000;70;3;QuickSort;37801;16108;6567;49470
1000;70;3;InsertionSort;374760;124920;0;251361
1000;70;3;BubbleSort;1392604;448460;123921;782252
1000;70;3;MergeSort;19952;7486;0;408991
1000;70;3;CountingSort;3001;0;0;149390
1000;70;3;QuickSort;40209;16593;7213;53860
1000;70;3;InsertionSort;382440;127480;0;102620
1000;70;3;BubbleSort;1388984;441530;126481;502241
1000;70;3;MergeSort;19952;7499;0;257021
1000;70;3;CountingSort;3001;0;0;136280
1000;70;3;QuickSort;36405;15456;6326;50040
1000;70;3;InsertionSort;361842;120614;0;129550
1000;70;3;BubbleSort;1360838;441189;119615;648042
1000;70;3;MergeSort;19952;7492;0;138341
1000;70;3;CountingSort;3001;0;0;123770
1000;70;3;QuickSort;40123;16606;7181;46060
1000;70;3;InsertionSort;373464;124488;0;275430
1000;70;3;BubbleSort;1385700;445872;123489;726872
1000;70;3;MergeSort;19952;7505;0;119190
1000;70;3;CountingSort;3001;0;0;161231
1000;70;3;QuickSort;41582;17414;7388;63090
1000;70;3;InsertionSort;364920;121640;0;109411
1000;70;3;BubbleSort;1380122;448779;120641;517162
1000;70;3;MergeSort;19952;7506;0;128021
1000;70;3;CountingSort;3001;0;0;127010
1000;70;3;QuickSort;40704;17154;7186;134410
1000;70;3;InsertionSort;376650;125550;0;112660
1000;70;3;BubbleSort;1398922;450359;124551;448591
1000;70;3;MergeSort;19952;7480;0;125801
1000;70;3;CountingSort;3001;0;0;92750
1000;70;3;QuickSort;38996;16439;6865;38440
1000;70;3;InsertionSort;367161;122387;0;158860
1000;70;3;BubbleSort;1342046;428247;121388;701272
1000;70;3;MergeSort;19952;7503;0;116451
1000;70;3;CountingSort;3001;0;0;64060
1000;70;3;QuickSort;39309;16242;7018;39080
1000;70;3;InsertionSort;364257;121419;0;71050
1000;70;3;BubbleSort;1378600;448460;120420;514772
1000;70;3;MergeSort;19952;7501;0;118571
1000;70;3;CountingSort;3001;0;0;32610
1000;70;3;QuickSort;39502;16366;7049;46520
1000;70;3;InsertionSort;383457;127819;0;120560
1000;70;3;BubbleSort;1399678;446199;126820;516352
1000;70;3;MergeSort;19952;7496;0;164621
1000;70;3;CountingSort;3001;0;0;20780
1000;70;3;QuickSort;39913;16387;7164;50210
1000;70;3;InsertionSort;370968;123656;0;143140
1000;70;3;BubbleSort;1391972;450672;122657;543892
1000;70;3;MergeSort;19952;7489;0;112070
1000;70;3;CountingSort;3001;0;0;32370
1000;70;3;QuickSort;42408;17457;7645;55370
1000;70;3;InsertionSort;370455;123485;0;77590
1000;70;3;BubbleSort;1364688;437372;122486;486131
1000;70;3;MergeSort;19952;7477;0;119821
1000;70;3;CountingSort;3001;0;0;24480
1000;70;3;QuickSort;37680;16023;6552;53330
1000;70;3;InsertionSort;373908;124636;0;68230
1000;70;3;BubbleSort;1380988;443220;123637;596991
1000;70;3;MergeSort;19952;7508;0;146900
1000;70;3;CountingSort;3001;0;0;17720
1000;70;3;QuickSort;37913;15740;6729;104891
1000;70;3;InsertionSort;380634;126878;0;574752
1000;70;3;BubbleSort;1395914;446199;125879;923222
1000;70;3;MergeSort;19952;7512;0;118120
1000;70;3;CountingSort;3001;0;0;1111913
1000;70;3;QuickSort;38679;16026;6886;1051133
1000;70;3;InsertionSort;375045;125015;0;1088553
1000;70;3;BubbleSort;1391702;447819;124016;1571355
1000;70;3;MergeSort;19952;7479;0;163661
1000;70;3;CountingSort;3001;0;0;17850
1000;70;3;QuickSort;34387;14500;5961;50160
1000;70;3;InsertionSort;377697;125899;0;543642
1000;70;3;BubbleSort;1403428;451914;124900;775213
1000;70;3;MergeSort;19952;7498;0;137681
1000;70;3;CountingSort;3001;0;0;16200
1000;70;3;QuickSort;42475;17533;7656;76940
1000;70;3;InsertionSort;354426;118142;0;101340
1000;70;3;BubbleSort;1353666;442547;117143;361331
1000;70;3;MergeSort;19952;7503;0;72841
1000;70;3;CountingSort;3001;0;0;25510
1000;70;3;QuickSort;34843;15199;5894;56980
1000;70;3;InsertionSort;383148;127716;0;132240
1000;70;3;BubbleSort;1396638;444885;126717;480831
1000;70;3;MergeSort;19952;7506;0;86370
1000;70;3;CountingSort;3001;0;0;14960
1000;70;3;QuickSort;38209;16228;6651;41130
1000;70;3;InsertionSort;374916;124972;0;400821
1000;70;3;BubbleSort;1390240;447174;123973;770852
1000;70;3;MergeSort;19952;7493;0;112940
1000;70;3;CountingSort;3001;0;0;51530
1000;70;3;QuickSort;36060;15171;6282;43830
1000;70;3;InsertionSort;388887;129629;0;73410
1000;70;3;BubbleSort;1398260;441870;128630;575472
1000;70;3;MergeSort;19952;7476;0;75470
1000;70;3;CountingSort;3001;0;0;14850
1000;70;3;QuickSort;37468;15946;6513;58040
1000;70;3;InsertionSort;371637;123879;0;125910
1000;70;3;BubbleSort;1387800;448140;122880;471831
1000;70;3;MergeSort;19952;7497;0;133650
1000;70;3;CountingSort;3001;0;0;18350
1000;70;3;QuickSort;39035;16721;6785;40770
1000;70;3;InsertionSort;360753;120251;0;351281
1000;70;3;BubbleSort;1356638;439815;119252;696502
1000;70;3;MergeSort;19952;7508;0;162371
1000;70;3;CountingSort;3001;0;0;14690
1000;70;3;QuickSort;35983;15076;6304;40100
1000;70;3;InsertionSort;366342;122114;0;92600
1000;70;3;BubbleSort;1376204;445872;121115;381181
1000;70;3;MergeSort;19952;7491;0;111261
1000;70;3;CountingSort;3001;0;0;15080
1000;70;3;QuickSort;40052;17246;6932;41230
1000;70;3;InsertionSort;382713;127571;0;72840
1000;70;3;BubbleSort;1394066;443889;126572;626682
1000;70;3;MergeSort;19952;7491;0;128541
1000;70;3;CountingSort;3001;0;0;16620
1000;70;3;QuickSort;39449;16049;7120;43710
1000;70;3;InsertionSort;378960;126320;0;135981
1000;70;3;BubbleSort;1392372;445544;125321;527582
1000;70;3;MergeSort;19952;7469;0;139220
1000;70;3;CountingSort;3001;0;0;18030
1000;70;3;QuickSort;34593;14640;5981;49530
1000;70;3;InsertionSort;352587;117529;0;331531
1000;70;3;BubbleSort;1355890;444885;116530;694462
1000;70;3;MergeSort;19952;7490;0;120120
1000;70;3;CountingSort;3001;0;0;9600
1000;70;3;QuickSort;36991;15766;6417;42060
1000;70;3;InsertionSort;389481;129827;0;75960
1000;70;3;BubbleSort;1420370;452529;128828;408211
1000;70;3;MergeSort;19952;7497;0;88880
1000;70;3;CountingSort;3001;0;0;10220
1000;70;3;QuickSort;37950;15990;6658;40780
1000;70;3;InsertionSort;368205;122735;0;228620
1000;70;3;BubbleSort;1385138;449097;121736;659082
1000;70;3;MergeSort;19952;7485;0;153320
1000;70;3;CountingSort;3001;0;0;8120
1000;70;3;QuickSort;36994;15856;6372;61171
1000;70;3;InsertionSort;374688;124896;0;284150
1000;70;3;BubbleSort;1380006;442209;123897;691732
1000;70;3;MergeSort;19952;7487;0;178630
1000;70;3;CountingSort;3001;0;0;10290
1000;70;3;QuickSort;39553;17512;6685;64431
1000;70;3;InsertionSort;360981;120327;0;97460
1000;70;3;BubbleSort;1381140;451914;119328;378821
1000;70;3;MergeSort;19952;7482;0;105550
1000;70;3;CountingSort;3001;0;0;10110
1000;70;3;QuickSort;37603;15772;6621;59300
1000;70;3;InsertionSort;386400;128800;0;76291
1000;70;3;BubbleSort;1402292;445544;127801;492782
1000;70;3;MergeSort;19952;7481;0;137880
1000;70;3;CountingSort;3001;0;0;8960
1000;70;3;QuickSort;41289;17208;7349;58330
1000;70;3;InsertionSort;362058;120686;0;323531
1000;70;3;BubbleSort;1362488;441870;119687;605231
1000;70;3;MergeSort;19952;7497;0;82780
1000;70;3;CountingSort;3001;0;0;8440
1000;70;3;QuickSort;42007;17662;7450;68311
1000;70;3;InsertionSort;357333;119111;0;129940
1000;70;3;BubbleSort;1377506;452529;118112;434671
1000;70;3;MergeSort;19952;7492;0;102680
1000;70;3;CountingSort;3001;0;0;8380
1000;70;3;QuickSort;37433;15683;6577;40040
1000;70;3;InsertionSort;384483;128161;0;165461
1000;70;3;BubbleSort;1375516;433434;127162;719042
1000;70;3;MergeSort;19952;7510;0;148830
1000;70;3;CountingSort;3001;0;0;11040
1000;70;3;QuickSort;38549;15779;6924;69141
1000;70;3;InsertionSort;360204;120068;0;56181
1000;70;3;BubbleSort;1368674;446199;119069;504041
1000;70;3;MergeSort;19952;7499;0;190660
1000;70;3;CountingSort;3001;0;0;10730
1000;70;3;QuickSort;38687;17168;6511;41310
1000;70;3;InsertionSort;366612;122204;0;129860
1000;70;3;BubbleSort;1383014;449097;121205;434531
1000;70;3;MergeSort;19952;7494;0;89750
1000;70;3;CountingSort;3001;0;0;10050
1000;70;3;QuickSort;36713;15536;6384;61600
1000;70;3;InsertionSort;385821;128607;0;85050
1000;70;3;BubbleSort;1402830;446199;127608;354421
1000;70;3;MergeSort;19952;7515;0;117660
1000;70;3;CountingSort;3001;0;0;14400
1000;70;3;QuickSort;36342;15807;6188;40480
1000;70;3;InsertionSort;380139;126713;0;400422
1000;70;3;BubbleSort;1398494;447819;125714;702653
1000;70;3;MergeSort;19952;7512;0;204190
1000;70;3;CountingSort;3001;0;0;12160
1000;70;3;QuickSort;44526;18306;8080;64481
1000;70;3;InsertionSort;372552;124184;0;136430
1000;70;3;BubbleSort;1368890;438075;123185;475201
1000;70;3;MergeSort;19952;7488;0;111700
1000;70;3;CountingSort;3001;0;0;8500
1000;70;3;QuickSort;33213;14193;5673;45811
1000;70;3;InsertionSort;373851;124617;0;324660
1000;70;3;BubbleSort;1380240;442884;123618;635432
1000;70;3;MergeSort;19952;7501;0;218090
1000;70;3;CountingSort;3001;0;0;8330
1000;70;3;QuickSort;37549;15868;6560;55291
1000;70;3;InsertionSort;388974;129658;0;112390
1000;70;3;BubbleSort;1388674;437019;128659;581001
1000;70;3;MergeSort;19952;7500;0;123300
1000;70;3;CountingSort;3001;0;0;15020
1000;70;3;QuickSort;34772;15023;5911;61210
1000;70;3;InsertionSort;377079;125693;0;116931
1000;70;3;BubbleSort;1392476;446850;124694;351341
1000;70;3;MergeSort;19952;7519;0;99900
1000;70;3;CountingSort;3001;0;0;8130
1000;70;3;QuickSort;35961;15480;6161;49020
1000;70;3;InsertionSort;368124;122708;0;116800
1000;70;3;BubbleSort;1381184;447174;121709;410141
1000;70;3;MergeSort;19952;7480;0;125261
1000;70;3;CountingSort;3001;0;0;13310
1000;70;3;QuickSort;38656;16609;6667;51400
1000;70;3;InsertionSort;370929;123643;0;256891
1000;70;3;BubbleSort;1382320;445872;122644;561112
1000;70;3;MergeSort;19952;7504;0;119531
1000;70;3;CountingSort;3001;0;0;8720
1000;70;3;QuickSort;47681;20129;8519;77140
1000;70;3;InsertionSort;365628;121876;0;97270
1000;70;3;BubbleSort;1356128;436310;120877;619092
1000;70;3;MergeSort;19952;7495;0;111350
1000;70;3;CountingSort;3001;0;0;9900
1000;70;3;QuickSort;37139;16349;6275;49440
1000;70;3;InsertionSort;373104;124368;0;56670
1000;70;3;BubbleSort;1358154;432339;123369;576091
1000;70;3;MergeSort;19952;7495;0;119410
1000;70;3;CountingSort;3001;0;0;12720
1000;70;3;QuickSort;36859;15250;6546;77360
1000;70;3;InsertionSort;375600;125200;0;158410
1000;70;3;BubbleSort;1396894;450045;124201;567491
1000;70;3;MergeSort;19952;7503;0;115120
1000;70;3;CountingSort;3001;0;0;9760
1000;70;3;QuickSort;37633;15943;6564;50560
1000;70;3;InsertionSort;361722;120574;0;356381
1000;70;3;BubbleSort;1368070;444885;119575;618761
1000;70;3;MergeSort;19952;7494;0;150700
1000;70;3;CountingSort;3001;0;0;10780
1000;70;3;QuickSort;38058;15936;6709;55630
1000;70;3;InsertionSort;376758;125586;0;94101
1000;70;3;BubbleSort;1406446;454049;124587;472382
1000;70;3;MergeSort;19952;7487;0;116991
1000;70;3;CountingSort;3001;0;0;8740
1000;70;3;QuickSort;35689;15403;6104;39850
1000;70;3;InsertionSort;369615;123205;0;101120
1000;70;3;BubbleSort;1377932;444554;122206;587222
1000;70;3;MergeSort;19952;7486;0;113250
1000;70;3;CountingSort;3001;0;0;9910
1000;70;3;QuickSort;40936;17593;7112;57810
1000;70;3;InsertionSort;370674;123558;0;119220
1000;70;3;BubbleSort;1383936;446850;122559;439141
1000;70;3;MergeSort;19952;7488;0;115860
1000;70;3;CountingSort;3001;0;0;12810
1000;70;3;QuickSort;35435;15260;6066;40400
1000;70;3;InsertionSort;389007;129669;0;63080
1000;70;3;BubbleSort;1403788;444554;128670;500592
1000;70;3;MergeSort;19952;7506;0;98430
1000;70;3;CountingSort;3001;0;0;10280
1000;70;3;QuickSort;45319;18484;8281;52061
1000;70;3;InsertionSort;364635;121545;0;122281
1000;70;3;BubbleSort;1381012;449414;120546;532781
1000;70;3;MergeSort;19952;7487;0;99220
1000;70;3;CountingSort;3001;0;0;10290
1000;70;3;QuickSort;36556;15517;6342;40340
1000;70;3;InsertionSort;379416;126472;0;389831
1000;70;3;BubbleSort;1407562;452835;125473;735162
1000;70;3;MergeSort;19952;7500;0;167730
1000;70;3;CountingSort;3001;0;0;10700
1000;70;3;QuickSort;37435;16036;6467;57630
1000;70;3;InsertionSort;374619;124873;0;85151
1000;70;3;BubbleSort;1385926;445215;123874;420532
1000;70;3;MergeSort;19952;7499;0;119280
1000;70;3;CountingSort;3001;0;0;11060
1000;70;3;QuickSort;36145;15061;6365;59301
1000;70;3;InsertionSort;375207;125069;0;101390
1000;70;3;BubbleSort;1376600;440160;124070;478251
1000;70;3;MergeSort;19952;7513;0;162020
1000;70;3;CountingSort;3001;0;0;9210
1000;70;3;QuickSort;39177;16203;6979;60470
1000;70;3;InsertionSort;360138;120046;0;100600
1000;70;3;BubbleSort;1369888;446850;119047;535161
1000;70;3;MergeSort;19952;7482;0;108570
1000;70;3;CountingSort;3001;0;0;10880
1000;70;3;QuickSort;36051;15537;6160;39990
1000;70;3;InsertionSort;387102;129034;0;476112
1000;70;3;BubbleSort;1411600;449730;128035;829763
1000;70;3;MergeSort;19952;7505;0;157030
1000;70;3;CountingSort;3001;0;0;8620
1000;70;3;QuickSort;37419;16035;6461;58490
1000;70;3;InsertionSort;352287;117429;0;71810
1000;70;3;BubbleSort;1355490;444885;116430;486531
1000;70;3;MergeSort;19952;7519;0;98690
1000;70;3;CountingSort;3001;0;0;10470
1000;70;3;QuickSort;38420;15953;6820;58780
1000;70;3;InsertionSort;378567;126189;0;126940
1000;70;3;BubbleSort;1372668;435954;125190;495211
1000;70;3;MergeSort;19952;7484;0;125071
1000;70;3;CountingSort;3001;0;0;9500
1000;70;3;QuickSort;36444;15540;6301;51340
1000;70;3;InsertionSort;381930;127310;0;226991
1000;70;3;BubbleSort;1403438;449097;126311;649272
1000;70;3;MergeSort;19952;7490;0;162391
1000;70;3;CountingSort;3001;0;0;9280
1000;70;3;QuickSort;40093;16615;7161;53090
1000;70;3;InsertionSort;376956;125652;0;89110
1000;70;3;BubbleSort;1404892;453140;124653;478752
1000;70;3;MergeSort;19952;7489;0;96480
1000;70;3;CountingSort;3001;0;0;9890
1000;70;3;QuickSort;35774;15359;6131;49721
1000;70;3;InsertionSort;366870;122290;0;452232
1000;70;3;BubbleSort;1378214;446525;121291;798552
1000;70;3;MergeSort;19952;7506;0;143890
1000;70;3;CountingSort;3001;0;0;10860
1000;70;3;QuickSort;36319;15535;6250;63070
1000;70;3;InsertionSort;382053;127351;0;89940
1000;70;3;BubbleSort;1387786;441189;126352;509411
1000;70;3;MergeSort;19952;7509;0;112970
1000;70;3;CountingSort;3001;0;0;10480
1000;70;3;QuickSort;44059;18889;7739;71270
1000;70;3;InsertionSort;376509;125503;0;110630
1000;70;3;BubbleSort;1398106;450045;124504;399021
1000;70;3;MergeSort;19952;7503;0;86940
1000;70;3;CountingSort;3001;0;0;9780
1000;70;3;QuickSort;39320;16559;6910;41540
1000;70;3;InsertionSort;366291;122097;0;66450
1000;70;3;BubbleSort;1381950;448779;121098;355611
1000;70;3;MergeSort;19952;7480;0;80360
1000;70;3;CountingSort;3001;0;0;10150
1000;70;3;QuickSort;40679;16655;7343;50260
1000;70;3;InsertionSort;369573;123191;0;484221
1000;70;3;BubbleSort;1359962;435597;122192;723502
1000;70;3;MergeSort;19952;7491;0;136411
1000;70;3;CountingSort;3001;0;0;10660
1000;70;3;QuickSort;36718;15292;6475;77460
1000;70;3;InsertionSort;353922;117974;0;583492
1000;70;3;BubbleSort;1362248;447174;116975;926993
1000;70;3;MergeSort;19952;7489;0;124111
1000;70;3;CountingSort;3001;0;0;9750
1000;70;3;QuickSort;35972;15281;6228;75230
1000;70;3;InsertionSort;357624;119208;0;71920
1000;70;3;BubbleSort;1360614;443889;118209;508901
1000;70;3;MergeSort;19952;7508;0;152000
1000;70;3;CountingSort;3001;0;0;16920
1000;70;3;QuickSort;38590;15871;6906;61790
1000;70;3;InsertionSort;365055;121685;0;69691
1000;70;3;BubbleSort;1367162;442209;120686;453412
1000;70;3;MergeSort;19952;7499;0;121580
1000;70;3;CountingSort;3001;0;0;9240
1000;70;3;QuickSort;38718;16584;6714;76671
1000;70;3;InsertionSort;366540;122180;0;120511
1000;70;3;BubbleSort;1371164;443220;121181;403821
1000;70;3;MergeSort;19952;7479;0;127170
1000;70;3;CountingSort;3001;0;0;10870
1000;70;3;QuickSort;40634;16433;7403;53740
1000;70;3;InsertionSort;376560;125520;0;84110
1000;70;3;BubbleSort;1398174;450045;124521;514491
1000;70;3;MergeSort;19952;7515;0;195310
1000;70;3;CountingSort;3001;0;0;10170
1000;70;3;QuickSort;38538;15993;6852;49380
1000;70;3;InsertionSort;367605;122535;0;144970
1000;70;3;BubbleSort;1369204;441530;121536;635792
1000;70;3;MergeSort;19952;7470;0;150450
1000;70;3;CountingSort;3001;0;0;13340
1000;70;3;QuickSort;38358;16344;6677;71340
1000;70;3;InsertionSort;357075;119025;0;127160
1000;70;3;BubbleSort;1344724;436310;118026;471581
1000;70;3;MergeSort;19952;7499;0;131630
1000;70;3;CountingSort;3001;0;0;8200
1000;70;3;QuickSort;41301;17046;7420;63490
1000;70;3;InsertionSort;384018;128006;0;83040
1000;70;3;BubbleSort;1403666;447819;127007;471451
1000;70;3;MergeSort;19952;7459;0;97590
1000;70;3;CountingSort;3001;0;0;9460
1000;70;3;QuickSort;39843;16932;6968;65840
1000;70;3;InsertionSort;360861;120287;0;485441
1000;70;3;BubbleSort;1368896;445872;119288;864963
1000;70;3;MergeSort;19952;7483;0;104211
1000;70;3;CountingSort;3001;0;0;10230
1000;70;3;QuickSort;41439;17190;7408;60760
1000;70;3;InsertionSort;393915;131305;0;87461
1000;70;3;BubbleSort;1424434;451605;130306;393351
1000;70;3;MergeSort;19952;7502;0;129080
1000;70;3;CountingSort;3001;0;0;10600
1000;70;3;QuickSort;35847;15432;6147;58830
1000;70;3;InsertionSort;377487;125829;0;75150
1000;70;3;BubbleSort;1400038;450359;124830;480241
1000;70;3;MergeSort;19952;7488;0;121371
1000;70;3;CountingSort;3001;0;0;9920
1000;70;3;QuickSort;36339;15192;6399;40710
1000;70;3;InsertionSort;375393;125131;0;205551
1000;70;3;BubbleSort;1403416;453444;124132;517242
1000;70;3;MergeSort;19952;7516;0;118320
1000;70;3;CountingSort;3001;0;0;10780
1000;70;3;QuickSort;37057;15994;6352;55140
1000;70;3;InsertionSort;362955;120985;0;57010
1000;70;3;BubbleSort;1376224;448140;119986;845652
1000;70;3;MergeSort;19952;7480;0;152831
1000;70;3;CountingSort;3001;0;0;10690
1000;70;3;QuickSort;41689;17293;7465;81460
1000;70;3;InsertionSort;368619;122873;0;94670
1000;70;3;BubbleSort;1352906;432705;121874;507782
1000;70;3;MergeSort;19952;7515;0;114431
1000;70;3;CountingSort;3001;0;0;10020
1000;70;3;QuickSort;40594;16825;7248;81911
1000;70;3;InsertionSort;365487;121829;0;99531
1000;70;3;BubbleSort;1350914;433797;120830;650201
1000;70;3;MergeSort;19952;7476;0;118510
1000;70;3;CountingSort;3001;0;0;10630
1000;70;3;QuickSort;42309;17604;7575;42200
1000;70;3;InsertionSort;368979;122993;0;96491
1000;70;3;BubbleSort;1365524;438774;121994;451972
1000;70;3;MergeSort;19952;7477;0;156180
1000;70;3;CountingSort;3001;0;0;8730
1000;70;3;QuickSort;40369;16936;7140;50850
1000;70;3;InsertionSort;364122;121374;0;59830
1000;70;3;BubbleSort;1378420;448460;120375;589771
1000;70;3;MergeSort;19952;7511;0;136940
1000;70;3;CountingSort;3001;0;0;12820
1000;70;3;QuickSort;43673;18422;7739;71830
1000;70;3;InsertionSort;367290;122430;0;96250
1000;70;3;BubbleSort;1374832;444554;121431;497601
1000;70;3;MergeSort;19952;7487;0;110050
1000;70;3;CountingSort;3001;0;0;15620
1000;70;3;QuickSort;39423;16191;7073;73190
1000;70;3;InsertionSort;365238;121746;0;94970
1000;70;3;BubbleSort;1383706;450359;120747;471602
1000;70;3;MergeSort;19952;7475;0;152181
1000;70;3;CountingSort;3001;0;0;8720
1000;70;3;QuickSort;38218;15967;6738;54350
1000;70;3;InsertionSort;365244;121748;0;75920
1000;70;3;BubbleSort;1356326;436665;120749;572532
1000;70;3;MergeSort;19952;7459;0;116990
1000;70;3;CountingSort;3001;0;0;10970
1000;70;3;QuickSort;38901;16536;6789;47690
1000;70;3;InsertionSort;379359;126453;0;521192
1000;70;3;BubbleSort;1384876;441530;125454;765622
1000;70;3;MergeSort;19952;7509;0;120470
1000;70;3;CountingSort;3001;0;0;7780
1000;70;3;QuickSort;36804;15666;6392;43351
1000;70;3;InsertionSort;375942;125314;0;125600
1000;70;3;BubbleSort;1372004;437372;124315;432291
1000;70;3;MergeSort;19952;7500;0;109980
1000;70;3;CountingSort;3001;0;0;11090
1000;70;3;QuickSort;39172;17065;6710;43031
1000;70;3;InsertionSort;364071;121357;0;366061
1000;70;3;BubbleSort;1384642;451605;120358;706332
1000;70;3;MergeSort;19952;7493;0;135560
1000;70;3;CountingSort;3001;0;0;10060
1000;70;3;QuickSort;39747;16704;7018;42130
1000;70;3;InsertionSort;375522;125174;0;57061
1000;70;3;BubbleSort;1389750;446525;124175;426961
1000;70;3;MergeSort;19952;7487;0;110470
1000;70;3;CountingSort;3001;0;0;13920
1000;70;3;QuickSort;38267;16268;6653;41941
1000;70;3;InsertionSort;358257;119419;0;69630
1000;70;3;BubbleSort;1357420;441870;118420;479641
1000;70;3;MergeSort;19952;7506;0;101390
1000;70;4;CountingSort;3001;0;0;177740
1000;70;4;QuickSort;39619;16543;7020;1341503
1000;70;4;InsertionSort;380376;126792;0;6030616
1000;70;4;BubbleSort;1402000;449414;125793;9287375
1000;70;4;MergeSort;19952;7697;0;960743
1000;70;4;CountingSort;3001;0;0;90530
1000;70;4;QuickSort;36398;15605;6256;170110
1000;70;4;InsertionSort;360078;120026;0;1414214
1000;70;4;BubbleSort;1363218;443555;119027;1988925
1000;70;4;MergeSort;19952;7686;0;153451
1000;70;4;CountingSort;3001;0;0;145210
1000;70;4;QuickSort;37763;16160;6544;196151
1000;70;4;InsertionSort;355401;118467;0;1532734
1000;70;4;BubbleSort;1373700;451914;117468;1951996
1000;70;4;MergeSort;19952;7700;0;153261
1000;70;4;CountingSort;3001;0;0;126140
1000;70;4;QuickSort;37533;16368;6388;746672
1000;70;4;InsertionSort;363318;121106;0;215261
1000;70;4;BubbleSort;1368872;444222;120107;410612
1000;70;4;MergeSort;19952;7694;0;168570
1000;70;4;CountingSort;3001;0;0;101860
1000;70;4;QuickSort;39738;17145;6868;693942
1000;70;4;InsertionSort;372639;124213;0;535381
1000;70;4;BubbleSort;1363334;435239;123214;953423
1000;70;4;MergeSort;19952;7684;0;124940
1000;70;4;CountingSort;3001;0;0;100411
1000;70;4;QuickSort;44582;18674;7970;240221
1000;70;4;InsertionSort;373506;124502;0;245470
1000;70;4;BubbleSort;1400292;453140;123503;569731
1000;70;4;MergeSort;19952;7699;0;121970
1000;70;4;CountingSort;3001;0;0;144020
1000;70;4;QuickSort;38579;16277;6750;87440
1000;70;4;InsertionSort;348795;116265;0;70410
1000;70;4;BubbleSort;1363032;450984;115266;517021
1000;70;4;MergeSort;19952;7674;0;208571
1000;70;4;CountingSort;3001;0;0;90940
1000;70;4;QuickSort;41372;17837;7180;50420
1000;70;4;InsertionSort;379659;126553;0;730642
1000;70;4;BubbleSort;1388656;443220;125554;1098103
1000;70;4;MergeSort;19952;7670;0;83010
1000;70;4;CountingSort;3001;0;0;177250
1000;70;4;QuickSort;37049;15602;6485;152780
1000;70;4;InsertionSort;377925;125975;0;142911
1000;70;4;BubbleSort;1384322;442209;124976;726202
1000;70;4;MergeSort;19952;7678;0;108911
1000;70;4;CountingSort;3001;0;0;138090
1000;70;4;QuickSort;45763;18676;8374;47340
1000;70;4;InsertionSort;367512;122504;0;373051
1000;70;4;BubbleSort;1381658;447819;121505;654682
1000;70;4;MergeSort;19952;7683;0;157351
1000;70;4;CountingSort;3001;0;0;123990
1000;70;4;QuickSort;41112;17226;7288;56830
1000;70;4;InsertionSort;379221;126407;0;84511
1000;70;4;BubbleSort;1382640;440504;125408;473922
1000;70;4;MergeSort;19952;7687;0;99560
1000;70;4;CountingSort;3001;0;0;113000
1000;70;4;QuickSort;37271;15890;6474;73391
1000;70;4;InsertionSort;367893;122631;0;115120
1000;70;4;BubbleSort;1359858;436665;121632;567691
1000;70;4;MergeSort;19952;7682;0;132440
1000;70;4;CountingSort;3001;0;0;106980
1000;70;4;QuickSort;37704;15708;6668;45230
1000;70;4;InsertionSort;387717;129239;0;358931
1000;70;4;BubbleSort;1365654;426347;128240;772802
1000;70;4;MergeSort;19952;7702;0;126330
1000;70;4;CountingSort;3001;0;0;111570
1000;70;4;QuickSort;39247;16480;6918;70160
1000;70;4;InsertionSort;367044;122348;0;82490
1000;70;4;BubbleSort;1385486;450045;121349;508241
1000;70;4;MergeSort;19952;7699;0;110870
1000;70;4;CountingSort;3001;0;0;154031
1000;70;4;QuickSort;37495;15781;6571;135891
1000;70;4;InsertionSort;378429;126143;0;98071
1000;70;4;BubbleSort;1404404;451914;125144;516452
1000;70;4;MergeSort;19952;7694;0;113300
1000;70;4;CountingSort;3001;0;0;117811
1000;70;4;QuickSort;38809;15913;6957;49640
1000;70;4;InsertionSort;366819;122273;0;244961
1000;70;4;BubbleSort;1384556;449730;121274;663611
1000;70;4;MergeSort;19952;7645;0;144590
1000;70;4;CountingSort;3001;0;0;41990
1000;70;4;QuickSort;41788;17356;7478;55941
1000;70;4;InsertionSort;364485;121495;0;113880
1000;70;4;BubbleSort;1381444;449730;120496;518241
1000;70;4;MergeSort;19952;7688;0;118860
1000;70;4;CountingSort;3001;0;0;29070
1000;70;4;QuickSort;38901;16014;6972;48451
1000;70;4;InsertionSort;377019;125673;0;119240
1000;70;4;BubbleSort;1400664;450984;124674;816422
1000;70;4;MergeSort;19952;7679;0;122950
1000;70;4;CountingSort;3001;0;0;16160
1000;70;4;QuickSort;35673;15060;6199;40310
1000;70;4;InsertionSort;373515;124505;0;393981
1000;70;4;BubbleSort;1397234;451605;123506;847853
1000;70;4;MergeSort;19952;7704;0;114980
1000;70;4;CountingSort;3001;0;0;21780
1000;70;4;QuickSort;41906;17660;7413;59020
1000;70;4;InsertionSort;355308;118436;0;82280
1000;70;4;BubbleSort;1373576;451914;117437;512212
1000;70;4;MergeSort;19952;7726;0;111061
1000;70;4;CountingSort;3001;0;0;36570
1000;70;4;QuickSort;40072;16423;7220;62400
1000;70;4;InsertionSort;373584;124528;0;73110
1000;70;4;BubbleSort;1387816;446850;123529;486161
1000;70;4;MergeSort;19952;7686;0;151901
1000;70;4;CountingSort;3001;0;0;33611
1000;70;4;QuickSort;38242;16051;6719;44351
1000;70;4;InsertionSort;379890;126630;0;440961
1000;70;4;BubbleSort;1406968;452222;125631;851662
1000;70;4;MergeSort;19952;7684;0;83550
1000;70;4;CountingSort;3001;0;0;2781927
1000;70;4;QuickSort;35146;15283;5951;46510
1000;70;4;InsertionSort;354858;118286;0;2700617
1000;70;4;BubbleSort;1354916;442884;117287;3131709
1000;70;4;MergeSort;19952;7703;0;113691
1000;70;4;CountingSort;3001;0;0;21940
1000;70;4;QuickSort;38082;16251;6600;66720
1000;70;4;InsertionSort;371334;123778;0;160391
1000;70;4;BubbleSort;1365154;437019;122779;625462
1000;70;4;MergeSort;19952;7668;0;180200
1000;70;4;CountingSort;3001;0;0;33440
1000;70;4;QuickSort;37620;16623;6340;79760
1000;70;4;InsertionSort;377400;125800;0;78400
1000;70;4;BubbleSort;1392904;446850;124801;518721
1000;70;4;MergeSort;19952;7678;0;54320
1000;70;4;CountingSort;3001;0;0;29480
1000;70;4;QuickSort;38152;16276;6623;48100
1000;70;4;InsertionSort;372198;124066;0;102080
1000;70;4;BubbleSort;1387906;447819;123067;572022
1000;70;4;MergeSort;19952;7711;0;107330
1000;70;4;CountingSort;3001;0;0;18640
1000;70;4;QuickSort;35516;14786;6253;49150
1000;70;4;InsertionSort;368898;122966;0;173260
1000;70;4;BubbleSort;1382862;447497;121967;750602
1000;70;4;MergeSort;19952;7674;0;145250
1000;70;4;CountingSort;3001;0;0;21680
1000;70;4;QuickSort;36800;15971;6277;55110
1000;70;4;InsertionSort;364335;121445;0;89270
1000;70;4;BubbleSort;1376132;447174;120446;441991
1000;70;4;MergeSort;19952;7677;0;87610
1000;70;4;CountingSort;3001;0;0;14790
1000;70;4;QuickSort;40684;16600;7371;48420
1000;70;4;InsertionSort;372579;124193;0;118391
1000;70;4;BubbleSort;1379216;443220;123194;603532
1000;70;4;MergeSort;19952;7684;0;127300
1000;70;4;CountingSort;3001;0;0;17840
1000;70;4;QuickSort;37814;15830;6666;45450
1000;70;4;InsertionSort;372108;124036;0;374921
1000;70;4;BubbleSort;1384546;446199;123037;684302
1000;70;4;MergeSort;19952;7702;0;122211
1000;70;4;CountingSort;3001;0;0;14850
1000;70;4;QuickSort;37484;15386;6703;62170
1000;70;4;InsertionSort;389520;129840;0;100241
1000;70;4;BubbleSort;1403142;443889;128841;408491
1000;70;4;MergeSort;19952;7686;0;78041
1000;70;4;CountingSort;3001;0;0;26900
1000;70;4;QuickSort;43176;17598;7857;51150
1000;70;4;InsertionSort;361806;120602;0;93471
1000;70;4;BubbleSort;1339400;430494;119603;627892
1000;70;4;MergeSort;19952;7698;0;170941
1000;70;4;CountingSort;3001;0;0;29880
1000;70;4;QuickSort;36747;16104;6229;68810
1000;70;4;InsertionSort;367899;122633;0;111610
1000;70;4;BubbleSort;1370276;441870;121634;635132
1000;70;4;MergeSort;19952;7662;0;116091
1000;70;4;CountingSort;3001;0;0;22200
1000;70;4;QuickSort;35861;16100;5933;50060
1000;70;4;InsertionSort;366870;122290;0;406491
1000;70;4;BubbleSort;1381444;448140;121291;904852
1000;70;4;MergeSort;19952;7690;0;102300
1000;70;4;CountingSort;3001;0;0;41260
1000;70;4;QuickSort;38050;15994;6680;79871
1000;70;4;InsertionSort;383922;127974;0;83411
1000;70;4;BubbleSort;1397670;444885;126975;506701
1000;70;4;MergeSort;19952;7698;0;86110
1000;70;4;CountingSort;3001;0;0;52281
1000;70;4;QuickSort;38577;15990;6856;67071
1000;70;4;InsertionSort;390192;130064;0;82690
1000;70;4;BubbleSort;1419470;451605;129065;567651
1000;70;4;MergeSort;19952;7688;0;111040
1000;70;4;CountingSort;3001;0;0;28370
1000;70;4;QuickSort;42967;17302;7889;50730
1000;70;4;InsertionSort;363237;121079;0;384392
1000;70;4;BubbleSort;1366760;443220;120080;938602
1000;70;4;MergeSort;19952;7698;0;119660
1000;70;4;CountingSort;3001;0;0;18780
1000;70;4;QuickSort;40445;16661;7253;48900
1000;70;4;InsertionSort;378105;126035;0;81091
1000;70;4;BubbleSort;1369184;434520;125036;418681
1000;70;4;MergeSort;19952;7701;0;123190
1000;70;4;CountingSort;3001;0;0;23780
1000;70;4;QuickSort;39431;16490;6983;47951
1000;70;4;InsertionSort;370014;123338;0;119180
1000;70;4;BubbleSort;1392566;451605;122339;537121
1000;70;4;MergeSort;19952;7663;0;102460
1000;70;4;CountingSort;3001;0;0;32730
1000;70;4;QuickSort;40678;17353;7110;70851
1000;70;4;InsertionSort;366750;122250;0;215560
1000;70;4;BubbleSort;1372782;443889;121251;696972
1000;70;4;MergeSort;19952;7660;0;142770
1000;70;4;CountingSort;3001;0;0;17460
1000;70;4;QuickSort;42077;17513;7519;52660
1000;70;4;InsertionSort;358782;119594;0;130650
1000;70;4;BubbleSort;1356074;440847;118595;578392
1000;70;4;MergeSort;19952;7699;0;80970
1000;70;4;CountingSort;3001;0;0;20500
1000;70;4;QuickSort;40460;17570;6966;41780
1000;70;4;InsertionSort;361746;120582;0;208760
1000;70;4;BubbleSort;1374612;448140;119583;591152
1000;70;4;MergeSort;19952;7711;0;171391
1000;70;4;CountingSort;3001;0;0;10950
1000;70;4;QuickSort;42567;17709;7614;56300
1000;70;4;InsertionSort;378825;126275;0;96360
1000;70;4;BubbleSort;1392192;445544;125276;580422
1000;70;4;MergeSort;19952;7709;0;127561
1000;70;4;CountingSort;3001;0;0;10460
1000;70;4;QuickSort;42911;17756;7716;45660
1000;70;4;InsertionSort;378174;126058;0;387131
1000;70;4;BubbleSort;1397156;448460;125059;704712
1000;70;4;MergeSort;19952;7704;0;152140
1000;70;4;CountingSort;3001;0;0;9910
1000;70;4;QuickSort;39479;16661;6946;50510
1000;70;4;InsertionSort;372951;124317;0;73261
1000;70;4;BubbleSort;1357216;431972;123318;497611
1000;70;4;MergeSort;19952;7698;0;108110
1000;70;4;CountingSort;3001;0;0;10490
1000;70;4;QuickSort;40466;16862;7190;50270
1000;70;4;InsertionSort;371529;123843;0;243481
1000;70;4;BubbleSort;1364706;436665;122844;610882
1000;70;4;MergeSort;19952;7694;0;124321
1000;70;4;CountingSort;3001;0;0;10630
1000;70;4;QuickSort;35466;15246;6063;70130
1000;70;4;InsertionSort;355896;118632;0;105170
1000;70;4;BubbleSort;1352226;440847;117633;543662
1000;70;4;MergeSort;19952;7691;0;132541
1000;70;4;CountingSort;3001;0;0;10460
1000;70;4;QuickSort;38983;16624;6795;58540
1000;70;4;InsertionSort;376572;125524;0;447101
1000;70;4;BubbleSort;1397560;449730;124525;943032
1000;70;4;MergeSort;19952;7699;0;117500
1000;70;4;CountingSort;3001;0;0;8480
1000;70;4;QuickSort;39385;16234;7045;58541
1000;70;4;InsertionSort;371400;123800;0;75151
1000;70;4;BubbleSort;1386842;447819;122801;687532
1000;70;4;MergeSort;19952;7716;0;100320
1000;70;4;CountingSort;3001;0;0;10130
1000;70;4;QuickSort;40943;17084;7295;50970
1000;70;4;InsertionSort;373665;124555;0;71600
1000;70;4;BubbleSort;1368968;437372;123556;616902
1000;70;4;MergeSort;19952;7654;0;165421
1000;70;4;CountingSort;3001;0;0;9110
1000;70;4;QuickSort;36060;15618;6151;48990
1000;70;4;InsertionSort;373590;124530;0;93131
1000;70;4;BubbleSort;1351372;428624;123531;584722
1000;70;4;MergeSort;19952;7711;0;98120
1000;70;4;CountingSort;3001;0;0;10060
1000;70;4;QuickSort;40421;17516;6963;50490
1000;70;4;InsertionSort;385596;128532;0;626642
1000;70;4;BubbleSort;1407690;448779;127533;855752
1000;70;4;MergeSort;19952;7651;0;113971
1000;70;4;CountingSort;3001;0;0;10060
1000;70;4;QuickSort;40587;16926;7234;40670
1000;70;4;InsertionSort;356658;118886;0;69840
1000;70;4;BubbleSort;1355288;441870;117887;417381
1000;70;4;MergeSort;19952;7674;0;103651
1000;70;4;CountingSort;3001;0;0;10260
1000;70;4;QuickSort;39203;16118;7025;44240
1000;70;4;InsertionSort;363549;121183;0;130920
1000;70;4;BubbleSort;1343944;431604;120184;482411
1000;70;4;MergeSort;19952;7682;0;141150
1000;70;4;CountingSort;3001;0;0;10420
1000;70;4;QuickSort;35903;15026;6279;49821
1000;70;4;InsertionSort;360183;120061;0;435051
1000;70;4;BubbleSort;1378838;451295;119062;790502
1000;70;4;MergeSort;19952;7685;0;107470
1000;70;4;CountingSort;3001;0;0;15851
1000;70;4;QuickSort;43051;19159;7308;53200
1000;70;4;InsertionSort;370848;123616;0;101080
1000;70;4;BubbleSort;1378912;444222;122617;588561
1000;70;4;MergeSort;19952;7678;0;117010
1000;70;4;CountingSort;3001;0;0;10040
1000;70;4;QuickSort;42431;18356;7358;42310
1000;70;4;InsertionSort;372573;124191;0;299451
1000;70;4;BubbleSort;1355238;431235;123192;739232
1000;70;4;MergeSort;19952;7695;0;134130
1000;70;4;CountingSort;3001;0;0;10110
1000;70;4;QuickSort;36883;15265;6534;45140
1000;70;4;InsertionSort;375138;125046;0;79450
1000;70;4;BubbleSort;1386618;445215;124047;403212
1000;70;4;MergeSort;19952;7697;0;100311
1000;70;4;CountingSort;3001;0;0;9810
1000;70;4;QuickSort;36209;15200;6333;48460
1000;70;4;InsertionSort;353439;117813;0;69001
1000;70;4;BubbleSort;1359000;445872;116814;490041
1000;70;4;MergeSort;19952;7702;0;149210
1000;70;4;CountingSort;3001;0;0;9070
1000;70;4;QuickSort;38584;16309;6765;41560
1000;70;4;InsertionSort;367584;122528;0;74700
1000;70;4;BubbleSort;1376546;445215;121529;503831
1000;70;4;MergeSort;19952;7673;0;105800
1000;70;4;CountingSort;3001;0;0;8180
1000;70;4;QuickSort;49283;21038;8745;42200
1000;70;4;InsertionSort;390960;130320;0;59250
1000;70;4;BubbleSort;1412278;447497;129321;473562
1000;70;4;MergeSort;19952;7692;0;117861
1000;70;4;CountingSort;3001;0;0;10290
1000;70;4;QuickSort;39940;16540;7140;62351
1000;70;4;InsertionSort;371739;123913;0;348151
1000;70;4;BubbleSort;1376074;442209;122914;636682
1000;70;4;MergeSort;19952;7683;0;100050
1000;70;4;CountingSort;3001;0;0;8260
1000;70;4;QuickSort;38158;16111;6690;65601
1000;70;4;InsertionSort;368004;122668;0;85181
1000;70;4;BubbleSort;1380376;446850;121669;404772
1000;70;4;MergeSort;19952;7669;0;98070
1000;70;4;CountingSort;3001;0;0;10320
1000;70;4;QuickSort;37684;15982;6573;50050
1000;70;4;InsertionSort;373293;124431;0;58660
1000;70;4;BubbleSort;1396318;451295;123432;482852
1000;70;4;MergeSort;19952;7671;0;146930
1000;70;4;CountingSort;3001;0;0;9210
1000;70;4;QuickSort;40047;17058;6995;66760
1000;70;4;InsertionSort;374760;124920;0;134990
1000;70;4;BubbleSort;1398274;451295;123921;448021
1000;70;4;MergeSort;19952;7698;0;118491
1000;70;4;CountingSort;3001;0;0;10500
1000;70;4;QuickSort;35888;15104;6253;49430
1000;70;4;InsertionSort;366612;122204;0;250271
1000;70;4;BubbleSort;1377870;446525;121205;592272
1000;70;4;MergeSort;19952;7672;0;105961
1000;70;4;CountingSort;3001;0;0;9760
1000;70;4;QuickSort;38586;16716;6621;67720
1000;70;4;InsertionSort;372984;124328;0;92810
1000;70;4;BubbleSort;1385714;446199;123329;447531
1000;70;4;MergeSort;19952;7687;0;107510
1000;70;4;CountingSort;3001;0;0;9780
1000;70;4;QuickSort;37783;16762;6341;55790
1000;70;4;InsertionSort;377643;125881;0;121600
1000;70;4;BubbleSort;1382588;441530;124882;460051
1000;70;4;MergeSort;19952;7673;0;106090
1000;70;4;CountingSort;3001;0;0;15450
1000;70;4;QuickSort;37157;15476;6564;48920
1000;70;4;InsertionSort;361293;120431;0;314751
1000;70;4;BubbleSort;1353878;438075;119432;631872
1000;70;4;MergeSort;19952;7694;0;101341
1000;70;4;CountingSort;3001;0;0;68800
1000;70;4;QuickSort;39602;17342;6752;75850
1000;70;4;InsertionSort;372129;124043;0;80770
1000;70;4;BubbleSort;1371806;439815;123044;496131
1000;70;4;MergeSort;19952;7689;0;132360
1000;70;4;CountingSort;3001;0;0;9860
1000;70;4;QuickSort;43797;18816;7661;51010
1000;70;4;InsertionSort;359619;119873;0;58740
1000;70;4;BubbleSort;1373690;449097;118874;603592
1000;70;4;MergeSort;19952;7696;0;136681
1000;70;4;CountingSort;3001;0;0;10230
1000;70;4;QuickSort;40014;16983;6999;53000
1000;70;4;InsertionSort;389472;129824;0;1121303
1000;70;4;BubbleSort;1410294;447497;128825;1505084
1000;70;4;MergeSort;19952;7684;0;98710
1000;70;4;CountingSort;3001;0;0;10320
1000;70;4;QuickSort;35205;14931;6090;60980
1000;70;4;InsertionSort;357633;119211;0;68021
1000;70;4;BubbleSort;1380342;453747;118212;519881
1000;70;4;MergeSort;19952;7662;0;107400
1000;70;4;CountingSort;3001;0;0;14920
1000;70;4;QuickSort;38554;16612;6642;65980
1000;70;4;InsertionSort;356322;118774;0;79520
1000;70;4;BubbleSort;1353478;441189;117775;444531
1000;70;4;MergeSort;19952;7710;0;109341
1000;70;4;CountingSort;3001;0;0;10240
1000;70;4;QuickSort;38019;15726;6762;50590
1000;70;4;InsertionSort;370734;123578;0;58030
1000;70;4;BubbleSort;1384664;447174;122579;855643
1000;70;4;MergeSort;19952;7669;0;145081
1000;70;4;CountingSort;3001;0;0;10110
1000;70;4;QuickSort;40164;16839;7115;59660
1000;70;4;InsertionSort;372213;124071;0;321941
1000;70;4;BubbleSort;1391116;449414;123072;734022
1000;70;4;MergeSort;19952;7712;0;141400
1000;70;4;CountingSort;3001;0;0;10240
1000;70;4;QuickSort;36697;15829;6292;40310
1000;70;4;InsertionSort;379914;126638;0;115080
1000;70;4;BubbleSort;1403900;450672;125639;494291
1000;70;4;MergeSort;19952;7681;0;80270
1000;70;4;CountingSort;3001;0;0;13230
1000;70;4;QuickSort;46247;18833;8469;68481
1000;70;4;InsertionSort;355923;118641;0;94410
1000;70;4;BubbleSort;1324026;426729;117642;487071
1000;70;4;MergeSort;19952;7694;0;108510
1000;70;4;CountingSort;3001;0;0;9490
1000;70;4;QuickSort;40754;16991;7254;41080
1000;70;4;InsertionSort;381912;127304;0;77250
1000;70;4;BubbleSort;1409664;452222;126305;407731
1000;70;4;MergeSort;19952;7688;0;118191
1000;70;4;CountingSort;3001;0;0;10680
1000;70;4;QuickSort;34964;14729;6088;48440
1000;70;4;InsertionSort;379182;126394;0;83831
1000;70;4;BubbleSort;1377730;438075;125395;566782
1000;70;4;MergeSort;19952;7695;0;111431
1000;70;4;CountingSort;3001;0;0;10370
1000;70;4;QuickSort;36265;15292;6308;49500
1000;70;4;InsertionSort;381810;127270;0;67080
1000;70;4;BubbleSort;1399432;447174;126271;479891
1000;70;4;MergeSort;19952;7671;0;158130
1000;70;4;CountingSort;3001;0;0;8230
1000;70;4;QuickSort;38642;16211;6789;61340
1000;70;4;InsertionSort;370974;123658;0;84960
1000;70;4;BubbleSort;1386274;447819;122659;480941
1000;70;4;MergeSort;19952;7664;0;87950
1000;70;4;CountingSort;3001;0;0;10320
1000;70;4;QuickSort;39270;16227;7018;57040
1000;70;4;InsertionSort;373374;124458;0;157511
1000;70;4;BubbleSort;1388184;447174;123459;480762
1000;70;4;MergeSort;19952;7712;0;162181
1000;70;4;CountingSort;3001;0;0;9310
1000;70;4;QuickSort;38393;15890;6843;64510
1000;70;4;InsertionSort;383280;127760;0;781392
1000;70;4;BubbleSort;1400744;446850;126761;1066733
1000;70;4;MergeSort;19952;7691;0;99561
1000;70;4;CountingSort;3001;0;0;8350
1000;70;4;QuickSort;35700;15102;6199;64120
1000;70;4;InsertionSort;369330;123110;0;74401
1000;70;4;BubbleSort;1389162;450359;122111;468482
1000;70;4;MergeSort;19952;7676;0;123200
1000;70;4;CountingSort;3001;0;0;8160
1000;70;4;QuickSort;45483;18885;8210;42740
1000;70;4;InsertionSort;371553;123851;0;79990
1000;70;4;BubbleSort;1377848;443220;122852;470891
1000;70;4;MergeSort;19952;7681;0;157400
1000;70;4;CountingSort;3001;0;0;8230
1000;70;4;QuickSort;41946;17601;7454;57900
1000;70;4;InsertionSort;384087;128029;0;100191
1000;70;4;BubbleSort;1405040;448460;127030;419361
1000;70;4;MergeSort;19952;7689;0;94780
1000;70;4;CountingSort;3001;0;0;9710
1000;70;4;QuickSort;35341;14773;6194;39410
1000;70;4;InsertionSort;366411;122137;0;340920
1000;70;4;BubbleSort;1383380;449414;121138;784482
1000;70;4;MergeSort;19952;7694;0;122150
1000;70;4;CountingSort;3001;0;0;10070
1000;70;4;QuickSort;35722;15436;6094;96900
1000;70;4;InsertionSort;373695;124565;0;75040
1000;70;4;BubbleSort;1386662;446199;123566;517441
1000;70;4;MergeSort;19952;7665;0;96860
1000;70;4;CountingSort;3001;0;0;10400
1000;70;4;QuickSort;40770;17247;7169;65530
1000;70;4;InsertionSort;366501;122167;0;129380
1000;70;4;BubbleSort;1387262;451295;121168;496151
1000;70;4;MergeSort;19952;7688;0;103900
1000;70;4;CountingSort;3001;0;0;9640
1000;70;4;QuickSort;36725;15539;6401;53300
1000;70;4;InsertionSort;374916;124972;0;373501
1000;70;4;BubbleSort;1388942;446525;123973;665142
1000;70;4;MergeSort;19952;7679;0;149051
1000;70;4;CountingSort;3001;0;0;15700
1000;70;4;QuickSort;39453;16572;6962;81490
1000;70;4;InsertionSort;363369;121123;0;102550
1000;70;4;BubbleSort;1381214;450359;120124;501391
1000;70;4;MergeSort;19952;7663;0;87250
1000;70;4;CountingSort;3001;0;0;42930
1000;70;4;QuickSort;37745;16256;6492;72620
1000;70;4;InsertionSort;351657;117219;0;53660
1000;70;4;BubbleSort;1345888;440504;116220;498951
1000;70;4;MergeSort;19952;7681;0;100530
1000;70;4;CountingSort;3001;0;0;10600
1000;70;4;QuickSort;44887;19918;7666;54920
1000;70;4;InsertionSort;366282;122094;0;77120
1000;70;4;BubbleSort;1379374;447497;121095;415621
1000;70;4;MergeSort;19952;7712;0;102140
1000;70;4;CountingSort;3001;0;0;10130
1000;70;4;QuickSort;37925;15815;6710;54270
1000;70;4;InsertionSort;362910;120970;0;366901
1000;70;4;BubbleSort;1370314;445215;119971;771902
1000;70;4;MergeSort;19952;7701;0;124821
1000;70;4;CountingSort;3001;0;0;10180
1000;70;4;QuickSort;36325;15079;6423;45090
1000;70;4;InsertionSort;366000;122000;0;79210
1000;70;4;BubbleSort;1390284;453140;121001;487572
1000;70;4;MergeSort;19952;7663;0;84761
1000;70;4;CountingSort;3001;0;0;7460
1000;70;4;QuickSort;36551;15170;6470;46860
1000;70;4;InsertionSort;366852;122284;0;125820
1000;70;4;BubbleSort;1376228;445544;121285;452201
1000;70;4;MergeSort;19952;7683;0;122310
1000;70;4;CountingSort;3001;0;0;10710
1000;70;4;QuickSort;38653;16396;6745;41490
1000;70;4;InsertionSort;380934;126978;0;200801
1000;70;4;BubbleSort;1407744;451914;125979;650322
1000;70;4;MergeSort;19952;7689;0;146831
1000;70;4;CountingSort;3001;0;0;10620
1000;70;4;QuickSort;39906;16524;7132;69861
1000;70;4;InsertionSort;371865;123955;0;82000
1000;70;4;BubbleSort;1394414;451295;122956;603731
1000;70;4;MergeSort;19952;7694;0;94370
1000;70;4;CountingSort;3001;0;0;10250
1000;70;4;QuickSort;37589;15605;6669;50720
1000;70;4;InsertionSort;379488;126496;0;86081
1000;70;4;BubbleSort;1392418;445215;125497;434071
1000;70;4;MergeSort;19952;7700;0;108690
1000;80;1;CountingSort;3001;0;0;196591
1000;80;1;QuickSort;39237;16521;6906;1346454
1000;80;1;InsertionSort;659022;219670;0;6076656
1000;80;1;BubbleSort;1873058;499175;218677;8867444
1000;80;1;MergeSort;19952;8685;0;850123
1000;80;1;CountingSort;3001;0;0;147331
1000;80;1;QuickSort;36846;15741;6368;217291
1000;80;1;InsertionSort;651950;217314;0;403341
1000;80;1;BubbleSort;1861414;498069;216319;1162373
1000;80;1;MergeSort;19952;8687;0;315381
1000;80;1;CountingSort;3001;0;0;117280
1000;80;1;QuickSort;40288;16765;7180;253051
1000;80;1;InsertionSort;672244;224080;0;5667176
1000;80;1;BubbleSort;1888252;497960;223083;5012264
1000;80;1;MergeSort;19952;8679;0;452071
1000;80;1;CountingSort;3001;0;0;121231
1000;80;1;QuickSort;37129;15649;6496;611232
1000;80;1;InsertionSort;668773;222923;0;498062
1000;80;1;BubbleSort;1886242;499269;221926;1070282
1000;80;1;MergeSort;19952;8678;0;468391
1000;80;1;CountingSort;3001;0;0;96330
1000;80;1;QuickSort;38275;16081;6733;676352
1000;80;1;InsertionSort;662483;220823;0;461851
1000;80;1;BubbleSort;1876432;498554;219831;976423
1000;80;1;MergeSort;19952;8686;0;518381
1000;80;1;CountingSort;3001;0;0;91760
1000;80;1;QuickSort;39691;16366;7116;256101
1000;80;1;InsertionSort;638553;212851;0;386331
1000;80;1;BubbleSort;1839928;496260;211852;1044003
1000;80;1;MergeSort;19952;8687;0;320371
1000;80;1;CountingSort;3001;0;0;150960
1000;80;1;QuickSort;37314;15396;6634;58800
1000;80;1;InsertionSort;649348;216446;0;682422
1000;80;1;BubbleSort;1859326;498759;215452;1307804
1000;80;1;MergeSort;19952;8699;0;462332
1000;80;1;CountingSort;3001;0;0;135070
1000;80;1;QuickSort;39425;16718;6910;102280
1000;80;1;InsertionSort;652469;217487;0;151001
1000;80;1;BubbleSort;1864368;499200;216492;1048533
1000;80;1;MergeSort;19952;8701;0;427491
1000;80;1;CountingSort;3001;0;0;122460
1000;80;1;QuickSort;39819;16677;7044;126130
1000;80;1;InsertionSort;652771;217589;0;139410
1000;80;1;BubbleSort;1862918;498275;216592;738112
1000;80;1;MergeSort;19952;8708;0;128900
1000;80;1;CountingSort;3001;0;0;114170
1000;80;1;QuickSort;38220;15957;6755;70650
1000;80;1;InsertionSort;632721;210905;0;580611
1000;80;1;BubbleSort;1835556;497960;209909;1109163
1000;80;1;MergeSort;19952;8690;0;167050
1000;80;1;CountingSort;3001;0;0;173931
1000;80;1;QuickSort;36633;16299;6111;78120
1000;80;1;InsertionSort;656079;218693;0;194960
1000;80;1;BubbleSort;1865084;497154;217694;705751
1000;80;1;MergeSort;19952;8703;0;172520
1000;80;1;CountingSort;3001;0;0;162010
1000;80;1;QuickSort;36907;15811;6346;88600
1000;80;1;InsertionSort;631116;210366;0;104100
1000;80;1;BubbleSort;1829532;496014;209376;768562
1000;80;1;MergeSort;19952;8693;0;158981
1000;80;1;CountingSort;3001;0;0;164251
1000;80;1;QuickSort;41410;17230;7409;143921
1000;80;1;InsertionSort;643472;214488;0;136300
1000;80;1;BubbleSort;1852466;499247;213493;700652
1000;80;1;MergeSort;19952;8677;0;152020
1000;80;1;CountingSort;3001;0;0;121460
1000;80;1;QuickSort;34639;15190;5807;124890
1000;80;1;InsertionSort;631814;210602;0;222260
1000;80;1;BubbleSort;1837338;499455;209607;649002
1000;80;1;MergeSort;19952;8646;0;155361
1000;80;1;CountingSort;3001;0;0;92250
1000;80;1;QuickSort;34425;14709;5916;55750
1000;80;1;InsertionSort;646036;215344;0;629442
1000;80;1;BubbleSort;1853082;497847;214347;1063822
1000;80;1;MergeSort;19952;8705;0;125840
1000;80;1;CountingSort;3001;0;0;96150
1000;80;1;QuickSort;39390;16713;6905;77930
1000;80;1;InsertionSort;653059;217683;0;1173913
1000;80;1;BubbleSort;1861334;497289;216689;1562284
1000;80;1;MergeSort;19952;8673;0;159030
1000;80;1;CountingSort;3001;0;0;74180
1000;80;1;QuickSort;37146;15324;6612;72781
1000;80;1;InsertionSort;630099;210031;0;743412
1000;80;1;BubbleSort;1833880;498870;209035;1172423
1000;80;1;MergeSort;19952;8718;0;139430
1000;80;1;CountingSort;3001;0;0;36950
1000;80;1;QuickSort;46796;19400;8462;76950
1000;80;1;InsertionSort;630237;210077;0;1249283
1000;80;1;BubbleSort;1829162;496419;209081;1562674
1000;80;1;MergeSort;19952;8685;0;136341
1000;80;1;CountingSort;3001;0;0;20691
1000;80;1;QuickSort;40562;16739;7278;71740
1000;80;1;InsertionSort;641013;213671;0;158850
1000;80;1;BubbleSort;1848986;499149;212672;781232
1000;80;1;MergeSort;19952;8674;0;185210
1000;80;1;CountingSort;3001;0;0;21940
1000;80;1;QuickSort;38349;16056;6773;90301
1000;80;1;InsertionSort;660954;220316;0;210001
1000;80;1;BubbleSort;1875974;499347;219320;735112
1000;80;1;MergeSort;19952;8668;0;146460
1000;80;1;CountingSort;3001;0;0;19800
1000;80;1;QuickSort;35896;15319;6193;58860
1000;80;1;InsertionSort;659602;219866;0;1335474
1000;80;1;BubbleSort;1873664;499094;218869;1842465
1000;80;1;MergeSort;19952;8698;0;1245524
1000;80;1;CountingSort;3001;0;0;21870
1000;80;1;QuickSort;44603;18626;7991;57461
1000;80;1;InsertionSort;618651;206213;0;141320
1000;80;1;BubbleSort;1817624;498372;205220;783812
1000;80;1;MergeSort;19952;8681;0;204221
1000;80;1;CountingSort;3001;0;0;26960
1000;80;1;QuickSort;34805;14741;6012;88760
1000;80;1;InsertionSort;649699;216563;0;145730
1000;80;1;BubbleSort;1861066;499395;215569;660562
1000;80;1;MergeSort;19952;8719;0;92780
1000;80;1;CountingSort;3001;0;0;18420
1000;80;1;QuickSort;36096;15444;6208;94930
1000;80;1;InsertionSort;621749;207247;0;135850
1000;80;1;BubbleSort;1822748;498870;206252;561462
1000;80;1;MergeSort;19952;8728;0;133081
1000;80;1;CountingSort;3001;0;0;25030
1000;80;1;QuickSort;34034;14549;5838;66080
1000;80;1;InsertionSort;641196;213732;0;141871
1000;80;1;BubbleSort;1849332;499200;212733;688442
1000;80;1;MergeSort;19952;8672;0;101260
1000;80;1;CountingSort;3001;0;0;33220
1000;80;1;QuickSort;36149;15131;6343;84890
1000;80;1;InsertionSort;629871;209955;0;166730
1000;80;1;BubbleSort;1834596;499380;208959;689241
1000;80;1;MergeSort;19952;8676;0;92030
1000;80;1;CountingSort;3001;0;0;16250
1000;80;1;QuickSort;37225;15658;6525;57790
1000;80;1;InsertionSort;650788;216928;0;141420
1000;80;1;BubbleSort;1858564;497420;215931;721852
1000;80;1;MergeSort;19952;8700;0;129151
1000;80;1;CountingSort;3001;0;0;52561
1000;80;1;QuickSort;43417;18232;7719;59040
1000;80;1;InsertionSort;636643;212209;0;865362
1000;80;1;BubbleSort;1843272;499200;211218;1340963
1000;80;1;MergeSort;19952;8666;0;153170
1000;80;1;CountingSort;3001;0;0;20490
1000;80;1;QuickSort;41923;17968;7320;56550
1000;80;1;InsertionSort;612861;204287;0;507042
1000;80;1;BubbleSort;1810512;498680;203288;869162
1000;80;1;MergeSort;19952;8704;0;125310
1000;80;1;CountingSort;3001;0;0;29710
1000;80;1;QuickSort;39658;17572;6690;55760
1000;80;1;InsertionSort;640128;213376;0;802093
1000;80;1;BubbleSort;1847102;498797;212377;1235873
1000;80;1;MergeSort;19952;8651;0;160220
1000;80;1;CountingSort;3001;0;0;45510
1000;80;1;QuickSort;39354;16548;6922;90670
1000;80;1;InsertionSort;688037;229343;0;220900
1000;80;1;BubbleSort;1908102;497355;228348;665572
1000;80;1;MergeSort;19952;8680;0;124410
1000;80;1;CountingSort;3001;0;0;7090
1000;80;1;QuickSort;35001;14913;6044;48511
1000;80;1;InsertionSort;639428;213138;0;108640
1000;80;1;BubbleSort;1847564;499490;212146;685891
1000;80;1;MergeSort;19952;8679;0;115270
1000;80;1;CountingSort;3001;0;0;9030
1000;80;1;QuickSort;36234;15717;6180;75180
1000;80;1;InsertionSort;637200;212400;0;195151
1000;80;1;BubbleSort;1839492;496944;211401;729522
1000;80;1;MergeSort;19952;8689;0;130861
1000;80;1;CountingSort;3001;0;0;10600
1000;80;1;QuickSort;44008;18280;7892;108400
1000;80;1;InsertionSort;638398;212798;0;117930
1000;80;1;BubbleSort;1846072;499434;211801;650512
1000;80;1;MergeSort;19952;8654;0;139091
1000;80;1;CountingSort;3001;0;0;7410
1000;80;1;QuickSort;40021;17287;6909;63701
1000;80;1;InsertionSort;667420;222472;0;268710
1000;80;1;BubbleSort;1884480;499290;221475;726702
1000;80;1;MergeSort;19952;8708;0;124590
1000;80;1;CountingSort;3001;0;0;9550
1000;80;1;QuickSort;37420;15832;6525;67031
1000;80;1;InsertionSort;646551;215513;0;1071692
1000;80;1;BubbleSort;1854428;498174;214520;1475364
1000;80;1;MergeSort;19952;8694;0;113830
1000;80;1;CountingSort;3001;0;0;7260
1000;80;1;QuickSort;40230;17640;6853;59270
1000;80;1;InsertionSort;656331;218775;0;144241
1000;80;1;BubbleSort;1868926;498905;217779;694011
1000;80;1;MergeSort;19952;8710;0;175260
1000;80;1;CountingSort;3001;0;0;7670
1000;80;1;QuickSort;38357;16358;6674;74100
1000;80;1;InsertionSort;640524;213504;0;1103353
1000;80;1;BubbleSort;1846182;498069;212511;1451794
1000;80;1;MergeSort;19952;8669;0;140871
1000;80;1;CountingSort;3001;0;0;7480
1000;80;1;QuickSort;36344;15299;6351;91080
1000;80;1;InsertionSort;659217;219737;0;203711
1000;80;1;BubbleSort;1872774;498905;218741;719102
1000;80;1;MergeSort;19952;8696;0;106230
1000;80;1;CountingSort;3001;0;0;8930
1000;80;1;QuickSort;37314;15420;6631;66120
1000;80;1;InsertionSort;668073;222691;0;259791
1000;80;1;BubbleSort;1883876;498554;221692;745672
1000;80;1;MergeSort;19952;8684;0;112940
1000;80;1;CountingSort;3001;0;0;9170
1000;80;1;QuickSort;35006;15512;5844;63170
1000;80;1;InsertionSort;656061;218685;0;237941
1000;80;1;BubbleSort;1867686;498465;217689;715082
1000;80;1;MergeSort;19952;8728;0;109671
1000;80;1;CountingSort;3001;0;0;9190
1000;80;1;QuickSort;40753;17215;7173;53181
1000;80;1;InsertionSort;624205;208065;0;120670
1000;80;1;BubbleSort;1826634;499175;207071;642211
1000;80;1;MergeSort;19952;8665;0;112700
1000;80;1;CountingSort;3001;0;0;9770
1000;80;1;QuickSort;37171;16315;6282;73960
1000;80;1;InsertionSort;629429;209807;0;298311
1000;80;1;BubbleSort;1834092;499422;208812;799722
1000;80;1;MergeSort;19952;8668;0;121131
1000;80;1;CountingSort;3001;0;0;9200
1000;80;1;QuickSort;41872;17515;7449;58860
1000;80;1;InsertionSort;643454;214482;0;119560
1000;80;1;BubbleSort;1849166;497609;213487;651012
1000;80;1;MergeSort;19952;8704;0;123271
1000;80;1;CountingSort;3001;0;0;9030
1000;80;1;QuickSort;40336;17074;7091;56340
1000;80;1;InsertionSort;659174;219722;0;452511
1000;80;1;BubbleSort;1867588;496340;218727;855953
1000;80;1;MergeSort;19952;8672;0;239581
1000;80;1;CountingSort;3001;0;0;9250
1000;80;1;QuickSort;37409;15869;6519;63720
1000;80;1;InsertionSort;630620;210202;0;124930
1000;80;1;BubbleSort;1834434;498797;209210;878303
1000;80;1;MergeSort;19952;8683;0;242821
1000;80;1;CountingSort;3001;0;0;9150
1000;80;1;QuickSort;42109;17581;7519;71510
1000;80;1;InsertionSort;624248;208080;0;135580
1000;80;1;BubbleSort;1826920;499290;207085;527822
1000;80;1;MergeSort;19952;8669;0;129661
1000;80;1;CountingSort;3001;0;0;15300
1000;80;1;QuickSort;45456;18552;8317;48700
1000;80;1;InsertionSort;640905;213635;0;813952
1000;80;1;BubbleSort;1848842;499149;212636;1285613
1000;80;1;MergeSort;19952;8654;0;93800
1000;80;1;CountingSort;3001;0;0;9470
1000;80;1;QuickSort;39225;16164;7031;62650
1000;80;1;InsertionSort;659802;219932;0;715792
1000;80;1;BubbleSort;1873874;499065;218936;1153893
1000;80;1;MergeSort;19952;8683;0;225020
1000;80;1;CountingSort;3001;0;0;9791
1000;80;1;QuickSort;41608;17449;7385;57700
1000;80;1;InsertionSort;638685;212895;0;126800
1000;80;1;BubbleSort;1845462;498939;211896;883722
1000;80;1;MergeSort;19952;8684;0;269701
1000;80;1;CountingSort;3001;0;0;8890
1000;80;1;QuickSort;36633;15927;6243;55350
1000;80;1;InsertionSort;649900;216632;0;133641
1000;80;1;BubbleSort;1858888;498174;215635;700642
1000;80;1;MergeSort;19952;8690;0;117210
1000;80;1;CountingSort;3001;0;0;9300
1000;80;1;QuickSort;36605;15785;6266;64250
1000;80;1;InsertionSort;635224;211738;0;188231
1000;80;1;BubbleSort;1838316;497670;210744;714952
1000;80;1;MergeSort;19952;8676;0;128231
1000;80;1;CountingSort;3001;0;0;10710
1000;80;1;QuickSort;36199;15484;6241;46560
1000;80;1;InsertionSort;661555;220513;0;301401
1000;80;1;BubbleSort;1872258;497085;219522;920973
1000;80;1;MergeSort;19952;8659;0;280170
1000;80;1;CountingSort;3001;0;0;9340
1000;80;1;QuickSort;39006;16194;6938;56730
1000;80;1;InsertionSort;660764;220252;0;100410
1000;80;1;BubbleSort;1873958;498465;219257;854892
1000;80;1;MergeSort;19952;8686;0;193171
1000;80;1;CountingSort;3001;0;0;9180
1000;80;1;QuickSort;39221;16439;6926;63371
1000;80;1;InsertionSort;632521;210839;0;132541
1000;80;1;BubbleSort;1836112;498372;209842;657281
1000;80;1;MergeSort;19952;8680;0;122040
1000;80;1;CountingSort;3001;0;0;9660
1000;80;1;QuickSort;39984;16575;7138;63921
1000;80;1;InsertionSort;653891;217961;0;126251
1000;80;1;BubbleSort;1864108;498122;216966;659751
1000;80;1;MergeSort;19952;8715;0;119790
1000;80;1;CountingSort;3001;0;0;9200
1000;80;1;QuickSort;39942;16251;7228;83380
1000;80;1;InsertionSort;648007;216001;0;1053573
1000;80;1;BubbleSort;1858710;499347;215004;1417764
1000;80;1;MergeSort;19952;8695;0;108391
1000;80;1;CountingSort;3001;0;0;9410
1000;80;1;QuickSort;37970;15845;6709;57700
1000;80;1;InsertionSort;636744;212248;0;129980
1000;80;1;BubbleSort;1842940;498972;211249;846192
1000;80;1;MergeSort;19952;8712;0;170430
1000;80;1;CountingSort;3001;0;0;9120
1000;80;1;QuickSort;35598;15642;5990;67760
1000;80;1;InsertionSort;650325;216773;0;140761
1000;80;1;BubbleSort;1861238;499065;215777;598172
1000;80;1;MergeSort;19952;8692;0;93471
1000;80;1;CountingSort;3001;0;0;7560
1000;80;1;QuickSort;36058;15223;6282;93430
1000;80;1;InsertionSort;658887;219629;0;105320
1000;80;1;BubbleSort;1869230;497355;218630;646502
1000;80;1;MergeSort;19952;8687;0;110131
1000;80;1;CountingSort;3001;0;0;12310
1000;80;1;QuickSort;38928;16635;6769;47150
1000;80;1;InsertionSort;607026;202342;0;115700
1000;80;1;BubbleSort;1802020;498324;201343;662992
1000;80;1;MergeSort;19952;8669;0;91200
1000;80;1;CountingSort;3001;0;0;15170
1000;80;1;QuickSort;40929;16815;7377;67461
1000;80;1;InsertionSort;628807;209601;0;142290
1000;80;1;BubbleSort;1832604;499094;208604;655831
1000;80;1;MergeSort;19952;8741;0;120000
1000;80;1;CountingSort;3001;0;0;11030
1000;80;1;QuickSort;40773;17262;7175;68400
1000;80;1;InsertionSort;621342;207110;0;121271
1000;80;1;BubbleSort;1822278;498905;206117;810922
1000;80;1;MergeSort;19952;8682;0;209530
1000;80;1;CountingSort;3001;0;0;9260
1000;80;1;QuickSort;39201;18177;6341;73280
1000;80;1;InsertionSort;669813;223271;0;1013503
1000;80;1;BubbleSort;1882832;496872;222272;1532634
1000;80;1;MergeSort;19952;8688;0;318921
1000;80;1;CountingSort;3001;0;0;9310
1000;80;1;QuickSort;39182;16814;6787;68250
1000;80;1;InsertionSort;635753;211915;0;853072
1000;80;1;BubbleSort;1837710;497015;210920;1294613
1000;80;1;MergeSort;19952;8660;0;209891
1000;80;1;CountingSort;3001;0;0;9240
1000;80;1;QuickSort;35835;14982;6284;60930
1000;80;1;InsertionSort;628080;209360;0;196100
1000;80;1;BubbleSort;1831514;499035;208361;754472
1000;80;1;MergeSort;19952;8692;0;263551
1000;80;1;CountingSort;3001;0;0;12160
1000;80;1;QuickSort;38358;15960;6802;52780
1000;80;1;InsertionSort;653988;217996;0;1050283
1000;80;1;BubbleSort;1865008;498510;216997;1451534
1000;80;1;MergeSort;19952;8721;0;112071
1000;80;1;CountingSort;3001;0;0;7590
1000;80;1;QuickSort;44096;18407;7894;75450
1000;80;1;InsertionSort;659067;219685;0;1514494
1000;80;1;BubbleSort;1869736;497484;218692;1799995
1000;80;1;MergeSort;19952;8678;0;91850
1000;80;1;CountingSort;3001;0;0;9370
1000;80;1;QuickSort;36285;15966;6111;79450
1000;80;1;InsertionSort;661143;220379;0;109281
1000;80;1;BubbleSort;1874370;498419;219383;520482
1000;80;1;MergeSort;19952;8694;0;107661
1000;80;1;CountingSort;3001;0;0;9020
1000;80;1;QuickSort;37339;15742;6538;46100
1000;80;1;InsertionSort;635629;211873;0;315751
1000;80;1;BubbleSort;1839094;497789;210879;851322
1000;80;1;MergeSort;19952;8728;0;238551
1000;80;1;CountingSort;3001;0;0;10020
1000;80;1;QuickSort;37101;15492;6536;57010
1000;80;1;InsertionSort;636580;212190;0;183801
1000;80;1;BubbleSort;1840478;497847;211196;714113
1000;80;1;MergeSort;19952;8705;0;134020
1000;80;1;CountingSort;3001;0;0;9730
1000;80;1;QuickSort;38284;16402;6626;57730
1000;80;1;InsertionSort;651917;217303;0;121280
1000;80;1;BubbleSort;1861152;497960;216308;894513
1000;80;1;MergeSort;19952;8675;0;252761
1000;80;1;CountingSort;3001;0;0;9570
1000;80;1;QuickSort;38065;16024;6674;63390
1000;80;1;InsertionSort;629217;209739;0;210921
1000;80;1;BubbleSort;1833750;499395;208740;793462
1000;80;1;MergeSort;19952;8696;0;170761
1000;80;1;CountingSort;3001;0;0;9450
1000;80;1;QuickSort;35931;15138;6260;56880
1000;80;1;InsertionSort;644446;214814;0;118970
1000;80;1;BubbleSort;1848416;496574;213817;595871
1000;80;1;MergeSort;19952;8662;0;111700
1000;80;1;CountingSort;3001;0;0;10260
1000;80;1;QuickSort;37179;16110;6363;89080
1000;80;1;InsertionSort;638430;212806;0;164480
1000;80;1;BubbleSort;1841696;497222;211813;553671
1000;80;1;MergeSort;19952;8695;0;136030
1000;80;1;CountingSort;3001;0;0;7470
1000;80;1;QuickSort;40100;17210;6968;56701
1000;80;1;InsertionSort;654115;218037;0;1100013
1000;80;1;BubbleSort;1866560;499200;217040;1319883
1000;80;1;MergeSort;19952;8663;0;244980
1000;80;1;CountingSort;3001;0;0;9500
1000;80;1;QuickSort;37675;15913;6582;64500
1000;80;1;InsertionSort;633483;211161;0;138251
1000;80;1;BubbleSort;1836108;497730;210162;682782
1000;80;1;MergeSort;19952;8688;0;125340
1000;80;1;CountingSort;3001;0;0;13940
1000;80;1;QuickSort;44803;18781;8001;90630
1000;80;1;InsertionSort;653578;217858;0;155210
1000;80;1;BubbleSort;1862538;497547;216861;722382
1000;80;1;MergeSort;19952;8685;0;317111
1000;80;1;CountingSort;3001;0;0;12980
1000;80;1;QuickSort;37874;16040;6606;67970
1000;80;1;InsertionSort;630010;210002;0;117981
1000;80;1;BubbleSort;1826464;495222;209005;627921
1000;80;1;MergeSort;19952;8667;0;124130
1000;80;1;CountingSort;3001;0;0;9320
1000;80;1;QuickSort;39870;16812;7025;73920
1000;80;1;InsertionSort;649609;216535;0;226481
1000;80;1;BubbleSort;1853842;495845;215538;523831
1000;80;1;MergeSort;19952;8711;0;161891
1000;80;1;CountingSort;3001;0;0;7790
1000;80;1;QuickSort;35215;15556;5884;66100
1000;80;1;InsertionSort;646207;215399;0;540322
1000;80;1;BubbleSort;1855214;498797;214405;901823
1000;80;1;MergeSort;19952;8717;0;278870
1000;80;1;CountingSort;3001;0;0;9340
1000;80;1;QuickSort;35732;15254;6164;74230
1000;80;1;InsertionSort;621555;207181;0;114570
1000;80;1;BubbleSort;1820996;498122;206188;520672
1000;80;1;MergeSort;19952;8694;0;155551
1000;80;1;CountingSort;3001;0;0;9030
1000;80;1;QuickSort;36965;15356;6526;68160
1000;80;1;InsertionSort;659920;219972;0;140281
1000;80;1;BubbleSort;1872144;498122;218975;519392
1000;80;1;MergeSort;19952;8717;0;110831
1000;80;1;CountingSort;3001;0;0;8950
1000;80;1;QuickSort;39370;16492;6961;73440
1000;80;1;InsertionSort;657252;219082;0;202391
1000;80;1;BubbleSort;1869784;498720;218086;663392
1000;80;1;MergeSort;19952;8703;0;135751
1000;80;1;CountingSort;3001;0;0;8880
1000;80;1;QuickSort;34438;15061;5795;54421
1000;80;1;InsertionSort;639879;213293;0;120260
1000;80;1;BubbleSort;1845726;498275;212294;668741
1000;80;1;MergeSort;19952;8702;0;198020
1000;80;1;CountingSort;3001;0;0;9250
1000;80;1;QuickSort;36315;15651;6216;56441
1000;80;1;InsertionSort;659527;219841;0;848962
1000;80;1;BubbleSort;1872214;498419;218844;1133893
1000;80;1;MergeSort;19952;8702;0;131580
1000;80;1;CountingSort;3001;0;0;9240
1000;80;1;QuickSort;37761;15771;6673;80500
1000;80;1;InsertionSort;665824;221934;0;156020
1000;80;1;BubbleSort;1881914;499065;220946;744362
1000;80;1;MergeSort;19952;8657;0;118830
1000;80;1;CountingSort;3001;0;0;7700
1000;80;1;QuickSort;35723;15731;5999;74510
1000;80;1;InsertionSort;628306;209434;0;141030
1000;80;1;BubbleSort;1826428;496340;208437;647992
1000;80;1;MergeSort;19952;8666;0;114251
1000;80;1;CountingSort;3001;0;0;9190
1000;80;1;QuickSort;36877;15991;6296;57280
1000;80;1;InsertionSort;656573;218855;0;647442
1000;80;1;BubbleSort;1870368;499464;217860;1205263
1000;80;1;MergeSort;19952;8712;0;197531
1000;80;1;CountingSort;3001;0;0;9160
1000;80;1;QuickSort;37589;15743;6620;68150
1000;80;1;InsertionSort;661935;220645;0;196830
1000;80;1;BubbleSort;1876772;499094;219646;723972
1000;80;1;MergeSort;19952;8676;0;141990
1000;80;1;CountingSort;3001;0;0;9570
1000;80;1;QuickSort;38411;16055;6785;56110
1000;80;1;InsertionSort;651308;217100;0;123280
1000;80;1;BubbleSort;1861860;498720;216105;811682
1000;80;1;MergeSort;19952;8706;0;229011
1000;80;1;CountingSort;3001;0;0;8190
1000;80;1;QuickSort;37724;15893;6602;79840
1000;80;1;InsertionSort;696459;232151;0;317621
1000;80;1;BubbleSort;1914500;494940;231155;815612
1000;80;1;MergeSort;19952;8698;0;254610
1000;80;1;CountingSort;3001;0;0;9220
1000;80;1;QuickSort;39521;16781;6919;57310
1000;80;1;InsertionSort;636292;212094;0;1137303
1000;80;1;BubbleSort;1842068;498834;211100;1521064
1000;80;1;MergeSort;19952;8673;0;91450
1000;80;1;CountingSort;3001;0;0;8980
1000;80;1;QuickSort;37170;15540;6544;56980
1000;80;1;InsertionSort;650965;216983;0;178141
1000;80;1;BubbleSort;1862966;499499;215992;728192
1000;80;1;MergeSort;19952;8722;0;121811
1000;80;1;CountingSort;3001;0;0;12580
1000;80;1;QuickSort;41533;17473;7355;70300
1000;80;1;InsertionSort;646821;215601;0;158941
1000;80;1;BubbleSort;1854364;497960;214611;686902
1000;80;1;MergeSort;19952;8673;0;119230
1000;80;1;CountingSort;3001;0;0;7670
1000;80;1;QuickSort;39783;17448;6787;56630
1000;80;1;InsertionSort;628838;209610;0;124130
1000;80;1;BubbleSort;1832954;499247;208615;810432
1000;80;1;MergeSort;19952;8695;0;220651
1000;80;1;CountingSort;3001;0;0;9400
1000;80;1;QuickSort;40258;16969;7102;55720
1000;80;1;InsertionSort;636121;212039;0;675872
1000;80;1;BubbleSort;1842568;499200;211042;1131073
1000;80;1;MergeSort;19952;8597;0;252991
1000;80;1;CountingSort;3001;0;0;9320
1000;80;1;QuickSort;38304;16377;6633;75460
1000;80;1;InsertionSort;652004;217332;0;193480
1000;80;1;BubbleSort;1862092;498372;216337;738862
1000;80;1;MergeSort;19952;8668;0;147300
1000;80;1;CountingSort;3001;0;0;9510
1000;80;1;QuickSort;40050;16959;7033;81651
1000;80;1;InsertionSort;652971;217657;0;161871
1000;80;1;BubbleSort;1864072;498720;216658;660291
1000;80;1;MergeSort;19952;8704;0;109080
1000;80;1;CountingSort;3001;0;0;9440
1000;80;1;QuickSort;38124;15825;6765;68540
1000;80;1;InsertionSort;653781;217925;0;112760
1000;80;1;BubbleSort;1865846;499065;216929;567582
1000;80;1;MergeSort;19952;8705;0;116741
1000;80;2;CountingSort;3001;0;0;178061
1000;80;2;QuickSort;37156;15910;6415;1545565
1000;80;2;InsertionSort;490359;163451;0;6518418
1000;80;2;BubbleSort;1597064;473622;162455;9252714
1000;80;2;MergeSort;19952;7737;0;1043663
1000;80;2;CountingSort;3001;0;0;124350
1000;80;2;QuickSort;40912;17359;7179;160621
1000;80;2;InsertionSort;470386;156792;0;3448560
1000;80;2;BubbleSort;1567202;472005;155798;1114913
1000;80;2;MergeSort;19952;7722;0;134480
1000;80;2;CountingSort;3001;0;0;99041
1000;80;2;QuickSort;35520;15912;5866;167861
1000;80;2;InsertionSort;479657;159883;0;1339454
1000;80;2;BubbleSort;1547232;455840;158888;1478994
1000;80;2;MergeSort;19952;7709;0;94320
1000;80;2;CountingSort;3001;0;0;121520
1000;80;2;QuickSort;40444;16888;7195;210251
1000;80;2;InsertionSort;481171;160387;0;252621
1000;80;2;BubbleSort;1593516;477972;159393;758722
1000;80;2;MergeSort;19952;7747;0;145031
1000;80;2;CountingSort;3001;0;0;145771
1000;80;2;QuickSort;38486;16751;6563;170690
1000;80;2;InsertionSort;484475;161489;0;1425784
1000;80;2;BubbleSort;1569420;463722;160494;1693264
1000;80;2;MergeSort;19952;7715;0;138550
1000;80;2;CountingSort;3001;0;0;152640
1000;80;2;QuickSort;37024;15745;6425;866992
1000;80;2;InsertionSort;464586;154858;0;87970
1000;80;2;BubbleSort;1559470;472005;153865;481672
1000;80;2;MergeSort;19952;7715;0;145401
1000;80;2;CountingSort;3001;0;0;138140
1000;80;2;QuickSort;40744;16750;7330;708582
1000;80;2;InsertionSort;474178;158054;0;401141
1000;80;2;BubbleSort;1572730;472239;157063;730352
1000;80;2;MergeSort;19952;7709;0;170271
1000;80;2;CountingSort;3001;0;0;110081
1000;80;2;QuickSort;35091;15309;5933;683231
1000;80;2;InsertionSort;468680;156222;0;87880
1000;80;2;BubbleSort;1552580;465830;155230;667092
1000;80;2;MergeSort;19952;7703;0;117420
1000;80;2;CountingSort;3001;0;0;117810
1000;80;2;QuickSort;37177;15382;6594;712022
1000;80;2;InsertionSort;474573;158187;0;158301
1000;80;2;BubbleSort;1567506;469365;157194;764602
1000;80;2;MergeSort;19952;7735;0;145041
1000;80;2;CountingSort;3001;0;0;142090
1000;80;2;QuickSort;36416;16166;6084;48120
1000;80;2;InsertionSort;477465;159151;0;451971
1000;80;2;BubbleSort;1577576;472472;158158;817122
1000;80;2;MergeSort;19952;7692;0;165001
1000;80;2;CountingSort;3001;0;0;120770
1000;80;2;QuickSort;41714;17942;7263;72740
1000;80;2;InsertionSort;475326;158438;0;156111
1000;80;2;BubbleSort;1575188;472704;157445;560042
1000;80;2;MergeSort;19952;7701;0;135690
1000;80;2;CountingSort;3001;0;0;163621
1000;80;2;QuickSort;43564;18895;7566;84181
1000;80;2;InsertionSort;482854;160946;0;94030
1000;80;2;BubbleSort;1598218;479199;159955;538971
1000;80;2;MergeSort;19952;7739;0;125230
1000;80;2;CountingSort;3001;0;0;103360
1000;80;2;QuickSort;41638;17107;7505;68941
1000;80;2;InsertionSort;476284;158758;0;888763
1000;80;2;BubbleSort;1582314;475629;157764;1220014
1000;80;2;MergeSort;19952;7713;0;84470
1000;80;2;CountingSort;3001;0;0;139270
1000;80;2;QuickSort;38154;16011;6707;130981
1000;80;2;InsertionSort;464613;154867;0;121261
1000;80;2;BubbleSort;1546636;465570;153874;567472
1000;80;2;MergeSort;19952;7736;0;98121
1000;80;2;CountingSort;3001;0;0;132660
1000;80;2;QuickSort;38719;16753;6650;59550
1000;80;2;InsertionSort;469078;156354;0;777242
1000;80;2;BubbleSort;1574442;476495;155363;1225223
1000;80;2;MergeSort;19952;7716;0;117370
1000;80;2;CountingSort;3001;0;0;159210
1000;80;2;QuickSort;39787;17332;6811;52500
1000;80;2;InsertionSort;500035;166673;0;140110
1000;80;2;BubbleSort;1609058;473165;165682;556431
1000;80;2;MergeSort;19952;7731;0;121170
1000;80;2;CountingSort;3001;0;0;113060
1000;80;2;QuickSort;39193;16393;6937;100260
1000;80;2;InsertionSort;491510;163834;0;97070
1000;80;2;BubbleSort;1586094;467369;162839;952333
1000;80;2;MergeSort;19952;7731;0;156761
1000;80;2;CountingSort;3001;0;0;30820
1000;80;2;QuickSort;36206;15224;6339;66850
1000;80;2;InsertionSort;491485;163825;0;802402
1000;80;2;BubbleSort;1584018;466347;162831;1248524
1000;80;2;MergeSort;19952;7708;0;146361
1000;80;2;CountingSort;3001;0;0;20790
1000;80;2;QuickSort;40468;16903;7178;60330
1000;80;2;InsertionSort;490631;163537;0;118770
1000;80;2;BubbleSort;1600572;475190;162548;562621
1000;80;2;MergeSort;19952;7701;0;114311
1000;80;2;CountingSort;3001;0;0;22340
1000;80;2;QuickSort;36311;15248;6352;51720
1000;80;2;InsertionSort;473448;157814;0;662672
1000;80;2;BubbleSort;1577652;475190;156818;1056323
1000;80;2;MergeSort;19952;7732;0;207781
1000;80;2;CountingSort;3001;0;0;20351
1000;80;2;QuickSort;40135;16990;7059;53520
1000;80;2;InsertionSort;487580;162522;0;219501
1000;80;2;BubbleSort;1593818;473849;161530;595132
1000;80;2;MergeSort;19952;7713;0;127600
1000;80;2;CountingSort;3001;0;0;24290
1000;80;2;QuickSort;37995;16044;6655;60500
1000;80;2;InsertionSort;477686;159222;0;142831
1000;80;2;BubbleSort;1566140;466604;158233;689472
1000;80;2;MergeSort;19952;7730;0;128610
1000;80;2;CountingSort;3001;0;0;1435794
1000;80;2;QuickSort;41052;17091;7306;1377314
1000;80;2;InsertionSort;476403;158797;0;1456914
1000;80;2;BubbleSort;1572856;470820;157804;661422
1000;80;2;MergeSort;19952;7714;0;151131
1000;80;2;CountingSort;3001;0;0;25340
1000;80;2;QuickSort;39255;16485;6936;52211
1000;80;2;InsertionSort;483266;161086;0;336471
1000;80;2;BubbleSort;1597134;478385;160091;785172
1000;80;2;MergeSort;19952;7729;0;176030
1000;80;2;CountingSort;3001;0;0;20230
1000;80;2;QuickSort;45053;18560;8161;72380
1000;80;2;InsertionSort;478710;159568;0;113260
1000;80;2;BubbleSort;1573996;469854;158572;630222
1000;80;2;MergeSort;19952;7706;0;94841
1000;80;2;CountingSort;3001;0;0;33430
1000;80;2;QuickSort;42879;17562;7774;81470
1000;80;2;InsertionSort;470796;156928;0;159280
1000;80;2;BubbleSort;1567280;471770;155935;563412
1000;80;2;MergeSort;19952;7691;0;99701
1000;80;2;CountingSort;3001;0;0;18030
1000;80;2;QuickSort;36781;15517;6421;54560
1000;80;2;InsertionSort;478716;159570;0;188531
1000;80;2;BubbleSort;1574490;470097;158574;704462
1000;80;2;MergeSort;19952;7713;0;106681
1000;80;2;CountingSort;3001;0;0;24380
1000;80;2;QuickSort;36392;15593;6264;47490
1000;80;2;InsertionSort;479871;159953;0;95700
1000;80;2;BubbleSort;1584888;474524;158960;561792
1000;80;2;MergeSort;19952;7708;0;84870
1000;80;2;CountingSort;3001;0;0;13660
1000;80;2;QuickSort;42999;17913;7691;64770
1000;80;2;InsertionSort;474524;158170;0;93630
1000;80;2;BubbleSort;1579092;475190;157178;558812
1000;80;2;MergeSort;19952;7721;0;150931
1000;80;2;CountingSort;3001;0;0;17561
1000;80;2;QuickSort;38950;16126;6952;70040
1000;80;2;InsertionSort;480578;160190;0;1162033
1000;80;2;BubbleSort;1577940;470580;159195;1416994
1000;80;2;MergeSort;19952;7719;0;73930
1000;80;2;CountingSort;3001;0;0;16610
1000;80;2;QuickSort;32755;13870;5637;94451
1000;80;2;InsertionSort;469644;156544;0;115751
1000;80;2;BubbleSort;1574332;476064;155551;555441
1000;80;2;MergeSort;19952;7710;0;78300
1000;80;2;CountingSort;3001;0;0;33530
1000;80;2;QuickSort;38814;15960;6961;59151
1000;80;2;InsertionSort;475801;158597;0;94491
1000;80;2;BubbleSort;1582540;476064;157603;535201
1000;80;2;MergeSort;19952;7738;0;124231
1000;80;2;CountingSort;3001;0;0;20481
1000;80;2;QuickSort;36997;15577;6478;61730
1000;80;2;InsertionSort;475800;158598;0;135600
1000;80;2;BubbleSort;1572526;471059;157602;568231
1000;80;2;MergeSort;19952;7687;0;71010
1000;80;2;CountingSort;3001;0;0;61810
1000;80;2;QuickSort;36319;15130;6399;52760
1000;80;2;InsertionSort;470652;156878;0;504092
1000;80;2;BubbleSort;1572152;474300;155888;804483
1000;80;2;MergeSort;19952;7741;0;143530
1000;80;2;CountingSort;3001;0;0;16780
1000;80;2;QuickSort;35751;15294;6151;41400
1000;80;2;InsertionSort;496266;165418;0;116400
1000;80;2;BubbleSort;1608520;475410;164425;473631
1000;80;2;MergeSort;19952;7715;0;94000
1000;80;2;CountingSort;3001;0;0;17500
1000;80;2;QuickSort;42228;17610;7535;65941
1000;80;2;InsertionSort;482957;160981;0;189900
1000;80;2;BubbleSort;1578686;469365;159989;622932
1000;80;2;MergeSort;19952;7714;0;126840
1000;80;2;CountingSort;3001;0;0;20620
1000;80;2;QuickSort;34474;15136;5787;51850
1000;80;2;InsertionSort;481381;160455;0;379541
1000;80;2;BubbleSort;1579016;470580;159464;762762
1000;80;2;MergeSort;19952;7703;0;139280
1000;80;2;CountingSort;3001;0;0;22261
1000;80;2;QuickSort;37243;15604;6553;42461
1000;80;2;InsertionSort;476651;158881;0;525371
1000;80;2;BubbleSort;1568294;468375;157886;780732
1000;80;2;MergeSort;19952;7724;0;134850
1000;80;2;CountingSort;3001;0;0;25760
1000;80;2;QuickSort;39055;16579;6827;72231
1000;80;2;InsertionSort;489057;163015;0;122130
1000;80;2;BubbleSort;1586326;469119;162022;458181
1000;80;2;MergeSort;19952;7715;0;121180
1000;80;2;CountingSort;3001;0;0;10310
1000;80;2;QuickSort;34763;15482;5761;50760
1000;80;2;InsertionSort;470134;156706;0;582661
1000;80;2;BubbleSort;1567338;472239;155715;856722
1000;80;2;MergeSort;19952;7722;0;114180
1000;80;2;CountingSort;3001;0;0;8840
1000;80;2;QuickSort;38422;15736;6897;75620
1000;80;2;InsertionSort;499448;166476;0;134300
1000;80;2;BubbleSort;1584496;461274;165487;591901
1000;80;2;MergeSort;19952;7734;0;104971
1000;80;2;CountingSort;3001;0;0;28370
1000;80;2;QuickSort;39545;16532;6994;78070
1000;80;2;InsertionSort;496916;165634;0;155580
1000;80;2;BubbleSort;1603046;472239;164642;649142
1000;80;2;MergeSort;19952;7701;0;160871
1000;80;2;CountingSort;3001;0;0;9220
1000;80;2;QuickSort;35771;15278;6164;52330
1000;80;2;InsertionSort;476338;158776;0;528061
1000;80;2;BubbleSort;1561222;465047;157782;908502
1000;80;2;MergeSort;19952;7712;0;148420
1000;80;2;CountingSort;3001;0;0;9240
1000;80;2;QuickSort;40207;17131;7030;66080
1000;80;2;InsertionSort;477609;159199;0;120871
1000;80;2;BubbleSort;1578232;472704;158206;607122
1000;80;2;MergeSort;19952;7726;0;118680
1000;80;2;CountingSort;3001;0;0;10650
1000;80;2;QuickSort;41149;17668;7168;52900
1000;80;2;InsertionSort;487745;162577;0;341891
1000;80;2;BubbleSort;1591748;472704;161585;723242
1000;80;2;MergeSort;19952;7705;0;124941
1000;80;2;CountingSort;3001;0;0;7260
1000;80;2;QuickSort;38951;16175;6923;51800
1000;80;2;InsertionSort;466065;155353;0;113220
1000;80;2;BubbleSort;1572538;477555;154357;444221
1000;80;2;MergeSort;19952;7720;0;137721
1000;80;2;CountingSort;3001;0;0;9040
1000;80;2;QuickSort;38128;15706;6815;81670
1000;80;2;InsertionSort;487509;162499;0;144560
1000;80;2;BubbleSort;1588618;471297;161506;567282
1000;80;2;MergeSort;19952;7711;0;107081
1000;80;2;CountingSort;3001;0;0;9260
1000;80;2;QuickSort;37239;15780;6481;91751
1000;80;2;InsertionSort;478475;159485;0;164380
1000;80;2;BubbleSort;1569228;467622;158496;658362
1000;80;2;MergeSort;19952;7705;0;123430
1000;80;2;CountingSort;3001;0;0;9760
1000;80;2;QuickSort;35822;15224;6193;59200
1000;80;2;InsertionSort;497646;165880;0;418031
1000;80;2;BubbleSort;1601176;470820;164884;758772
1000;80;2;MergeSort;19952;7719;0;129970
1000;80;2;CountingSort;3001;0;0;9920
1000;80;2;QuickSort;35144;15368;5925;50800
1000;80;2;InsertionSort;485006;161664;0;118331
1000;80;2;BubbleSort;1578436;467874;160672;632692
1000;80;2;MergeSort;19952;7684;0;95381
1000;80;2;CountingSort;3001;0;0;6970
1000;80;2;QuickSort;38264;15869;6797;53620
1000;80;2;InsertionSort;488487;162825;0;91641
1000;80;2;BubbleSort;1577946;465309;161832;504562
1000;80;2;MergeSort;19952;7752;0;109551
1000;80;2;CountingSort;3001;0;0;9200
1000;80;2;QuickSort;34661;14645;6011;50840
1000;80;2;InsertionSort;479646;159880;0;103170
1000;80;2;BubbleSort;1573280;468872;158884;931392
1000;80;2;MergeSort;19952;7722;0;155110
1000;80;2;CountingSort;3001;0;0;8720
1000;80;2;QuickSort;48754;20533;8756;71350
1000;80;2;InsertionSort;469725;156571;0;109960
1000;80;2;BubbleSort;1564430;471059;155578;822792
1000;80;2;MergeSort;19952;7712;0;153270
1000;80;2;CountingSort;3001;0;0;9090
1000;80;2;QuickSort;39865;16696;7071;50360
1000;80;2;InsertionSort;481864;160618;0;92190
1000;80;2;BubbleSort;1580614;471059;159624;526382
1000;80;2;MergeSort;19952;7730;0;141971
1000;80;2;CountingSort;3001;0;0;8800
1000;80;2;QuickSort;40942;16828;7381;79990
1000;80;2;InsertionSort;494994;164994;0;119990
1000;80;2;BubbleSort;1585044;464520;164001;523261
1000;80;2;MergeSort;19952;7713;0;113780
1000;80;2;CountingSort;3001;0;0;7470
1000;80;2;QuickSort;38135;16331;6607;41571
1000;80;2;InsertionSort;480439;160141;0;108020
1000;80;2;BubbleSort;1587420;475410;159150;552061
1000;80;2;MergeSort;19952;7723;0;118850
1000;80;2;CountingSort;3001;0;0;6940
1000;80;2;QuickSort;37970;17195;6257;42750
1000;80;2;InsertionSort;473530;157840;0;864023
1000;80;2;BubbleSort;1579078;475847;156846;1273244
1000;80;2;MergeSort;19952;7710;0;106630
1000;80;2;CountingSort;3001;0;0;8820
1000;80;2;QuickSort;37354;15826;6515;58570
1000;80;2;InsertionSort;466895;155629;0;138250
1000;80;2;BubbleSort;1555784;468624;154634;514021
1000;80;2;MergeSort;19952;7706;0;113420
1000;80;2;CountingSort;3001;0;0;9040
1000;80;2;QuickSort;36747;15711;6324;62780
1000;80;2;InsertionSort;467436;155810;0;708252
1000;80;2;BubbleSort;1571816;476280;154814;1064013
1000;80;2;MergeSort;19952;7692;0;114470
1000;80;2;CountingSort;3001;0;0;9190
1000;80;2;QuickSort;41470;17431;7343;84550
1000;80;2;InsertionSort;480913;160299;0;154930
1000;80;2;BubbleSort;1590222;476495;159308;640222
1000;80;2;MergeSort;19952;7707;0;132230
1000;80;2;CountingSort;3001;0;0;8590
1000;80;2;QuickSort;36366;15402;6315;60071
1000;80;2;InsertionSort;494643;164877;0;185170
1000;80;2;BubbleSort;1612716;478590;163884;625821
1000;80;2;MergeSort;19952;7717;0;115360
1000;80;2;CountingSort;3001;0;0;9190
1000;80;2;QuickSort;34831;14854;5990;59830
1000;80;2;InsertionSort;478389;159461;0;380811
1000;80;2;BubbleSort;1575978;471059;158465;812693
1000;80;2;MergeSort;19952;7700;0;171521
1000;80;2;CountingSort;3001;0;0;14890
1000;80;2;QuickSort;41252;17249;7329;77030
1000;80;2;InsertionSort;472142;157378;0;94790
1000;80;2;BubbleSort;1565726;470097;156383;432181
1000;80;2;MergeSort;19952;7750;0;124480
1000;80;2;CountingSort;3001;0;0;8430
1000;80;2;QuickSort;41255;17225;7333;54030
1000;80;2;InsertionSort;509078;169690;0;78830
1000;80;2;BubbleSort;1629048;477134;168695;669932
1000;80;2;MergeSort;19952;7707;0;161071
1000;80;2;CountingSort;3001;0;0;8810
1000;80;2;QuickSort;36378;15288;6368;67020
1000;80;2;InsertionSort;481251;160411;0;120251
1000;80;2;BubbleSort;1582628;472472;159421;564042
1000;80;2;MergeSort;19952;7721;0;151390
1000;80;2;CountingSort;3001;0;0;10410
1000;80;2;QuickSort;48930;20298;8875;64120
1000;80;2;InsertionSort;486543;162177;0;110100
1000;80;2;BubbleSort;1582974;469119;161184;542212
1000;80;2;MergeSort;19952;7688;0;153641
1000;80;2;CountingSort;3001;0;0;7300
1000;80;2;QuickSort;38614;15781;6946;41810
1000;80;2;InsertionSort;485452;161814;0;586562
1000;80;2;BubbleSort;1586348;471534;160820;938183
1000;80;2;MergeSort;19952;7724;0;87500
1000;80;2;CountingSort;3001;0;0;7270
1000;80;2;QuickSort;37366;15577;6600;40460
1000;80;2;InsertionSort;472312;157436;0;107481
1000;80;2;BubbleSort;1565464;469854;156439;552822
1000;80;2;MergeSort;19952;7724;0;83130
1000;80;2;CountingSort;3001;0;0;7040
1000;80;2;QuickSort;43119;18306;7618;56010
1000;80;2;InsertionSort;510807;170265;0;763362
1000;80;2;BubbleSort;1629648;476280;169272;1110853
1000;80;2;MergeSort;19952;7723;0;112230
1000;80;2;CountingSort;3001;0;0;13470
1000;80;2;QuickSort;39641;17156;6820;67160
1000;80;2;InsertionSort;480808;160268;0;186860
1000;80;2;BubbleSort;1573334;468125;159271;664292
1000;80;2;MergeSort;19952;7699;0;149381
1000;80;2;CountingSort;3001;0;0;8830
1000;80;2;QuickSort;36476;15632;6279;67480
1000;80;2;InsertionSort;461683;153887;0;495031
1000;80;2;BubbleSort;1536884;462644;152899;879752
1000;80;2;MergeSort;19952;7741;0;145521
1000;80;2;CountingSort;3001;0;0;12230
1000;80;2;QuickSort;35468;15110;6126;64320
1000;80;2;InsertionSort;486440;162144;0;106681
1000;80;2;BubbleSort;1593644;474524;161149;555412
1000;80;2;MergeSort;19952;7711;0;103890
1000;80;2;CountingSort;3001;0;0;7860
1000;80;2;QuickSort;37958;16553;6469;69530
1000;80;2;InsertionSort;500620;166872;0;109070
1000;80;2;BubbleSort;1605140;470820;165875;556651
1000;80;2;MergeSort;19952;7714;0;108950
1000;80;2;CountingSort;3001;0;0;9000
1000;80;2;QuickSort;36230;15182;6351;52550
1000;80;2;InsertionSort;462131;154037;0;489571
1000;80;2;BubbleSort;1562130;474969;153048;938643
1000;80;2;MergeSort;19952;7709;0;139631
1000;80;2;CountingSort;3001;0;0;8440
1000;80;2;QuickSort;37870;15919;6657;63840
1000;80;2;InsertionSort;471417;157137;0;153500
1000;80;2;BubbleSort;1572714;474075;156141;515511
1000;80;2;MergeSort;19952;7728;0;108190
1000;80;2;CountingSort;3001;0;0;9130
1000;80;2;QuickSort;42812;17780;7671;57770
1000;80;2;InsertionSort;477564;159182;0;632392
1000;80;2;BubbleSort;1569018;468125;158192;991373
1000;80;2;MergeSort;19952;7731;0;163421
1000;80;2;CountingSort;3001;0;0;8920
1000;80;2;QuickSort;43638;17835;7932;58830
1000;80;2;InsertionSort;487767;162585;0;112060
1000;80;2;BubbleSort;1564428;459030;161592;531381
1000;80;2;MergeSort;19952;7719;0;110780
1000;80;2;CountingSort;3001;0;0;16570
1000;80;2;QuickSort;34911;15048;5965;75650
1000;80;2;InsertionSort;475167;158383;0;99091
1000;80;2;BubbleSort;1578620;474524;157393;507501
1000;80;2;MergeSort;19952;7739;0;151750
1000;80;2;CountingSort;3001;0;0;8410
1000;80;2;QuickSort;37434;15462;6645;63950
1000;80;2;InsertionSort;479854;159948;0;101810
1000;80;2;BubbleSort;1572566;468375;158954;492021
1000;80;2;MergeSort;19952;7716;0;136471
1000;80;2;CountingSort;3001;0;0;9150
1000;80;2;QuickSort;36143;15443;6231;61380
1000;80;2;InsertionSort;486260;162080;0;178731
1000;80;2;BubbleSort;1589772;472704;161091;543612
1000;80;2;MergeSort;19952;7719;0;98981
1000;80;2;CountingSort;3001;0;0;9010
1000;80;2;QuickSort;39339;16344;6999;59871
1000;80;2;InsertionSort;495669;165219;0;485711
1000;80;2;BubbleSort;1599498;471297;164226;974382
1000;80;2;MergeSort;19952;7712;0;120570
1000;80;2;CountingSort;3001;0;0;9560
1000;80;2;QuickSort;35355;15477;5958;53260
1000;80;2;InsertionSort;494103;164695;0;95790
1000;80;2;BubbleSort;1603868;474524;163705;589032
1000;80;2;MergeSort;19952;7691;0;102221
1000;80;2;CountingSort;3001;0;0;7320
1000;80;2;QuickSort;36638;15884;6246;51870
1000;80;2;InsertionSort;475171;158387;0;100160
1000;80;2;BubbleSort;1570732;470580;157393;599532
1000;80;2;MergeSort;19952;7719;0;105001
1000;80;2;CountingSort;3001;0;0;7230
1000;80;2;QuickSort;39042;16122;6985;70561
1000;80;2;InsertionSort;477493;159159;0;153170
1000;80;2;BubbleSort;1589852;478590;158168;499841
1000;80;2;MergeSort;19952;7727;0;101710
1000;80;2;CountingSort;3001;0;0;15050
1000;80;2;QuickSort;36993;15801;6395;59180
1000;80;2;InsertionSort;493812;164600;0;315791
1000;80;2;BubbleSort;1606988;476280;163607;701872
1000;80;2;MergeSort;19952;7722;0;143411
1000;80;2;CountingSort;3001;0;0;8750
1000;80;2;QuickSort;35267;15137;6052;50870
1000;80;2;InsertionSort;479944;159976;0;71250
1000;80;2;BubbleSort;1584540;474300;158985;438651
1000;80;2;MergeSort;19952;7692;0;104100
1000;80;2;CountingSort;3001;0;0;7420
1000;80;2;QuickSort;38015;16421;6535;62721
1000;80;2;InsertionSort;479249;159743;0;144241
1000;80;2;BubbleSort;1583166;474075;158754;521971
1000;80;2;MergeSort;19952;7692;0;125040
1000;80;2;CountingSort;3001;0;0;7200
1000;80;2;QuickSort;38573;16712;6627;54310
1000;80;2;InsertionSort;485026;161672;0;342481
1000;80;2;BubbleSort;1568542;462915;160678;817712
1000;80;2;MergeSort;19952;7705;0;158261
1000;80;2;CountingSort;3001;0;0;8580
1000;80;2;QuickSort;38679;15882;6939;66220
1000;80;2;InsertionSort;485745;161911;0;151590
1000;80;2;BubbleSort;1591370;473849;160918;619042
1000;80;2;MergeSort;19952;7723;0;123050
1000;80;2;CountingSort;3001;0;0;8880
1000;80;2;QuickSort;34843;15493;5789;53011
1000;80;2;InsertionSort;480284;160092;0;498161
1000;80;2;BubbleSort;1579928;471770;159097;963412
1000;80;2;MergeSort;19952;7704;0;114640
1000;80;2;CountingSort;3001;0;0;25220
1000;80;2;QuickSort;37894;15985;6635;41570
1000;80;2;InsertionSort;478712;159566;0;103160
1000;80;2;BubbleSort;1579704;472704;158574;565512
1000;80;2;MergeSort;19952;7677;0;120501
1000;80;2;CountingSort;3001;0;0;11890
1000;80;2;QuickSort;37523;16319;6403;59400
1000;80;2;InsertionSort;482821;160937;0;150680
1000;80;2;BubbleSort;1578992;469610;159943;522631
1000;80;2;MergeSort;19952;7743;0;124070
1000;80;2;CountingSort;3001;0;0;8990
1000;80;2;QuickSort;38304;15825;6836;71860
1000;80;2;InsertionSort;468748;156246;0;103110
1000;80;2;BubbleSort;1563602;471297;155252;438611
1000;80;2;MergeSort;19952;7762;0;125290
1000;80;2;CountingSort;3001;0;0;8640
1000;80;2;QuickSort;36030;15276;6249;68380
1000;80;2;InsertionSort;491111;163701;0;127250
1000;80;2;BubbleSort;1572818;460997;162706;537152
1000;80;2;MergeSort;19952;7717;0;119430
1000;80;2;CountingSort;3001;0;0;8890
1000;80;2;QuickSort;35051;15233;5944;50440
1000;80;2;InsertionSort;459393;153123;0;610602
1000;80;2;BubbleSort;1546782;469119;152136;989653
1000;80;2;MergeSort;19952;7711;0;123980
1000;80;2;CountingSort;3001;0;0;9090
1000;80;2;QuickSort;41553;16977;7526;79950
1000;80;2;InsertionSort;479118;159702;0;102510
1000;80;2;BubbleSort;1570584;467874;158709;570611
1000;80;2;MergeSort;19952;7715;0;107060
1000;80;2;CountingSort;3001;0;0;7760
1000;80;2;QuickSort;36214;15529;6230;51300
1000;80;2;InsertionSort;483849;161275;0;93171
1000;80;2;BubbleSort;1587022;472935;160288;540452
1000;80;2;MergeSort;19952;7729;0;117831
1000;80;2;CountingSort;3001;0;0;8780
1000;80;2;QuickSort;38736;15831;6965;65081
1000;80;2;InsertionSort;485438;161808;0;146581
1000;80;2;BubbleSort;1576472;466604;160816;532262
1000;80;2;MergeSort;19952;7707;0;121160
1000;80;2;CountingSort;3001;0;0;8890
1000;80;2;QuickSort;37488;16131;6440;51390
1000;80;2;InsertionSort;480465;160149;0;675202
1000;80;2;BubbleSort;1570866;467115;159159;1050603
1000;80;2;MergeSort;19952;7711;0;222440
1000;80;2;CountingSort;3001;0;0;8530
1000;80;2;QuickSort;35146;15154;5998;42300
1000;80;2;InsertionSort;472954;157646;0;72080
1000;80;2;BubbleSort;1568738;471059;156655;581812
1000;80;2;MergeSort;19952;7730;0;88981
1000;80;3;CountingSort;3001;0;0;150681
1000;80;3;QuickSort;37736;15881;6624;1455303
1000;80;3;InsertionSort;473745;157915;0;6380297
1000;80;3;BubbleSort;1578922;475629;156916;9232185
1000;80;3;MergeSort;19952;7927;0;1122793
1000;80;3;CountingSort;3001;0;0;90840
1000;80;3;QuickSort;34511;15314;5732;180931
1000;80;3;InsertionSort;465465;155155;0;655552
1000;80;3;BubbleSort;1555354;469365;154156;1250284
1000;80;3;MergeSort;19952;7916;0;121640
1000;80;3;CountingSort;3001;0;0;141731
1000;80;3;QuickSort;34121;14684;5822;130561
1000;80;3;InsertionSort;476214;158738;0;608872
1000;80;3;BubbleSort;1567206;468125;157739;1411724
1000;80;3;MergeSort;19952;7913;0;188320
1000;80;3;CountingSort;3001;0;0;106430
1000;80;3;QuickSort;36481;15451;6340;179831
1000;80;3;InsertionSort;477357;159119;0;380961
1000;80;3;BubbleSort;1572188;469854;158120;1042083
1000;80;3;MergeSort;19952;7931;0;131010
1000;80;3;CountingSort;3001;0;0;108790
1000;80;3;QuickSort;36139;15433;6244;141860
1000;80;3;InsertionSort;477675;159225;0;810692
1000;80;3;BubbleSort;1574064;470580;158226;1184673
1000;80;3;MergeSort;19952;7935;0;150791
1000;80;3;CountingSort;3001;0;0;115020
1000;80;3;QuickSort;41629;17881;7261;694092
1000;80;3;InsertionSort;471096;157032;0;204050
1000;80;3;BubbleSort;1573626;474747;156033;675802
1000;80;3;MergeSort;19952;7928;0;133700
1000;80;3;CountingSort;3001;0;0;149991
1000;80;3;QuickSort;42208;17185;7671;807042
1000;80;3;InsertionSort;481269;160423;0;124111
1000;80;3;BubbleSort;1593640;477972;159424;748403
1000;80;3;MergeSort;19952;7939;0;130210
1000;80;3;CountingSort;3001;0;0;112690
1000;80;3;QuickSort;36125;15464;6228;559472
1000;80;3;InsertionSort;475866;158622;0;489461
1000;80;3;BubbleSort;1581312;475410;157623;1086693
1000;80;3;MergeSort;19952;7931;0;139601
1000;80;3;CountingSort;3001;0;0;149690
1000;80;3;QuickSort;37149;15678;6496;53840
1000;80;3;InsertionSort;478437;159479;0;99890
1000;80;3;BubbleSort;1558664;462372;158480;593301
1000;80;3;MergeSort;19952;7918;0;97810
1000;80;3;CountingSort;3001;0;0;154811
1000;80;3;QuickSort;40056;16410;7214;74630
1000;80;3;InsertionSort;482571;160857;0;130681
1000;80;3;BubbleSort;1559190;459879;159858;664372
1000;80;3;MergeSort;19952;7925;0;125381
1000;80;3;CountingSort;3001;0;0;150210
1000;80;3;QuickSort;36268;15439;6271;46200
1000;80;3;InsertionSort;458760;152920;0;637551
1000;80;3;BubbleSort;1546414;469365;151921;1076023
1000;80;3;MergeSort;19952;7942;0;117560
1000;80;3;CountingSort;3001;0;0;149941
1000;80;3;QuickSort;37770;16329;6473;151861
1000;80;3;InsertionSort;475020;158340;0;112751
1000;80;3;BubbleSort;1584054;477345;157341;591542
1000;80;3;MergeSort;19952;7918;0;148290
1000;80;3;CountingSort;3001;0;0;86130
1000;80;3;QuickSort;41927;17558;7450;48020
1000;80;3;InsertionSort;469236;156412;0;572822
1000;80;3;BubbleSort;1574642;476495;155413;836293
1000;80;3;MergeSort;19952;7930;0;130141
1000;80;3;CountingSort;3001;0;0;115840
1000;80;3;QuickSort;38956;16738;6749;58830
1000;80;3;InsertionSort;491940;163980;0;107861
1000;80;3;BubbleSort;1604052;476064;162981;457411
1000;80;3;MergeSort;19952;7934;0;101580
1000;80;3;CountingSort;3001;0;0;168190
1000;80;3;QuickSort;42798;17961;7607;141200
1000;80;3;InsertionSort;472095;157365;0;222931
1000;80;3;BubbleSort;1571334;472935;156366;672682
1000;80;3;MergeSort;19952;7937;0;178431
1000;80;3;CountingSort;3001;0;0;124270
1000;80;3;QuickSort;36818;15440;6463;53940
1000;80;3;InsertionSort;491547;163849;0;84040
1000;80;3;BubbleSort;1601338;474969;162850;512011
1000;80;3;MergeSort;19952;7931;0;114890
1000;80;3;CountingSort;3001;0;0;71221
1000;80;3;QuickSort;40937;17540;7125;73110
1000;80;3;InsertionSort;476748;158916;0;105850
1000;80;3;BubbleSort;1566912;467622;157917;430071
1000;80;3;MergeSort;19952;7904;0;110070
1000;80;3;CountingSort;3001;0;0;35640
1000;80;3;QuickSort;35852;15584;6089;79350
1000;80;3;InsertionSort;464007;154669;0;803412
1000;80;3;BubbleSort;1558690;472005;153670;1226253
1000;80;3;MergeSort;19952;7921;0;112811
1000;80;3;CountingSort;3001;0;0;16710
1000;80;3;QuickSort;36452;15212;6409;66700
1000;80;3;InsertionSort;470232;156744;0;111500
1000;80;3;BubbleSort;1566520;471770;155745;551122
1000;80;3;MergeSort;19952;7934;0;105751
1000;80;3;CountingSort;3001;0;0;26320
1000;80;3;QuickSort;42936;18204;7578;54140
1000;80;3;InsertionSort;476871;158957;0;593872
1000;80;3;BubbleSort;1578620;473394;157958;945743
1000;80;3;MergeSort;19952;7944;0;151871
1000;80;3;CountingSort;3001;0;0;26790
1000;80;3;QuickSort;39920;16895;7010;47580
1000;80;3;InsertionSort;475494;158498;0;97790
1000;80;3;BubbleSort;1568234;469119;157499;630342
1000;80;3;MergeSort;19952;7907;0;87150
1000;80;3;CountingSort;3001;0;0;1301284
1000;80;3;QuickSort;37442;15977;6483;55480
1000;80;3;InsertionSort;465645;155215;0;1325704
1000;80;3;BubbleSort;1541608;462372;154216;590881
1000;80;3;MergeSort;19952;7945;0;111000
1000;80;3;CountingSort;3001;0;0;17140
1000;80;3;QuickSort;38729;16049;6892;51981
1000;80;3;InsertionSort;479274;159758;0;234161
1000;80;3;BubbleSort;1583636;474300;158759;713552
1000;80;3;MergeSort;19952;7956;0;142420
1000;80;3;CountingSort;3001;0;0;20210
1000;80;3;QuickSort;35533;14911;6203;52240
1000;80;3;InsertionSort;480723;160241;0;147041
1000;80;3;BubbleSort;1594148;478590;159242;449081
1000;80;3;MergeSort;19952;7954;0;96811
1000;80;3;CountingSort;3001;0;0;18911
1000;80;3;QuickSort;35674;15499;6056;52480
1000;80;3;InsertionSort;474393;158131;0;196930
1000;80;3;BubbleSort;1572538;472005;157132;707762
1000;80;3;MergeSort;19952;7923;0;140770
1000;80;3;CountingSort;3001;0;0;45670
1000;80;3;QuickSort;39804;16632;7061;50350
1000;80;3;InsertionSort;492162;164054;0;480501
1000;80;3;BubbleSort;1597164;472472;163055;880032
1000;80;3;MergeSort;19952;7921;0;143321
1000;80;3;CountingSort;3001;0;0;25990
1000;80;3;QuickSort;38916;16188;6897;63320
1000;80;3;InsertionSort;488622;162874;0;100120
1000;80;3;BubbleSort;1585244;468872;161875;519092
1000;80;3;MergeSort;19952;7928;0;108231
1000;80;3;CountingSort;3001;0;0;75100
1000;80;3;QuickSort;36082;15445;6207;79080
1000;80;3;InsertionSort;476265;158755;0;169770
1000;80;3;BubbleSort;1576894;472935;157756;662292
1000;80;3;MergeSort;19952;7923;0;127340
1000;80;3;CountingSort;3001;0;0;16731
1000;80;3;QuickSort;44391;19326;7688;74960
1000;80;3;InsertionSort;494139;164713;0;476161
1000;80;3;BubbleSort;1604794;474969;163714;842782
1000;80;3;MergeSort;19952;7914;0;74630
1000;80;3;CountingSort;3001;0;0;21930
1000;80;3;QuickSort;38273;15929;6767;65410
1000;80;3;InsertionSort;460788;153596;0;86240
1000;80;3;BubbleSort;1534586;462099;152597;500011
1000;80;3;MergeSort;19952;7947;0;73060
1000;80;3;CountingSort;3001;0;0;20380
1000;80;3;QuickSort;37116;15639;6491;52350
1000;80;3;InsertionSort;488061;162687;0;235261
1000;80;3;BubbleSort;1598880;476064;161688;608962
1000;80;3;MergeSort;19952;7906;0;149180
1000;80;3;CountingSort;3001;0;0;18540
1000;80;3;QuickSort;41986;18859;7050;75530
1000;80;3;InsertionSort;475194;158398;0;116740
1000;80;3;BubbleSort;1583014;476709;157399;450931
1000;80;3;MergeSort;19952;7919;0;73070
1000;80;3;CountingSort;3001;0;0;20110
1000;80;3;QuickSort;37305;15765;6527;65660
1000;80;3;InsertionSort;480939;160313;0;160371
1000;80;3;BubbleSort;1566296;464520;159314;511101
1000;80;3;MergeSort;19952;7916;0;120861
1000;80;3;CountingSort;3001;0;0;21560
1000;80;3;QuickSort;41441;17210;7406;52450
1000;80;3;InsertionSort;490854;163618;0;424542
1000;80;3;BubbleSort;1599970;474747;162619;933812
1000;80;3;MergeSort;19952;7927;0;138170
1000;80;3;CountingSort;3001;0;0;9090
1000;80;3;QuickSort;35160;14895;6101;60710
1000;80;3;InsertionSort;468414;156138;0;146701
1000;80;3;BubbleSort;1568706;474075;155139;490012
1000;80;3;MergeSort;19952;7930;0;110551
1000;80;3;CountingSort;3001;0;0;9410
1000;80;3;QuickSort;34801;15226;5868;75151
1000;80;3;InsertionSort;465678;155226;0;98880
1000;80;3;BubbleSort;1553158;468125;154227;441601
1000;80;3;MergeSort;19952;7914;0;113780
1000;80;3;CountingSort;3001;0;0;9130
1000;80;3;QuickSort;36307;15682;6212;42630
1000;80;3;InsertionSort;479691;159897;0;95000
1000;80;3;BubbleSort;1574322;469365;158898;530221
1000;80;3;MergeSort;19952;7938;0;126640
1000;80;3;CountingSort;3001;0;0;38230
1000;80;3;QuickSort;44193;18180;8003;54110
1000;80;3;InsertionSort;466467;155489;0;73510
1000;80;3;BubbleSort;1555208;468624;154490;550142
1000;80;3;MergeSort;19952;7928;0;110771
1000;80;3;CountingSort;3001;0;0;8960
1000;80;3;QuickSort;39542;16655;6968;68861
1000;80;3;InsertionSort;488598;162866;0;160860
1000;80;3;BubbleSort;1593338;472935;161867;602552
1000;80;3;MergeSort;19952;7915;0;123480
1000;80;3;CountingSort;3001;0;0;9021
1000;80;3;QuickSort;38417;16214;6744;60480
1000;80;3;InsertionSort;479202;159734;0;105850
1000;80;3;BubbleSort;1583090;474075;158735;577381
1000;80;3;MergeSort;19952;7952;0;97450
1000;80;3;CountingSort;3001;0;0;9620
1000;80;3;QuickSort;38295;15888;6806;56041
1000;80;3;InsertionSort;456336;152112;0;168311
1000;80;3;BubbleSort;1549396;472472;151113;612801
1000;80;3;MergeSort;19952;7948;0;108000
1000;80;3;CountingSort;3001;0;0;9100
1000;80;3;QuickSort;38824;16942;6644;51870
1000;80;3;InsertionSort;474309;158103;0;476092
1000;80;3;BubbleSort;1563660;467622;157104;973062
1000;80;3;MergeSort;19952;7921;0;152100
1000;80;3;CountingSort;3001;0;0;36560
1000;80;3;QuickSort;38747;16172;6862;79621
1000;80;3;InsertionSort;483189;161063;0;232050
1000;80;3;BubbleSort;1589750;474747;160064;458671
1000;80;3;MergeSort;19952;7945;0;85050
1000;80;3;CountingSort;3001;0;0;9110
1000;80;3;QuickSort;43148;17807;7778;44050
1000;80;3;InsertionSort;477861;159287;0;532711
1000;80;3;BubbleSort;1576692;471770;158288;828952
1000;80;3;MergeSort;19952;7950;0;119600
1000;80;3;CountingSort;3001;0;0;14940
1000;80;3;QuickSort;40474;16864;7206;70210
1000;80;3;InsertionSort;497370;165790;0;162570
1000;80;3;BubbleSort;1607764;474300;164791;579152
1000;80;3;MergeSort;19952;7922;0;157040
1000;80;3;CountingSort;3001;0;0;9510
1000;80;3;QuickSort;38000;16466;6517;53371
1000;80;3;InsertionSort;501171;167057;0;99001
1000;80;3;BubbleSort;1618076;476922;166058;628431
1000;80;3;MergeSort;19952;7895;0;146300
1000;80;3;CountingSort;3001;0;0;9540
1000;80;3;QuickSort;38406;15843;6852;51530
1000;80;3;InsertionSort;492909;164303;0;82450
1000;80;3;BubbleSort;1604036;475410;163304;561912
1000;80;3;MergeSort;19952;7898;0;135871
1000;80;3;CountingSort;3001;0;0;9350
1000;80;3;QuickSort;37703;16568;6377;67500
1000;80;3;InsertionSort;471387;157129;0;147420
1000;80;3;BubbleSort;1552498;463989;156130;564291
1000;80;3;MergeSort;19952;7932;0;164461
1000;80;3;CountingSort;3001;0;0;8950
1000;80;3;QuickSort;37867;16108;6583;56110
1000;80;3;InsertionSort;480567;160189;0;86970
1000;80;3;BubbleSort;1583090;473165;159190;639882
1000;80;3;MergeSort;19952;7910;0;99090
1000;80;3;CountingSort;3001;0;0;12470
1000;80;3;QuickSort;39136;16474;6884;79880
1000;80;3;InsertionSort;486936;162312;0;103080
1000;80;3;BubbleSort;1597380;476064;161313;500122
1000;80;3;MergeSort;19952;7916;0;124931
1000;80;3;CountingSort;3001;0;0;26360
1000;80;3;QuickSort;37739;15662;6702;66510
1000;80;3;InsertionSort;482316;160772;0;180541
1000;80;3;BubbleSort;1586336;473622;159773;533002
1000;80;3;MergeSort;19952;7910;0;113690
1000;80;3;CountingSort;3001;0;0;9521
1000;80;3;QuickSort;39726;16557;7065;58810
1000;80;3;InsertionSort;483633;161211;0;534831
1000;80;3;BubbleSort;1586256;472704;160212;904192
1000;80;3;MergeSort;19952;7897;0;153770
1000;80;3;CountingSort;3001;0;0;9240
1000;80;3;QuickSort;37041;15876;6396;72331
1000;80;3;InsertionSort;484221;161407;0;99741
1000;80;3;BubbleSort;1583272;470820;160408;569812
1000;80;3;MergeSort;19952;7897;0;108950
1000;80;3;CountingSort;3001;0;0;9310
1000;80;3;QuickSort;38926;16264;6881;43110
1000;80;3;InsertionSort;468222;156074;0;92300
1000;80;3;BubbleSort;1560008;469854;155075;509531
1000;80;3;MergeSort;19952;7946;0;124460
1000;80;3;CountingSort;3001;0;0;9200
1000;80;3;QuickSort;39312;16134;7063;57140
1000;80;3;InsertionSort;468408;156136;0;143561
1000;80;3;BubbleSort;1554778;467115;155137;437142
1000;80;3;MergeSort;19952;7930;0;85881
1000;80;3;CountingSort;3001;0;0;9221
1000;80;3;QuickSort;36926;15545;6452;42420
1000;80;3;InsertionSort;468012;156004;0;73380
1000;80;3;BubbleSort;1573438;476709;155005;738422
1000;80;3;MergeSort;19952;7910;0;127240
1000;80;3;CountingSort;3001;0;0;9010
1000;80;3;QuickSort;37426;16039;6461;68471
1000;80;3;InsertionSort;481506;160502;0;110890
1000;80;3;BubbleSort;1567052;464520;159503;646042
1000;80;3;MergeSort;19952;7905;0;112450
1000;80;3;CountingSort;3001;0;0;31350
1000;80;3;QuickSort;40286;16787;7167;71241
1000;80;3;InsertionSort;472473;157491;0;94741
1000;80;3;BubbleSort;1575462;474747;156492;564591
1000;80;3;MergeSort;19952;7944;0;188480
1000;80;3;CountingSort;3001;0;0;7380
1000;80;3;QuickSort;39025;16270;6916;52190
1000;80;3;InsertionSort;479115;159705;0;103480
1000;80;3;BubbleSort;1580232;472704;158706;661102
1000;80;3;MergeSort;19952;7956;0;128091
1000;80;3;CountingSort;3001;0;0;9520
1000;80;3;QuickSort;36230;15488;6246;42800
1000;80;3;InsertionSort;487455;162485;0;103600
1000;80;3;BubbleSort;1571774;462915;161486;434891
1000;80;3;MergeSort;19952;7896;0;129610
1000;80;3;CountingSort;3001;0;0;12470
1000;80;3;QuickSort;44419;17923;8169;53181
1000;80;3;InsertionSort;483978;161326;0;154930
1000;80;3;BubbleSort;1595998;477345;160327;622251
1000;80;3;MergeSort;19952;7928;0;154840
1000;80;3;CountingSort;3001;0;0;9350
1000;80;3;QuickSort;38748;16644;6694;62330
1000;80;3;InsertionSort;483366;161122;0;180431
1000;80;3;BubbleSort;1574722;467115;160123;610442
1000;80;3;MergeSort;19952;7948;0;114820
1000;80;3;CountingSort;3001;0;0;9500
1000;80;3;QuickSort;39802;16777;7021;55590
1000;80;3;InsertionSort;499239;166413;0;341431
1000;80;3;BubbleSort;1607526;472935;165414;822582
1000;80;3;MergeSort;19952;7946;0;138701
1000;80;3;CountingSort;3001;0;0;9330
1000;80;3;QuickSort;39578;17600;6655;74720
1000;80;3;InsertionSort;485235;161745;0;149501
1000;80;3;BubbleSort;1583662;470339;160746;543792
1000;80;3;MergeSort;19952;7938;0;131370
1000;80;3;CountingSort;3001;0;0;9780
1000;80;3;QuickSort;36976;15934;6352;52060
1000;80;3;InsertionSort;482790;160930;0;91060
1000;80;3;BubbleSort;1587422;473849;159931;557871
1000;80;3;MergeSort;19952;7907;0;144550
1000;80;3;CountingSort;3001;0;0;9180
1000;80;3;QuickSort;41022;17637;7130;78280
1000;80;3;InsertionSort;467142;155714;0;108351
1000;80;3;BubbleSort;1561928;471534;154715;580532
1000;80;3;MergeSort;19952;7904;0;129450
1000;80;3;CountingSort;3001;0;0;7970
1000;80;3;QuickSort;38241;15828;6792;50700
1000;80;3;InsertionSort;457818;152606;0;383251
1000;80;3;BubbleSort;1552298;472935;151607;817992
1000;80;3;MergeSort;19952;7905;0;117480
1000;80;3;CountingSort;3001;0;0;7710
1000;80;3;QuickSort;38531;16865;6562;41980
1000;80;3;InsertionSort;489126;163042;0;359131
1000;80;3;BubbleSort;1592182;472005;162043;734182
1000;80;3;MergeSort;19952;7929;0;118231
1000;80;3;CountingSort;3001;0;0;9970
1000;80;3;QuickSort;34724;14918;5937;62131
1000;80;3;InsertionSort;497841;165947;0;108510
1000;80;3;BubbleSort;1594530;467369;164948;439751
1000;80;3;MergeSort;19952;7965;0;92100
1000;80;3;CountingSort;3001;0;0;9300
1000;80;3;QuickSort;37585;16093;6504;42571
1000;80;3;InsertionSort;467841;155947;0;604902
1000;80;3;BubbleSort;1566122;473165;154948;981442
1000;80;3;MergeSort;19952;7939;0;124800
1000;80;3;CountingSort;3001;0;0;18630
1000;80;3;QuickSort;36331;15748;6204;43210
1000;80;3;InsertionSort;479877;159959;0;74390
1000;80;3;BubbleSort;1564880;464520;158960;560892
1000;80;3;MergeSort;19952;7958;0;88480
1000;80;3;CountingSort;3001;0;0;9260
1000;80;3;QuickSort;42565;18145;7470;85360
1000;80;3;InsertionSort;473916;157972;0;116490
1000;80;3;BubbleSort;1566130;469119;156973;473632
1000;80;3;MergeSort;19952;7935;0;102320
1000;80;3;CountingSort;3001;0;0;9680
1000;80;3;QuickSort;38913;16113;6928;63890
1000;80;3;InsertionSort;473859;157953;0;153780
1000;80;3;BubbleSort;1581660;476922;156954;511391
1000;80;3;MergeSort;19952;7920;0;117210
1000;80;3;CountingSort;3001;0;0;9630
1000;80;3;QuickSort;38632;15904;6887;41850
1000;80;3;InsertionSort;494325;164775;0;610241
1000;80;3;BubbleSort;1612692;478794;163776;1118273
1000;80;3;MergeSort;19952;7957;0;150520
1000;80;3;CountingSort;3001;0;0;9300
1000;80;3;QuickSort;41826;17337;7494;68281
1000;80;3;InsertionSort;468351;156117;0;102911
1000;80;3;BubbleSort;1567260;473394;155118;591781
1000;80;3;MergeSort;19952;7927;0;175320
1000;80;3;CountingSort;3001;0;0;9630
1000;80;3;QuickSort;49136;20075;9029;49210
1000;80;3;InsertionSort;468459;156153;0;90690
1000;80;3;BubbleSort;1561294;470339;155154;525172
1000;80;3;MergeSort;19952;7920;0;158591
1000;80;3;CountingSort;3001;0;0;9650
1000;80;3;QuickSort;41566;17014;7522;59190
1000;80;3;InsertionSort;494217;164739;0;94310
1000;80;3;BubbleSort;1600830;472935;163740;672792
1000;80;3;MergeSort;19952;7918;0;107150
1000;80;3;CountingSort;3001;0;0;16340
1000;80;3;QuickSort;38618;17003;6542;62641
1000;80;3;InsertionSort;476466;158822;0;138730
1000;80;3;BubbleSort;1556580;462644;157823;647851
1000;80;3;MergeSort;19952;7932;0;152040
1000;80;3;CountingSort;3001;0;0;9460
1000;80;3;QuickSort;38751;16359;6802;50750
1000;80;3;InsertionSort;473913;157971;0;230221
1000;80;3;BubbleSort;1585476;478794;156972;647492
1000;80;3;MergeSort;19952;7923;0;149351
1000;80;3;CountingSort;3001;0;0;7580
1000;80;3;QuickSort;37404;15705;6568;41760
1000;80;3;InsertionSort;479988;159996;0;102641
1000;80;3;BubbleSort;1591932;477972;158997;569062
1000;80;3;MergeSort;19952;7918;0;111171
1000;80;3;CountingSort;3001;0;0;9470
1000;80;3;QuickSort;39862;17035;6944;52650
1000;80;3;InsertionSort;487719;162573;0;83601
1000;80;3;BubbleSort;1597990;475847;161574;615031
1000;80;3;MergeSort;19952;7945;0;125310
1000;80;3;CountingSort;3001;0;0;7450
1000;80;3;QuickSort;35226;14865;6122;61490
1000;80;3;InsertionSort;458973;152991;0;226591
1000;80;3;BubbleSort;1565148;478590;151992;739502
1000;80;3;MergeSort;19952;7914;0;139940
1000;80;3;CountingSort;3001;0;0;9480
1000;80;3;QuickSort;37534;15943;6537;53270
1000;80;3;InsertionSort;467676;155892;0;134971
1000;80;3;BubbleSort;1560250;470339;154893;440002
1000;80;3;MergeSort;19952;7903;0;103690
1000;80;3;CountingSort;3001;0;0;9180
1000;80;3;QuickSort;37882;15718;6721;52260
1000;80;3;InsertionSort;462273;154091;0;71240
1000;80;3;BubbleSort;1559156;473394;153092;646412
1000;80;3;MergeSort;19952;7938;0;171660
1000;80;3;CountingSort;3001;0;0;9170
1000;80;3;QuickSort;35978;15002;6327;64850
1000;80;3;InsertionSort;494964;164988;0;934083
1000;80;3;BubbleSort;1608516;476280;163989;1314794
1000;80;3;MergeSort;19952;7940;0;121131
1000;80;3;CountingSort;3001;0;0;8970
1000;80;3;QuickSort;44528;18461;8013;72660
1000;80;3;InsertionSort;476322;158774;0;127940
1000;80;3;BubbleSort;1578344;473622;157775;564852
1000;80;3;MergeSort;19952;7935;0;106420
1000;80;3;CountingSort;3001;0;0;8980
1000;80;3;QuickSort;40850;17384;7154;63950
1000;80;3;InsertionSort;489702;163234;0;172871
1000;80;3;BubbleSort;1585690;468375;162235;648452
1000;80;3;MergeSort;19952;7928;0;150271
1000;80;3;CountingSort;3001;0;0;8980
1000;80;3;QuickSort;35026;15226;5941;50940
1000;80;3;InsertionSort;487548;162516;0;490542
1000;80;3;BubbleSort;1597762;475847;161517;965203
1000;80;3;MergeSort;19952;7935;0;203211
1000;80;3;CountingSort;3001;0;0;7780
1000;80;3;QuickSort;44520;18921;7859;43630
1000;80;3;InsertionSort;476805;158935;0;105880
1000;80;3;BubbleSort;1571938;470097;157936;665632
1000;80;3;MergeSort;19952;7897;0;108860
1000;80;3;CountingSort;3001;0;0;9690
1000;80;3;QuickSort;44467;18313;8045;44460
1000;80;3;InsertionSort;466086;155362;0;102351
1000;80;3;BubbleSort;1562396;472472;154363;565291
1000;80;3;MergeSort;19952;7929;0;161550
1000;80;3;CountingSort;3001;0;0;7810
1000;80;3;QuickSort;39327;16638;6902;44870
1000;80;3;InsertionSort;479244;159748;0;101120
1000;80;3;BubbleSort;1583146;474075;158749;565062
1000;80;3;MergeSort;19952;7941;0;88600
1000;80;3;CountingSort;3001;0;0;14860
1000;80;3;QuickSort;37037;16205;6273;42040
1000;80;3;InsertionSort;479580;159860;0;330191
1000;80;3;BubbleSort;1590972;477764;158861;798233
1000;80;3;MergeSort;19952;7946;0;136081
1000;80;3;CountingSort;3001;0;0;9160
1000;80;3;QuickSort;37369;16444;6305;72921
1000;80;3;InsertionSort;480360;160120;0;778262
1000;80;3;BubbleSort;1583728;473622;159121;1222063
1000;80;3;MergeSort;19952;7942;0;106120
1000;80;3;CountingSort;3001;0;0;9100
1000;80;3;QuickSort;38148;16176;6655;43451
1000;80;3;InsertionSort;500382;166794;0;98810
1000;80;3;BubbleSort;1614874;475847;165795;558691
1000;80;3;MergeSort;19952;7928;0;88750
1000;80;3;CountingSort;3001;0;0;9610
1000;80;3;QuickSort;34674;14469;6071;62720
1000;80;3;InsertionSort;500604;166868;0;166241
1000;80;3;BubbleSort;1622676;479600;165869;619342
1000;80;3;MergeSort;19952;7939;0;165431
1000;80;3;CountingSort;3001;0;0;9300
1000;80;3;QuickSort;36094;15118;6321;50431
1000;80;3;InsertionSort;490899;163633;0;520261
1000;80;3;BubbleSort;1587784;468624;162634;904102
1000;80;3;MergeSort;19952;7933;0;172410
1000;80;3;CountingSort;3001;0;0;7860
1000;80;3;QuickSort;40142;17498;6877;54930
1000;80;3;InsertionSort;467454;155818;0;109040
1000;80;3;BubbleSort;1565146;472935;154819;448771
1000;80;3;MergeSort;19952;7932;0;120831
1000;80;3;CountingSort;3001;0;0;7430
1000;80;3;QuickSort;35567;15182;6126;41440
1000;80;3;InsertionSort;480738;160246;0;113660
1000;80;3;BubbleSort;1577666;470339;159247;635462
1000;80;3;MergeSort;19952;7933;0;123771
1000;80;3;CountingSort;3001;0;0;7550
1000;80;3;QuickSort;34666;15361;5770;62390
1000;80;3;InsertionSort;479751;159917;0;1010613
1000;80;3;BubbleSort;1581080;472704;158918;1370954
1000;80;3;MergeSort;19952;7926;0;105600
1000;80;3;CountingSort;3001;0;0;9490
1000;80;3;QuickSort;47642;19595;8673;61700
1000;80;3;InsertionSort;483972;161324;0;289631
1000;80;3;BubbleSort;1591680;475190;160325;737062
1000;80;3;MergeSort;19952;7929;0;156141
1000;80;4;CountingSort;3001;0;0;209200
1000;80;4;QuickSort;35948;15170;6265;1292083
1000;80;4;InsertionSort;477765;159255;0;6697828
1000;80;4;BubbleSort;1588134;477555;158256;8533003
1000;80;4;MergeSort;19952;8115;0;877663
1000;80;4;CountingSort;3001;0;0;128090
1000;80;4;QuickSort;37333;16417;6305;233531
1000;80;4;InsertionSort;484314;161438;0;413011
1000;80;4;BubbleSort;1597700;477972;160439;1453424
1000;80;4;MergeSort;19952;8097;0;145201
1000;80;4;CountingSort;3001;0;0;124760
1000;80;4;QuickSort;38666;16697;6658;188271
1000;80;4;InsertionSort;477978;159326;0;306641
1000;80;4;BubbleSort;1578252;472472;158327;901043
1000;80;4;MergeSort;19952;8117;0;124000
1000;80;4;CountingSort;3001;0;0;105040
1000;80;4;QuickSort;40698;16875;7281;182931
1000;80;4;InsertionSort;489828;163276;0;467191
1000;80;4;BubbleSort;1579202;465047;162277;1239974
1000;80;4;MergeSort;19952;8120;0;159811
1000;80;4;CountingSort;3001;0;0;109121
1000;80;4;QuickSort;38404;15913;6828;182440
1000;80;4;InsertionSort;487479;162493;0;152680
1000;80;4;BubbleSort;1575544;464784;161494;440431
1000;80;4;MergeSort;19952;8079;0;133260
1000;80;4;CountingSort;3001;0;0;161661
1000;80;4;QuickSort;41442;17706;7237;270770
1000;80;4;InsertionSort;469032;156344;0;130730
1000;80;4;BubbleSort;1576070;477345;155345;654912
1000;80;4;MergeSort;19952;8128;0;190010
1000;80;4;CountingSort;3001;0;0;106650
1000;80;4;QuickSort;39938;16550;7136;678082
1000;80;4;InsertionSort;496674;165558;0;323091
1000;80;4;BubbleSort;1599876;470820;164559;721152
1000;80;4;MergeSort;19952;8101;0;115101
1000;80;4;CountingSort;3001;0;0;118600
1000;80;4;QuickSort;37894;16441;6482;897532
1000;80;4;InsertionSort;500505;166835;0;90080
1000;80;4;BubbleSort;1609674;473165;165836;454031
1000;80;4;MergeSort;19952;8118;0;157470
1000;80;4;CountingSort;3001;0;0;127400
1000;80;4;QuickSort;37069;15613;6479;824562
1000;80;4;InsertionSort;460383;153461;0;88950
1000;80;4;BubbleSort;1555718;472935;152462;753982
1000;80;4;MergeSort;19952;8119;0;166481
1000;80;4;CountingSort;3001;0;0;142181
1000;80;4;QuickSort;35054;14861;6065;663232
1000;80;4;InsertionSort;500187;166729;0;1078293
1000;80;4;BubbleSort;1603114;470097;165730;1480213
1000;80;4;MergeSort;19952;8140;0;116940
1000;80;4;CountingSort;3001;0;0;129200
1000;80;4;QuickSort;36571;15505;6356;169810
1000;80;4;InsertionSort;488718;162906;0;180291
1000;80;4;BubbleSort;1587822;470097;161907;640902
1000;80;4;MergeSort;19952;8098;0;126251
1000;80;4;CountingSort;3001;0;0;130981
1000;80;4;QuickSort;45103;18703;8126;53280
1000;80;4;InsertionSort;472941;157647;0;478871
1000;80;4;BubbleSort;1554570;463989;156648;787792
1000;80;4;MergeSort;19952;8144;0;159420
1000;80;4;CountingSort;3001;0;0;111250
1000;80;4;QuickSort;37694;15791;6622;56360
1000;80;4;InsertionSort;485817;161939;0;102211
1000;80;4;BubbleSort;1592808;474524;160940;446862
1000;80;4;MergeSort;19952;8096;0;102620
1000;80;4;CountingSort;3001;0;0;152080
1000;80;4;QuickSort;41730;16884;7607;103040
1000;80;4;InsertionSort;501663;167221;0;181000
1000;80;4;BubbleSort;1594456;464784;166222;664362
1000;80;4;MergeSort;19952;8125;0;137841
1000;80;4;CountingSort;3001;0;0;151001
1000;80;4;QuickSort;38292;16041;6753;85241
1000;80;4;InsertionSort;481932;160644;0;108581
1000;80;4;BubbleSort;1588074;474747;159645;570222
1000;80;4;MergeSort;19952;8110;0;131630
1000;80;4;CountingSort;3001;0;0;166240
1000;80;4;QuickSort;37861;16555;6435;102800
1000;80;4;InsertionSort;493641;164547;0;156620
1000;80;4;BubbleSort;1607610;476709;163548;639642
1000;80;4;MergeSort;19952;8144;0;123720
1000;80;4;CountingSort;3001;0;0;89220
1000;80;4;QuickSort;36841;15550;6425;359981
1000;80;4;InsertionSort;488049;162683;0;596312
1000;80;4;BubbleSort;1580966;467115;161684;947443
1000;80;4;MergeSort;19952;8123;0;131990
1000;80;4;CountingSort;3001;0;0;28440
1000;80;4;QuickSort;39900;17445;6814;67450
1000;80;4;InsertionSort;494679;164893;0;89920
1000;80;4;BubbleSort;1597694;471059;163894;532531
1000;80;4;MergeSort;19952;8133;0;89940
1000;80;4;CountingSort;3001;0;0;16040
1000;80;4;QuickSort;38013;15735;6757;50900
1000;80;4;InsertionSort;479052;159684;0;306821
1000;80;4;BubbleSort;1587300;476280;158685;757312
1000;80;4;MergeSort;19952;8146;0;147220
1000;80;4;CountingSort;3001;0;0;21070
1000;80;4;QuickSort;36754;15691;6358;58030
1000;80;4;InsertionSort;486177;162059;0;103930
1000;80;4;BubbleSort;1580490;468125;161060;555891
1000;80;4;MergeSort;19952;8132;0;116870
1000;80;4;CountingSort;3001;0;0;20290
1000;80;4;QuickSort;39119;16472;6886;74760
1000;80;4;InsertionSort;481725;160575;0;190120
1000;80;4;BubbleSort;1589562;475629;159576;520881
1000;80;4;MergeSort;19952;8120;0;147870
1000;80;4;CountingSort;3001;0;0;21130
1000;80;4;QuickSort;44972;18743;8075;53641
1000;80;4;InsertionSort;469551;156517;0;558421
1000;80;4;BubbleSort;1566082;472005;155518;935462
1000;80;4;MergeSort;19952;8112;0;151390
1000;80;4;CountingSort;3001;0;0;1417274
1000;80;4;QuickSort;39560;16580;6998;1386954
1000;80;4;InsertionSort;466269;155423;0;1467734
1000;80;4;BubbleSort;1574466;478385;154424;675852
1000;80;4;MergeSort;19952;8112;0;136610
1000;80;4;CountingSort;3001;0;0;21950
1000;80;4;QuickSort;38470;16762;6575;70050
1000;80;4;InsertionSort;472317;157439;0;536951
1000;80;4;BubbleSort;1572548;473394;156440;939963
1000;80;4;MergeSort;19952;8110;0;173111
1000;80;4;CountingSort;3001;0;0;21070
1000;80;4;QuickSort;37958;16148;6604;51220
1000;80;4;InsertionSort;491316;163772;0;73930
1000;80;4;BubbleSort;1605782;477345;162773;552412
1000;80;4;MergeSort;19952;8114;0;73040
1000;80;4;CountingSort;3001;0;0;65640
1000;80;4;QuickSort;38630;16214;6807;53320
1000;80;4;InsertionSort;480729;160243;0;177820
1000;80;4;BubbleSort;1565486;464255;159244;606111
1000;80;4;MergeSort;19952;8118;0;148460
1000;80;4;CountingSort;3001;0;0;13690
1000;80;4;QuickSort;42735;18669;7354;53380
1000;80;4;InsertionSort;465927;155309;0;71130
1000;80;4;BubbleSort;1565390;474075;154310;423132
1000;80;4;MergeSort;19952;8122;0;72460
1000;80;4;CountingSort;3001;0;0;21340
1000;80;4;QuickSort;40199;16736;7161;61220
1000;80;4;InsertionSort;491460;163820;0;132140
1000;80;4;BubbleSort;1601664;475190;162821;637042
1000;80;4;MergeSort;19952;8097;0;119481
1000;80;4;CountingSort;3001;0;0;13730
1000;80;4;QuickSort;39018;16614;6798;50800
1000;80;4;InsertionSort;482253;160751;0;92951
1000;80;4;BubbleSort;1594952;477972;159752;554411
1000;80;4;MergeSort;19952;8144;0;170210
1000;80;4;CountingSort;3001;0;0;25490
1000;80;4;QuickSort;43542;17964;7847;53860
1000;80;4;InsertionSort;477387;159129;0;391011
1000;80;4;BubbleSort;1572228;469854;158130;736262
1000;80;4;MergeSort;19952;8130;0;95581
1000;80;4;CountingSort;3001;0;0;20701
1000;80;4;QuickSort;36338;15347;6335;51720
1000;80;4;InsertionSort;477213;159071;0;86840
1000;80;4;BubbleSort;1581782;474747;158072;436161
1000;80;4;MergeSort;19952;8136;0;81080
1000;80;4;CountingSort;3001;0;0;70880
1000;80;4;QuickSort;34741;14872;5957;96600
1000;80;4;InsertionSort;480906;160302;0;162750
1000;80;4;BubbleSort;1574956;468872;159303;532211
1000;80;4;MergeSort;19952;8137;0;126980
1000;80;4;CountingSort;3001;0;0;21160
1000;80;4;QuickSort;42867;18456;7474;44031
1000;80;4;InsertionSort;494040;164680;0;468081
1000;80;4;BubbleSort;1598264;471770;163681;941172
1000;80;4;MergeSort;19952;8130;0;92960
1000;80;4;CountingSort;3001;0;0;21880
1000;80;4;QuickSort;39105;16566;6832;64310
1000;80;4;InsertionSort;463917;154639;0;142520
1000;80;4;BubbleSort;1569670;477555;153640;494551
1000;80;4;MergeSort;19952;8133;0;112711
1000;80;4;CountingSort;3001;0;0;20240
1000;80;4;QuickSort;41086;17257;7280;52920
1000;80;4;InsertionSort;479967;159989;0;75391
1000;80;4;BubbleSort;1593548;478794;158990;666882
1000;80;4;MergeSort;19952;8121;0;149890
1000;80;4;CountingSort;3001;0;0;22221
1000;80;4;QuickSort;44101;18337;7917;54880
1000;80;4;InsertionSort;474780;158260;0;1086013
1000;80;4;BubbleSort;1583312;477134;157261;1504854
1000;80;4;MergeSort;19952;8101;0;106071
1000;80;4;CountingSort;3001;0;0;10390
1000;80;4;QuickSort;39106;16234;6953;42581
1000;80;4;InsertionSort;491061;163687;0;217560
1000;80;4;BubbleSort;1593346;471297;162688;614091
1000;80;4;MergeSort;19952;8104;0;122740
1000;80;4;CountingSort;3001;0;0;7620
1000;80;4;QuickSort;36459;15291;6394;45640
1000;80;4;InsertionSort;491385;163795;0;80431
1000;80;4;BubbleSort;1589914;469365;162796;568521
1000;80;4;MergeSort;19952;8143;0;85440
1000;80;4;CountingSort;3001;0;0;9220
1000;80;4;QuickSort;39601;16408;7059;52230
1000;80;4;InsertionSort;502980;167660;0;400181
1000;80;4;BubbleSort;1614794;474075;166661;834022
1000;80;4;MergeSort;19952;8135;0;152431
1000;80;4;CountingSort;3001;0;0;9530
1000;80;4;QuickSort;41579;17099;7487;63960
1000;80;4;InsertionSort;476874;158958;0;161361
1000;80;4;BubbleSort;1588606;478385;157959;663432
1000;80;4;MergeSort;19952;8099;0;159570
1000;80;4;CountingSort;3001;0;0;7550
1000;80;4;QuickSort;37209;15636;6517;61441
1000;80;4;InsertionSort;478629;159543;0;118051
1000;80;4;BubbleSort;1567896;466860;158544;552281
1000;80;4;MergeSort;19952;8115;0;111470
1000;80;4;CountingSort;3001;0;0;9060
1000;80;4;QuickSort;38065;17242;6280;43641
1000;80;4;InsertionSort;468927;156309;0;539371
1000;80;4;BubbleSort;1544890;461825;155310;1050183
1000;80;4;MergeSort;19952;8109;0;189150
1000;80;4;CountingSort;3001;0;0;9570
1000;80;4;QuickSort;38089;16462;6544;67770
1000;80;4;InsertionSort;476400;158800;0;182750
1000;80;4;BubbleSort;1555402;462099;157801;651861
1000;80;4;MergeSort;19952;8132;0;120780
1000;80;4;CountingSort;3001;0;0;9580
1000;80;4;QuickSort;43271;18005;7758;54740
1000;80;4;InsertionSort;477798;159266;0;295211
1000;80;4;BubbleSort;1587336;477134;158267;753802
1000;80;4;MergeSort;19952;8109;0;153440
1000;80;4;CountingSort;3001;0;0;9350
1000;80;4;QuickSort;38093;16067;6673;83350
1000;80;4;InsertionSort;478047;159349;0;107450
1000;80;4;BubbleSort;1584658;475629;158350;574621
1000;80;4;MergeSort;19952;8118;0;120210
1000;80;4;CountingSort;3001;0;0;9550
1000;80;4;QuickSort;50558;21404;9051;74150
1000;80;4;InsertionSort;473406;157802;0;399581
1000;80;4;BubbleSort;1565450;469119;156803;859523
1000;80;4;MergeSort;19952;8124;0;160340
1000;80;4;CountingSort;3001;0;0;9220
1000;80;4;QuickSort;39409;16576;6945;65200
1000;80;4;InsertionSort;494271;164757;0;109301
1000;80;4;BubbleSort;1593762;469365;163758;550251
1000;80;4;MergeSort;19952;8128;0;117180
1000;80;4;CountingSort;3001;0;0;9110
1000;80;4;QuickSort;36401;15401;6344;50800
1000;80;4;InsertionSort;468255;156085;0;273301
1000;80;4;BubbleSort;1555588;467622;155086;743242
1000;80;4;MergeSort;19952;8137;0;157211
1000;80;4;CountingSort;3001;0;0;9360
1000;80;4;QuickSort;34660;14746;5975;52070
1000;80;4;InsertionSort;489327;163109;0;145290
1000;80;4;BubbleSort;1593384;472472;162110;670131
1000;80;4;MergeSort;19952;8159;0;130500
1000;80;4;CountingSort;3001;0;0;8160
1000;80;4;QuickSort;38394;16302;6694;43001
1000;80;4;InsertionSort;489054;163018;0;112240
1000;80;4;BubbleSort;1575520;463722;162019;563611
1000;80;4;MergeSort;19952;8126;0;142020
1000;80;4;CountingSort;3001;0;0;9430
1000;80;4;QuickSort;37861;16156;6573;66920
1000;80;4;InsertionSort;498126;166042;0;296050
1000;80;4;BubbleSort;1610992;475410;165043;665891
1000;80;4;MergeSort;19952;8120;0;144280
1000;80;4;CountingSort;3001;0;0;12860
1000;80;4;QuickSort;38800;16246;6845;63401
1000;80;4;InsertionSort;482040;160680;0;111600
1000;80;4;BubbleSort;1568292;464784;159681;549801
1000;80;4;MergeSort;19952;8116;0;147310
1000;80;4;CountingSort;3001;0;0;9410
1000;80;4;QuickSort;34765;14872;5972;60950
1000;80;4;InsertionSort;493512;164504;0;467901
1000;80;4;BubbleSort;1598498;472239;163505;814322
1000;80;4;MergeSort;19952;8137;0;146800
1000;80;4;CountingSort;3001;0;0;9470
1000;80;4;QuickSort;37735;16399;6448;69840
1000;80;4;InsertionSort;476169;158723;0;86410
1000;80;4;BubbleSort;1587254;478179;157724;472221
1000;80;4;MergeSort;19952;8125;0;112480
1000;80;4;CountingSort;3001;0;0;7390
1000;80;4;QuickSort;35628;15258;6125;41460
1000;80;4;InsertionSort;489663;163221;0;352271
1000;80;4;BubbleSort;1593832;472472;162222;849793
1000;80;4;MergeSort;19952;8108;0;121831
1000;80;4;CountingSort;3001;0;0;9810
1000;80;4;QuickSort;36873;15531;6433;73680
1000;80;4;InsertionSort;485916;161972;0;112170
1000;80;4;BubbleSort;1595586;475847;160973;571422
1000;80;4;MergeSort;19952;8149;0;139760
1000;80;4;CountingSort;3001;0;0;9340
1000;80;4;QuickSort;37363;16396;6321;63341
1000;80;4;InsertionSort;467793;155931;0;624911
1000;80;4;BubbleSort;1573146;476709;154932;1115323
1000;80;4;MergeSort;19952;8097;0;209400
1000;80;4;CountingSort;3001;0;0;8990
1000;80;4;QuickSort;36900;16371;6175;54261
1000;80;4;InsertionSort;478419;159473;0;91740
1000;80;4;BubbleSort;1582046;474075;158474;561241
1000;80;4;MergeSort;19952;8116;0;105760
1000;80;4;CountingSort;3001;0;0;23700
1000;80;4;QuickSort;36611;15974;6221;41150
1000;80;4;InsertionSort;481704;160568;0;583601
1000;80;4;BubbleSort;1587770;474747;159569;1117732
1000;80;4;MergeSort;19952;8112;0;121221
1000;80;4;CountingSort;3001;0;0;7970
1000;80;4;QuickSort;39192;16359;6952;68220
1000;80;4;InsertionSort;485445;161815;0;157691
1000;80;4;BubbleSort;1595392;476064;160816;667912
1000;80;4;MergeSort;19952;8136;0;174441
1000;80;4;CountingSort;3001;0;0;12200
1000;80;4;QuickSort;35732;15848;5974;77320
1000;80;4;InsertionSort;473538;157846;0;121551
1000;80;4;BubbleSort;1571866;472239;156847;501452
1000;80;4;MergeSort;19952;8106;0;127851
1000;80;4;CountingSort;3001;0;0;9310
1000;80;4;QuickSort;39975;16062;7303;63640
1000;80;4;InsertionSort;485217;161739;0;131570
1000;80;4;BubbleSort;1574100;465570;160740;498681
1000;80;4;MergeSort;19952;8149;0;137280
1000;80;4;CountingSort;3001;0;0;8750
1000;80;4;QuickSort;36424;15733;6235;80030
1000;80;4;InsertionSort;485961;161987;0;950282
1000;80;4;BubbleSort;1589822;472935;160988;1379824
1000;80;4;MergeSort;19952;8138;0;104631
1000;80;4;CountingSort;3001;0;0;14280
1000;80;4;QuickSort;36722;15770;6314;288770
1000;80;4;InsertionSort;483000;161000;0;94310
1000;80;4;BubbleSort;1583072;471534;160001;566151
1000;80;4;MergeSort;19952;8119;0;111830
1000;80;4;CountingSort;3001;0;0;38490
1000;80;4;QuickSort;46019;18491;8505;92871
1000;80;4;InsertionSort;478800;159600;0;111230
1000;80;4;BubbleSort;1581648;473622;158601;669341
1000;80;4;MergeSort;19952;8114;0;155750
1000;80;4;CountingSort;3001;0;0;9250
1000;80;4;QuickSort;36841;15445;6474;55710
1000;80;4;InsertionSort;462576;154192;0;803463
1000;80;4;BubbleSort;1560470;473849;153193;1144334
1000;80;4;MergeSort;19952;8143;0;82840
1000;80;4;CountingSort;3001;0;0;9340
1000;80;4;QuickSort;38247;16164;6701;69821
1000;80;4;InsertionSort;478263;159421;0;92470
1000;80;4;BubbleSort;1584508;475410;158422;467751
1000;80;4;MergeSort;19952;8121;0;108560
1000;80;4;CountingSort;3001;0;0;9270
1000;80;4;QuickSort;43028;17744;7771;50230
1000;80;4;InsertionSort;497031;165677;0;135720
1000;80;4;BubbleSort;1604120;472704;164678;581192
1000;80;4;MergeSort;19952;8140;0;111521
1000;80;4;CountingSort;3001;0;0;9610
1000;80;4;QuickSort;39360;16248;7038;51170
1000;80;4;InsertionSort;439188;146396;0;533761
1000;80;4;BubbleSort;1526532;472472;145397;906792
1000;80;4;MergeSort;19952;8107;0;112320
1000;80;4;CountingSort;3001;0;0;9430
1000;80;4;QuickSort;35077;14719;6122;63010
1000;80;4;InsertionSort;489441;163147;0;95900
1000;80;4;BubbleSort;1596290;473849;162148;446811
1000;80;4;MergeSort;19952;8136;0;104920
1000;80;4;CountingSort;3001;0;0;9910
1000;80;4;QuickSort;36506;15929;6201;51440
1000;80;4;InsertionSort;491439;163813;0;96250
1000;80;4;BubbleSort;1591450;470097;162814;630192
1000;80;4;MergeSort;19952;8135;0;129921
1000;80;4;CountingSort;3001;0;0;9340
1000;80;4;QuickSort;38418;15750;6882;48990
1000;80;4;InsertionSort;470709;156903;0;925942
1000;80;4;BubbleSort;1555794;466089;155904;1338443
1000;80;4;MergeSort;19952;8119;0;117230
1000;80;4;CountingSort;3001;0;0;9340
1000;80;4;QuickSort;38293;15751;6839;51620
1000;80;4;InsertionSort;479091;159697;0;559952
1000;80;4;BubbleSort;1578332;471770;158698;1063563
1000;80;4;MergeSort;19952;8136;0;147440
1000;80;4;CountingSort;3001;0;0;9420
1000;80;4;QuickSort;43495;17959;7842;61020
1000;80;4;InsertionSort;471717;157239;0;103130
1000;80;4;BubbleSort;1540150;457595;156240;606442
1000;80;4;MergeSort;19952;8133;0;141221
1000;80;4;CountingSort;3001;0;0;9600
1000;80;4;QuickSort;37379;16220;6380;51860
1000;80;4;InsertionSort;482529;160843;0;74420
1000;80;4;BubbleSort;1592366;476495;159844;663292
1000;80;4;MergeSort;19952;8135;0;172751
1000;80;4;CountingSort;3001;0;0;9130
1000;80;4;QuickSort;37339;15763;6522;65690
1000;80;4;InsertionSort;483501;161167;0;688062
1000;80;4;BubbleSort;1582312;470820;160168;1086643
1000;80;4;MergeSort;19952;8135;0;102561
1000;80;4;CountingSort;3001;0;0;9580
1000;80;4;QuickSort;36496;15247;6430;68180
1000;80;4;InsertionSort;470223;156741;0;100110
1000;80;4;BubbleSort;1576386;476709;155742;595272
1000;80;4;MergeSort;19952;8118;0;143291
1000;80;4;CountingSort;3001;0;0;13450
1000;80;4;QuickSort;40710;18009;6902;75050
1000;80;4;InsertionSort;495318;165106;0;543022
1000;80;4;BubbleSort;1603672;473622;164107;853943
1000;80;4;MergeSort;19952;8128;0;222711
1000;80;4;CountingSort;3001;0;0;12750
1000;80;4;QuickSort;37016;16841;6062;43360
1000;80;4;InsertionSort;467031;155677;0;916793
1000;80;4;BubbleSort;1567760;474524;154678;1224363
1000;80;4;MergeSort;19952;8121;0;88330
1000;80;4;CountingSort;3001;0;0;14080
1000;80;4;QuickSort;38700;16365;6772;53510
1000;80;4;InsertionSort;477465;159155;0;95810
1000;80;4;BubbleSort;1577102;472239;158156;454851
1000;80;4;MergeSort;19952;8121;0;101030
1000;80;4;CountingSort;3001;0;0;9270
1000;80;4;QuickSort;38139;16101;6678;51130
1000;80;4;InsertionSort;492165;164055;0;162431
1000;80;4;BubbleSort;1594342;471059;163056;619022
1000;80;4;MergeSort;19952;8124;0;146771
1000;80;4;CountingSort;3001;0;0;15020
1000;80;4;QuickSort;40401;17175;7075;51490
1000;80;4;InsertionSort;465300;155100;0;87880
1000;80;4;BubbleSort;1559472;471534;154101;664892
1000;80;4;MergeSort;19952;8103;0;157881
1000;80;4;CountingSort;3001;0;0;9170
1000;80;4;QuickSort;37915;15718;6747;82430
1000;80;4;InsertionSort;479238;159746;0;100450
1000;80;4;BubbleSort;1584926;474969;158747;539411
1000;80;4;MergeSort;19952;8138;0;89700
1000;80;4;CountingSort;3001;0;0;9540
1000;80;4;QuickSort;43131;17715;7798;68051
1000;80;4;InsertionSort;493038;164346;0;165621
1000;80;4;BubbleSort;1604646;475629;163347;622601
1000;80;4;MergeSort;19952;8118;0;103760
1000;80;4;CountingSort;3001;0;0;8930
1000;80;4;QuickSort;40692;17253;7143;55590
1000;80;4;InsertionSort;476439;158813;0;343271
1000;80;4;BubbleSort;1584246;476495;157814;727372
1000;80;4;MergeSort;19952;8140;0;107261
1000;80;4;CountingSort;3001;0;0;9070
1000;80;4;QuickSort;37437;15519;6638;52770
1000;80;4;InsertionSort;479466;159822;0;250761
1000;80;4;BubbleSort;1561122;462915;158823;701882
1000;80;4;MergeSort;19952;8128;0;147461
1000;80;4;CountingSort;3001;0;0;12330
1000;80;4;QuickSort;40437;17289;7051;43970
1000;80;4;InsertionSort;497595;165865;0;99040
1000;80;4;BubbleSort;1606708;473622;164866;523891
1000;80;4;MergeSort;19952;8131;0;83160
1000;80;4;CountingSort;3001;0;0;9640
1000;80;4;QuickSort;44400;18813;7867;69040
1000;80;4;InsertionSort;494460;164820;0;154210
1000;80;4;BubbleSort;1601154;472935;163821;439841
1000;80;4;MergeSort;19952;8139;0;129261
1000;80;4;CountingSort;3001;0;0;9000
1000;80;4;QuickSort;35826;14994;6284;49710
1000;80;4;InsertionSort;489648;163216;0;748912
1000;80;4;BubbleSort;1593812;472472;162217;924073
1000;80;4;MergeSort;19952;8099;0;145331
1000;80;4;CountingSort;3001;0;0;9351
1000;80;4;QuickSort;38920;16171;6914;60470
1000;80;4;InsertionSort;461544;153848;0;142220
1000;80;4;BubbleSort;1528314;458459;152849;422321
1000;80;4;MergeSort;19952;8155;0;134380
1000;80;4;CountingSort;3001;0;0;9300
1000;80;4;QuickSort;37148;16073;6353;47391
1000;80;4;InsertionSort;488247;162749;0;145240
1000;80;4;BubbleSort;1591478;472239;161750;600201
1000;80;4;MergeSort;19952;8112;0;108870
1000;80;4;CountingSort;3001;0;0;8380
1000;80;4;QuickSort;39176;16232;6976;52350
1000;80;4;InsertionSort;477759;159253;0;382471
1000;80;4;BubbleSort;1588126;477555;158254;866973
1000;80;4;MergeSort;19952;8110;0;118391
1000;80;4;CountingSort;3001;0;0;7690
1000;80;4;QuickSort;45524;18887;8210;64551
1000;80;4;InsertionSort;465702;155234;0;145171
1000;80;4;BubbleSort;1565090;474075;154235;562881
1000;80;4;MergeSort;19952;8152;0;139000
1000;80;4;CountingSort;3001;0;0;9700
1000;80;4;QuickSort;40929;17331;7206;53380
1000;80;4;InsertionSort;469698;156566;0;95061
1000;80;4;BubbleSort;1580262;478997;155567;678511
1000;80;4;MergeSort;19952;8108;0;143550
1000;80;4;CountingSort;3001;0;0;9010
1000;80;4;QuickSort;37483;15400;6692;57250
1000;80;4;InsertionSort;472821;157607;0;80781
1000;80;4;BubbleSort;1564176;468872;156608;533882
1000;80;4;MergeSort;19952;8125;0;104130
1000;80;4;CountingSort;3001;0;0;9360
1000;80;4;QuickSort;36858;15993;6278;53910
1000;80;4;InsertionSort;485460;161820;0;363941
1000;80;4;BubbleSort;1592332;474524;160821;787822
1000;80;4;MergeSort;19952;8140;0;114640
1000;80;4;CountingSort;3001;0;0;8980
1000;80;4;QuickSort;44112;18408;7899;71970
1000;80;4;InsertionSort;467103;155701;0;97210
1000;80;4;BubbleSort;1566958;474075;154702;546661
1000;80;4;MergeSort;19952;8097;0;89900
1000;80;4;CountingSort;3001;0;0;9620
1000;80;4;QuickSort;33682;14704;5659;45220
1000;80;4;InsertionSort;485358;161786;0;154650
1000;80;4;BubbleSort;1599506;478179;160787;577361
1000;80;4;MergeSort;19952;8135;0;121550
1000;80;4;CountingSort;3001;0;0;9250
1000;80;4;QuickSort;40702;17665;7007;43840
1000;80;4;InsertionSort;475449;158483;0;623052
1000;80;4;BubbleSort;1573476;471770;157484;1018293
1000;80;4;MergeSort;19952;8107;0;121181
1000;80;4;CountingSort;3001;0;0;15570
1000;80;4;QuickSort;36326;15404;6310;53910
1000;80;4;InsertionSort;485154;161718;0;311911
1000;80;4;BubbleSort;1590120;473622;160719;786202
1000;80;4;MergeSort;19952;8133;0;149770
1000;90;1;CountingSort;3001;0;0;181900
1000;90;1;QuickSort;38494;16327;6724;1233503
1000;90;1;InsertionSort;731844;243946;0;6275757
1000;90;1;BubbleSort;1967378;497789;242950;10850839
1000;90;1;MergeSort;19952;8683;0;856902
1000;90;1;CountingSort;3001;0;0;131191
1000;90;1;QuickSort;40472;16982;7157;145530
1000;90;1;InsertionSort;712886;237626;0;882832
1000;90;1;BubbleSort;1945144;499310;236631;1573824
1000;90;1;MergeSort;19952;8727;0;164511
1000;90;1;CountingSort;3001;0;0;134321
1000;90;1;QuickSort;42294;17496;7604;184151
1000;90;1;InsertionSort;695676;231888;0;509461
1000;90;1;BubbleSort;1915098;495759;230895;770702
1000;90;1;MergeSort;19952;8708;0;126980
1000;90;1;CountingSort;3001;0;0;125391
1000;90;1;QuickSort;39965;16898;7018;158241
1000;90;1;InsertionSort;713811;237935;0;1050953
1000;90;1;BubbleSort;1946714;499479;236939;1529274
1000;90;1;MergeSort;19952;8703;0;160160
1000;90;1;CountingSort;3001;0;0;115490
1000;90;1;QuickSort;38907;16044;6960;757412
1000;90;1;InsertionSort;691849;230613;0;360631
1000;90;1;BubbleSort;1917014;499269;229619;759212
1000;90;1;MergeSort;19952;8695;0;156720
1000;90;1;CountingSort;3001;0;0;136880
1000;90;1;QuickSort;37221;16080;6391;787972
1000;90;1;InsertionSort;689808;229936;0;808542
1000;90;1;BubbleSort;1911442;497847;228937;1352963
1000;90;1;MergeSort;19952;8722;0;155000
1000;90;1;CountingSort;3001;0;0;131201
1000;90;1;QuickSort;40249;17341;6965;220150
1000;90;1;InsertionSort;688909;229633;0;232930
1000;90;1;BubbleSort;1908444;496944;228639;837182
1000;90;1;MergeSort;19952;8673;0;123580
1000;90;1;CountingSort;3001;0;0;119370
1000;90;1;QuickSort;39216;16332;6956;106810
1000;90;1;InsertionSort;696482;232158;0;194970
1000;90;1;BubbleSort;1920790;498069;231163;627772
1000;90;1;MergeSort;19952;8724;0;145440
1000;90;1;CountingSort;3001;0;0;122260
1000;90;1;QuickSort;38553;16161;6793;133820
1000;90;1;InsertionSort;715341;238445;0;199910
1000;90;1;BubbleSort;1947804;499004;237449;609732
1000;90;1;MergeSort;19952;8702;0;146830
1000;90;1;CountingSort;3001;0;0;113490
1000;90;1;QuickSort;36297;15573;6246;56040
1000;90;1;InsertionSort;705706;235230;0;804982
1000;90;1;BubbleSort;1930256;496650;234239;1328624
1000;90;1;MergeSort;19952;8679;0;115290
1000;90;1;CountingSort;3001;0;0;127600
1000;90;1;QuickSort;41262;16818;7479;161390
1000;90;1;InsertionSort;708675;236225;0;161290
1000;90;1;BubbleSort;1939254;499175;235226;660392
1000;90;1;MergeSort;19952;8696;0;152021
1000;90;1;CountingSort;3001;0;0;127980
1000;90;1;QuickSort;39974;16958;7005;78200
1000;90;1;InsertionSort;688684;229558;0;171070
1000;90;1;BubbleSort;1910706;498225;228564;666662
1000;90;1;MergeSort;19952;8732;0;100590
1000;90;1;CountingSort;3001;0;0;117100
1000;90;1;QuickSort;39314;16754;6859;108120
1000;90;1;InsertionSort;719818;239932;0;146820
1000;90;1;BubbleSort;1954074;499149;238944;781542
1000;90;1;MergeSort;19952;8693;0;168310
1000;90;1;CountingSort;3001;0;0;130220
1000;90;1;QuickSort;39058;16441;6873;57630
1000;90;1;InsertionSort;704906;234966;0;950493
1000;90;1;BubbleSort;1934752;499434;233971;1488474
1000;90;1;MergeSort;19952;8743;0;166731
1000;90;1;CountingSort;3001;0;0;112080
1000;90;1;QuickSort;39041;16121;6976;110511
1000;90;1;InsertionSort;685236;228410;0;279611
1000;90;1;BubbleSort;1908474;499409;227414;762702
1000;90;1;MergeSort;19952;8660;0;118701
1000;90;1;CountingSort;3001;0;0;100041
1000;90;1;QuickSort;43187;18119;7700;47260
1000;90;1;InsertionSort;701474;233822;0;191721
1000;90;1;BubbleSort;1929118;498905;232827;614422
1000;90;1;MergeSort;19952;8682;0;119161
1000;90;1;CountingSort;3001;0;0;57480
1000;90;1;QuickSort;39510;17115;6807;61100
1000;90;1;InsertionSort;723456;241150;0;892403
1000;90;1;BubbleSort;1959574;499479;240154;1306004
1000;90;1;MergeSort;19952;8727;0;152581
1000;90;1;CountingSort;3001;0;0;39780
1000;90;1;QuickSort;41528;17801;7254;80960
1000;90;1;InsertionSort;695748;231912;0;209701
1000;90;1;BubbleSort;1921416;498870;230919;629092
1000;90;1;MergeSort;19952;8720;0;105101
1000;90;1;CountingSort;3001;0;0;20710
1000;90;1;QuickSort;44844;18591;8083;76320
1000;90;1;InsertionSort;686535;228843;0;170760
1000;90;1;BubbleSort;1907308;497960;227847;617302
1000;90;1;MergeSort;19952;8696;0;168471
1000;90;1;CountingSort;3001;0;0;21570
1000;90;1;QuickSort;39433;16261;7065;58680
1000;90;1;InsertionSort;688537;229509;0;775372
1000;90;1;BubbleSort;1909754;497847;228515;1255773
1000;90;1;MergeSort;19952;8703;0;164540
1000;90;1;CountingSort;3001;0;0;1651395
1000;90;1;QuickSort;35526;15078;6141;69010
1000;90;1;InsertionSort;702021;234001;0;956252
1000;90;1;BubbleSort;1923734;495845;233011;1418214
1000;90;1;MergeSort;19952;8709;0;122570
1000;90;1;CountingSort;3001;0;0;21660
1000;90;1;QuickSort;37786;15922;6627;57270
1000;90;1;InsertionSort;697127;232371;0;619872
1000;90;1;BubbleSort;1921210;497847;231379;1240514
1000;90;1;MergeSort;19952;8701;0;153931
1000;90;1;CountingSort;3001;0;0;18470
1000;90;1;QuickSort;39026;16109;6978;81840
1000;90;1;InsertionSort;700576;233524;0;142820
1000;90;1;BubbleSort;1925076;497484;232527;697142
1000;90;1;MergeSort;19952;8722;0;111360
1000;90;1;CountingSort;3001;0;0;21780
1000;90;1;QuickSort;40878;16803;7369;68790
1000;90;1;InsertionSort;686220;228740;0;143430
1000;90;1;BubbleSort;1905542;497289;227741;782122
1000;90;1;MergeSort;19952;8695;0;87340
1000;90;1;CountingSort;3001;0;0;20190
1000;90;1;QuickSort;36270;15618;6205;76190
1000;90;1;InsertionSort;698232;232742;0;621001
1000;90;1;BubbleSort;1923728;498372;231746;1032042
1000;90;1;MergeSort;19952;8691;0;109260
1000;90;1;CountingSort;3001;0;0;21920
1000;90;1;QuickSort;34349;14951;5794;84000
1000;90;1;InsertionSort;689748;229916;0;150070
1000;90;1;BubbleSort;1913478;498905;228917;584432
1000;90;1;MergeSort;19952;8713;0;74210
1000;90;1;CountingSort;3001;0;0;21190
1000;90;1;QuickSort;41478;17235;7418;79410
1000;90;1;InsertionSort;712978;237658;0;146731
1000;90;1;BubbleSort;1944004;498680;236661;573622
1000;90;1;MergeSort;19952;8697;0;88450
1000;90;1;CountingSort;3001;0;0;66630
1000;90;1;QuickSort;40615;16816;7258;75510
1000;90;1;InsertionSort;694777;231589;0;146330
1000;90;1;BubbleSort;1918188;497904;230595;664982
1000;90;1;MergeSort;19952;8689;0;89580
1000;90;1;CountingSort;3001;0;0;26250
1000;90;1;QuickSort;41537;17372;7385;86780
1000;90;1;InsertionSort;717402;239128;0;142710
1000;90;1;BubbleSort;1950430;498939;238138;707242
1000;90;1;MergeSort;19952;8725;0;171621
1000;90;1;CountingSort;3001;0;0;25390
1000;90;1;QuickSort;35831;15332;6174;74470
1000;90;1;InsertionSort;715059;238349;0;205820
1000;90;1;BubbleSort;1946864;498720;237356;762552
1000;90;1;MergeSort;19952;8692;0;156970
1000;90;1;CountingSort;3001;0;0;10510
1000;90;1;QuickSort;35373;15081;6102;73980
1000;90;1;InsertionSort;691985;230655;0;160841
1000;90;1;BubbleSort;1917064;499200;229666;667521
1000;90;1;MergeSort;19952;8706;0;128290
1000;90;1;CountingSort;3001;0;0;8020
1000;90;1;QuickSort;37353;15771;6531;67400
1000;90;1;InsertionSort;692282;230758;0;138660
1000;90;1;BubbleSort;1915796;498372;229763;680942
1000;90;1;MergeSort;19952;8691;0;94201
1000;90;1;CountingSort;3001;0;0;7490
1000;90;1;QuickSort;41537;17687;7288;80520
1000;90;1;InsertionSort;680132;226708;0;1202973
1000;90;1;BubbleSort;1892150;494649;225713;1755105
1000;90;1;MergeSort;19952;8688;0;137421
1000;90;1;CountingSort;3001;0;0;10470
1000;90;1;QuickSort;37670;15725;6638;59360
1000;90;1;InsertionSort;720882;240292;0;136070
1000;90;1;BubbleSort;1953532;498174;239296;656132
1000;90;1;MergeSort;19952;8674;0;162181
1000;90;1;CountingSort;3001;0;0;9260
1000;90;1;QuickSort;38055;15996;6691;48970
1000;90;1;InsertionSort;732924;244304;0;140921
1000;90;1;BubbleSort;1969382;498069;243311;620291
1000;90;1;MergeSort;19952;8703;0;98790
1000;90;1;CountingSort;3001;0;0;8980
1000;90;1;QuickSort;34769;15575;5726;75081
1000;90;1;InsertionSort;707892;235960;0;151351
1000;90;1;BubbleSort;1934708;497420;234967;530131
1000;90;1;MergeSort;19952;8702;0;132790
1000;90;1;CountingSort;3001;0;0;9610
1000;90;1;QuickSort;44289;18600;7889;80610
1000;90;1;InsertionSort;730350;243446;0;184861
1000;90;1;BubbleSort;1967942;499065;242453;535201
1000;90;1;MergeSort;19952;8701;0;115100
1000;90;1;CountingSort;3001;0;0;7330
1000;90;1;QuickSort;36296;15494;6259;57471
1000;90;1;InsertionSort;697007;232333;0;133540
1000;90;1;BubbleSort;1922792;498720;231338;900132
1000;90;1;MergeSort;19952;8718;0;157980
1000;90;1;CountingSort;3001;0;0;9330
1000;90;1;QuickSort;39155;16115;7004;58760
1000;90;1;InsertionSort;687122;229034;0;215980
1000;90;1;BubbleSort;1904538;496179;228045;745832
1000;90;1;MergeSort;19952;8676;0;180390
1000;90;1;CountingSort;3001;0;0;14180
1000;90;1;QuickSort;38375;16256;6708;46751
1000;90;1;InsertionSort;707886;235962;0;172980
1000;90;1;BubbleSort;1933882;497015;234963;756352
1000;90;1;MergeSort;19952;8724;0;96450
1000;90;1;CountingSort;3001;0;0;10170
1000;90;1;QuickSort;41145;17235;7302;78411
1000;90;1;InsertionSort;699130;233042;0;152561
1000;90;1;BubbleSort;1918624;495222;232045;670231
1000;90;1;MergeSort;19952;8715;0;142860
1000;90;1;CountingSort;3001;0;0;16040
1000;90;1;QuickSort;37226;16022;6403;58040
1000;90;1;InsertionSort;695370;231788;0;758322
1000;90;1;BubbleSort;1921046;498939;230792;1147423
1000;90;1;MergeSort;19952;8688;0;169180
1000;90;1;CountingSort;3001;0;0;10460
1000;90;1;QuickSort;39036;16794;6753;57780
1000;90;1;InsertionSort;693609;231201;0;767312
1000;90;1;BubbleSort;1919478;499329;230205;1078223
1000;90;1;MergeSort;19952;8706;0;171940
1000;90;1;CountingSort;3001;0;0;9391
1000;90;1;QuickSort;41827;17248;7538;66280
1000;90;1;InsertionSort;738618;246204;0;189510
1000;90;1;BubbleSort;1979592;499380;245208;689662
1000;90;1;MergeSort;19952;8709;0;115290
1000;90;1;CountingSort;3001;0;0;9710
1000;90;1;QuickSort;39818;16736;7036;74470
1000;90;1;InsertionSort;697687;232557;0;1148114
1000;90;1;BubbleSort;1924272;499004;231566;1655055
1000;90;1;MergeSort;19952;8704;0;113351
1000;90;1;CountingSort;3001;0;0;9020
1000;90;1;QuickSort;48555;19614;8983;62610
1000;90;1;InsertionSort;702546;234178;0;203191
1000;90;1;BubbleSort;1926338;496799;233185;792183
1000;90;1;MergeSort;19952;8690;0;154880
1000;90;1;CountingSort;3001;0;0;9160
1000;90;1;QuickSort;38542;16657;6627;47510
1000;90;1;InsertionSort;700393;233463;0;191510
1000;90;1;BubbleSort;1928052;499094;232466;619191
1000;90;1;MergeSort;19952;8659;0;123750
1000;90;1;CountingSort;3001;0;0;15400
1000;90;1;QuickSort;37795;15796;6673;63981
1000;90;1;InsertionSort;683646;227880;0;917253
1000;90;1;BubbleSort;1903230;497847;226884;1248483
1000;90;1;MergeSort;19952;8718;0;161810
1000;90;1;CountingSort;3001;0;0;8980
1000;90;1;QuickSort;37398;15549;6621;45310
1000;90;1;InsertionSort;695673;231887;0;155740
1000;90;1;BubbleSort;1921584;499004;230894;665942
1000;90;1;MergeSort;19952;8690;0;93960
1000;90;1;CountingSort;3001;0;0;9540
1000;90;1;QuickSort;37545;15882;6566;76550
1000;90;1;InsertionSort;694630;231542;0;150710
1000;90;1;BubbleSort;1919110;498465;230545;759202
1000;90;1;MergeSort;19952;8690;0;112931
1000;90;1;CountingSort;3001;0;0;10150
1000;90;1;QuickSort;36313;15196;6361;60050
1000;90;1;InsertionSort;696601;232197;0;146200
1000;90;1;BubbleSort;1922480;498834;231203;687752
1000;90;1;MergeSort;19952;8697;0;112631
1000;90;1;CountingSort;3001;0;0;14430
1000;90;1;QuickSort;39487;16801;6893;47210
1000;90;1;InsertionSort;717850;239280;0;823642
1000;90;1;BubbleSort;1951592;499224;238286;1106613
1000;90;1;MergeSort;19952;8676;0;144591
1000;90;1;CountingSort;3001;0;0;8940
1000;90;1;QuickSort;37702;15241;6815;57730
1000;90;1;InsertionSort;717501;239165;0;142791
1000;90;1;BubbleSort;1951436;499380;238169;771661
1000;90;1;MergeSort;19952;8691;0;149000
1000;90;1;CountingSort;3001;0;0;9670
1000;90;1;QuickSort;35898;15075;6275;90870
1000;90;1;InsertionSort;713436;237808;0;142440
1000;90;1;BubbleSort;1945798;499269;236815;709522
1000;90;1;MergeSort;19952;8683;0;111110
1000;90;1;CountingSort;3001;0;0;10220
1000;90;1;QuickSort;39504;16560;6986;70780
1000;90;1;InsertionSort;698831;232941;0;167610
1000;90;1;BubbleSort;1924622;498419;231946;664122
1000;90;1;MergeSort;19952;8695;0;126601
1000;90;1;CountingSort;3001;0;0;11530
1000;90;1;QuickSort;39728;16772;6999;58220
1000;90;1;InsertionSort;685970;228652;0;107560
1000;90;1;BubbleSort;1909550;499455;227660;762932
1000;90;1;MergeSort;19952;8666;0;164541
1000;90;1;CountingSort;3001;0;0;9600
1000;90;1;QuickSort;40912;17104;7261;49420
1000;90;1;InsertionSort;682441;227477;0;743191
1000;90;1;BubbleSort;1903876;498972;226483;1275153
1000;90;1;MergeSort;19952;8701;0;125730
1000;90;1;CountingSort;3001;0;0;9320
1000;90;1;QuickSort;37429;16342;6369;70370
1000;90;1;InsertionSort;720663;240215;0;156480
1000;90;1;BubbleSort;1950200;496650;239225;691622
1000;90;1;MergeSort;19952;8707;0;110120
1000;90;1;CountingSort;3001;0;0;9620
1000;90;1;QuickSort;43054;17977;7682;60010
1000;90;1;InsertionSort;691852;230614;0;164580
1000;90;1;BubbleSort;1916148;498834;229620;782282
1000;90;1;MergeSort;19952;8719;0;183751
1000;90;1;CountingSort;3001;0;0;8660
1000;90;1;QuickSort;38482;16066;6802;79440
1000;90;1;InsertionSort;716143;238713;0;180950
1000;90;1;BubbleSort;1949624;499380;237716;675912
1000;90;1;MergeSort;19952;8719;0;126481
1000;90;1;CountingSort;3001;0;0;9000
1000;90;1;QuickSort;38089;15868;6744;58131
1000;90;1;InsertionSort;728313;242771;0;213130
1000;90;1;BubbleSort;1965816;499364;241772;798972
1000;90;1;MergeSort;19952;8723;0;129760
1000;90;1;CountingSort;3001;0;0;9460
1000;90;1;QuickSort;44330;18452;7959;64840
1000;90;1;InsertionSort;715765;238585;0;164120
1000;90;1;BubbleSort;1947958;498797;237591;678521
1000;90;1;MergeSort;19952;8716;0;108530
1000;90;1;CountingSort;3001;0;0;10520
1000;90;1;QuickSort;39943;16873;7029;97060
1000;90;1;InsertionSort;708573;236189;0;146660
1000;90;1;BubbleSort;1938582;498905;235193;731062
1000;90;1;MergeSort;19952;8679;0;117930
1000;90;1;CountingSort;3001;0;0;9260
1000;90;1;QuickSort;38779;15937;6955;66291
1000;90;1;InsertionSort;674224;224740;0;144271
1000;90;1;BubbleSort;1885782;495405;223743;884492
1000;90;1;MergeSort;19952;8728;0;126810
1000;90;1;CountingSort;3001;0;0;12300
1000;90;1;QuickSort;40248;16530;7239;103611
1000;90;1;InsertionSort;674815;224935;0;169520
1000;90;1;BubbleSort;1891794;498015;223941;655302
1000;90;1;MergeSort;19952;8697;0;149470
1000;90;1;CountingSort;3001;0;0;10090
1000;90;1;QuickSort;35914;15868;6025;61050
1000;90;1;InsertionSort;683446;227810;0;116490
1000;90;1;BubbleSort;1905574;499149;226819;658522
1000;90;1;MergeSort;19952;8712;0;159441
1000;90;1;CountingSort;3001;0;0;15910
1000;90;1;QuickSort;33776;14564;5734;77800
1000;90;1;InsertionSort;693803;231265;0;132370
1000;90;1;BubbleSort;1913108;496014;230270;667942
1000;90;1;MergeSort;19952;8699;0;153641
1000;90;1;CountingSort;3001;0;0;9210
1000;90;1;QuickSort;36995;16238;6247;68470
1000;90;1;InsertionSort;685150;228382;0;126841
1000;90;1;BubbleSort;1905784;498122;227385;714762
1000;90;1;MergeSort;19952;8701;0;130551
1000;90;1;CountingSort;3001;0;0;9030
1000;90;1;QuickSort;36499;16330;6060;46720
1000;90;1;InsertionSort;732675;244221;0;868722
1000;90;1;BubbleSort;1969560;498324;243228;1139283
1000;90;1;MergeSort;19952;8719;0;131700
1000;90;1;CountingSort;3001;0;0;9290
1000;90;1;QuickSort;41999;18002;7346;91140
1000;90;1;InsertionSort;696754;232250;0;1138403
1000;90;1;BubbleSort;1923670;499329;231253;1601124
1000;90;1;MergeSort;19952;8699;0;111701
1000;90;1;CountingSort;3001;0;0;7540
1000;90;1;QuickSort;39918;16902;6998;63930
1000;90;1;InsertionSort;701343;233779;0;131601
1000;90;1;BubbleSort;1929320;499094;232783;757082
1000;90;1;MergeSort;19952;8711;0;136230
1000;90;1;CountingSort;3001;0;0;8940
1000;90;1;QuickSort;41530;17209;7445;58210
1000;90;1;InsertionSort;692491;230829;0;130181
1000;90;1;BubbleSort;1917776;499224;229832;782242
1000;90;1;MergeSort;19952;8681;0;158200
1000;90;1;CountingSort;3001;0;0;9961
1000;90;1;QuickSort;39726;16575;7045;67890
1000;90;1;InsertionSort;695636;231876;0;231790
1000;90;1;BubbleSort;1920362;498419;230881;799702
1000;90;1;MergeSort;19952;8710;0;126700
1000;90;1;CountingSort;3001;0;0;15200
1000;90;1;QuickSort;35320;14941;6139;64600
1000;90;1;InsertionSort;694072;231356;0;149231
1000;90;1;BubbleSort;1920130;499347;230359;571522
1000;90;1;MergeSort;19952;8698;0;115730
1000;90;1;CountingSort;3001;0;0;9170
1000;90;1;QuickSort;36500;15539;6323;68001
1000;90;1;InsertionSort;689097;229699;0;141660
1000;90;1;BubbleSort;1908544;496872;228700;550641
1000;90;1;MergeSort;19952;8726;0;119290
1000;90;1;CountingSort;3001;0;0;9270
1000;90;1;QuickSort;36367;15844;6169;82050
1000;90;1;InsertionSort;700911;233635;0;160141
1000;90;1;BubbleSort;1928800;499122;232639;673172
1000;90;1;MergeSort;19952;8696;0;96771
1000;90;1;CountingSort;3001;0;0;12950
1000;90;1;QuickSort;37287;16287;6337;58850
1000;90;1;InsertionSort;690337;230109;0;495992
1000;90;1;BubbleSort;1913900;498720;229115;920693
1000;90;1;MergeSort;19952;8709;0;127731
1000;90;1;CountingSort;3001;0;0;16020
1000;90;1;QuickSort;41404;17137;7428;82401
1000;90;1;InsertionSort;692116;230702;0;202381
1000;90;1;BubbleSort;1917076;499122;229708;643802
1000;90;1;MergeSort;19952;8689;0;146310
1000;90;1;CountingSort;3001;0;0;9440
1000;90;1;QuickSort;38386;16126;6763;88530
1000;90;1;InsertionSort;695219;231735;0;157010
1000;90;1;BubbleSort;1919110;498069;230743;576951
1000;90;1;MergeSort;19952;8702;0;98450
1000;90;1;CountingSort;3001;0;0;8590
1000;90;1;QuickSort;39971;16589;7128;59270
1000;90;1;InsertionSort;720327;240107;0;228451
1000;90;1;BubbleSort;1953188;498372;239111;593992
1000;90;1;MergeSort;19952;8694;0;123111
1000;90;1;CountingSort;3001;0;0;10480
1000;90;1;QuickSort;36761;15560;6402;69010
1000;90;1;InsertionSort;663637;221211;0;194841
1000;90;1;BubbleSort;1878374;498759;220214;735822
1000;90;1;MergeSort;19952;8701;0;142311
1000;90;1;CountingSort;3001;0;0;15970
1000;90;1;QuickSort;40489;17335;7049;62220
1000;90;1;InsertionSort;720810;240270;0;1209933
1000;90;1;BubbleSort;1954192;498554;239271;1700444
1000;90;1;MergeSort;19952;8699;0;113260
1000;90;1;CountingSort;3001;0;0;9210
1000;90;1;QuickSort;35797;15676;6040;57850
1000;90;1;InsertionSort;707590;235860;0;171611
1000;90;1;BubbleSort;1938044;499290;234866;775372
1000;90;1;MergeSort;19952;8700;0;188851
1000;90;1;CountingSort;3001;0;0;10570
1000;90;1;QuickSort;38326;16027;6771;66390
1000;90;1;InsertionSort;707905;235967;0;144860
1000;90;1;BubbleSort;1937240;498680;234970;686662
1000;90;1;MergeSort;19952;8718;0;160921
1000;90;1;CountingSort;3001;0;0;9780
1000;90;1;QuickSort;40134;16788;7126;75670
1000;90;1;InsertionSort;690408;230134;0;153310
1000;90;1;BubbleSort;1914430;498939;229138;779192
1000;90;1;MergeSort;19952;8681;0;157430
1000;90;1;CountingSort;3001;0;0;10650
1000;90;1;QuickSort;40004;17636;6789;67120
1000;90;1;InsertionSort;679234;226410;0;933682
1000;90;1;BubbleSort;1897572;497960;225413;1304343
1000;90;1;MergeSort;19952;8703;0;155981
1000;90;1;CountingSort;3001;0;0;9380
1000;90;1;QuickSort;40800;17811;6999;59510
1000;90;1;InsertionSort;715773;238589;0;884392
1000;90;1;BubbleSort;1948250;498939;237593;1438034
1000;90;1;MergeSort;19952;8722;0;156361
1000;90;1;CountingSort;3001;0;0;9410
1000;90;1;QuickSort;33832;14842;5671;46740
1000;90;1;InsertionSort;687213;229069;0;186061
1000;90;1;BubbleSort;1909486;498597;228073;594612
1000;90;1;MergeSort;19952;8719;0;118980
1000;90;1;CountingSort;3001;0;0;10100
1000;90;1;QuickSort;37399;15733;6562;55990
1000;90;1;InsertionSort;706667;235551;0;207611
1000;90;1;BubbleSort;1936244;499004;234559;765143
1000;90;1;MergeSort;19952;8687;0;160141
1000;90;1;CountingSort;3001;0;0;8730
1000;90;1;QuickSort;33650;14612;5664;57230
1000;90;1;InsertionSort;710016;236672;0;134220
1000;90;1;BubbleSort;1939622;498465;235673;772682
1000;90;1;MergeSort;19952;8709;0;165591
1000;90;1;CountingSort;3001;0;0;9170
1000;90;1;QuickSort;36064;15112;6325;73420
1000;90;1;InsertionSort;677540;225844;0;200970
1000;90;1;BubbleSort;1898016;499310;224849;746752
1000;90;1;MergeSort;19952;8681;0;128430
1000;90;1;CountingSort;3001;0;0;10120
1000;90;1;QuickSort;43943;18143;7935;59790
1000;90;1;InsertionSort;713542;237846;0;160891
1000;90;1;BubbleSort;1939590;496097;236849;705742
1000;90;1;MergeSort;19952;8726;0;130181
1000;90;1;CountingSort;3001;0;0;8520
1000;90;1;QuickSort;37932;16386;6516;77800
1000;90;1;InsertionSort;694490;231492;0;468501
1000;90;1;BubbleSort;1915148;496574;230500;925352
1000;90;1;MergeSort;19952;8692;0;147620
1000;90;1;CountingSort;3001;0;0;9390
1000;90;1;QuickSort;41167;17518;7217;66670
1000;90;1;InsertionSort;704787;234929;0;144570
1000;90;1;BubbleSort;1933598;498939;233930;686022
1000;90;1;MergeSort;19952;8714;0;115860
1000;90;1;CountingSort;3001;0;0;9870
1000;90;1;QuickSort;38137;16078;6681;77340
1000;90;1;InsertionSort;699994;233330;0;140881
1000;90;1;BubbleSort;1928122;499395;232333;584262
1000;90;1;MergeSort;19952;8696;0;123530
1000;90;1;CountingSort;3001;0;0;9210
1000;90;1;QuickSort;36667;15682;6334;49700
1000;90;1;InsertionSort;699267;233087;0;139581
1000;90;1;BubbleSort;1921512;496574;232091;590352
1000;90;1;MergeSort;19952;8693;0;126671
1000;90;1;CountingSort;3001;0;0;1400824
1000;90;1;QuickSort;39673;16558;7034;57151
1000;90;1;InsertionSort;683767;227921;0;1318654
1000;90;1;BubbleSort;1905994;499149;226924;1760915
1000;90;1;MergeSort;19952;8698;0;119621
1000;90;1;CountingSort;3001;0;0;5690
1000;90;1;QuickSort;38663;16694;6662;79450
1000;90;1;InsertionSort;686420;228804;0;150690
1000;90;1;BubbleSort;1908596;498680;227809;661142
1000;90;1;MergeSort;19952;8725;0;118090
1000;90;1;CountingSort;3001;0;0;8850
1000;90;1;QuickSort;37776;15912;6622;77380
1000;90;1;InsertionSort;693594;231198;0;211671
1000;90;1;BubbleSort;1914826;497015;230199;730032
1000;90;1;MergeSort;19952;8693;0;92061
1000;90;1;CountingSort;3001;0;0;9150
1000;90;1;QuickSort;38867;16235;6875;68731
1000;90;1;InsertionSort;687868;229286;0;147590
1000;90;1;BubbleSort;1909516;498174;228292;599881
1000;90;1;MergeSort;19952;8674;0;86810
1000;90;2;CountingSort;3001;0;0;190300
1000;90;2;QuickSort;39478;16606;6951;1556104
1000;90;2;InsertionSort;602049;200679;0;5975956
1000;90;2;BubbleSort;1779384;490320;199686;8658073
1000;90;2;MergeSort;19952;8161;0;1137664
1000;90;2;CountingSort;3001;0;0;118950
1000;90;2;QuickSort;36511;15685;6266;262620
1000;90;2;InsertionSort;625751;208583;0;7757731
1000;90;2;BubbleSort;1809880;489770;207585;1026793
1000;90;2;MergeSort;19952;8178;0;194421
1000;90;2;CountingSort;3001;0;0;94731
1000;90;2;QuickSort;35323;14734;6195;1031893
1000;90;2;InsertionSort;601255;200415;0;283511
1000;90;2;BubbleSort;1778862;490589;199421;633081
1000;90;2;MergeSort;19952;8171;0;100640
1000;90;2;CountingSort;3001;0;0;125230
1000;90;2;QuickSort;45613;18628;8317;966282
1000;90;2;InsertionSort;612827;204271;0;372721
1000;90;2;BubbleSort;1797596;492240;203279;642852
1000;90;2;MergeSort;19952;8157;0;132810
1000;90;2;CountingSort;3001;0;0;113330
1000;90;2;QuickSort;36776;15425;6462;335131
1000;90;2;InsertionSort;596874;198954;0;295921
1000;90;2;BubbleSort;1773288;490722;197961;672352
1000;90;2;MergeSort;19952;8161;0;136490
1000;90;2;CountingSort;3001;0;0;105861
1000;90;2;QuickSort;35988;15594;6139;107411
1000;90;2;InsertionSort;593473;197819;0;198571
1000;90;2;BubbleSort;1767952;490320;196828;609621
1000;90;2;MergeSort;19952;8159;0;107810
1000;90;2;CountingSort;3001;0;0;171080
1000;90;2;QuickSort;39013;16099;6973;152940
1000;90;2;InsertionSort;624640;208212;0;214801
1000;90;2;BubbleSort;1808120;489630;207215;636612
1000;90;2;MergeSort;19952;8166;0;152221
1000;90;2;CountingSort;3001;0;0;126240
1000;90;2;QuickSort;39616;16525;7025;138291
1000;90;2;InsertionSort;598937;199641;0;159741
1000;90;2;BubbleSort;1769726;487565;198649;631242
1000;90;2;MergeSort;19952;8170;0;110541
1000;90;2;CountingSort;3001;0;0;158680
1000;90;2;QuickSort;45012;18831;8060;156150
1000;90;2;InsertionSort;616022;205336;0;128620
1000;90;2;BubbleSort;1797194;489909;204344;622872
1000;90;2;MergeSort;19952;8175;0;139881
1000;90;2;CountingSort;3001;0;0;158241
1000;90;2;QuickSort;35693;15476;6062;140530
1000;90;2;InsertionSort;606137;202043;0;110000
1000;90;2;BubbleSort;1779630;487719;201048;491601
1000;90;2;MergeSort;19952;8191;0;129260
1000;90;2;CountingSort;3001;0;0;367751
1000;90;2;QuickSort;36525;15483;6351;128741
1000;90;2;InsertionSort;597333;199107;0;154631
1000;90;2;BubbleSort;1772824;490184;198114;483732
1000;90;2;MergeSort;19952;8195;0;162860
1000;90;2;CountingSort;3001;0;0;123601
1000;90;2;QuickSort;37931;16037;6626;141851
1000;90;2;InsertionSort;599973;199983;0;139391
1000;90;2;BubbleSort;1761678;482847;198996;490801
1000;90;2;MergeSort;19952;8168;0;126590
1000;90;2;CountingSort;3001;0;0;174871
1000;90;2;QuickSort;35735;15653;6027;101721
1000;90;2;InsertionSort;597398;199128;0;123671
1000;90;2;BubbleSort;1771522;489489;198136;699982
1000;90;2;MergeSort;19952;8180;0;108260
1000;90;2;CountingSort;3001;0;0;160690
1000;90;2;QuickSort;38393;16244;6707;59700
1000;90;2;InsertionSort;606754;202248;0;112580
1000;90;2;BubbleSort;1789736;492360;201254;656252
1000;90;2;MergeSort;19952;8149;0;121460
1000;90;2;CountingSort;3001;0;0;149800
1000;90;2;QuickSort;40461;16815;7212;57550
1000;90;2;InsertionSort;590069;196687;0;157870
1000;90;2;BubbleSort;1761746;489489;195692;648382
1000;90;2;MergeSort;19952;8144;0;121900
1000;90;2;CountingSort;3001;0;0;130521
1000;90;2;QuickSort;40118;17732;6800;95381
1000;90;2;InsertionSort;615480;205154;0;194631
1000;90;2;BubbleSort;1804736;494040;204164;597112
1000;90;2;MergeSort;19952;8191;0;143820
1000;90;2;CountingSort;3001;0;0;45400
1000;90;2;QuickSort;37389;15312;6695;66401
1000;90;2;InsertionSort;612121;204035;0;125360
1000;90;2;BubbleSort;1799186;493505;203044;655532
1000;90;2;MergeSort;19952;8184;0;122850
1000;90;2;CountingSort;3001;0;0;38800
1000;90;2;QuickSort;40380;17205;7061;65190
1000;90;2;InsertionSort;604146;201378;0;112091
1000;90;2;BubbleSort;1789410;493935;200385;531461
1000;90;2;MergeSort;19952;8180;0;106920
1000;90;2;CountingSort;3001;0;0;21090
1000;90;2;QuickSort;43545;18108;7811;64161
1000;90;2;InsertionSort;606960;202316;0;113571
1000;90;2;BubbleSort;1789772;492240;201323;480741
1000;90;2;MergeSort;19952;8168;0;120070
1000;90;2;CountingSort;3001;0;0;17900
1000;90;2;QuickSort;35767;15151;6209;103721
1000;90;2;InsertionSort;606361;202113;0;109011
1000;90;2;BubbleSort;1783760;489630;201125;491552
1000;90;2;MergeSort;19952;8148;0;90220
1000;90;2;CountingSort;3001;0;0;16380
1000;90;2;QuickSort;38418;16173;6743;66290
1000;90;2;InsertionSort;611385;203791;0;90410
1000;90;2;BubbleSort;1790732;489770;202798;493881
1000;90;2;MergeSort;19952;8137;0;104230
1000;90;2;CountingSort;3001;0;0;1324674
1000;90;2;QuickSort;34618;14599;6012;1245513
1000;90;2;InsertionSort;589334;196438;0;1389894
1000;90;2;BubbleSort;1767914;493059;195449;1814635
1000;90;2;MergeSort;19952;8155;0;137230
1000;90;2;CountingSort;3001;0;0;16850
1000;90;2;QuickSort;35943;15450;6167;73280
1000;90;2;InsertionSort;610864;203616;0;151470
1000;90;2;BubbleSort;1775090;482295;202625;499161
1000;90;2;MergeSort;19952;8163;0;141280
1000;90;2;CountingSort;3001;0;0;26490
1000;90;2;QuickSort;39340;16426;6968;77510
1000;90;2;InsertionSort;625245;208413;0;157751
1000;90;2;BubbleSort;1812666;491499;207417;639822
1000;90;2;MergeSort;19952;8163;0;62560
1000;90;2;CountingSort;3001;0;0;20440
1000;90;2;QuickSort;41380;18004;7126;65430
1000;90;2;InsertionSort;600669;200221;0;137200
1000;90;2;BubbleSort;1781138;492119;199225;717992
1000;90;2;MergeSort;19952;8182;0;77050
1000;90;2;CountingSort;3001;0;0;27250
1000;90;2;QuickSort;38576;16298;6754;44990
1000;90;2;InsertionSort;607875;202621;0;154911
1000;90;2;BubbleSort;1776100;484794;201628;529752
1000;90;2;MergeSort;19952;8150;0;81010
1000;90;2;CountingSort;3001;0;0;27400
1000;90;2;QuickSort;40961;16970;7334;52230
1000;90;2;InsertionSort;597983;199323;0;119671
1000;90;2;BubbleSort;1776322;491499;198331;708362
1000;90;2;MergeSort;19952;8148;0;125500
1000;90;2;CountingSort;3001;0;0;58390
1000;90;2;QuickSort;39640;16936;6899;69380
1000;90;2;InsertionSort;604652;201548;0;126781
1000;90;2;BubbleSort;1785462;491625;200553;733643
1000;90;2;MergeSort;19952;8184;0;144320
1000;90;2;CountingSort;3001;0;0;21350
1000;90;2;QuickSort;38853;17265;6517;57450
1000;90;2;InsertionSort;629052;209678;0;185810
1000;90;2;BubbleSort;1816982;491115;208688;617761
1000;90;2;MergeSort;19952;8171;0;163230
1000;90;2;CountingSort;3001;0;0;18110
1000;90;2;QuickSort;42795;17301;7843;54990
1000;90;2;InsertionSort;633623;211205;0;180901
1000;90;2;BubbleSort;1816584;487872;210210;607492
1000;90;2;MergeSort;19952;8176;0;130631
1000;90;2;CountingSort;3001;0;0;20590
1000;90;2;QuickSort;39685;16537;7056;58880
1000;90;2;InsertionSort;604106;201362;0;594362
1000;90;2;BubbleSort;1782132;490320;200373;1006633
1000;90;2;MergeSort;19952;8152;0;116280
1000;90;2;CountingSort;3001;0;0;18510
1000;90;2;QuickSort;36567;15288;6422;44850
1000;90;2;InsertionSort;606315;202103;0;272830
1000;90;2;BubbleSort;1790546;493059;201107;814882
1000;90;2;MergeSort;19952;8181;0;128350
1000;90;2;CountingSort;3001;0;0;20400
1000;90;2;QuickSort;36189;16035;6056;44530
1000;90;2;InsertionSort;594687;198227;0;867072
1000;90;2;BubbleSort;1768464;489770;197231;1406853
1000;90;2;MergeSort;19952;8172;0;138000
1000;90;2;CountingSort;3001;0;0;10550
1000;90;2;QuickSort;36890;15542;6446;51750
1000;90;2;InsertionSort;586522;195504;0;593802
1000;90;2;BubbleSort;1749650;485805;194510;1109483
1000;90;2;MergeSort;19952;8202;0;128900
1000;90;2;CountingSort;3001;0;0;9400
1000;90;2;QuickSort;34770;15054;5917;54330
1000;90;2;InsertionSort;618764;206252;0;627171
1000;90;2;BubbleSort;1801396;490184;205257;1117873
1000;90;2;MergeSort;19952;8154;0;195011
1000;90;2;CountingSort;3001;0;0;10060
1000;90;2;QuickSort;38032;16243;6603;70010
1000;90;2;InsertionSort;600137;200041;0;811112
1000;90;2;BubbleSort;1770390;487097;199049;1118512
1000;90;2;MergeSort;19952;8173;0;125660
1000;90;2;CountingSort;3001;0;0;15160
1000;90;2;QuickSort;35357;15254;6037;44560
1000;90;2;InsertionSort;633281;211091;0;146991
1000;90;2;BubbleSort;1815514;487565;210096;555411
1000;90;2;MergeSort;19952;8156;0;117230
1000;90;2;CountingSort;3001;0;0;8770
1000;90;2;QuickSort;38782;17221;6516;65620
1000;90;2;InsertionSort;613126;204370;0;127251
1000;90;2;BubbleSort;1793884;490184;203379;686532
1000;90;2;MergeSort;19952;8168;0;116711
1000;90;2;CountingSort;3001;0;0;7520
1000;90;2;QuickSort;38770;16465;6772;63600
1000;90;2;InsertionSort;582290;194092;0;125921
1000;90;2;BubbleSort;1752218;489909;193100;655782
1000;90;2;MergeSort;19952;8206;0;151701
1000;90;2;CountingSort;3001;0;0;9360
1000;90;2;QuickSort;38194;16564;6539;61590
1000;90;2;InsertionSort;610524;203504;0;179200
1000;90;2;BubbleSort;1790412;490184;202511;903272
1000;90;2;MergeSort;19952;8182;0;125320
1000;90;2;CountingSort;3001;0;0;9110
1000;90;2;QuickSort;41325;17433;7305;54850
1000;90;2;InsertionSort;590164;196714;0;120480
1000;90;2;BubbleSort;1761598;489347;195726;616532
1000;90;2;MergeSort;19952;8178;0;196681
1000;90;2;CountingSort;3001;0;0;9350
1000;90;2;QuickSort;44412;18633;7924;49210
1000;90;2;InsertionSort;594768;198252;0;342191
1000;90;2;BubbleSort;1769946;490455;197259;815853
1000;90;2;MergeSort;19952;8155;0;156610
1000;90;2;CountingSort;3001;0;0;9320
1000;90;2;QuickSort;42346;17851;7507;81721
1000;90;2;InsertionSort;610304;203432;0;148840
1000;90;2;BubbleSort;1796316;493284;202437;634341
1000;90;2;MergeSort;19952;8192;0;119250
1000;90;2;CountingSort;3001;0;0;8610
1000;90;2;QuickSort;35988;15399;6199;69440
1000;90;2;InsertionSort;617618;205868;0;132380
1000;90;2;BubbleSort;1806294;493395;204876;620561
1000;90;2;MergeSort;19952;8168;0;153480
1000;90;2;CountingSort;3001;0;0;9170
1000;90;2;QuickSort;41531;17498;7352;72550
1000;90;2;InsertionSort;606457;202151;0;144480
1000;90;2;BubbleSort;1775560;485472;201154;631992
1000;90;2;MergeSort;19952;8168;0;111341
1000;90;2;CountingSort;3001;0;0;9110
1000;90;2;QuickSort;35792;16349;5827;84420
1000;90;2;InsertionSort;605533;201837;0;187450
1000;90;2;BubbleSort;1782374;489489;200849;704282
1000;90;2;MergeSort;19952;8144;0;147130
1000;90;2;CountingSort;3001;0;0;7360
1000;90;2;QuickSort;39475;16843;6872;55000
1000;90;2;InsertionSort;599225;199739;0;211811
1000;90;2;BubbleSort;1775344;490184;198744;691232
1000;90;2;MergeSort;19952;8187;0;117041
1000;90;2;CountingSort;3001;0;0;8690
1000;90;2;QuickSort;37905;15987;6648;81820
1000;90;2;InsertionSort;599761;199917;0;128520
1000;90;2;BubbleSort;1760282;482295;198923;627672
1000;90;2;MergeSort;19952;8187;0;114661
1000;90;2;CountingSort;3001;0;0;9130
1000;90;2;QuickSort;42753;18141;7542;71120
1000;90;2;InsertionSort;598129;199371;0;189981
1000;90;2;BubbleSort;1771058;488769;198380;625872
1000;90;2;MergeSort;19952;8171;0;140051
1000;90;2;CountingSort;3001;0;0;8340
1000;90;2;QuickSort;37417;15751;6550;45100
1000;90;2;InsertionSort;602385;200789;0;111790
1000;90;2;BubbleSort;1781426;491115;199799;592752
1000;90;2;MergeSort;19952;8187;0;158551
1000;90;2;CountingSort;3001;0;0;13310
1000;90;2;QuickSort;40648;16603;7338;61850
1000;90;2;InsertionSort;621962;207316;0;696032
1000;90;2;BubbleSort;1807266;490985;206324;983113
1000;90;2;MergeSort;19952;8168;0;149241
1000;90;2;CountingSort;3001;0;0;9200
1000;90;2;QuickSort;40081;16750;7111;72790
1000;90;2;InsertionSort;629736;209906;0;613692
1000;90;2;BubbleSort;1809542;486939;208916;1075803
1000;90;2;MergeSort;19952;8167;0;151941
1000;90;2;CountingSort;3001;0;0;9060
1000;90;2;QuickSort;39986;17201;6916;46110
1000;90;2;InsertionSort;619102;206364;0;336541
1000;90;2;BubbleSort;1804730;491625;205370;831912
1000;90;2;MergeSort;19952;8131;0;141181
1000;90;2;CountingSort;3001;0;0;9840
1000;90;2;QuickSort;35426;15821;5874;58480
1000;90;2;InsertionSort;626882;208956;0;351781
1000;90;2;BubbleSort;1804774;486459;207964;662152
1000;90;2;MergeSort;19952;8164;0;122521
1000;90;2;CountingSort;3001;0;0;11750
1000;90;2;QuickSort;48259;19858;8799;106090
1000;90;2;InsertionSort;604959;201649;0;136531
1000;90;2;BubbleSort;1790704;494040;200656;494921
1000;90;2;MergeSort;19952;8182;0;128960
1000;90;2;CountingSort;3001;0;0;8660
1000;90;2;QuickSort;47822;19385;8818;68941
1000;90;2;InsertionSort;620377;206787;0;201200
1000;90;2;BubbleSort;1807664;492240;205796;566791
1000;90;2;MergeSort;19952;8145;0;133960
1000;90;2;CountingSort;3001;0;0;10090
1000;90;2;QuickSort;36165;15276;6288;71620
1000;90;2;InsertionSort;622874;207620;0;163881
1000;90;2;BubbleSort;1809762;491625;206628;731132
1000;90;2;MergeSort;19952;8155;0;123171
1000;90;2;CountingSort;3001;0;0;9440
1000;90;2;QuickSort;40024;17266;6915;57440
1000;90;2;InsertionSort;617225;205737;0;101350
1000;90;2;BubbleSort;1807060;494040;204745;743302
1000;90;2;MergeSort;19952;8153;0;152611
1000;90;2;CountingSort;3001;0;0;8730
1000;90;2;QuickSort;42613;17758;7620;56900
1000;90;2;InsertionSort;591027;197007;0;620892
1000;90;2;BubbleSort;1763022;489489;196011;937663
1000;90;2;MergeSort;19952;8191;0;143551
1000;90;2;CountingSort;3001;0;0;7360
1000;90;2;QuickSort;38884;16144;6921;60980
1000;90;2;InsertionSort;612363;204119;0;422991
1000;90;2;BubbleSort;1799282;493395;203123;954773
1000;90;2;MergeSort;19952;8166;0;155160
1000;90;2;CountingSort;3001;0;0;9390
1000;90;2;QuickSort;34965;14901;6014;55251
1000;90;2;InsertionSort;615157;205047;0;611981
1000;90;2;BubbleSort;1801652;492714;204056;1149903
1000;90;2;MergeSort;19952;8177;0;150270
1000;90;2;CountingSort;3001;0;0;41541
1000;90;2;QuickSort;43815;18381;7800;66820
1000;90;2;InsertionSort;598351;199449;0;1024172
1000;90;2;BubbleSort;1779698;492945;198452;1349663
1000;90;2;MergeSort;19952;8169;0;112070
1000;90;2;CountingSort;3001;0;0;7420
1000;90;2;QuickSort;43885;18166;7901;74831
1000;90;2;InsertionSort;595944;198644;0;1228433
1000;90;2;BubbleSort;1776264;492830;197651;1541594
1000;90;2;MergeSort;19952;8175;0;126800
1000;90;2;CountingSort;3001;0;0;9250
1000;90;2;QuickSort;42005;17555;7487;74020
1000;90;2;InsertionSort;596755;198913;0;110840
1000;90;2;BubbleSort;1763298;485805;197922;849172
1000;90;2;MergeSort;19952;8156;0;111001
1000;90;2;CountingSort;3001;0;0;9570
1000;90;2;QuickSort;39663;16530;7054;86840
1000;90;2;InsertionSort;616300;205426;0;112800
1000;90;2;BubbleSort;1794402;488325;204438;568762
1000;90;2;MergeSort;19952;8167;0;119490
1000;90;2;CountingSort;3001;0;0;7430
1000;90;2;QuickSort;37699;16039;6559;44120
1000;90;2;InsertionSort;600069;200019;0;113881
1000;90;2;BubbleSort;1778592;491244;199026;632722
1000;90;2;MergeSort;19952;8172;0;87851
1000;90;2;CountingSort;3001;0;0;9140
1000;90;2;QuickSort;40592;16631;7323;72460
1000;90;2;InsertionSort;580378;193456;0;199451
1000;90;2;BubbleSort;1734438;482295;192462;610672
1000;90;2;MergeSort;19952;8142;0;139540
1000;90;2;CountingSort;3001;0;0;11960
1000;90;2;QuickSort;40740;17037;7233;56380
1000;90;2;InsertionSort;615138;205040;0;185890
1000;90;2;BubbleSort;1800920;492360;204050;740312
1000;90;2;MergeSort;19952;8171;0;145680
1000;90;2;CountingSort;3001;0;0;6330
1000;90;2;QuickSort;41697;17619;7362;97610
1000;90;2;InsertionSort;612089;204025;0;193730
1000;90;2;BubbleSort;1790252;489060;203033;637891
1000;90;2;MergeSort;19952;8165;0;105450
1000;90;2;CountingSort;3001;0;0;9010
1000;90;2;QuickSort;36745;16378;6128;64851
1000;90;2;InsertionSort;635256;211750;0;134291
1000;90;2;BubbleSort;1826516;491750;210754;727082
1000;90;2;MergeSort;19952;8171;0;148710
1000;90;2;CountingSort;3001;0;0;9110
1000;90;2;QuickSort;36930;15585;6443;54471
1000;90;2;InsertionSort;620215;206733;0;172241
1000;90;2;BubbleSort;1806716;491874;205742;618871
1000;90;2;MergeSort;19952;8174;0;155270
1000;90;2;CountingSort;3001;0;0;8550
1000;90;2;QuickSort;37468;17395;6039;59880
1000;90;2;InsertionSort;610321;203435;0;301281
1000;90;2;BubbleSort;1786724;488474;202444;725312
1000;90;2;MergeSort;19952;8181;0;139770
1000;90;2;CountingSort;3001;0;0;8880
1000;90;2;QuickSort;37534;16138;6471;55740
1000;90;2;InsertionSort;609686;203226;0;290131
1000;90;2;BubbleSort;1789564;490320;202231;713872
1000;90;2;MergeSort;19952;8166;0;156641
1000;90;2;CountingSort;3001;0;0;9650
1000;90;2;QuickSort;38083;16033;6687;54570
1000;90;2;InsertionSort;612325;204101;0;702672
1000;90;2;BubbleSort;1788500;488024;203113;994013
1000;90;2;MergeSort;19952;8162;0;151611
1000;90;2;CountingSort;3001;0;0;9251
1000;90;2;QuickSort;36752;15785;6330;63830
1000;90;2;InsertionSort;602054;200682;0;625061
1000;90;2;BubbleSort;1774796;488024;199687;923552
1000;90;2;MergeSort;19952;8164;0;193541
1000;90;2;CountingSort;3001;0;0;10340
1000;90;2;QuickSort;35652;15096;6188;101870
1000;90;2;InsertionSort;622434;207472;0;107750
1000;90;2;BubbleSort;1806838;490455;206482;506071
1000;90;2;MergeSort;19952;8168;0;118240
1000;90;2;CountingSort;3001;0;0;9930
1000;90;2;QuickSort;34833;14919;5968;62610
1000;90;2;InsertionSort;604127;201373;0;123660
1000;90;2;BubbleSort;1775072;486780;200378;664392
1000;90;2;MergeSort;19952;8175;0;108251
1000;90;2;CountingSort;3001;0;0;16230
1000;90;2;QuickSort;34539;15036;5833;59990
1000;90;2;InsertionSort;614063;204683;0;184221
1000;90;2;BubbleSort;1787682;486459;203691;588092
1000;90;2;MergeSort;19952;8183;0;109571
1000;90;2;CountingSort;3001;0;0;8940
1000;90;2;QuickSort;42195;18024;7384;59810
1000;90;2;InsertionSort;626727;208903;0;109520
1000;90;2;BubbleSort;1813096;490722;207913;478591
1000;90;2;MergeSort;19952;8183;0;86691
1000;90;2;CountingSort;3001;0;0;11340
1000;90;2;QuickSort;38733;16317;6795;52560
1000;90;2;InsertionSort;619281;206423;0;125991
1000;90;2;BubbleSort;1800698;489489;205430;544452
1000;90;2;MergeSort;19952;8197;0;109841
1000;90;2;CountingSort;3001;0;0;9680
1000;90;2;QuickSort;35653;15439;6075;69281
1000;90;2;InsertionSort;609414;203134;0;134060
1000;90;2;BubbleSort;1787542;489489;202141;504821
1000;90;2;MergeSort;19952;8147;0;116940
1000;90;2;CountingSort;3001;0;0;9590
1000;90;2;QuickSort;41969;17855;7379;70090
1000;90;2;InsertionSort;633179;211057;0;134190
1000;90;2;BubbleSort;1823498;491625;210062;547561
1000;90;2;MergeSort;19952;8147;0;110860
1000;90;2;CountingSort;3001;0;0;7650
1000;90;2;QuickSort;43939;17995;7970;45581
1000;90;2;InsertionSort;618145;206041;0;114060
1000;90;2;BubbleSort;1801920;490854;205053;708502
1000;90;2;MergeSort;19952;8148;0;123731
1000;90;2;CountingSort;3001;0;0;10570
1000;90;2;QuickSort;41881;17368;7498;58840
1000;90;2;InsertionSort;621344;207108;0;116080
1000;90;2;BubbleSort;1802596;489060;206119;594651
1000;90;2;MergeSort;19952;8154;0;146340
1000;90;2;CountingSort;3001;0;0;10310
1000;90;2;QuickSort;36473;15461;6353;66890
1000;90;2;InsertionSort;617952;205978;0;185021
1000;90;2;BubbleSort;1799770;489909;204988;563772
1000;90;2;MergeSort;19952;8136;0;122671
1000;90;2;CountingSort;3001;0;0;9590
1000;90;2;QuickSort;35769;14835;6302;68620
1000;90;2;InsertionSort;624999;208329;0;132880
1000;90;2;BubbleSort;1811574;491115;207336;504831
1000;90;2;MergeSort;19952;8174;0;114460
1000;90;2;CountingSort;3001;0;0;9870
1000;90;2;QuickSort;40632;17034;7207;56890
1000;90;2;InsertionSort;600987;200325;0;169770
1000;90;2;BubbleSort;1776022;489347;199332;650502
1000;90;2;MergeSort;19952;8147;0;97630
1000;90;2;CountingSort;3001;0;0;9830
1000;90;2;QuickSort;36288;15753;6187;66080
1000;90;2;InsertionSort;584537;194841;0;173681
1000;90;2;BubbleSort;1754374;489489;193849;557072
1000;90;2;MergeSort;19952;8152;0;122021
1000;90;2;CountingSort;3001;0;0;11030
1000;90;2;QuickSort;36487;15820;6212;65640
1000;90;2;InsertionSort;608774;202922;0;179411
1000;90;2;BubbleSort;1790958;491625;201927;687422
1000;90;2;MergeSort;19952;8164;0;137781
1000;90;2;CountingSort;3001;0;0;10180
1000;90;2;QuickSort;38690;15941;6901;76390
1000;90;2;InsertionSort;602588;200860;0;143850
1000;90;2;BubbleSort;1781690;491115;199865;636752
1000;90;2;MergeSort;19952;8193;0;111430
1000;90;2;CountingSort;3001;0;0;9510
1000;90;2;QuickSort;38349;16113;6752;44210
1000;90;2;InsertionSort;607845;202613;0;102910
1000;90;2;BubbleSort;1777412;485472;201617;639062
1000;90;2;MergeSort;19952;8134;0;115521
1000;90;2;CountingSort;3001;0;0;10350
1000;90;2;QuickSort;39599;16235;7126;63040
1000;90;2;InsertionSort;593941;197977;0;128970
1000;90;2;BubbleSort;1774050;493059;196983;603972
1000;90;2;MergeSort;19952;8138;0;113080
1000;90;2;CountingSort;3001;0;0;9810
1000;90;2;QuickSort;36648;15411;6417;72880
1000;90;2;InsertionSort;611280;203756;0;134291
1000;90;2;BubbleSort;1793796;491372;202763;607112
1000;90;2;MergeSort;19952;8155;0;109920
1000;90;2;CountingSort;3001;0;0;10260
1000;90;2;QuickSort;36808;15496;6433;52510
1000;90;2;InsertionSort;622327;207437;0;130991
1000;90;2;BubbleSort;1812128;493172;206446;629152
1000;90;2;MergeSort;19952;8181;0;89061
1000;90;2;CountingSort;3001;0;0;9360
1000;90;2;QuickSort;42219;17862;7450;78080
1000;90;2;InsertionSort;623944;207978;0;1075003
1000;90;2;BubbleSort;1803984;488024;206984;1539524
1000;90;2;MergeSort;19952;8185;0;107270
1000;90;2;CountingSort;3001;0;0;8790
1000;90;2;QuickSort;37796;15590;6737;58381
1000;90;2;InsertionSort;601984;200658;0;827282
1000;90;2;BubbleSort;1780886;491115;199664;1211363
1000;90;2;MergeSort;19952;8179;0;112681
1000;90;2;CountingSort;3001;0;0;10120
1000;90;2;QuickSort;43149;17883;7749;70510
1000;90;2;InsertionSort;597823;199271;0;1061933
1000;90;2;BubbleSort;1760602;483747;198277;1385994
1000;90;2;MergeSort;19952;8157;0;117120
1000;90;2;CountingSort;3001;0;0;9650
1000;90;2;QuickSort;38814;16254;6853;56460
1000;90;2;InsertionSort;590798;196928;0;640872
1000;90;2;BubbleSort;1771824;494040;195936;1148813
1000;90;2;MergeSort;19952;8154;0;126811
1000;90;2;CountingSort;3001;0;0;14760
1000;90;2;QuickSort;38516;16571;6641;57820
1000;90;2;InsertionSort;608052;202680;0;696432
1000;90;2;BubbleSort;1785156;489204;201687;1075943
1000;90;2;MergeSort;19952;8153;0;146851
1000;90;2;CountingSort;3001;0;0;10160
1000;90;2;QuickSort;39457;17224;6730;57430
1000;90;2;InsertionSort;610909;203629;0;120680
1000;90;2;BubbleSort;1791204;490320;202641;587671
1000;90;2;MergeSort;19952;8196;0;149870
1000;90;3;CountingSort;3001;0;0;227581
1000;90;3;QuickSort;38173;15913;6751;1281203
1000;90;3;InsertionSort;615501;205167;0;6958048
1000;90;3;BubbleSort;1782000;482664;204168;8460393
1000;90;3;MergeSort;19952;8298;0;1007922
1000;90;3;CountingSort;3001;0;0;140080
1000;90;3;QuickSort;37197;15741;6496;264791
1000;90;3;InsertionSort;628119;209373;0;1809095
1000;90;3;BubbleSort;1813314;489909;208374;5416465
1000;90;3;MergeSort;19952;8314;0;185970
1000;90;3;CountingSort;3001;0;0;105660
1000;90;3;QuickSort;38249;16196;6686;131860
1000;90;3;InsertionSort;612423;204141;0;2482907
1000;90;3;BubbleSort;1794798;491115;203142;1305663
1000;90;3;MergeSort;19952;8297;0;374211
1000;90;3;CountingSort;3001;0;0;110451
1000;90;3;QuickSort;41699;17558;7379;193991
1000;90;3;InsertionSort;588987;196329;0;2054795
1000;90;3;BubbleSort;1760860;489770;195330;1451924
1000;90;3;MergeSort;19952;8327;0;369351
1000;90;3;CountingSort;3001;0;0;116000
1000;90;3;QuickSort;37777;16477;6439;870162
1000;90;3;InsertionSort;609171;203057;0;715022
1000;90;3;BubbleSort;1772076;481922;202058;1168963
1000;90;3;MergeSort;19952;8331;0;268971
1000;90;3;CountingSort;3001;0;0;178910
1000;90;3;QuickSort;39314;16187;7044;825032
1000;90;3;InsertionSort;598590;199530;0;580481
1000;90;3;BubbleSort;1777122;491499;198531;1559774
1000;90;3;MergeSort;19952;8303;0;441281
1000;90;3;CountingSort;3001;0;0;147030
1000;90;3;QuickSort;37405;15295;6708;221210
1000;90;3;InsertionSort;616188;205396;0;413971
1000;90;3;BubbleSort;1792408;487410;204397;1364984
1000;90;3;MergeSort;19952;8341;0;275381
1000;90;3;CountingSort;3001;0;0;145340
1000;90;3;QuickSort;38545;16030;6832;81360
1000;90;3;InsertionSort;601299;200433;0;569291
1000;90;3;BubbleSort;1776430;489347;199434;1334093
1000;90;3;MergeSort;19952;8321;0;170951
1000;90;3;CountingSort;3001;0;0;159550
1000;90;3;QuickSort;40879;17149;7244;77470
1000;90;3;InsertionSort;599919;199973;0;187501
1000;90;3;BubbleSort;1779890;491997;198974;537182
1000;90;3;MergeSort;19952;8337;0;130451
1000;90;3;CountingSort;3001;0;0;103130
1000;90;3;QuickSort;38329;16390;6641;91610
1000;90;3;InsertionSort;595188;198396;0;220581
1000;90;3;BubbleSort;1770228;490320;197397;580291
1000;90;3;MergeSort;19952;8278;0;154211
1000;90;3;CountingSort;3001;0;0;90710
1000;90;3;QuickSort;37060;15424;6546;46050
1000;90;3;InsertionSort;643143;214381;0;106420
1000;90;3;BubbleSort;1827406;486939;213382;496722
1000;90;3;MergeSort;19952;8327;0;156301
1000;90;3;CountingSort;3001;0;0;118620
1000;90;3;QuickSort;43943;18086;7951;104150
1000;90;3;InsertionSort;606753;202251;0;91360
1000;90;3;BubbleSort;1791126;493059;201252;620042
1000;90;3;MergeSort;19952;8330;0;200831
1000;90;3;CountingSort;3001;0;0;128480
1000;90;3;QuickSort;36937;16027;6306;113740
1000;90;3;InsertionSort;592212;197404;0;115520
1000;90;3;BubbleSort;1760750;487565;196405;618062
1000;90;3;MergeSort;19952;8308;0;181211
1000;90;3;CountingSort;3001;0;0;86130
1000;90;3;QuickSort;38090;15680;6806;64180
1000;90;3;InsertionSort;619173;206391;0;133561
1000;90;3;BubbleSort;1799398;488915;205392;495762
1000;90;3;MergeSort;19952;8321;0;114001
1000;90;3;CountingSort;3001;0;0;112840
1000;90;3;QuickSort;40068;16695;7132;104550
1000;90;3;InsertionSort;603831;201277;0;116990
1000;90;3;BubbleSort;1782820;490854;200278;597472
1000;90;3;MergeSort;19952;8323;0;170790
1000;90;3;CountingSort;3001;0;0;158960
1000;90;3;QuickSort;44458;18508;7981;67620
1000;90;3;InsertionSort;595596;198532;0;119420
1000;90;3;BubbleSort;1764640;487254;197533;651382
1000;90;3;MergeSort;19952;8305;0;134821
1000;90;3;CountingSort;3001;0;0;85460
1000;90;3;QuickSort;39082;16411;6887;87010
1000;90;3;InsertionSort;617211;205737;0;98330
1000;90;3;BubbleSort;1797646;489347;204738;610111
1000;90;3;MergeSort;19952;8320;0;132630
1000;90;3;CountingSort;3001;0;0;36830
1000;90;3;QuickSort;36405;15741;6236;93770
1000;90;3;InsertionSort;586248;195416;0;122160
1000;90;3;BubbleSort;1757762;490047;194417;480061
1000;90;3;MergeSort;19952;8302;0;101750
1000;90;3;CountingSort;3001;0;0;16560
1000;90;3;QuickSort;41115;16716;7466;44230
1000;90;3;InsertionSort;619458;206486;0;102350
1000;90;3;BubbleSort;1804178;491115;205487;583351
1000;90;3;MergeSort;19952;8314;0;159650
1000;90;3;CountingSort;3001;0;0;22190
1000;90;3;QuickSort;47393;19736;8540;83960
1000;90;3;InsertionSort;608205;202735;0;135550
1000;90;3;BubbleSort;1791664;492360;201736;482291
1000;90;3;MergeSort;19952;8301;0;116700
1000;90;3;CountingSort;3001;0;0;20640
1000;90;3;QuickSort;44348;18305;8012;55730
1000;90;3;InsertionSort;612279;204093;0;118180
1000;90;3;BubbleSort;1799166;493395;203094;593361
1000;90;3;MergeSort;19952;8329;0;125870
1000;90;3;CountingSort;3001;0;0;16860
1000;90;3;QuickSort;46060;19129;8310;57980
1000;90;3;InsertionSort;601593;200531;0;147611
1000;90;3;BubbleSort;1765622;483747;199532;479342
1000;90;3;MergeSort;19952;8290;0;125980
1000;90;3;CountingSort;3001;0;0;20640
1000;90;3;QuickSort;35323;14995;6108;63100
1000;90;3;InsertionSort;603726;201242;0;141521
1000;90;3;BubbleSort;1786862;492945;200243;807692
1000;90;3;MergeSort;19952;8328;0;157840
1000;90;3;CountingSort;3001;0;0;22300
1000;90;3;QuickSort;37003;16240;6258;52460
1000;90;3;InsertionSort;599703;199901;0;123350
1000;90;3;BubbleSort;1778858;491625;198902;483802
1000;90;3;MergeSort;19952;8307;0;87491
1000;90;3;CountingSort;3001;0;0;20660
1000;90;3;QuickSort;37316;15617;6567;55140
1000;90;3;InsertionSort;612006;204002;0;114901
1000;90;3;BubbleSort;1790706;489347;203003;591301
1000;90;3;MergeSort;19952;8320;0;108270
1000;90;3;CountingSort;3001;0;0;33150
1000;90;3;QuickSort;38010;16098;6632;44290
1000;90;3;InsertionSort;601503;200501;0;127801
1000;90;3;BubbleSort;1778102;490047;199502;605652
1000;90;3;MergeSort;19952;8288;0;77240
1000;90;3;CountingSort;3001;0;0;20531
1000;90;3;QuickSort;36015;15267;6248;43790
1000;90;3;InsertionSort;600939;200313;0;117710
1000;90;3;BubbleSort;1775086;488915;199314;563891
1000;90;3;MergeSort;19952;8314;0;113100
1000;90;3;CountingSort;3001;0;0;21730
1000;90;3;QuickSort;43511;17780;7902;72641
1000;90;3;InsertionSort;604068;201356;0;138371
1000;90;3;BubbleSort;1783916;491244;200357;533571
1000;90;3;MergeSort;19952;8351;0;118730
1000;90;3;CountingSort;3001;0;0;21880
1000;90;3;QuickSort;35949;15264;6228;60130
1000;90;3;InsertionSort;573369;191123;0;106870
1000;90;3;BubbleSort;1742466;490985;190124;576632
1000;90;3;MergeSort;19952;8302;0;139531
1000;90;3;CountingSort;3001;0;0;27860
1000;90;3;QuickSort;36650;15431;6408;80620
1000;90;3;InsertionSort;606999;202333;0;223990
1000;90;3;BubbleSort;1789816;492240;201334;555211
1000;90;3;MergeSort;19952;8342;0;132110
1000;90;3;CountingSort;3001;0;0;20630
1000;90;3;QuickSort;39684;17133;6855;45611
1000;90;3;InsertionSort;595227;198409;0;116640
1000;90;3;BubbleSort;1762880;486620;197410;688202
1000;90;3;MergeSort;19952;8294;0;110770
1000;90;3;CountingSort;3001;0;0;68280
1000;90;3;QuickSort;38835;16329;6839;76530
1000;90;3;InsertionSort;595620;198540;0;177430
1000;90;3;BubbleSort;1771872;490854;197541;600562
1000;90;3;MergeSort;19952;8321;0;126200
1000;90;3;CountingSort;3001;0;0;20030
1000;90;3;QuickSort;36699;15243;6478;70530
1000;90;3;InsertionSort;598650;199550;0;940902
1000;90;3;BubbleSort;1779632;492714;198551;1398793
1000;90;3;MergeSort;19952;8327;0;122590
1000;90;3;CountingSort;3001;0;0;29140
1000;90;3;QuickSort;39485;16388;7035;52481
1000;90;3;InsertionSort;595299;198433;0;194100
1000;90;3;BubbleSort;1772480;491372;197434;668271
1000;90;3;MergeSort;19952;8334;0;105480
1000;90;3;CountingSort;3001;0;0;20150
1000;90;3;QuickSort;36898;15475;6474;65700
1000;90;3;InsertionSort;608508;202836;0;1070722
1000;90;3;BubbleSort;1791342;491997;201837;1534434
1000;90;3;MergeSort;19952;8325;0;110040
1000;90;3;CountingSort;3001;0;0;22080
1000;90;3;QuickSort;37651;15856;6604;68910
1000;90;3;InsertionSort;614748;204916;0;142560
1000;90;3;BubbleSort;1790488;487410;203917;622222
1000;90;3;MergeSort;19952;8301;0;124981
1000;90;3;CountingSort;3001;0;0;8850
1000;90;3;QuickSort;39806;17300;6843;57260
1000;90;3;InsertionSort;598614;199538;0;351501
1000;90;3;BubbleSort;1773134;489489;198539;852032
1000;90;3;MergeSort;19952;8313;0;160011
1000;90;3;CountingSort;3001;0;0;9350
1000;90;3;QuickSort;37011;16488;6179;55150
1000;90;3;InsertionSort;613578;204526;0;218110
1000;90;3;BubbleSort;1794202;490047;203527;748052
1000;90;3;MergeSort;19952;8304;0;158180
1000;90;3;CountingSort;3001;0;0;9020
1000;90;3;QuickSort;40089;16734;7109;84610
1000;90;3;InsertionSort;622188;207396;0;196610
1000;90;3;BubbleSort;1799782;487097;206397;622112
1000;90;3;MergeSort;19952;8323;0;148360
1000;90;3;CountingSort;3001;0;0;9300
1000;90;3;QuickSort;42215;18272;7309;71380
1000;90;3;InsertionSort;623586;207862;0;200200
1000;90;3;BubbleSort;1803196;487872;206863;700502
1000;90;3;MergeSort;19952;8321;0;162901
1000;90;3;CountingSort;3001;0;0;9130
1000;90;3;QuickSort;38262;16209;6679;62650
1000;90;3;InsertionSort;625737;208579;0;133110
1000;90;3;BubbleSort;1811230;490455;207580;541861
1000;90;3;MergeSort;19952;8297;0;113350
1000;90;3;CountingSort;3001;0;0;8950
1000;90;3;QuickSort;37294;16036;6410;53880
1000;90;3;InsertionSort;604785;201595;0;395681
1000;90;3;BubbleSort;1780504;489060;200596;875992
1000;90;3;MergeSort;19952;8282;0;150610
1000;90;3;CountingSort;3001;0;0;9080
1000;90;3;QuickSort;40361;16877;7164;55580
1000;90;3;InsertionSort;604542;201514;0;114751
1000;90;3;BubbleSort;1774978;486459;200515;587682
1000;90;3;MergeSort;19952;8326;0;110710
1000;90;3;CountingSort;3001;0;0;14590
1000;90;3;QuickSort;40141;16927;7069;57070
1000;90;3;InsertionSort;602547;200849;0;483531
1000;90;3;BubbleSort;1777230;488915;199850;948732
1000;90;3;MergeSort;19952;8326;0;157761
1000;90;3;CountingSort;3001;0;0;9310
1000;90;3;QuickSort;34502;14855;5875;60470
1000;90;3;InsertionSort;627960;209320;0;137470
1000;90;3;BubbleSort;1814992;490854;208321;549111
1000;90;3;MergeSort;19952;8305;0;117910
1000;90;3;CountingSort;3001;0;0;9280
1000;90;3;QuickSort;44928;19284;7892;58510
1000;90;3;InsertionSort;591363;197121;0;420451
1000;90;3;BubbleSort;1760232;487872;196122;862283
1000;90;3;MergeSort;19952;8291;0;151951
1000;90;3;CountingSort;3001;0;0;9120
1000;90;3;QuickSort;45667;19396;8086;69540
1000;90;3;InsertionSort;633438;211146;0;206251
1000;90;3;BubbleSort;1828032;493722;210147;555922
1000;90;3;MergeSort;19952;8299;0;119181
1000;90;3;CountingSort;3001;0;0;7421
1000;90;3;QuickSort;43623;18585;7686;54860
1000;90;3;InsertionSort;607488;202496;0;660321
1000;90;3;BubbleSort;1782936;488474;201497;1219683
1000;90;3;MergeSort;19952;8325;0;122290
1000;90;3;CountingSort;3001;0;0;7510
1000;90;3;QuickSort;40201;16720;7169;59120
1000;90;3;InsertionSort;613818;204606;0;118290
1000;90;3;BubbleSort;1783672;484622;203607;703412
1000;90;3;MergeSort;19952;8307;0;150061
1000;90;3;CountingSort;3001;0;0;9270
1000;90;3;QuickSort;40722;17064;7219;44740
1000;90;3;InsertionSort;614763;204921;0;121790
1000;90;3;BubbleSort;1797658;490985;203922;632642
1000;90;3;MergeSort;19952;8308;0;110121
1000;90;3;CountingSort;3001;0;0;12180
1000;90;3;QuickSort;38594;16550;6689;55130
1000;90;3;InsertionSort;590676;196892;0;658101
1000;90;3;BubbleSort;1771860;494144;195893;1180693
1000;90;3;MergeSort;19952;8297;0;153840
1000;90;3;CountingSort;3001;0;0;8981
1000;90;3;QuickSort;37263;15702;6525;64520
1000;90;3;InsertionSort;613893;204631;0;158130
1000;90;3;BubbleSort;1785806;485639;203632;625931
1000;90;3;MergeSort;19952;8325;0;91180
1000;90;3;CountingSort;3001;0;0;9000
1000;90;3;QuickSort;38105;16118;6680;61641
1000;90;3;InsertionSort;609441;203147;0;111010
1000;90;3;BubbleSort;1792340;491874;202148;612371
1000;90;3;MergeSort;19952;8344;0;142740
1000;90;3;CountingSort;3001;0;0;7530
1000;90;3;QuickSort;41413;16936;7493;68731
1000;90;3;InsertionSort;584781;194927;0;853303
1000;90;3;BubbleSort;1756890;490589;193928;1196533
1000;90;3;MergeSort;19952;8306;0;98540
1000;90;3;CountingSort;3001;0;0;8940
1000;90;3;QuickSort;36011;15551;6160;56790
1000;90;3;InsertionSort;605181;201727;0;93510
1000;90;3;BubbleSort;1787632;492360;200728;599861
1000;90;3;MergeSort;19952;8316;0;153440
1000;90;3;CountingSort;3001;0;0;13440
1000;90;3;QuickSort;39788;16418;7126;44340
1000;90;3;InsertionSort;622050;207350;0;125011
1000;90;3;BubbleSort;1814304;494450;206351;610352
1000;90;3;MergeSort;19952;8323;0;92570
1000;90;3;CountingSort;3001;0;0;8690
1000;90;3;QuickSort;37308;15579;6583;112280
1000;90;3;InsertionSort;623355;207785;0;219271
1000;90;3;BubbleSort;1809374;491115;206786;684222
1000;90;3;MergeSort;19952;8343;0;130681
1000;90;3;CountingSort;3001;0;0;9230
1000;90;3;QuickSort;42690;17901;7595;46900
1000;90;3;InsertionSort;612360;204120;0;138041
1000;90;3;BubbleSort;1796232;491874;203121;621062
1000;90;3;MergeSort;19952;8331;0;114101
1000;90;3;CountingSort;3001;0;0;13500
1000;90;3;QuickSort;40731;17430;7103;55130
1000;90;3;InsertionSort;594171;198057;0;806182
1000;90;3;BubbleSort;1769940;490854;197058;1198083
1000;90;3;MergeSort;19952;8311;0;153461
1000;90;3;CountingSort;3001;0;0;14910
1000;90;3;QuickSort;39294;16755;6844;82531
1000;90;3;InsertionSort;623481;207827;0;153741
1000;90;3;BubbleSort;1799906;486297;206828;487102
1000;90;3;MergeSort;19952;8302;0;144730
1000;90;3;CountingSort;3001;0;0;7480
1000;90;3;QuickSort;38465;16151;6780;56510
1000;90;3;InsertionSort;607602;202534;0;586052
1000;90;3;BubbleSort;1781270;487565;201535;1087163
1000;90;3;MergeSort;19952;8322;0;172611
1000;90;3;CountingSort;3001;0;0;8960
1000;90;3;QuickSort;38991;16548;6820;64500
1000;90;3;InsertionSort;619332;206444;0;195791
1000;90;3;BubbleSort;1800758;489489;205445;677282
1000;90;3;MergeSort;19952;8296;0;120361
1000;90;3;CountingSort;3001;0;0;7550
1000;90;3;QuickSort;33665;14606;5683;67750
1000;90;3;InsertionSort;628197;209399;0;132560
1000;90;3;BubbleSort;1809648;488024;208400;693112
1000;90;3;MergeSort;19952;8350;0;110291
1000;90;3;CountingSort;3001;0;0;8640
1000;90;3;QuickSort;39578;17570;6663;56530
1000;90;3;InsertionSort;622023;207341;0;807162
1000;90;3;BubbleSort;1803488;489060;206342;1225374
1000;90;3;MergeSort;19952;8307;0;203691
1000;90;3;CountingSort;3001;0;0;8740
1000;90;3;QuickSort;38100;15954;6717;57561
1000;90;3;InsertionSort;609162;203054;0;129810
1000;90;3;BubbleSort;1790708;491244;202055;738671
1000;90;3;MergeSort;19952;8298;0;158460
1000;90;3;CountingSort;3001;0;0;9090
1000;90;3;QuickSort;37298;15446;6609;55411
1000;90;3;InsertionSort;592737;197579;0;652391
1000;90;3;BubbleSort;1765580;489630;196580;941042
1000;90;3;MergeSort;19952;8303;0;162340
1000;90;3;CountingSort;3001;0;0;9200
1000;90;3;QuickSort;37051;16672;6127;91761
1000;90;3;InsertionSort;604728;201576;0;123570
1000;90;3;BubbleSort;1779846;488769;200577;607211
1000;90;3;MergeSort;19952;8324;0;113750
1000;90;3;CountingSort;3001;0;0;9260
1000;90;3;QuickSort;37883;16310;6525;69820
1000;90;3;InsertionSort;598947;199649;0;1220914
1000;90;3;BubbleSort;1780490;492945;198650;1640825
1000;90;3;MergeSort;19952;8296;0;110730
1000;90;3;CountingSort;3001;0;0;7600
1000;90;3;QuickSort;38406;16854;6511;49620
1000;90;3;InsertionSort;622230;207410;0;182250
1000;90;3;BubbleSort;1813514;493935;206411;539241
1000;90;3;MergeSort;19952;8305;0;92620
1000;90;3;CountingSort;3001;0;0;8630
1000;90;3;QuickSort;39634;17365;6746;66131
1000;90;3;InsertionSort;611604;203868;0;194980
1000;90;3;BubbleSort;1788720;488622;202869;556841
1000;90;3;MergeSort;19952;8295;0;126660
1000;90;3;CountingSort;3001;0;0;9820
1000;90;3;QuickSort;41033;17969;7012;69470
1000;90;3;InsertionSort;602685;200895;0;131571
1000;90;3;BubbleSort;1782834;491625;199896;478361
1000;90;3;MergeSort;19952;8313;0;118211
1000;90;3;CountingSort;3001;0;0;8500
1000;90;3;QuickSort;34702;15184;5833;53060
1000;90;3;InsertionSort;607902;202634;0;800482
1000;90;3;BubbleSort;1780418;486939;201635;1127033
1000;90;3;MergeSort;19952;8316;0;162721
1000;90;3;CountingSort;3001;0;0;7860
1000;90;3;QuickSort;36382;15592;6261;55511
1000;90;3;InsertionSort;635133;211711;0;134420
1000;90;3;BubbleSort;1823758;490455;210712;495721
1000;90;3;MergeSort;19952;8334;0;121270
1000;90;3;CountingSort;3001;0;0;7300
1000;90;3;QuickSort;36668;16037;6220;49690
1000;90;3;InsertionSort;578322;192774;0;1237903
1000;90;3;BubbleSort;1732060;482480;191775;1659584
1000;90;3;MergeSort;19952;8326;0;121550
1000;90;3;CountingSort;3001;0;0;9140
1000;90;3;QuickSort;39331;17053;6754;64700
1000;90;3;InsertionSort;609615;203205;0;212851
1000;90;3;BubbleSort;1791822;491499;202206;705452
1000;90;3;MergeSort;19952;8317;0;156601
1000;90;3;CountingSort;3001;0;0;8820
1000;90;3;QuickSort;38662;16654;6672;67960
1000;90;3;InsertionSort;626967;208989;0;1061633
1000;90;3;BubbleSort;1816918;492479;207990;1395754
1000;90;3;MergeSort;19952;8304;0;108281
1000;90;3;CountingSort;3001;0;0;8960
1000;90;3;QuickSort;47407;20617;8262;103920
1000;90;3;InsertionSort;618597;206199;0;169770
1000;90;3;BubbleSort;1791408;485304;205200;549151
1000;90;3;MergeSort;19952;8286;0;137530
1000;90;3;CountingSort;3001;0;0;17240
1000;90;3;QuickSort;39686;16655;7010;52560
1000;90;3;InsertionSort;627513;209171;0;135640
1000;90;3;BubbleSort;1809338;488325;208172;518592
1000;90;3;MergeSort;19952;8309;0;93401
1000;90;3;CountingSort;3001;0;0;14280
1000;90;3;QuickSort;36815;15509;6437;57140
1000;90;3;InsertionSort;602550;200850;0;189670
1000;90;3;BubbleSort;1778944;489770;199851;622012
1000;90;3;MergeSort;19952;8288;0;97681
1000;90;3;CountingSort;3001;0;0;10540
1000;90;3;QuickSort;38822;16586;6743;61340
1000;90;3;InsertionSort;605997;201999;0;650832
1000;90;3;BubbleSort;1777560;486780;201000;1134693
1000;90;3;MergeSort;19952;8310;0;121270
1000;90;3;CountingSort;3001;0;0;9320
1000;90;3;QuickSort;37540;15757;6594;68080
1000;90;3;InsertionSort;623043;207681;0;106430
1000;90;3;BubbleSort;1807906;490589;206682;495361
1000;90;3;MergeSort;19952;8324;0;116110
1000;90;3;CountingSort;3001;0;0;8940
1000;90;3;QuickSort;37861;15988;6631;68340
1000;90;3;InsertionSort;623622;207874;0;202590
1000;90;3;BubbleSort;1797430;484965;206875;639572
1000;90;3;MergeSort;19952;8290;0;114470
1000;90;3;CountingSort;3001;0;0;7570
1000;90;3;QuickSort;37454;16292;6389;52590
1000;90;3;InsertionSort;624189;208063;0;1267004
1000;90;3;BubbleSort;1805794;488769;207064;1639615
1000;90;3;MergeSort;19952;8309;0;89001
1000;90;3;CountingSort;3001;0;0;9080
1000;90;3;QuickSort;38952;17598;6454;69030
1000;90;3;InsertionSort;607797;202599;0;276880
1000;90;3;BubbleSort;1787040;490320;201600;612191
1000;90;3;MergeSort;19952;8320;0;203380
1000;90;3;CountingSort;3001;0;0;9070
1000;90;3;QuickSort;38569;16000;6849;84140
1000;90;3;InsertionSort;597948;199316;0;1471494
1000;90;3;BubbleSort;1778462;492597;198317;1731285
1000;90;3;MergeSort;19952;8318;0;134731
1000;90;3;CountingSort;3001;0;0;9390
1000;90;3;QuickSort;39265;16306;6986;58151
1000;90;3;InsertionSort;605106;201702;0;531831
1000;90;3;BubbleSort;1789156;493172;200703;953452
1000;90;3;MergeSort;19952;8283;0;146500
1000;90;3;CountingSort;3001;0;0;9430
1000;90;3;QuickSort;37751;16190;6517;66020
1000;90;3;InsertionSort;620964;206988;0;131681
1000;90;3;BubbleSort;1811184;493614;205989;514192
1000;90;3;MergeSort;19952;8324;0;118291
1000;90;3;CountingSort;3001;0;0;9280
1000;90;3;QuickSort;38064;16140;6651;45250
1000;90;3;InsertionSort;608934;202978;0;904583
1000;90;3;BubbleSort;1789360;490722;201979;1261073
1000;90;3;MergeSort;19952;8304;0;147900
1000;90;3;CountingSort;3001;0;0;9300
1000;90;3;QuickSort;34954;15403;5844;65210
1000;90;3;InsertionSort;612726;204242;0;130750
1000;90;3;BubbleSort;1785240;486134;203243;595522
1000;90;3;MergeSort;19952;8316;0;118551
1000;90;3;CountingSort;3001;0;0;8770
1000;90;3;QuickSort;42828;17595;7743;56371
1000;90;3;InsertionSort;624090;208030;0;549631
1000;90;3;BubbleSort;1801684;486780;207031;968012
1000;90;3;MergeSort;19952;8298;0;157070
1000;90;3;CountingSort;3001;0;0;9190
1000;90;3;QuickSort;36526;15847;6220;68690
1000;90;3;InsertionSort;598725;199575;0;128650
1000;90;3;BubbleSort;1773564;489630;198576;506561
1000;90;3;MergeSort;19952;8320;0;118511
1000;90;3;CountingSort;3001;0;0;8900
1000;90;3;QuickSort;39491;16694;6933;56200
1000;90;3;InsertionSort;628299;209433;0;287571
1000;90;3;BubbleSort;1811566;488915;208434;752832
1000;90;3;MergeSort;19952;8357;0;156121
1000;90;3;CountingSort;3001;0;0;9550
1000;90;3;QuickSort;43168;18391;7601;96440
1000;90;3;InsertionSort;589314;196438;0;153370
1000;90;3;BubbleSort;1767874;493059;195439;631382
1000;90;3;MergeSort;19952;8314;0;94730
1000;90;3;CountingSort;3001;0;0;9460
1000;90;3;QuickSort;43631;17906;7908;69351
1000;90;3;InsertionSort;625509;208503;0;117570
1000;90;3;BubbleSort;1804210;487097;207504;721972
1000;90;3;MergeSort;19952;8321;0;158640
1000;90;3;CountingSort;3001;0;0;9220
1000;90;3;QuickSort;41121;17124;7325;55350
1000;90;3;InsertionSort;600993;200331;0;694622
1000;90;3;BubbleSort;1775448;489060;199332;1087293
1000;90;3;MergeSort;19952;8330;0;154350
1000;90;3;CountingSort;3001;0;0;9300
1000;90;3;QuickSort;36163;15196;6329;67050
1000;90;3;InsertionSort;608376;202792;0;148111
1000;90;3;BubbleSort;1786990;489909;201793;495292
1000;90;3;MergeSort;19952;8279;0;97430
1000;90;3;CountingSort;3001;0;0;9320
1000;90;3;QuickSort;44644;18202;8144;65430
1000;90;3;InsertionSort;610668;203556;0;870923
1000;90;3;BubbleSort;1795186;492479;202557;1267174
1000;90;3;MergeSort;19952;8331;0;161040
1000;90;3;CountingSort;3001;0;0;34210
1000;90;3;QuickSort;38983;16696;6768;81130
1000;90;3;InsertionSort;579075;193025;0;149690
1000;90;3;BubbleSort;1742924;487410;192026;476501
1000;90;3;MergeSort;19952;8345;0;145040
1000;90;3;CountingSort;3001;0;0;8830
1000;90;3;QuickSort;37567;16105;6480;77890
1000;90;3;InsertionSort;596364;198788;0;1325154
1000;90;3;BubbleSort;1775636;492240;197789;1682705
1000;90;3;MergeSort;19952;8334;0;109500
1000;90;3;CountingSort;3001;0;0;9381
1000;90;3;QuickSort;39838;16471;7133;63670
1000;90;3;InsertionSort;611454;203818;0;196350
1000;90;3;BubbleSort;1794274;491499;202819;560051
1000;90;3;MergeSort;19952;8296;0;135590
1000;90;4;CountingSort;3001;0;0;220200
1000;90;4;QuickSort;40390;17587;6939;1387293
1000;90;4;InsertionSort;599784;199928;0;6823278
1000;90;4;BubbleSort;1770224;487254;198929;9545456
1000;90;4;MergeSort;19952;8473;0;936153
1000;90;4;CountingSort;3001;0;0;106751
1000;90;4;QuickSort;41272;17068;7391;206220
1000;90;4;InsertionSort;615222;205074;0;303540
1000;90;4;BubbleSort;1788568;486134;204075;936682
1000;90;4;MergeSort;19952;8466;0;285161
1000;90;4;CountingSort;3001;0;0;109190
1000;90;4;QuickSort;36092;15386;6244;138190
1000;90;4;InsertionSort;602100;200700;0;6070826
1000;90;4;BubbleSort;1777212;489204;199701;7674841
1000;90;4;MergeSort;19952;8487;0;447021
1000;90;4;CountingSort;3001;0;0;103531
1000;90;4;QuickSort;43034;18419;7537;211040
1000;90;4;InsertionSort;597498;199166;0;270870
1000;90;4;BubbleSort;1762938;485135;198167;1003182
1000;90;4;MergeSort;19952;8448;0;374461
1000;90;4;CountingSort;3001;0;0;120890
1000;90;4;QuickSort;37829;15953;6633;181771
1000;90;4;InsertionSort;611196;203732;0;390161
1000;90;4;BubbleSort;1793930;491499;202733;988913
1000;90;4;MergeSort;19952;8476;0;424432
1000;90;4;CountingSort;3001;0;0;101291
1000;90;4;QuickSort;35325;15621;5907;793792
1000;90;4;InsertionSort;599268;199756;0;274181
1000;90;4;BubbleSort;1771678;488325;198757;965872
1000;90;4;MergeSort;19952;8419;0;406261
1000;90;4;CountingSort;3001;0;0;128251
1000;90;4;QuickSort;43235;19019;7406;965213
1000;90;4;InsertionSort;630303;210101;0;403912
1000;90;4;BubbleSort;1819406;491499;209102;1012572
1000;90;4;MergeSort;19952;8439;0;418411
1000;90;4;CountingSort;3001;0;0;97770
1000;90;4;QuickSort;37471;15907;6518;149190
1000;90;4;InsertionSort;596724;198908;0;242900
1000;90;4;BubbleSort;1774380;491372;197909;532861
1000;90;4;MergeSort;19952;8454;0;155920
1000;90;4;CountingSort;3001;0;0;117241
1000;90;4;QuickSort;38718;16149;6855;72850
1000;90;4;InsertionSort;573360;191120;0;171081
1000;90;4;BubbleSort;1741928;490722;190121;770782
1000;90;4;MergeSort;19952;8480;0;335170
1000;90;4;CountingSort;3001;0;0;149471
1000;90;4;QuickSort;36656;15683;6328;78271
1000;90;4;InsertionSort;606501;202167;0;208280
1000;90;4;BubbleSort;1785040;490184;201168;665571
1000;90;4;MergeSort;19952;8462;0;250790
1000;90;4;CountingSort;3001;0;0;124830
1000;90;4;QuickSort;38695;16279;6802;127380
1000;90;4;InsertionSort;609417;203139;0;237211
1000;90;4;BubbleSort;1785804;488622;202140;771532
1000;90;4;MergeSort;19952;8468;0;146511
1000;90;4;CountingSort;3001;0;0;89180
1000;90;4;QuickSort;39509;16565;6974;113510
1000;90;4;InsertionSort;612090;204030;0;201131
1000;90;4;BubbleSort;1781022;484449;203031;751202
1000;90;4;MergeSort;19952;8443;0;143891
1000;90;4;CountingSort;3001;0;0;99440
1000;90;4;QuickSort;40293;17058;7076;114590
1000;90;4;InsertionSort;598356;199452;0;157280
1000;90;4;BubbleSort;1762012;484100;198453;689872
1000;90;4;MergeSort;19952;8456;0;95211
1000;90;4;CountingSort;3001;0;0;128170
1000;90;4;QuickSort;39386;17024;6796;134160
1000;90;4;InsertionSort;611892;203964;0;153350
1000;90;4;BubbleSort;1790554;489347;202965;578911
1000;90;4;MergeSort;19952;8461;0;117110
1000;90;4;CountingSort;3001;0;0;90580
1000;90;4;QuickSort;43200;18552;7546;103520
1000;90;4;InsertionSort;599001;199667;0;220901
1000;90;4;BubbleSort;1781682;493505;198668;516422
1000;90;4;MergeSort;19952;8499;0;112400
1000;90;4;CountingSort;3001;0;0;96540
1000;90;4;QuickSort;38801;16349;6815;86001
1000;90;4;InsertionSort;620754;206918;0;109700
1000;90;4;BubbleSort;1805384;490854;205919;604851
1000;90;4;MergeSort;19952;8484;0;101640
1000;90;4;CountingSort;3001;0;0;83440
1000;90;4;QuickSort;42801;18171;7548;100470
1000;90;4;InsertionSort;588333;196111;0;127200
1000;90;4;BubbleSort;1759988;489770;195112;487811
1000;90;4;MergeSort;19952;8450;0;123551
1000;90;4;CountingSort;3001;0;0;113770
1000;90;4;QuickSort;39186;16548;6873;98030
1000;90;4;InsertionSort;610989;203663;0;116270
1000;90;4;BubbleSort;1789634;489489;202664;645151
1000;90;4;MergeSort;19952;8480;0;132790
1000;90;4;CountingSort;3001;0;0;59670
1000;90;4;QuickSort;39303;16425;6966;100701
1000;90;4;InsertionSort;607401;202467;0;119970
1000;90;4;BubbleSort;1780692;487410;201468;559701
1000;90;4;MergeSort;19952;8473;0;119260
1000;90;4;CountingSort;3001;0;0;21990
1000;90;4;QuickSort;40044;16881;7066;71550
1000;90;4;InsertionSort;603666;201222;0;109361
1000;90;4;BubbleSort;1779870;489489;200223;494012
1000;90;4;MergeSort;19952;8463;0;96870
1000;90;4;CountingSort;3001;0;0;16770
1000;90;4;QuickSort;35749;15802;5983;78650
1000;90;4;InsertionSort;613908;204636;0;145810
1000;90;4;BubbleSort;1801338;493395;203637;648432
1000;90;4;MergeSort;19952;8445;0;133210
1000;90;4;CountingSort;3001;0;0;1568874
1000;90;4;QuickSort;40050;16986;7020;49840
1000;90;4;InsertionSort;612159;204053;0;1515224
1000;90;4;BubbleSort;1792584;490184;203054;548772
1000;90;4;MergeSort;19952;8461;0;106411
1000;90;4;CountingSort;3001;0;0;16350
1000;90;4;QuickSort;37452;16119;6442;81811
1000;90;4;InsertionSort;621396;207132;0;110321
1000;90;4;BubbleSort;1796800;486134;206133;629212
1000;90;4;MergeSort;19952;8461;0;124640
1000;90;4;CountingSort;3001;0;0;21290
1000;90;4;QuickSort;41624;17510;7374;77290
1000;90;4;InsertionSort;611805;203935;0;124150
1000;90;4;BubbleSort;1791004;489630;202936;613721
1000;90;4;MergeSort;19952;8483;0;131530
1000;90;4;CountingSort;3001;0;0;17170
1000;90;4;QuickSort;36539;15410;6375;58770
1000;90;4;InsertionSort;599709;199903;0;204680
1000;90;4;BubbleSort;1779854;492119;198904;551641
1000;90;4;MergeSort;19952;8496;0;119491
1000;90;4;CountingSort;3001;0;0;49700
1000;90;4;QuickSort;37714;15961;6574;66540
1000;90;4;InsertionSort;607767;202589;0;143840
1000;90;4;BubbleSort;1790840;492240;201590;511851
1000;90;4;MergeSort;19952;8482;0;116541
1000;90;4;CountingSort;3001;0;0;33811
1000;90;4;QuickSort;40137;16662;7161;66271
1000;90;4;InsertionSort;631503;210501;0;693422
1000;90;4;BubbleSort;1810926;486459;209502;1056553
1000;90;4;MergeSort;19952;8467;0;141151
1000;90;4;CountingSort;3001;0;0;19331
1000;90;4;QuickSort;49258;20242;9008;58270
1000;90;4;InsertionSort;593187;197729;0;281900
1000;90;4;BubbleSort;1773038;493059;196730;711172
1000;90;4;MergeSort;19952;8467;0;161681
1000;90;4;CountingSort;3001;0;0;15110
1000;90;4;QuickSort;36930;15801;6374;67671
1000;90;4;InsertionSort;635574;211858;0;356131
1000;90;4;BubbleSort;1814714;485639;210859;707332
1000;90;4;MergeSort;19952;8451;0;117480
1000;90;4;CountingSort;3001;0;0;18860
1000;90;4;QuickSort;40189;16897;7089;63420
1000;90;4;InsertionSort;635016;211672;0;551711
1000;90;4;BubbleSort;1825180;491244;210673;883963
1000;90;4;MergeSort;19952;8499;0;113511
1000;90;4;CountingSort;3001;0;0;18390
1000;90;4;QuickSort;42124;17557;7515;43820
1000;90;4;InsertionSort;595227;198409;0;89560
1000;90;4;BubbleSort;1764148;487254;197410;737242
1000;90;4;MergeSort;19952;8469;0;182971
1000;90;4;CountingSort;3001;0;0;15430
1000;90;4;QuickSort;37241;15716;6507;54640
1000;90;4;InsertionSort;616419;205473;0;134710
1000;90;4;BubbleSort;1800384;491244;204474;600742
1000;90;4;MergeSort;19952;8458;0;153801
1000;90;4;CountingSort;3001;0;0;22220
1000;90;4;QuickSort;39929;16556;7126;53081
1000;90;4;InsertionSort;603798;201266;0;135920
1000;90;4;BubbleSort;1768916;483924;200267;557851
1000;90;4;MergeSort;19952;8460;0;121930
1000;90;4;CountingSort;3001;0;0;16771
1000;90;4;QuickSort;39377;16349;7028;54900
1000;90;4;InsertionSort;605463;201821;0;91880
1000;90;4;BubbleSort;1786032;491372;200822;664552
1000;90;4;MergeSort;19952;8466;0;136071
1000;90;4;CountingSort;3001;0;0;65600
1000;90;4;QuickSort;42321;17631;7558;64540
1000;90;4;InsertionSort;615897;205299;0;942223
1000;90;4;BubbleSort;1795894;489347;204300;1392684
1000;90;4;MergeSort;19952;8467;0;138880
1000;90;4;CountingSort;3001;0;0;17440
1000;90;4;QuickSort;36063;14880;6400;75330
1000;90;4;InsertionSort;619713;206571;0;858082
1000;90;4;BubbleSort;1787616;482664;205572;1243904
1000;90;4;MergeSort;19952;8469;0;121491
1000;90;4;CountingSort;3001;0;0;25070
1000;90;4;QuickSort;39374;17183;6725;62850
1000;90;4;InsertionSort;610926;203642;0;125160
1000;90;4;BubbleSort;1793060;491244;202643;677492
1000;90;4;MergeSort;19952;8476;0;112730
1000;90;4;CountingSort;3001;0;0;20801
1000;90;4;QuickSort;35258;14969;6092;79650
1000;90;4;InsertionSort;604017;201339;0;168170
1000;90;4;BubbleSort;1781728;490184;200340;669221
1000;90;4;MergeSort;19952;8449;0;132690
1000;90;4;CountingSort;3001;0;0;30281
1000;90;4;QuickSort;39313;16513;6929;70780
1000;90;4;InsertionSort;606849;202283;0;134230
1000;90;4;BubbleSort;1786844;490854;201284;567002
1000;90;4;MergeSort;19952;8480;0;158171
1000;90;4;CountingSort;3001;0;0;11720
1000;90;4;QuickSort;35753;15014;6242;54450
1000;90;4;InsertionSort;608160;202720;0;603581
1000;90;4;BubbleSort;1782932;488024;201721;934242
1000;90;4;MergeSort;19952;8472;0;121170
1000;90;4;CountingSort;3001;0;0;10710
1000;90;4;QuickSort;38111;16202;6638;44181
1000;90;4;InsertionSort;614031;204677;0;585511
1000;90;4;BubbleSort;1787306;486297;203678;1032802
1000;90;4;MergeSort;19952;8509;0;161500
1000;90;4;CountingSort;3001;0;0;13690
1000;90;4;QuickSort;38750;16394;6788;53420
1000;90;4;InsertionSort;628128;209376;0;591232
1000;90;4;BubbleSort;1819852;493172;208377;999953
1000;90;4;MergeSort;19952;8495;0;154040
1000;90;4;CountingSort;3001;0;0;9080
1000;90;4;QuickSort;40968;17538;7138;46230
1000;90;4;InsertionSort;623289;207763;0;151761
1000;90;4;BubbleSort;1808500;490722;206764;565592
1000;90;4;MergeSort;19952;8493;0;131231
1000;90;4;CountingSort;3001;0;0;9550
1000;90;4;QuickSort;38852;16751;6702;43911
1000;90;4;InsertionSort;605499;201833;0;119710
1000;90;4;BubbleSort;1783976;490320;200834;591711
1000;90;4;MergeSort;19952;8445;0;120200
1000;90;4;CountingSort;3001;0;0;8780
1000;90;4;QuickSort;38690;16202;6831;66690
1000;90;4;InsertionSort;625467;208489;0;387591
1000;90;4;BubbleSort;1815388;492714;207490;761202
1000;90;4;MergeSort;19952;8450;0;121740
1000;90;4;CountingSort;3001;0;0;8350
1000;90;4;QuickSort;36506;15992;6175;64000
1000;90;4;InsertionSort;598431;199477;0;653092
1000;90;4;BubbleSort;1769350;487719;198478;1056863
1000;90;4;MergeSort;19952;8463;0;164921
1000;90;4;CountingSort;3001;0;0;9460
1000;90;4;QuickSort;43655;18356;7777;63170
1000;90;4;InsertionSort;589398;196466;0;115781
1000;90;4;BubbleSort;1764356;491244;195467;493931
1000;90;4;MergeSort;19952;8437;0;134090
1000;90;4;CountingSort;3001;0;0;8420
1000;90;4;QuickSort;40964;17081;7306;71470
1000;90;4;InsertionSort;611568;203856;0;221051
1000;90;4;BubbleSort;1795908;492240;202857;776142
1000;90;4;MergeSort;19952;8469;0;175381
1000;90;4;CountingSort;3001;0;0;14790
1000;90;4;QuickSort;43566;18666;7630;45130
1000;90;4;InsertionSort;607059;202353;0;136900
1000;90;4;BubbleSort;1791984;493284;201354;889673
1000;90;4;MergeSort;19952;8467;0;188241
1000;90;4;CountingSort;3001;0;0;9930
1000;90;4;QuickSort;48295;20116;8739;60370
1000;90;4;InsertionSort;628107;209369;0;121530
1000;90;4;BubbleSort;1819598;493059;208370;690312
1000;90;4;MergeSort;19952;8465;0;277701
1000;90;4;CountingSort;3001;0;0;37700
1000;90;4;QuickSort;42846;18336;7505;57140
1000;90;4;InsertionSort;592452;197484;0;130270
1000;90;4;BubbleSort;1768428;491244;196485;617902
1000;90;4;MergeSort;19952;8503;0;140691
1000;90;4;CountingSort;3001;0;0;16420
1000;90;4;QuickSort;36956;15305;6560;46730
1000;90;4;InsertionSort;609210;203070;0;132480
1000;90;4;BubbleSort;1789728;490722;202071;540112
1000;90;4;MergeSort;19952;8461;0;122201
1000;90;4;CountingSort;3001;0;0;10331
1000;90;4;QuickSort;47765;19631;8710;66140
1000;90;4;InsertionSort;616971;205657;0;185120
1000;90;4;BubbleSort;1795580;488474;204658;502271
1000;90;4;MergeSort;19952;8468;0;89040
1000;90;4;CountingSort;3001;0;0;10350
1000;90;4;QuickSort;41651;17279;7462;78280
1000;90;4;InsertionSort;605658;201886;0;206711
1000;90;4;BubbleSort;1784726;490589;200887;531512
1000;90;4;MergeSort;19952;8449;0;131911
1000;90;4;CountingSort;3001;0;0;12110
1000;90;4;QuickSort;37607;15575;6679;67050
1000;90;4;InsertionSort;610452;203484;0;1509954
1000;90;4;BubbleSort;1783500;486780;202485;1769384
1000;90;4;MergeSort;19952;8451;0;88800
1000;90;4;CountingSort;3001;0;0;10150
1000;90;4;QuickSort;40565;17066;7164;77510
1000;90;4;InsertionSort;589191;196397;0;1075543
1000;90;4;BubbleSort;1763036;490722;195398;1516554
1000;90;4;MergeSort;19952;8446;0;106421
1000;90;4;CountingSort;3001;0;0;9680
1000;90;4;QuickSort;36690;15633;6355;52991
1000;90;4;InsertionSort;623085;207695;0;783502
1000;90;4;BubbleSort;1812674;492945;206696;1333543
1000;90;4;MergeSort;19952;8464;0;155950
1000;90;4;CountingSort;3001;0;0;9330
1000;90;4;QuickSort;39171;16413;6914;62930
1000;90;4;InsertionSort;626094;208698;0;141471
1000;90;4;BubbleSort;1809774;489489;207699;693752
1000;90;4;MergeSort;19952;8471;0;154221
1000;90;4;CountingSort;3001;0;0;43120
1000;90;4;QuickSort;44235;18387;7965;98580
1000;90;4;InsertionSort;604806;201602;0;219171
1000;90;4;BubbleSort;1788980;493284;200603;593482
1000;90;4;MergeSort;19952;8487;0;160740
1000;90;4;CountingSort;3001;0;0;15890
1000;90;4;QuickSort;36087;15249;6287;61191
1000;90;4;InsertionSort;614781;204927;0;174361
1000;90;4;BubbleSort;1802940;493614;203928;682691
1000;90;4;MergeSort;19952;8447;0;121310
1000;90;4;CountingSort;3001;0;0;9930
1000;90;4;QuickSort;38575;16420;6728;68330
1000;90;4;InsertionSort;618231;206077;0;283111
1000;90;4;BubbleSort;1799572;489630;205078;606802
1000;90;4;MergeSort;19952;8453;0;199891
1000;90;4;CountingSort;3001;0;0;9300
1000;90;4;QuickSort;40064;17339;6915;56451
1000;90;4;InsertionSort;607095;202365;0;181910
1000;90;4;BubbleSort;1784158;489347;201366;689192
1000;90;4;MergeSort;19952;8447;0;270291
1000;90;4;CountingSort;3001;0;0;8620
1000;90;4;QuickSort;36162;15813;6108;54431
1000;90;4;InsertionSort;611715;203905;0;794452
1000;90;4;BubbleSort;1794622;491499;202906;1153133
1000;90;4;MergeSort;19952;8469;0;284540
1000;90;4;CountingSort;3001;0;0;9500
1000;90;4;QuickSort;35981;15941;6009;53761
1000;90;4;InsertionSort;597063;199021;0;648231
1000;90;4;BubbleSort;1769918;488915;198022;1150553
1000;90;4;MergeSort;19952;8452;0;257771
1000;90;4;CountingSort;3001;0;0;10010
1000;90;4;QuickSort;42140;17435;7569;64750
1000;90;4;InsertionSort;635580;211860;0;1126703
1000;90;4;BubbleSort;1827924;492240;210861;1544954
1000;90;4;MergeSort;19952;8438;0;125891
1000;90;4;CountingSort;3001;0;0;9100
1000;90;4;QuickSort;42091;17896;7399;45220
1000;90;4;InsertionSort;610122;203374;0;840603
1000;90;4;BubbleSort;1786150;488325;202375;1321573
1000;90;4;MergeSort;19952;8470;0;113550
1000;90;4;CountingSort;3001;0;0;9150
1000;90;4;QuickSort;40476;16812;7218;69500
1000;90;4;InsertionSort;612048;204016;0;200221
1000;90;4;BubbleSort;1788718;488325;203017;703222
1000;90;4;MergeSort;19952;8446;0;148651
1000;90;4;CountingSort;3001;0;0;9530
1000;90;4;QuickSort;38726;16115;6879;60290
1000;90;4;InsertionSort;615492;205164;0;193420
1000;90;4;BubbleSort;1797838;490589;204165;776392
1000;90;4;MergeSort;19952;8466;0;128410
1000;90;4;CountingSort;3001;0;0;9550
1000;90;4;QuickSort;40863;16758;7366;57080
1000;90;4;InsertionSort;608724;202908;0;182091
1000;90;4;BubbleSort;1794864;493614;201909;704432
1000;90;4;MergeSort;19952;8479;0;127711
1000;90;4;CountingSort;3001;0;0;9350
1000;90;4;QuickSort;40517;17255;7093;64070
1000;90;4;InsertionSort;627387;209129;0;202071
1000;90;4;BubbleSort;1814490;490985;208130;686222
1000;90;4;MergeSort;19952;8473;0;121631
1000;90;4;CountingSort;3001;0;0;9410
1000;90;4;QuickSort;34970;15164;5941;53880
1000;90;4;InsertionSort;599205;199735;0;726412
1000;90;4;BubbleSort;1781512;493284;198736;1133253
1000;90;4;MergeSort;19952;8472;0;283261
1000;90;4;CountingSort;3001;0;0;10110
1000;90;4;QuickSort;37928;15665;6759;54270
1000;90;4;InsertionSort;612876;204292;0;641322
1000;90;4;BubbleSort;1795142;490985;203293;1064803
1000;90;4;MergeSort;19952;8496;0;163690
1000;90;4;CountingSort;3001;0;0;10320
1000;90;4;QuickSort;37665;15993;6551;64080
1000;90;4;InsertionSort;616104;205368;0;118241
1000;90;4;BubbleSort;1802196;492360;204369;801243
1000;90;4;MergeSort;19952;8461;0;240820
1000;90;4;CountingSort;3001;0;0;9270
1000;90;4;QuickSort;39206;16580;6858;62000
1000;90;4;InsertionSort;618477;206159;0;191901
1000;90;4;BubbleSort;1799900;489630;205160;579692
1000;90;4;MergeSort;19952;8461;0;156710
1000;90;4;CountingSort;3001;0;0;8800
1000;90;4;QuickSort;44875;18694;8071;46830
1000;90;4;InsertionSort;608400;202800;0;136100
1000;90;4;BubbleSort;1785898;489347;201801;545191
1000;90;4;MergeSort;19952;8485;0;123950
1000;90;4;CountingSort;3001;0;0;8900
1000;90;4;QuickSort;34224;14664;5861;45010
1000;90;4;InsertionSort;617595;205865;0;125961
1000;90;4;BubbleSort;1797872;489204;204866;545171
1000;90;4;MergeSort;19952;8453;0;125630
1000;90;4;CountingSort;3001;0;0;11050
1000;90;4;QuickSort;42584;17594;7662;76350
1000;90;4;InsertionSort;615453;205151;0;148670
1000;90;4;BubbleSort;1799858;491625;204152;556592
1000;90;4;MergeSort;19952;8463;0;126231
1000;90;4;CountingSort;3001;0;0;15070
1000;90;4;QuickSort;36347;15854;6170;62480
1000;90;4;InsertionSort;606951;202317;0;1544594
1000;90;4;BubbleSort;1779150;486939;201318;1788755
1000;90;4;MergeSort;19952;8447;0;113781
1000;90;4;CountingSort;3001;0;0;7530
1000;90;4;QuickSort;38856;17004;6606;42810
1000;90;4;InsertionSort;603636;201212;0;815352
1000;90;4;BubbleSort;1786742;492945;200213;1350824
1000;90;4;MergeSort;19952;8469;0;175671
1000;90;4;CountingSort;3001;0;0;7920
1000;90;4;QuickSort;35511;15225;6103;53531
1000;90;4;InsertionSort;624303;208101;0;745442
1000;90;4;BubbleSort;1809852;490722;207102;1269223
1000;90;4;MergeSort;19952;8496;0;231860
1000;90;4;CountingSort;3001;0;0;9180
1000;90;4;QuickSort;40013;17120;6962;55890
1000;90;4;InsertionSort;617820;205940;0;712922
1000;90;4;BubbleSort;1791704;485970;204941;1230583
1000;90;4;MergeSort;19952;8442;0;258761
1000;90;4;CountingSort;3001;0;0;9350
1000;90;4;QuickSort;37775;16703;6365;52120
1000;90;4;InsertionSort;626901;208967;0;808272
1000;90;4;BubbleSort;1814102;491115;207968;1239114
1000;90;4;MergeSort;19952;8441;0;284051
1000;90;4;CountingSort;3001;0;0;9010
1000;90;4;QuickSort;38824;16387;6820;53090
1000;90;4;InsertionSort;616473;205491;0;94220
1000;90;4;BubbleSort;1805412;493722;204492;603732
1000;90;4;MergeSort;19952;8473;0;134321
1000;90;4;CountingSort;3001;0;0;9270
1000;90;4;QuickSort;36950;15917;6344;54330
1000;90;4;InsertionSort;619587;206529;0;119320
1000;90;4;BubbleSort;1802488;490184;205530;578271
1000;90;4;MergeSort;19952;8460;0;130470
1000;90;4;CountingSort;3001;0;0;9000
1000;90;4;QuickSort;42718;17491;7753;56880
1000;90;4;InsertionSort;596157;198719;0;113490
1000;90;4;BubbleSort;1768418;488769;197720;656772
1000;90;4;MergeSort;19952;8472;0;238691
1000;90;4;CountingSort;3001;0;0;7180
1000;90;4;QuickSort;45339;18690;8208;44590
1000;90;4;InsertionSort;602130;200710;0;100820
1000;90;4;BubbleSort;1776674;488915;199711;742862
1000;90;4;MergeSort;19952;8459;0;256611
1000;90;4;CountingSort;3001;0;0;13010
1000;90;4;QuickSort;43558;17719;7946;57910
1000;90;4;InsertionSort;615984;205328;0;164251
1000;90;4;BubbleSort;1791194;486939;204329;515432
1000;90;4;MergeSort;19952;8459;0;111290
1000;90;4;CountingSort;3001;0;0;7650
1000;90;4;QuickSort;40387;16873;7175;45520
1000;90;4;InsertionSort;616431;205477;0;94880
1000;90;4;BubbleSort;1799090;490589;204478;497771
1000;90;4;MergeSort;19952;8475;0;152431
1000;90;4;CountingSort;3001;0;0;7190
1000;90;4;QuickSort;43483;17848;7881;79750
1000;90;4;InsertionSort;616956;205652;0;137200
1000;90;4;BubbleSort;1801862;491625;204653;500602
1000;90;4;MergeSort;19952;8442;0;116471
1000;90;4;CountingSort;3001;0;0;7200
1000;90;4;QuickSort;38013;16224;6597;71351
1000;90;4;InsertionSort;628644;209548;0;136181
1000;90;4;BubbleSort;1809326;487565;208549;511361
1000;90;4;MergeSort;19952;8460;0;114380
1000;90;4;CountingSort;3001;0;0;9210
1000;90;4;QuickSort;39915;16710;7076;59690
1000;90;4;InsertionSort;628296;209432;0;130040
1000;90;4;BubbleSort;1816730;491499;208433;481711
1000;90;4;MergeSort;19952;8446;0;112120
1000;90;4;CountingSort;3001;0;0;9150
1000;90;4;QuickSort;38468;16043;6803;67130
1000;90;4;InsertionSort;597804;199268;0;130500
1000;90;4;BubbleSort;1778504;492714;198269;477511
1000;90;4;MergeSort;19952;8460;0;118250
1000;90;4;CountingSort;3001;0;0;9040
1000;90;4;QuickSort;38084;16385;6563;74010
1000;90;4;InsertionSort;636708;212236;0;139550
1000;90;4;BubbleSort;1816558;485805;211237;484531
1000;90;4;MergeSort;19952;8485;0;122840
1000;90;4;CountingSort;3001;0;0;9130
1000;90;4;QuickSort;38569;16072;6829;81170
1000;90;4;InsertionSort;612369;204123;0;198471
1000;90;4;BubbleSort;1792314;489909;203124;673322
1000;90;4;MergeSort;19952;8454;0;184221
1000;90;4;CountingSort;3001;0;0;8690
1000;90;4;QuickSort;42059;17342;7578;68650
1000;90;4;InsertionSort;630903;210301;0;143340
1000;90;4;BubbleSort;1818386;490589;209302;642802
1000;90;4;MergeSort;19952;8485;0;126380
1000;90;4;CountingSort;3001;0;0;9050
1000;90;4;QuickSort;37540;15889;6549;55950
1000;90;4;InsertionSort;591963;197321;0;155010
1000;90;4;BubbleSort;1768788;491750;196322;598471
1000;90;4;MergeSort;19952;8472;0;109280
1000;90;4;CountingSort;3001;0;0;8880
1000;90;4;QuickSort;39817;17170;6890;68980
1000;90;4;InsertionSort;628554;209518;0;109601
1000;90;4;BubbleSort;1812770;489347;208519;605852
1000;90;4;MergeSort;19952;8446;0;115830
1000;90;4;CountingSort;3001;0;0;8910
1000;90;4;QuickSort;37339;17008;6110;75130
1000;90;4;InsertionSort;621327;207109;0;120110
1000;90;4;BubbleSort;1804258;489909;206110;636981
1000;90;4;MergeSort;19952;8487;0;148640
1000;90;4;CountingSort;3001;0;0;8770
1000;90;4;QuickSort;39973;16411;7189;71820
1000;90;4;InsertionSort;590013;196671;0;128191
1000;90;4;BubbleSort;1768578;492945;195672;603182
1000;90;4;MergeSort;19952;8455;0;113710
1000;90;4;CountingSort;3001;0;0;8890
1000;90;4;QuickSort;37657;16117;6516;70370
1000;90;4;InsertionSort;602139;200713;0;1511784
1000;90;4;BubbleSort;1781854;491499;199714;1943685
1000;90;4;MergeSort;19952;8445;0;115500
1000;100;1;CountingSort;3001;0;0;203630
1000;100;1;QuickSort;38023;16537;6499;1401474
1000;100;1;InsertionSort;738796;246262;0;6409457
1000;100;1;BubbleSort;1975912;497420;245268;9013924
1000;100;1;MergeSort;19952;8698;0;992093
1000;100;1;CountingSort;3001;0;0;92520
1000;100;1;QuickSort;37115;15740;6461;207941
1000;100;1;InsertionSort;736791;245591;0;380961
1000;100;1;BubbleSort;1973498;497547;244601;1015223
1000;100;1;MergeSort;19952;8687;0;135920
1000;100;1;CountingSort;3001;0;0;108870
1000;100;1;QuickSort;41045;17690;7123;839932
1000;100;1;InsertionSort;724675;241551;0;1871865
1000;100;1;BubbleSort;1960602;499175;240563;1999445
1000;100;1;MergeSort;19952;8723;0;131461
1000;100;1;CountingSort;3001;0;0;114110
1000;100;1;QuickSort;39793;16483;7114;170200
1000;100;1;InsertionSort;743845;247945;0;774262
1000;100;1;BubbleSort;1986048;499122;246951;1233673
1000;100;1;MergeSort;19952;8705;0;138970
1000;100;1;CountingSort;3001;0;0;137010
1000;100;1;QuickSort;38192;16805;6463;69020
1000;100;1;InsertionSort;731683;243891;0;146321
1000;100;1;BubbleSort;1969106;498759;242897;746772
1000;100;1;MergeSort;19952;8752;0;138110
1000;100;1;CountingSort;3001;0;0;167321
1000;100;1;QuickSort;36224;14870;6464;100690
1000;100;1;InsertionSort;761557;253847;0;194060
1000;100;1;BubbleSort;2009872;499224;252856;654792
1000;100;1;MergeSort;19952;8717;0;140430
1000;100;1;CountingSort;3001;0;0;126190
1000;100;1;QuickSort;36530;15935;6195;125600
1000;100;1;InsertionSort;734751;244911;0;320281
1000;100;1;BubbleSort;1974502;499409;243921;676332
1000;100;1;MergeSort;19952;8694;0;180641
1000;100;1;CountingSort;3001;0;0;112081
1000;100;1;QuickSort;37047;16296;6250;88761
1000;100;1;InsertionSort;744602;248196;0;179421
1000;100;1;BubbleSort;1987216;499200;247204;542992
1000;100;1;MergeSort;19952;8717;0;103651
1000;100;1;CountingSort;3001;0;0;112370
1000;100;1;QuickSort;38627;16400;6742;58180
1000;100;1;InsertionSort;731157;243715;0;901022
1000;100;1;BubbleSort;1969678;499395;242722;1456624
1000;100;1;MergeSort;19952;8721;0;127251
1000;100;1;CountingSort;3001;0;0;129770
1000;100;1;QuickSort;33786;14586;5737;115580
1000;100;1;InsertionSort;755119;251701;0;172310
1000;100;1;BubbleSort;1999678;498419;250710;660692
1000;100;1;MergeSort;19952;8675;0;132841
1000;100;1;CountingSort;3001;0;0;133461
1000;100;1;QuickSort;35393;14696;6239;153371
1000;100;1;InsertionSort;777881;259289;0;195291
1000;100;1;BubbleSort;2029738;498275;258297;549352
1000;100;1;MergeSort;19952;8728;0;128481
1000;100;1;CountingSort;3001;0;0;145950
1000;100;1;QuickSort;44746;19030;7916;58650
1000;100;1;InsertionSort;757803;252599;0;914292
1000;100;1;BubbleSort;2004992;499290;251603;1203153
1000;100;1;MergeSort;19952;8712;0;178790
1000;100;1;CountingSort;3001;0;0;122510
1000;100;1;QuickSort;36153;15018;6379;55760
1000;100;1;InsertionSort;769489;256495;0;720692
1000;100;1;BubbleSort;2020650;499329;255498;1047643
1000;100;1;MergeSort;19952;8706;0;206921
1000;100;1;CountingSort;3001;0;0;112930
1000;100;1;QuickSort;46833;18984;8622;77690
1000;100;1;InsertionSort;755744;251910;0;1276443
1000;100;1;BubbleSort;2002432;499380;250918;1649634
1000;100;1;MergeSort;19952;8695;0;158291
1000;100;1;CountingSort;3001;0;0;118500
1000;100;1;QuickSort;48499;19774;8912;109411
1000;100;1;InsertionSort;761991;253991;0;191131
1000;100;1;BubbleSort;2008142;498069;253001;626482
1000;100;1;MergeSort;19952;8715;0;154561
1000;100;1;CountingSort;3001;0;0;98650
1000;100;1;QuickSort;37677;15465;6739;89710
1000;100;1;InsertionSort;758112;252698;0;738462
1000;100;1;BubbleSort;2004710;498939;251708;1222173
1000;100;1;MergeSort;19952;8689;0;130600
1000;100;1;CountingSort;3001;0;0;72220
1000;100;1;QuickSort;39374;16073;7103;79010
1000;100;1;InsertionSort;762900;254294;0;180400
1000;100;1;BubbleSort;2011514;499149;253304;546002
1000;100;1;MergeSort;19952;8700;0;118461
1000;100;1;CountingSort;3001;0;0;38220
1000;100;1;QuickSort;40728;17304;7142;84230
1000;100;1;InsertionSort;760983;253657;0;162170
1000;100;1;BubbleSort;2008534;498939;252664;548032
1000;100;1;MergeSort;19952;8710;0;119851
1000;100;1;CountingSort;3001;0;0;24770
1000;100;1;QuickSort;37055;16169;6301;76000
1000;100;1;InsertionSort;730907;243629;0;151540
1000;100;1;BubbleSort;1969350;499395;242640;1812345
1000;100;1;MergeSort;19952;8700;0;1178443
1000;100;1;CountingSort;3001;0;0;21950
1000;100;1;QuickSort;41538;17445;7363;75800
1000;100;1;InsertionSort;768300;256096;0;165920
1000;100;1;BubbleSort;2017690;498639;255103;687441
1000;100;1;MergeSort;19952;8705;0;118420
1000;100;1;CountingSort;3001;0;0;20660
1000;100;1;QuickSort;41517;17733;7256;70750
1000;100;1;InsertionSort;755976;251988;0;163900
1000;100;1;BubbleSort;2000530;498275;250995;683082
1000;100;1;MergeSort;19952;8694;0;83171
1000;100;1;CountingSort;3001;0;0;26080
1000;100;1;QuickSort;37936;16231;6573;55380
1000;100;1;InsertionSort;745227;248405;0;641522
1000;100;1;BubbleSort;1985786;498069;247412;1057233
1000;100;1;MergeSort;19952;8698;0;126230
1000;100;1;CountingSort;3001;0;0;21300
1000;100;1;QuickSort;41694;17298;7455;58300
1000;100;1;InsertionSort;780708;260234;0;1014453
1000;100;1;BubbleSort;2035946;499497;259238;1352484
1000;100;1;MergeSort;19952;8694;0;155461
1000;100;1;CountingSort;3001;0;0;22620
1000;100;1;QuickSort;39620;16769;6944;68300
1000;100;1;InsertionSort;751790;250592;0;139181
1000;100;1;BubbleSort;1996750;499175;249600;704502
1000;100;1;MergeSort;19952;8684;0;82410
1000;100;1;CountingSort;3001;0;0;54411
1000;100;1;QuickSort;39142;16288;6950;113531
1000;100;1;InsertionSort;733692;244558;0;179040
1000;100;1;BubbleSort;1968982;497355;243568;689471
1000;100;1;MergeSort;19952;8705;0;146610
1000;100;1;CountingSort;3001;0;0;31860
1000;100;1;QuickSort;38386;16288;6689;100181
1000;100;1;InsertionSort;773935;257975;0;1322533
1000;100;1;BubbleSort;2024374;498225;256981;1708664
1000;100;1;MergeSort;19952;8700;0;154830
1000;100;1;CountingSort;3001;0;0;16240
1000;100;1;QuickSort;38588;16337;6760;56470
1000;100;1;InsertionSort;762495;254161;0;854742
1000;100;1;BubbleSort;2009122;498225;253168;1406533
1000;100;1;MergeSort;19952;8671;0;83030
1000;100;1;CountingSort;3001;0;0;77161
1000;100;1;QuickSort;38162;16355;6603;83500
1000;100;1;InsertionSort;766955;255647;0;275241
1000;100;1;BubbleSort;2017608;499494;254655;629022
1000;100;1;MergeSort;19952;8716;0;158040
1000;100;1;CountingSort;3001;0;0;21220
1000;100;1;QuickSort;40713;17019;7227;59250
1000;100;1;InsertionSort;744338;248110;0;597002
1000;100;1;BubbleSort;1987154;499347;247115;1070863
1000;100;1;MergeSort;19952;8719;0;173471
1000;100;1;CountingSort;3001;0;0;22680
1000;100;1;QuickSort;39764;17039;6908;59010
1000;100;1;InsertionSort;765225;255069;0;986733
1000;100;1;BubbleSort;2015076;499380;254079;1433154
1000;100;1;MergeSort;19952;8695;0;191831
1000;100;1;CountingSort;3001;0;0;10710
1000;100;1;QuickSort;41474;17621;7280;68820
1000;100;1;InsertionSort;746176;248718;0;302181
1000;100;1;BubbleSort;1988660;498870;247730;886912
1000;100;1;MergeSort;19952;8722;0;184911
1000;100;1;CountingSort;3001;0;0;10220
1000;100;1;QuickSort;35549;15347;6063;69680
1000;100;1;InsertionSort;767065;255685;0;1047553
1000;100;1;BubbleSort;2016708;498972;254691;1575544
1000;100;1;MergeSort;19952;8712;0;124560
1000;100;1;CountingSort;3001;0;0;9080
1000;100;1;QuickSort;35752;15124;6212;75241
1000;100;1;InsertionSort;745885;248625;0;153411
1000;100;1;BubbleSort;1986102;497789;247631;668082
1000;100;1;MergeSort;19952;8706;0;148500
1000;100;1;CountingSort;3001;0;0;9110
1000;100;1;QuickSort;40761;16755;7348;71741
1000;100;1;InsertionSort;742317;247437;0;195790
1000;100;1;BubbleSort;1983642;498939;246441;671271
1000;100;1;MergeSort;19952;8730;0;140210
1000;100;1;CountingSort;3001;0;0;9920
1000;100;1;QuickSort;41412;17568;7280;137971
1000;100;1;InsertionSort;758514;252830;0;219091
1000;100;1;BubbleSort;2005182;498905;251843;829223
1000;100;1;MergeSort;19952;8702;0;140250
1000;100;1;CountingSort;3001;0;0;8940
1000;100;1;QuickSort;37183;15598;6520;55920
1000;100;1;InsertionSort;730622;243536;0;1124323
1000;100;1;BubbleSort;1964886;497355;242544;1469834
1000;100;1;MergeSort;19952;8709;0;225171
1000;100;1;CountingSort;3001;0;0;9400
1000;100;1;QuickSort;39350;16595;6916;59450
1000;100;1;InsertionSort;739808;246600;0;749222
1000;100;1;BubbleSort;1979068;498324;245605;1185624
1000;100;1;MergeSort;19952;8677;0;162080
1000;100;1;CountingSort;3001;0;0;9160
1000;100;1;QuickSort;44943;18303;8211;75820
1000;100;1;InsertionSort;739670;246550;0;232951
1000;100;1;BubbleSort;1980864;499310;245561;753012
1000;100;1;MergeSort;19952;8676;0;112251
1000;100;1;CountingSort;3001;0;0;9150
1000;100;1;QuickSort;35631;15186;6145;73200
1000;100;1;InsertionSort;754890;251624;0;240141
1000;100;1;BubbleSort;2001230;499347;250634;746922
1000;100;1;MergeSort;19952;8702;0;107520
1000;100;1;CountingSort;3001;0;0;7920
1000;100;1;QuickSort;37070;15641;6477;82000
1000;100;1;InsertionSort;767447;255815;0;152100
1000;100;1;BubbleSort;2013156;496944;254817;641311
1000;100;1;MergeSort;19952;8684;0;161330
1000;100;1;CountingSort;3001;0;0;15430
1000;100;1;QuickSort;41871;17577;7438;118460
1000;100;1;InsertionSort;730206;243396;0;153070
1000;100;1;BubbleSort;1967142;498759;242406;666022
1000;100;1;MergeSort;19952;8685;0;117280
1000;100;1;CountingSort;3001;0;0;15210
1000;100;1;QuickSort;36380;15923;6158;62371
1000;100;1;InsertionSort;740333;246771;0;861942
1000;100;1;BubbleSort;1979476;498174;245782;1414843
1000;100;1;MergeSort;19952;8702;0;197120
1000;100;1;CountingSort;3001;0;0;9320
1000;100;1;QuickSort;35632;15304;6111;65620
1000;100;1;InsertionSort;753223;251071;0;164260
1000;100;1;BubbleSort;1997146;498419;250077;665692
1000;100;1;MergeSort;19952;8699;0;125880
1000;100;1;CountingSort;3001;0;0;9520
1000;100;1;QuickSort;33861;15102;5585;67770
1000;100;1;InsertionSort;717510;239168;0;151021
1000;100;1;BubbleSort;1948382;497847;238172;659832
1000;100;1;MergeSort;19952;8683;0;93811
1000;100;1;CountingSort;3001;0;0;10110
1000;100;1;QuickSort;41043;16617;7465;75160
1000;100;1;InsertionSort;752891;250957;0;221211
1000;100;1;BubbleSort;1998762;499445;249968;622652
1000;100;1;MergeSort;19952;8711;0;129851
1000;100;1;CountingSort;3001;0;0;9070
1000;100;1;QuickSort;39165;16770;6800;61340
1000;100;1;InsertionSort;757419;252467;0;991552
1000;100;1;BubbleSort;2002746;498419;251477;1419863
1000;100;1;MergeSort;19952;8685;0;163860
1000;100;1;CountingSort;3001;0;0;9330
1000;100;1;QuickSort;37931;16103;6600;72690
1000;100;1;InsertionSort;766254;255414;0;157201
1000;100;1;BubbleSort;2013144;497730;254421;670092
1000;100;1;MergeSort;19952;8707;0;139361
1000;100;1;CountingSort;3001;0;0;9241
1000;100;1;QuickSort;38261;16028;6744;85590
1000;100;1;InsertionSort;769557;256515;0;196440
1000;100;1;BubbleSort;2020932;499422;255522;754682
1000;100;1;MergeSort;19952;8726;0;142880
1000;100;1;CountingSort;3001;0;0;8460
1000;100;1;QuickSort;40596;17304;7095;55500
1000;100;1;InsertionSort;756355;252115;0;146941
1000;100;1;BubbleSort;2001924;498720;251121;672282
1000;100;1;MergeSort;19952;8667;0;114020
1000;100;1;CountingSort;3001;0;0;11070
1000;100;1;QuickSort;38324;16061;6766;58091
1000;100;1;InsertionSort;751971;250653;0;210770
1000;100;1;BubbleSort;1992810;497085;249660;709232
1000;100;1;MergeSort;19952;8732;0;129601
1000;100;1;CountingSort;3001;0;0;7240
1000;100;1;QuickSort;38931;16908;6686;61900
1000;100;1;InsertionSort;724903;241631;0;741612
1000;100;1;BubbleSort;1958356;497904;240637;1300334
1000;100;1;MergeSort;19952;8679;0;130650
1000;100;1;CountingSort;3001;0;0;9080
1000;100;1;QuickSort;44629;19273;7789;57650
1000;100;1;InsertionSort;760615;253535;0;747142
1000;100;1;BubbleSort;2008612;499224;252541;1230163
1000;100;1;MergeSort;19952;8705;0;162041
1000;100;1;CountingSort;3001;0;0;10100
1000;100;1;QuickSort;37731;15669;6679;74080
1000;100;1;InsertionSort;764957;254979;0;189180
1000;100;1;BubbleSort;2011880;497960;253990;681841
1000;100;1;MergeSort;19952;8701;0;122640
1000;100;1;CountingSort;3001;0;0;8870
1000;100;1;QuickSort;38040;15729;6773;58470
1000;100;1;InsertionSort;752836;250940;0;240251
1000;100;1;BubbleSort;1998614;499409;249949;809392
1000;100;1;MergeSort;19952;8708;0;192801
1000;100;1;CountingSort;3001;0;0;9620
1000;100;1;QuickSort;40282;17602;6891;71320
1000;100;1;InsertionSort;760974;253652;0;227120
1000;100;1;BubbleSort;2008388;498870;252662;690571
1000;100;1;MergeSort;19952;8717;0;150660
1000;100;1;CountingSort;3001;0;0;8800
1000;100;1;QuickSort;38342;16139;6745;79391
1000;100;1;InsertionSort;749288;249760;0;1725984
1000;100;1;BubbleSort;1992168;498554;248765;2207946
1000;100;1;MergeSort;19952;8703;0;123020
1000;100;1;CountingSort;3001;0;0;9160
1000;100;1;QuickSort;41368;17470;7303;56660
1000;100;1;InsertionSort;773474;257818;0;904342
1000;100;1;BubbleSort;2025446;499065;256829;1286753
1000;100;1;MergeSort;19952;8707;0;157030
1000;100;1;CountingSort;3001;0;0;9020
1000;100;1;QuickSort;38413;16507;6626;76541
1000;100;1;InsertionSort;758411;252799;0;1353713
1000;100;1;BubbleSort;2004248;498510;251807;1849605
1000;100;1;MergeSort;19952;8694;0;125820
1000;100;1;CountingSort;3001;0;0;10270
1000;100;1;QuickSort;40860;17889;7001;68130
1000;100;1;InsertionSort;763523;254505;0;228741
1000;100;1;BubbleSort;2012908;499434;253510;674932
1000;100;1;MergeSort;19952;8705;0;143481
1000;100;1;CountingSort;3001;0;0;9030
1000;100;1;QuickSort;39192;16590;6876;56770
1000;100;1;InsertionSort;764874;254954;0;237230
1000;100;1;BubbleSort;2013512;498834;253961;814212
1000;100;1;MergeSort;19952;8681;0;190821
1000;100;1;CountingSort;3001;0;0;8940
1000;100;1;QuickSort;46849;19810;8357;58260
1000;100;1;InsertionSort;787445;262477;0;147980
1000;100;1;BubbleSort;2043218;498639;261485;778232
1000;100;1;MergeSort;19952;8719;0;155301
1000;100;1;CountingSort;3001;0;0;8940
1000;100;1;QuickSort;38717;16667;6685;58170
1000;100;1;InsertionSort;727806;242600;0;1085673
1000;100;1;BubbleSort;1965144;499364;241604;1468264
1000;100;1;MergeSort;19952;8669;0;224560
1000;100;1;CountingSort;3001;0;0;7930
1000;100;1;QuickSort;37802;15776;6673;80990
1000;100;1;InsertionSort;740486;246822;0;162771
1000;100;1;BubbleSort;1980610;498639;245833;744612
1000;100;1;MergeSort;19952;8716;0;134310
1000;100;1;CountingSort;3001;0;0;10520
1000;100;1;QuickSort;39024;16545;6841;74580
1000;100;1;InsertionSort;756128;252040;0;248131
1000;100;1;BubbleSort;2002188;499004;251045;848783
1000;100;1;MergeSort;19952;8697;0;164590
1000;100;1;CountingSort;3001;0;0;10910
1000;100;1;QuickSort;36345;15573;6259;75540
1000;100;1;InsertionSort;743147;247709;0;1623865
1000;100;1;BubbleSort;1985374;499247;246720;2079616
1000;100;1;MergeSort;19952;8698;0;117461
1000;100;1;CountingSort;3001;0;0;9020
1000;100;1;QuickSort;39234;17436;6607;78980
1000;100;1;InsertionSort;755627;251871;0;169321
1000;100;1;BubbleSort;1996966;496725;250879;675102
1000;100;1;MergeSort;19952;8719;0;120121
1000;100;1;CountingSort;3001;0;0;8800
1000;100;1;QuickSort;37479;15822;6553;82370
1000;100;1;InsertionSort;756954;252314;0;164170
1000;100;1;BubbleSort;2001834;498275;251321;535581
1000;100;1;MergeSort;19952;8704;0;115750
1000;100;1;CountingSort;3001;0;0;10660
1000;100;1;QuickSort;37654;16171;6495;58540
1000;100;1;InsertionSort;724692;241560;0;159251
1000;100;1;BubbleSort;1960806;499269;240567;665272
1000;100;1;MergeSort;19952;8715;0;182781
1000;100;1;CountingSort;3001;0;0;9150
1000;100;1;QuickSort;38727;15744;7001;56440
1000;100;1;InsertionSort;780786;260260;0;156340
1000;100;1;BubbleSort;2033800;498372;259264;696812
1000;100;1;MergeSort;19952;8699;0;151360
1000;100;1;CountingSort;3001;0;0;9230
1000;100;1;QuickSort;37198;16081;6372;73391
1000;100;1;InsertionSort;769539;256507;0;157681
1000;100;1;BubbleSort;2010356;494144;255517;699931
1000;100;1;MergeSort;19952;8689;0;130110
1000;100;1;CountingSort;3001;0;0;9011
1000;100;1;QuickSort;41307;17391;7308;70710
1000;100;1;InsertionSort;787350;262446;0;160150
1000;100;1;BubbleSort;2041950;498069;261453;698952
1000;100;1;MergeSort;19952;8720;0;121280
1000;100;1;CountingSort;3001;0;0;7510
1000;100;1;QuickSort;39271;16390;6957;57411
1000;100;1;InsertionSort;727910;242632;0;880582
1000;100;1;BubbleSort;1964804;499122;241640;1327663
1000;100;1;MergeSort;19952;8705;0;155240
1000;100;1;CountingSort;3001;0;0;12950
1000;100;1;QuickSort;37505;15788;6570;55641
1000;100;1;InsertionSort;778049;259345;0;1105543
1000;100;1;BubbleSort;2032400;499494;258353;1492594
1000;100;1;MergeSort;19952;8697;0;159310
1000;100;1;CountingSort;3001;0;0;10200
1000;100;1;QuickSort;41573;17828;7250;72520
1000;100;1;InsertionSort;757421;252471;0;157831
1000;100;1;BubbleSort;2000872;497484;251476;736012
1000;100;1;MergeSort;19952;8726;0;155181
1000;100;1;CountingSort;3001;0;0;9420
1000;100;1;QuickSort;33845;14528;5767;59780
1000;100;1;InsertionSort;763514;254502;0;726682
1000;100;1;BubbleSort;2011136;498554;253507;1162393
1000;100;1;MergeSort;19952;8739;0;146021
1000;100;1;CountingSort;3001;0;0;7790
1000;100;1;QuickSort;39231;16557;6890;45881
1000;100;1;InsertionSort;731914;243966;0;137500
1000;100;1;BubbleSort;1966740;497420;242975;580232
1000;100;1;MergeSort;19952;8715;0;135210
1000;100;1;CountingSort;3001;0;0;10400
1000;100;1;QuickSort;41187;17301;7286;57610
1000;100;1;InsertionSort;726247;242077;0;804262
1000;100;1;BubbleSort;1962414;499035;241086;1225203
1000;100;1;MergeSort;19952;8703;0;178050
1000;100;1;CountingSort;3001;0;0;21480
1000;100;1;QuickSort;43457;18749;7571;66400
1000;100;1;InsertionSort;742639;247543;0;795052
1000;100;1;BubbleSort;1983790;498797;246549;1349874
1000;100;1;MergeSort;19952;8747;0;157420
1000;100;1;CountingSort;3001;0;0;9060
1000;100;1;QuickSort;38240;16463;6593;65241
1000;100;1;InsertionSort;756432;252140;0;969093
1000;100;1;BubbleSort;2003378;499395;251147;1538105
1000;100;1;MergeSort;19952;8704;0;154160
1000;100;1;CountingSort;3001;0;0;9130
1000;100;1;QuickSort;38848;16465;6791;71260
1000;100;1;InsertionSort;740552;246846;0;804112
1000;100;1;BubbleSort;1982260;499422;245854;1263643
1000;100;1;MergeSort;19952;8729;0;110200
1000;100;1;CountingSort;3001;0;0;10310
1000;100;1;QuickSort;41873;17384;7491;60840
1000;100;1;InsertionSort;754835;251605;0;151910
1000;100;1;BubbleSort;2000594;499065;250616;660541
1000;100;1;MergeSort;19952;8698;0;109280
1000;100;1;CountingSort;3001;0;0;9720
1000;100;1;QuickSort;35754;15012;6244;59160
1000;100;1;InsertionSort;741616;247202;0;1088363
1000;100;1;BubbleSort;1979542;497355;246208;1435574
1000;100;1;MergeSort;19952;8729;0;159691
1000;100;1;CountingSort;3001;0;0;9500
1000;100;1;QuickSort;39416;16568;6946;55660
1000;100;1;InsertionSort;744956;248312;0;136481
1000;100;1;BubbleSort;1986886;498797;247323;676822
1000;100;1;MergeSort;19952;8713;0;113470
1000;100;1;CountingSort;3001;0;0;9540
1000;100;1;QuickSort;37051;15742;6433;65260
1000;100;1;InsertionSort;733932;244640;0;1298103
1000;100;1;BubbleSort;1968186;496799;243647;1815695
1000;100;1;MergeSort;19952;8712;0;109431
1000;100;1;CountingSort;3001;0;0;9410
1000;100;1;QuickSort;42904;17914;7665;73530
1000;100;1;InsertionSort;723917;241301;0;152550
1000;100;1;BubbleSort;1960054;499409;240309;740632
1000;100;1;MergeSort;19952;8684;0;156620
1000;100;1;CountingSort;3001;0;0;9820
1000;100;1;QuickSort;38349;16035;6769;65020
1000;100;1;InsertionSort;743596;247864;0;839862
1000;100;1;BubbleSort;1981776;497154;246867;1404504
1000;100;1;MergeSort;19952;8697;0;161180
1000;100;1;CountingSort;3001;0;0;9510
1000;100;1;QuickSort;40071;16788;7084;76310
1000;100;1;InsertionSort;777130;259038;0;177530
1000;100;1;BubbleSort;2031098;499455;258047;676552
1000;100;1;MergeSort;19952;8733;0;124890
1000;100;1;CountingSort;3001;0;0;15100
1000;100;1;QuickSort;36949;16135;6274;59771
1000;100;1;InsertionSort;727902;242630;0;857022
1000;100;1;BubbleSort;1962998;498225;241637;1302133
1000;100;1;MergeSort;19952;8664;0;161310
1000;100;1;CountingSort;3001;0;0;9160
1000;100;1;QuickSort;40269;16761;7165;67561
1000;100;1;InsertionSort;738213;246065;0;147851
1000;100;1;BubbleSort;1978178;498939;245075;681721
1000;100;1;MergeSort;19952;8727;0;118060
1000;100;1;CountingSort;3001;0;0;8210
1000;100;1;QuickSort;45315;19038;8091;59420
1000;100;1;InsertionSort;732773;244253;0;650412
1000;100;1;BubbleSort;1971342;499149;243261;1239123
1000;100;1;MergeSort;19952;8722;0;158301
1000;100;1;CountingSort;3001;0;0;8570
1000;100;1;QuickSort;46722;19275;8483;76611
1000;100;1;InsertionSort;743764;247912;0;980772
1000;100;1;BubbleSort;1984546;498419;246927;1397803
1000;100;1;MergeSort;19952;8697;0;171080
1000;100;1;CountingSort;3001;0;0;8840
1000;100;1;QuickSort;39131;16157;6988;60480
1000;100;1;InsertionSort;742474;247486;0;1181623
1000;100;1;BubbleSort;1980288;497154;246495;1542554
1000;100;1;MergeSort;19952;8725;0;231311
1000;100;1;CountingSort;3001;0;0;7520
1000;100;1;QuickSort;34838;15212;5880;56730
1000;100;1;InsertionSort;733864;244618;0;817862
1000;100;1;BubbleSort;1972374;498939;243624;1323243
1000;100;1;MergeSort;19952;8699;0;112150
1000;100;1;CountingSort;3001;0;0;37490
1000;100;1;QuickSort;37372;15832;6510;90020
1000;100;1;InsertionSort;760929;253639;0;185851
1000;100;1;BubbleSort;2006828;498122;252646;657881
1000;100;1;MergeSort;19952;8725;0;110840
1000;100;1;CountingSort;3001;0;0;9420
1000;100;1;QuickSort;38127;16185;6644;57950
1000;100;1;InsertionSort;738942;246310;0;136340
1000;100;1;BubbleSort;1977406;498069;245317;767803
1000;100;1;MergeSort;19952;8693;0;160650
1000;100;1;CountingSort;3001;0;0;9780
1000;100;1;QuickSort;37110;15969;6385;59890
1000;100;1;InsertionSort;730919;243633;0;1023213
1000;100;1;BubbleSort;1967320;498372;242644;1387124
1000;100;1;MergeSort;19952;8720;0;158070
1000;100;1;CountingSort;3001;0;0;15080
1000;100;1;QuickSort;33840;14277;5866;74130
1000;100;1;InsertionSort;785820;261938;0;165941
1000;100;1;BubbleSort;2041646;498939;260942;737161
1000;100;1;MergeSort;19952;8720;0;126420
1000;100;1;CountingSort;3001;0;0;16520
1000;100;1;QuickSort;35476;15271;6072;61540
1000;100;1;InsertionSort;719182;239724;0;207061
1000;100;1;BubbleSort;1948370;496725;238730;743882
1000;100;1;MergeSort;19952;8731;0;127521
1000;100;1;CountingSort;3001;0;0;9330
1000;100;1;QuickSort;37307;15992;6429;69581
1000;100;1;InsertionSort;756650;252212;0;1335683
1000;100;1;BubbleSort;2003724;499422;251220;1842815
1000;100;1;MergeSort;19952;8713;0;113370
1000;100;1;CountingSort;3001;0;0;9680
1000;100;1;QuickSort;45978;18864;8363;79821
1000;100;1;InsertionSort;730570;243518;0;217881
1000;100;1;BubbleSort;1966246;498069;242527;679052
1000;100;1;MergeSort;19952;8683;0;156950
1000;100;2;CountingSort;3001;0;0;192511
1000;100;2;QuickSort;39167;15938;7074;1436234
1000;100;2;InsertionSort;757243;252409;0;6866169
1000;100;2;BubbleSort;2003802;499065;251418;8978054
1000;100;2;MergeSort;19952;8700;0;1045902
1000;100;2;CountingSort;3001;0;0;117190
1000;100;2;QuickSort;36120;15816;6093;215170
1000;100;2;InsertionSort;762461;254151;0;2196306
1000;100;2;BubbleSort;2010292;498834;253156;2769907
1000;100;2;MergeSort;19952;8710;0;144881
1000;100;2;CountingSort;3001;0;0;117710
1000;100;2;QuickSort;49223;20303;8972;324251
1000;100;2;InsertionSort;742650;247546;0;551852
1000;100;2;BubbleSort;1984660;499224;246553;1537104
1000;100;2;MergeSort;19952;8700;0;162941
1000;100;2;CountingSort;3001;0;0;129961
1000;100;2;QuickSort;36562;15952;6206;689332
1000;100;2;InsertionSort;748425;249473;0;409101
1000;100;2;BubbleSort;1992878;499485;248477;1373763
1000;100;2;MergeSort;19952;8673;0;150140
1000;100;2;CountingSort;3001;0;0;115921
1000;100;2;QuickSort;42328;17545;7601;909473
1000;100;2;InsertionSort;761492;253826;0;406831
1000;100;2;BubbleSort;2010246;499455;252834;798082
1000;100;2;MergeSort;19952;8722;0;120230
1000;100;2;CountingSort;3001;0;0;145740
1000;100;2;QuickSort;38038;15871;6722;196480
1000;100;2;InsertionSort;766610;255530;0;223041
1000;100;2;BubbleSort;2016514;499175;254541;763342
1000;100;2;MergeSort;19952;8719;0;147451
1000;100;2;CountingSort;3001;0;0;126330
1000;100;2;QuickSort;38246;16145;6707;121840
1000;100;2;InsertionSort;749036;249674;0;265261
1000;100;2;BubbleSort;1993618;499445;248682;791572
1000;100;2;MergeSort;19952;8687;0;172131
1000;100;2;CountingSort;3001;0;0;119070
1000;100;2;QuickSort;36379;15331;6348;127160
1000;100;2;InsertionSort;751650;250544;0;205430
1000;100;2;BubbleSort;1991210;496497;249554;830042
1000;100;2;MergeSort;19952;8733;0;142170
1000;100;2;CountingSort;3001;0;0;124781
1000;100;2;QuickSort;39435;16416;7009;125160
1000;100;2;InsertionSort;736650;245546;0;222260
1000;100;2;BubbleSort;1967312;494550;244553;746722
1000;100;2;MergeSort;19952;8672;0;127540
1000;100;2;CountingSort;3001;0;0;104870
1000;100;2;QuickSort;34383;14622;5929;105330
1000;100;2;InsertionSort;751247;250411;0;218150
1000;100;2;BubbleSort;1994324;498324;249419;668632
1000;100;2;MergeSort;19952;8728;0;106200
1000;100;2;CountingSort;3001;0;0;96130
1000;100;2;QuickSort;45063;19140;7960;106170
1000;100;2;InsertionSort;774545;258177;0;170391
1000;100;2;BubbleSort;2027698;499479;257185;627182
1000;100;2;MergeSort;19952;8710;0;138751
1000;100;2;CountingSort;3001;0;0;102241
1000;100;2;QuickSort;35756;15062;6239;125521
1000;100;2;InsertionSort;744008;247998;0;193040
1000;100;2;BubbleSort;1986868;499422;247006;697312
1000;100;2;MergeSort;19952;8691;0;140940
1000;100;2;CountingSort;3001;0;0;124301
1000;100;2;QuickSort;40339;16855;7167;150621
1000;100;2;InsertionSort;744616;248202;0;163940
1000;100;2;BubbleSort;1987790;499479;247208;537001
1000;100;2;MergeSort;19952;8705;0;143260
1000;100;2;CountingSort;3001;0;0;175500
1000;100;2;QuickSort;36709;15697;6340;159490
1000;100;2;InsertionSort;744462;248150;0;168110
1000;100;2;BubbleSort;1987556;499464;247157;545761
1000;100;2;MergeSort;19952;8714;0;139300
1000;100;2;CountingSort;3001;0;0;119251
1000;100;2;QuickSort;42292;17335;7650;136651
1000;100;2;InsertionSort;741770;247250;0;186680
1000;100;2;BubbleSort;1983444;499200;246261;678332
1000;100;2;MergeSort;19952;8665;0;98720
1000;100;2;CountingSort;3001;0;0;127350
1000;100;2;QuickSort;41287;17515;7278;133010
1000;100;2;InsertionSort;780312;260102;0;242311
1000;100;2;BubbleSort;2027414;495495;259106;608652
1000;100;2;MergeSort;19952;8683;0;149580
1000;100;2;CountingSort;3001;0;0;35290
1000;100;2;QuickSort;39984;16725;7089;46520
1000;100;2;InsertionSort;727310;242434;0;206571
1000;100;2;BubbleSort;1961096;497670;241439;594252
1000;100;2;MergeSort;19952;8695;0;130250
1000;100;2;CountingSort;3001;0;0;30190
1000;100;2;QuickSort;44784;18636;8054;74970
1000;100;2;InsertionSort;758257;252749;0;135411
1000;100;2;BubbleSort;2003158;498069;251755;674152
1000;100;2;MergeSort;19952;8722;0;152740
1000;100;2;CountingSort;3001;0;0;16440
1000;100;2;QuickSort;42994;18526;7491;70370
1000;100;2;InsertionSort;749994;249992;0;152550
1000;100;2;BubbleSort;1991348;497670;249002;544591
1000;100;2;MergeSort;19952;8677;0;123600
1000;100;2;CountingSort;3001;0;0;17590
1000;100;2;QuickSort;40524;16557;7320;70710
1000;100;2;InsertionSort;764104;254698;0;157230
1000;100;2;BubbleSort;2012694;498939;253704;755082
1000;100;2;MergeSort;19952;8689;0;147380
1000;100;2;CountingSort;3001;0;0;20210
1000;100;2;QuickSort;37718;15578;6723;80010
1000;100;2;InsertionSort;735675;245219;0;217221
1000;100;2;BubbleSort;1973564;498324;244229;715902
1000;100;2;MergeSort;19952;8671;0;155641
1000;100;2;CountingSort;3001;0;0;1876955
1000;100;2;QuickSort;38051;16217;6614;67220
1000;100;2;InsertionSort;762847;254277;0;156350
1000;100;2;BubbleSort;2004834;495845;253286;672532
1000;100;2;MergeSort;19952;8737;0;1825665
1000;100;2;CountingSort;3001;0;0;20740
1000;100;2;QuickSort;42513;17598;7630;58420
1000;100;2;InsertionSort;743743;247911;0;174520
1000;100;2;BubbleSort;1983698;498015;246917;794772
1000;100;2;MergeSort;19952;8679;0;131510
1000;100;2;CountingSort;3001;0;0;25790
1000;100;2;QuickSort;38620;16594;6673;57440
1000;100;2;InsertionSort;764075;254687;0;145461
1000;100;2;BubbleSort;2013130;499175;253695;759032
1000;100;2;MergeSort;19952;8711;0;99061
1000;100;2;CountingSort;3001;0;0;20870
1000;100;2;QuickSort;36832;15628;6407;58730
1000;100;2;InsertionSort;736074;245348;0;124830
1000;100;2;BubbleSort;1975950;499247;244364;824372
1000;100;2;MergeSort;19952;8716;0;144070
1000;100;2;CountingSort;3001;0;0;22700
1000;100;2;QuickSort;35251;15001;6084;45710
1000;100;2;InsertionSort;746661;248881;0;141980
1000;100;2;BubbleSort;1988114;498275;247891;717912
1000;100;2;MergeSort;19952;8702;0;103670
1000;100;2;CountingSort;3001;0;0;19130
1000;100;2;QuickSort;38418;16323;6700;72340
1000;100;2;InsertionSort;718712;239566;0;154221
1000;100;2;BubbleSort;1952876;499290;238574;695682
1000;100;2;MergeSort;19952;8722;0;122730
1000;100;2;CountingSort;3001;0;0;18290
1000;100;2;QuickSort;36441;15561;6301;70140
1000;100;2;InsertionSort;787705;262565;0;179371
1000;100;2;BubbleSort;2043304;498510;261571;560292
1000;100;2;MergeSort;19952;8670;0;89901
1000;100;2;CountingSort;3001;0;0;20470
1000;100;2;QuickSort;40631;16913;7238;52001
1000;100;2;InsertionSort;778487;259489;0;182870
1000;100;2;BubbleSort;2032244;499122;258500;601111
1000;100;2;MergeSort;19952;8732;0;132810
1000;100;2;CountingSort;3001;0;0;22170
1000;100;2;QuickSort;38316;15987;6769;45401
1000;100;2;InsertionSort;756341;252107;0;167410
1000;100;2;BubbleSort;2001402;498465;251118;697741
1000;100;2;MergeSort;19952;8688;0;96630
1000;100;2;CountingSort;3001;0;0;36320
1000;100;2;QuickSort;39611;16622;6986;79061
1000;100;2;InsertionSort;740094;246692;0;138940
1000;100;2;BubbleSort;1980168;498680;245702;759342
1000;100;2;MergeSort;19952;8748;0;137450
1000;100;2;CountingSort;3001;0;0;39160
1000;100;2;QuickSort;37466;15746;6571;326561
1000;100;2;InsertionSort;756500;252164;0;138810
1000;100;2;BubbleSort;1997670;496497;251169;639292
1000;100;2;MergeSort;19952;8673;0;96250
1000;100;2;CountingSort;3001;0;0;21920
1000;100;2;QuickSort;39652;16453;7068;60020
1000;100;2;InsertionSort;774932;258306;0;145250
1000;100;2;BubbleSort;2024096;497420;257314;663681
1000;100;2;MergeSort;19952;8695;0;167030
1000;100;2;CountingSort;3001;0;0;69800
1000;100;2;QuickSort;40832;16916;7304;81211
1000;100;2;InsertionSort;763793;254593;0;146831
1000;100;2;BubbleSort;2013098;499347;253601;694221
1000;100;2;MergeSort;19952;8700;0;163020
1000;100;2;CountingSort;3001;0;0;20110
1000;100;2;QuickSort;36629;16787;5956;70841
1000;100;2;InsertionSort;748066;249354;0;155321
1000;100;2;BubbleSort;1989776;498174;248357;596771
1000;100;2;MergeSort;19952;8699;0;92400
1000;100;2;CountingSort;3001;0;0;23060
1000;100;2;QuickSort;44307;18282;8000;88920
1000;100;2;InsertionSort;759753;253245;0;125170
1000;100;2;BubbleSort;2007468;499224;252255;678112
1000;100;2;MergeSort;19952;8689;0;162621
1000;100;2;CountingSort;3001;0;0;28030
1000;100;2;QuickSort;36284;14945;6441;80010
1000;100;2;InsertionSort;756477;252155;0;151311
1000;100;2;BubbleSort;2002946;499149;251162;680022
1000;100;2;MergeSort;19952;8717;0;187230
1000;100;2;CountingSort;3001;0;0;32410
1000;100;2;QuickSort;44836;18304;8178;54620
1000;100;2;InsertionSort;756309;252097;0;120091
1000;100;2;BubbleSort;2002096;498834;251107;793822
1000;100;2;MergeSort;19952;8725;0;191720
1000;100;2;CountingSort;3001;0;0;21080
1000;100;2;QuickSort;39406;16549;6954;57190
1000;100;2;InsertionSort;759540;253176;0;598691
1000;100;2;BubbleSort;2006250;498759;252183;965163
1000;100;2;MergeSort;19952;8679;0;154001
1000;100;2;CountingSort;3001;0;0;10430
1000;100;2;QuickSort;38412;16002;6791;45980
1000;100;2;InsertionSort;752257;250747;0;651352
1000;100;2;BubbleSort;1997752;499364;249756;1049863
1000;100;2;MergeSort;19952;8706;0;168161
1000;100;2;CountingSort;3001;0;0;9220
1000;100;2;QuickSort;44074;18415;7893;48230
1000;100;2;InsertionSort;757050;252346;0;1173703
1000;100;2;BubbleSort;2004230;499409;251353;1593614
1000;100;2;MergeSort;19952;8713;0;165231
1000;100;2;CountingSort;3001;0;0;9280
1000;100;2;QuickSort;41857;17248;7543;80990
1000;100;2;InsertionSort;745600;248530;0;323901
1000;100;2;BubbleSort;1983888;496872;247536;725552
1000;100;2;MergeSort;19952;8734;0;96831
1000;100;2;CountingSort;3001;0;0;9760
1000;100;2;QuickSort;42266;17972;7426;53920
1000;100;2;InsertionSort;772184;257390;0;180650
1000;100;2;BubbleSort;2024130;499269;256398;719892
1000;100;2;MergeSort;19952;8691;0;105011
1000;100;2;CountingSort;3001;0;0;7380
1000;100;2;QuickSort;38030;16043;6660;56290
1000;100;2;InsertionSort;752844;250942;0;237411
1000;100;2;BubbleSort;1997548;498870;249952;1023893
1000;100;2;MergeSort;19952;8716;0;200521
1000;100;2;CountingSort;3001;0;0;10500
1000;100;2;QuickSort;37530;15882;6551;57880
1000;100;2;InsertionSort;754041;251343;0;851602
1000;100;2;BubbleSort;1999278;498939;250350;1263803
1000;100;2;MergeSort;19952;8694;0;146881
1000;100;2;CountingSort;3001;0;0;7530
1000;100;2;QuickSort;36858;15681;6397;56491
1000;100;2;InsertionSort;738907;246297;0;659482
1000;100;2;BubbleSort;1979102;498939;245306;1111313
1000;100;2;MergeSort;19952;8706;0;121390
1000;100;2;CountingSort;3001;0;0;9060
1000;100;2;QuickSort;36665;15515;6384;65750
1000;100;2;InsertionSort;762730;254238;0;187670
1000;100;2;BubbleSort;2010506;498759;253247;633342
1000;100;2;MergeSort;19952;8721;0;145271
1000;100;2;CountingSort;3001;0;0;9870
1000;100;2;QuickSort;39652;16819;6929;57410
1000;100;2;InsertionSort;741708;247234;0;128301
1000;100;2;BubbleSort;1979122;497085;246238;623032
1000;100;2;MergeSort;19952;8715;0;141011
1000;100;2;CountingSort;3001;0;0;8770
1000;100;2;QuickSort;37038;15471;6516;50780
1000;100;2;InsertionSort;749431;249805;0;962742
1000;100;2;BubbleSort;1990834;497789;248814;1214063
1000;100;2;MergeSort;19952;8693;0;141790
1000;100;2;CountingSort;3001;0;0;7300
1000;100;2;QuickSort;40027;16378;7224;45190
1000;100;2;InsertionSort;756634;252206;0;110771
1000;100;2;BubbleSort;2003480;499310;251215;656811
1000;100;2;MergeSort;19952;8710;0;126170
1000;100;2;CountingSort;3001;0;0;8970
1000;100;2;QuickSort;41431;17869;7193;57810
1000;100;2;InsertionSort;754656;251550;0;1127763
1000;100;2;BubbleSort;2000224;499004;250554;1661535
1000;100;2;MergeSort;19952;8709;0;127960
1000;100;2;CountingSort;3001;0;0;7530
1000;100;2;QuickSort;43715;18401;7776;80810
1000;100;2;InsertionSort;770104;256696;0;985432
1000;100;2;BubbleSort;2020890;499035;255705;1503704
1000;100;2;MergeSort;19952;8692;0;125170
1000;100;2;CountingSort;3001;0;0;9520
1000;100;2;QuickSort;38937;15924;7022;71380
1000;100;2;InsertionSort;768458;256148;0;177881
1000;100;2;BubbleSort;2017818;498597;255156;738652
1000;100;2;MergeSort;19952;8723;0;127771
1000;100;2;CountingSort;3001;0;0;7200
1000;100;2;QuickSort;38331;17055;6426;64850
1000;100;2;InsertionSort;744610;248198;0;148830
1000;100;2;BubbleSort;1984288;497730;247207;733812
1000;100;2;MergeSort;19952;8704;0;114040
1000;100;2;CountingSort;3001;0;0;9200
1000;100;2;QuickSort;36225;15330;6301;57210
1000;100;2;InsertionSort;762887;254291;0;822402
1000;100;2;BubbleSort;2010034;498419;253299;1375704
1000;100;2;MergeSort;19952;8681;0;160501
1000;100;2;CountingSort;3001;0;0;9020
1000;100;2;QuickSort;42496;18205;7430;77191
1000;100;2;InsertionSort;772615;257531;0;1244874
1000;100;2;BubbleSort;2024752;499290;256543;1756614
1000;100;2;MergeSort;19952;8682;0;95380
1000;100;2;CountingSort;3001;0;0;9150
1000;100;2;QuickSort;45435;19401;8010;76221
1000;100;2;InsertionSort;753473;251151;0;171291
1000;100;2;BubbleSort;1999376;499364;250162;536532
1000;100;2;MergeSort;19952;8696;0;114540
1000;100;2;CountingSort;3001;0;0;9960
1000;100;2;QuickSort;35144;15521;5871;68290
1000;100;2;InsertionSort;728158;242716;0;189630
1000;100;2;BubbleSort;1956186;494649;241722;699452
1000;100;2;MergeSort;19952;8731;0;91830
1000;100;2;CountingSort;3001;0;0;9020
1000;100;2;QuickSort;36706;15724;6328;70750
1000;100;2;InsertionSort;751310;250432;0;162220
1000;100;2;BubbleSort;1995278;498759;249440;732372
1000;100;2;MergeSort;19952;8689;0;89950
1000;100;2;CountingSort;3001;0;0;9190
1000;100;2;QuickSort;36686;15296;6463;84240
1000;100;2;InsertionSort;736830;245608;0;225850
1000;100;2;BubbleSort;1975642;498597;244612;740352
1000;100;2;MergeSort;19952;8699;0;109870
1000;100;2;CountingSort;3001;0;0;8840
1000;100;2;QuickSort;37149;15828;6442;57440
1000;100;2;InsertionSort;750489;250161;0;171181
1000;100;2;BubbleSort;1992354;497847;249165;756573
1000;100;2;MergeSort;19952;8700;0;157651
1000;100;2;CountingSort;3001;0;0;8980
1000;100;2;QuickSort;39432;16269;7048;75780
1000;100;2;InsertionSort;753262;251082;0;570581
1000;100;2;BubbleSort;1998032;498834;250091;1042323
1000;100;2;MergeSort;19952;8669;0;126740
1000;100;2;CountingSort;3001;0;0;9020
1000;100;2;QuickSort;37235;15632;6533;66690
1000;100;2;InsertionSort;742457;247481;0;125740
1000;100;2;BubbleSort;1982304;498174;246489;635342
1000;100;2;MergeSort;19952;8711;0;119391
1000;100;2;CountingSort;3001;0;0;9160
1000;100;2;QuickSort;38293;15901;6794;80200
1000;100;2;InsertionSort;738890;246292;0;197200
1000;100;2;BubbleSort;1972010;495405;245300;667912
1000;100;2;MergeSort;19952;8741;0;157291
1000;100;2;CountingSort;3001;0;0;14460
1000;100;2;QuickSort;38914;16636;6764;57331
1000;100;2;InsertionSort;754416;251464;0;135570
1000;100;2;BubbleSort;2000566;499329;250477;846313
1000;100;2;MergeSort;19952;8727;0;149370
1000;100;2;CountingSort;3001;0;0;9170
1000;100;2;QuickSort;38992;16468;6845;65621
1000;100;2;InsertionSort;748188;249394;0;157450
1000;100;2;BubbleSort;1992436;499422;248398;812272
1000;100;2;MergeSort;19952;8676;0;178370
1000;100;2;CountingSort;3001;0;0;8840
1000;100;2;QuickSort;38825;16580;6753;67031
1000;100;2;InsertionSort;787211;262399;0;138770
1000;100;2;BubbleSort;2044496;499434;261407;752892
1000;100;2;MergeSort;19952;8697;0;114020
1000;100;2;CountingSort;3001;0;0;9060
1000;100;2;QuickSort;40011;17010;6999;77581
1000;100;2;InsertionSort;761987;253991;0;137111
1000;100;2;BubbleSort;2009514;498759;252999;622951
1000;100;2;MergeSort;19952;8695;0;112900
1000;100;2;CountingSort;3001;0;0;9250
1000;100;2;QuickSort;38242;16534;6569;67090
1000;100;2;InsertionSort;734485;244825;0;214601
1000;100;2;BubbleSort;1973202;498939;243831;729862
1000;100;2;MergeSort;19952;8694;0;155501
1000;100;2;CountingSort;3001;0;0;9000
1000;100;2;QuickSort;43115;18344;7591;70870
1000;100;2;InsertionSort;732283;244089;0;150020
1000;100;2;BubbleSort;1968312;497960;243098;527851
1000;100;2;MergeSort;19952;8705;0;89950
1000;100;2;CountingSort;3001;0;0;8990
1000;100;2;QuickSort;36140;15065;6352;71290
1000;100;2;InsertionSort;743711;247901;0;1278343
1000;100;2;BubbleSort;1985568;498972;246906;1655544
1000;100;2;MergeSort;19952;8712;0;100531
1000;100;2;CountingSort;3001;0;0;9340
1000;100;2;QuickSort;43074;18741;7448;84981
1000;100;2;InsertionSort;762390;254122;0;1368163
1000;100;2;BubbleSort;2011408;499434;253135;1864155
1000;100;2;MergeSort;19952;8718;0;114730
1000;100;2;CountingSort;3001;0;0;10120
1000;100;2;QuickSort;38486;16919;6526;95770
1000;100;2;InsertionSort;752716;250900;0;1133163
1000;100;2;BubbleSort;1998396;499380;249909;1648215
1000;100;2;MergeSort;19952;8736;0;117600
1000;100;2;CountingSort;3001;0;0;8930
1000;100;2;QuickSort;37784;16472;6450;67980
1000;100;2;InsertionSort;761331;253771;0;792382
1000;100;2;BubbleSort;2009002;498939;252781;1359343
1000;100;2;MergeSort;19952;8742;0;157890
1000;100;2;CountingSort;3001;0;0;9020
1000;100;2;QuickSort;37913;16079;6612;45710
1000;100;2;InsertionSort;778952;259646;0;229611
1000;100;2;BubbleSort;2030194;497789;258654;811453
1000;100;2;MergeSort;19952;8714;0;143901
1000;100;2;CountingSort;3001;0;0;7670
1000;100;2;QuickSort;41583;17346;7412;72141
1000;100;2;InsertionSort;756945;252309;0;224951
1000;100;2;BubbleSort;2004166;499445;251319;642461
1000;100;2;MergeSort;19952;8668;0;128760
1000;100;2;CountingSort;3001;0;0;9330
1000;100;2;QuickSort;41539;18031;7163;65630
1000;100;2;InsertionSort;767454;255814;0;238091
1000;100;2;BubbleSort;2018074;499395;254821;615891
1000;100;2;MergeSort;19952;8670;0;132030
1000;100;2;CountingSort;3001;0;0;12830
1000;100;2;QuickSort;35811;15063;6247;75410
1000;100;2;InsertionSort;788287;262759;0;245651
1000;100;2;BubbleSort;2044728;498834;261765;641372
1000;100;2;MergeSort;19952;8713;0;135420
1000;100;2;CountingSort;3001;0;0;14290
1000;100;2;QuickSort;38890;15829;7022;71890
1000;100;2;InsertionSort;735237;245073;0;159810
1000;100;2;BubbleSort;1973850;498759;244083;540121
1000;100;2;MergeSort;19952;8736;0;133610
1000;100;2;CountingSort;3001;0;0;8910
1000;100;2;QuickSort;37500;16260;6416;72810
1000;100;2;InsertionSort;748538;249510;0;171821
1000;100;2;BubbleSort;1988230;497085;248515;633152
1000;100;2;MergeSort;19952;8716;0;97791
1000;100;2;CountingSort;3001;0;0;9930
1000;100;2;QuickSort;36860;15641;6403;71800
1000;100;2;InsertionSort;768480;256154;0;171630
1000;100;2;BubbleSort;2018664;499004;255164;681541
1000;100;2;MergeSort;19952;8685;0;90150
1000;100;2;CountingSort;3001;0;0;9160
1000;100;2;QuickSort;39675;16494;7062;74020
1000;100;2;InsertionSort;729594;243190;0;171990
1000;100;2;BubbleSort;1966252;498720;242203;652142
1000;100;2;MergeSort;19952;8719;0;94350
1000;100;2;CountingSort;3001;0;0;9010
1000;100;2;QuickSort;37732;16234;6509;59760
1000;100;2;InsertionSort;733569;244515;0;1575794
1000;100;2;BubbleSort;1970760;498324;243528;1892025
1000;100;2;MergeSort;19952;8675;0;114490
1000;100;2;CountingSort;3001;0;0;9070
1000;100;2;QuickSort;40036;16339;7232;51240
1000;100;2;InsertionSort;738015;246001;0;1345424
1000;100;2;BubbleSort;1969330;494649;245008;1835805
1000;100;2;MergeSort;19952;8703;0;90360
1000;100;2;CountingSort;3001;0;0;11270
1000;100;2;QuickSort;36468;15261;6406;68800
1000;100;2;InsertionSort;743851;247947;0;1538165
1000;100;2;BubbleSort;1986306;499247;246953;1868176
1000;100;2;MergeSort;19952;8720;0;91200
1000;100;2;CountingSort;3001;0;0;15100
1000;100;2;QuickSort;36988;15772;6405;57650
1000;100;2;InsertionSort;757555;252515;0;679802
1000;100;2;BubbleSort;1997944;495930;251521;1218524
1000;100;2;MergeSort;19952;8688;0;160341
1000;100;2;CountingSort;3001;0;0;15650
1000;100;2;QuickSort;40083;16806;7094;46671
1000;100;2;InsertionSort;731234;243742;0;884043
1000;100;2;BubbleSort;1968266;498639;242747;1294093
1000;100;2;MergeSort;19952;8698;0;119560
1000;100;2;CountingSort;3001;0;0;9200
1000;100;2;QuickSort;41280;17928;7104;66210
1000;100;2;InsertionSort;742228;247404;0;171090
1000;100;2;BubbleSort;1984562;499455;246413;626571
1000;100;2;MergeSort;19952;8733;0;146600
1000;100;2;CountingSort;3001;0;0;9990
1000;100;2;QuickSort;36199;15142;6351;62050
1000;100;2;InsertionSort;714878;238288;0;220441
1000;100;2;BubbleSort;1948052;499434;237296;658182
1000;100;2;MergeSort;19952;8691;0;183081
1000;100;2;CountingSort;3001;0;0;12160
1000;100;2;QuickSort;40164;16707;7150;56960
1000;100;2;InsertionSort;749263;249749;0;146560
1000;100;2;BubbleSort;1993652;499310;248758;765042
1000;100;2;MergeSort;19952;8713;0;129350
1000;100;2;CountingSort;3001;0;0;9010
1000;100;2;QuickSort;36515;15437;6360;71410
1000;100;2;InsertionSort;735938;245308;0;226010
1000;100;2;BubbleSort;1971974;497355;244316;623741
1000;100;2;MergeSort;19952;8707;0;111890
1000;100;2;CountingSort;3001;0;0;9200
1000;100;2;QuickSort;38493;16449;6677;68560
1000;100;2;InsertionSort;739335;246441;0;245691
1000;100;2;BubbleSort;1977600;497904;245448;768002
1000;100;2;MergeSort;19952;8695;0;124931
1000;100;2;CountingSort;3001;0;0;9280
1000;100;2;QuickSort;40132;16981;7052;63481
1000;100;2;InsertionSort;769248;256414;0;226731
1000;100;2;BubbleSort;2020252;499290;255418;767312
1000;100;2;MergeSort;19952;8692;0;133970
1000;100;2;CountingSort;3001;0;0;9290
1000;100;2;QuickSort;40994;17498;7170;89351
1000;100;2;InsertionSort;756506;252164;0;227140
1000;100;2;BubbleSort;2001618;498465;251172;785482
1000;100;2;MergeSort;19952;8708;0;165900
1000;100;2;CountingSort;3001;0;0;10371
1000;100;2;QuickSort;36966;15834;6387;87010
1000;100;2;InsertionSort;751582;250522;0;242670
1000;100;2;BubbleSort;1996662;499269;249531;793302
1000;100;2;MergeSort;19952;8695;0;162750
1000;100;2;CountingSort;3001;0;0;9040
1000;100;2;QuickSort;37491;15801;6560;66690
1000;100;2;InsertionSort;748843;249607;0;212160
1000;100;2;BubbleSort;1993420;499472;248619;740802
1000;100;2;MergeSort;19952;8728;0;126650
1000;100;2;CountingSort;3001;0;0;10000
1000;100;2;QuickSort;45973;18856;8365;71600
1000;100;2;InsertionSort;758251;252747;0;224120
1000;100;2;BubbleSort;2005856;499422;251753;759422
1000;100;2;MergeSort;19952;8676;0;147800
1000;100;2;CountingSort;3001;0;0;9000
1000;100;2;QuickSort;37013;15596;6476;71960
1000;100;2;InsertionSort;739719;246569;0;150570
1000;100;2;BubbleSort;1980752;499224;245576;662771
1000;100;2;MergeSort;19952;8706;0;116570
1000;100;2;CountingSort;3001;0;0;9060
1000;100;2;QuickSort;38053;15859;6734;69380
1000;100;2;InsertionSort;750069;250019;0;140091
1000;100;2;BubbleSort;1993464;498680;249026;582511
1000;100;2;MergeSort;19952;8711;0;140290
1000;100;2;CountingSort;3001;0;0;7590
1000;100;2;QuickSort;39085;16321;6917;66910
1000;100;2;InsertionSort;780796;260264;0;146091
1000;100;2;BubbleSort;2035858;499395;259267;681362
1000;100;2;MergeSort;19952;8708;0;102560
1000;100;3;CountingSort;3001;0;0;177541
1000;100;3;QuickSort;38877;16653;6731;1532904
1000;100;3;InsertionSort;765771;255251;0;6142476
1000;100;3;BubbleSort;2012964;497960;254261;8702793
1000;100;3;MergeSort;19952;8709;0;1005233
1000;100;3;CountingSort;3001;0;0;114180
1000;100;3;QuickSort;41080;17536;7188;155510
1000;100;3;InsertionSort;776231;258739;0;363241
1000;100;3;BubbleSort;2025432;497222;257747;1348583
1000;100;3;MergeSort;19952;8698;0;360041
1000;100;3;CountingSort;3001;0;0;152410
1000;100;3;QuickSort;38767;16711;6689;157430
1000;100;3;InsertionSort;772090;257360;0;6378347
1000;100;3;BubbleSort;2022658;498597;256366;7648100
1000;100;3;MergeSort;19952;8712;0;448531
1000;100;3;CountingSort;3001;0;0;124680
1000;100;3;QuickSort;39432;17334;6693;119310
1000;100;3;InsertionSort;769247;256411;0;357751
1000;100;3;BubbleSort;2015274;496799;255419;893592
1000;100;3;MergeSort;19952;8700;0;269171
1000;100;3;CountingSort;3001;0;0;138400
1000;100;3;QuickSort;36953;15473;6487;870212
1000;100;3;InsertionSort;778359;259449;0;402741
1000;100;3;BubbleSort;2029518;497847;258456;1071943
1000;100;3;MergeSort;19952;8687;0;500141
1000;100;3;CountingSort;3001;0;0;158910
1000;100;3;QuickSort;38732;16367;6782;975153
1000;100;3;InsertionSort;776952;258980;0;413271
1000;100;3;BubbleSort;2030676;499364;257987;1021113
1000;100;3;MergeSort;19952;8685;0;481652
1000;100;3;CountingSort;3001;0;0;110530
1000;100;3;QuickSort;46324;19396;8302;1062713
1000;100;3;InsertionSort;731098;243694;0;196771
1000;100;3;BubbleSort;1967742;498465;242703;1100363
1000;100;3;MergeSort;19952;8710;0;432131
1000;100;3;CountingSort;3001;0;0;120151
1000;100;3;QuickSort;39515;16379;7048;710632
1000;100;3;InsertionSort;738548;246180;0;285361
1000;100;3;BubbleSort;1979468;499364;245185;1078162
1000;100;3;MergeSort;19952;8693;0;469051
1000;100;3;CountingSort;3001;0;0;129020
1000;100;3;QuickSort;39303;16485;6947;109520
1000;100;3;InsertionSort;749621;249865;0;223980
1000;100;3;BubbleSort;1990976;497730;248879;1031143
1000;100;3;MergeSort;19952;8689;0;422801
1000;100;3;CountingSort;3001;0;0;130730
1000;100;3;QuickSort;38542;15985;6852;107270
1000;100;3;InsertionSort;771847;257275;0;265310
1000;100;3;BubbleSort;2022256;498554;256287;843922
1000;100;3;MergeSort;19952;8690;0;171750
1000;100;3;CountingSort;3001;0;0;141920
1000;100;3;QuickSort;41279;17240;7363;141140
1000;100;3;InsertionSort;759661;253217;0;367891
1000;100;3;BubbleSort;2007886;499497;252223;796642
1000;100;3;MergeSort;19952;8705;0;148321
1000;100;3;CountingSort;3001;0;0;116440
1000;100;3;QuickSort;40164;17196;6983;130840
1000;100;3;InsertionSort;735949;245313;0;223820
1000;100;3;BubbleSort;1971986;497355;244319;671442
1000;100;3;MergeSort;19952;8700;0;170701
1000;100;3;CountingSort;3001;0;0;114291
1000;100;3;QuickSort;37097;15572;6498;113791
1000;100;3;InsertionSort;769827;256605;0;229520
1000;100;3;BubbleSort;2019096;498324;255612;612531
1000;100;3;MergeSort;19952;8698;0;119960
1000;100;3;CountingSort;3001;0;0;123960
1000;100;3;QuickSort;42104;17459;7549;144170
1000;100;3;InsertionSort;772240;257410;0;158110
1000;100;3;BubbleSort;2023852;499094;256416;623482
1000;100;3;MergeSort;19952;8722;0;127810
1000;100;3;CountingSort;3001;0;0;128600
1000;100;3;QuickSort;37213;15838;6465;130940
1000;100;3;InsertionSort;754457;251479;0;153470
1000;100;3;BubbleSort;1999154;498597;250490;762312
1000;100;3;MergeSort;19952;8681;0;135301
1000;100;3;CountingSort;3001;0;0;128740
1000;100;3;QuickSort;38800;16462;6776;127711
1000;100;3;InsertionSort;747725;249237;0;152621
1000;100;3;BubbleSort;1982668;494844;248245;558432
1000;100;3;MergeSort;19952;8701;0;134770
1000;100;3;CountingSort;3001;0;0;139120
1000;100;3;QuickSort;40084;17134;6993;137660
1000;100;3;InsertionSort;768906;256296;0;153050
1000;100;3;BubbleSort;2016918;497847;255306;767022
1000;100;3;MergeSort;19952;8707;0;131640
1000;100;3;CountingSort;3001;0;0;77580
1000;100;3;QuickSort;36692;15359;6458;98310
1000;100;3;InsertionSort;764270;254752;0;140340
1000;100;3;BubbleSort;2006558;495759;253760;854492
1000;100;3;MergeSort;19952;8714;0;176881
1000;100;3;CountingSort;3001;0;0;30290
1000;100;3;QuickSort;38668;16303;6789;66451
1000;100;3;InsertionSort;774281;258089;0;153010
1000;100;3;BubbleSort;2025132;498372;257097;605931
1000;100;3;MergeSort;19952;8705;0;96530
1000;100;3;CountingSort;3001;0;0;17020
1000;100;3;QuickSort;39406;16318;7033;55730
1000;100;3;InsertionSort;721603;240531;0;154240
1000;100;3;BubbleSort;1951142;496497;239537;637142
1000;100;3;MergeSort;19952;8719;0;96640
1000;100;3;CountingSort;3001;0;0;24510
1000;100;3;QuickSort;39655;16372;7089;70610
1000;100;3;InsertionSort;757139;252377;0;151460
1000;100;3;BubbleSort;2003338;498905;251382;659152
1000;100;3;MergeSort;19952;8708;0;152500
1000;100;3;CountingSort;3001;0;0;1306984
1000;100;3;QuickSort;35216;15146;6036;60821
1000;100;3;InsertionSort;749101;249693;0;1361843
1000;100;3;BubbleSort;1992828;499004;248705;868572
1000;100;3;MergeSort;19952;8685;0;99340
1000;100;3;CountingSort;3001;0;0;17550
1000;100;3;QuickSort;38644;16150;6840;48250
1000;100;3;InsertionSort;756773;252255;0;146461
1000;100;3;BubbleSort;2003390;499175;251260;543032
1000;100;3;MergeSort;19952;8724;0;99350
1000;100;3;CountingSort;3001;0;0;16730
1000;100;3;QuickSort;37233;16518;6249;65140
1000;100;3;InsertionSort;745949;248645;0;157860
1000;100;3;BubbleSort;1989150;499269;247653;540011
1000;100;3;MergeSort;19952;8689;0;138251
1000;100;3;CountingSort;3001;0;0;56121
1000;100;3;QuickSort;36021;15345;6223;101480
1000;100;3;InsertionSort;757411;252465;0;160190
1000;100;3;BubbleSort;2004624;499364;251474;770902
1000;100;3;MergeSort;19952;8711;0;102710
1000;100;3;CountingSort;3001;0;0;16830
1000;100;3;QuickSort;37229;16406;6268;64691
1000;100;3;InsertionSort;748161;249385;0;163321
1000;100;3;BubbleSort;1991224;498834;248389;562901
1000;100;3;MergeSort;19952;8699;0;103250
1000;100;3;CountingSort;3001;0;0;21780
1000;100;3;QuickSort;39534;16245;7093;97700
1000;100;3;InsertionSort;755102;251696;0;146240
1000;100;3;BubbleSort;2000946;499065;250704;547771
1000;100;3;MergeSort;19952;8715;0;134081
1000;100;3;CountingSort;3001;0;0;28320
1000;100;3;QuickSort;36780;15384;6473;55950
1000;100;3;InsertionSort;725147;241711;0;156541
1000;100;3;BubbleSort;1961534;499329;240719;676042
1000;100;3;MergeSort;19952;8725;0;129170
1000;100;3;CountingSort;3001;0;0;21940
1000;100;3;QuickSort;39469;16354;7039;46381
1000;100;3;InsertionSort;767815;255931;0;153220
1000;100;3;BubbleSort;2017366;498797;254943;668021
1000;100;3;MergeSort;19952;8687;0;87480
1000;100;3;CountingSort;3001;0;0;16420
1000;100;3;QuickSort;41053;17362;7232;56490
1000;100;3;InsertionSort;768889;256293;0;143301
1000;100;3;BubbleSort;2013390;496097;255299;571062
1000;100;3;MergeSort;19952;8722;0;125941
1000;100;3;CountingSort;3001;0;0;16760
1000;100;3;QuickSort;34579;14800;5914;57310
1000;100;3;InsertionSort;759801;253265;0;165150
1000;100;3;BubbleSort;2006744;498834;252269;621262
1000;100;3;MergeSort;19952;8715;0;130380
1000;100;3;CountingSort;3001;0;0;19180
1000;100;3;QuickSort;41504;17681;7267;57710
1000;100;3;InsertionSort;751696;250562;0;132670
1000;100;3;BubbleSort;1997062;499395;249568;643252
1000;100;3;MergeSort;19952;8719;0;127881
1000;100;3;CountingSort;3001;0;0;40940
1000;100;3;QuickSort;38598;15900;6895;62690
1000;100;3;InsertionSort;736724;245572;0;142680
1000;100;3;BubbleSort;1974758;498225;244577;832082
1000;100;3;MergeSort;19952;8708;0;128101
1000;100;3;CountingSort;3001;0;0;38320
1000;100;3;QuickSort;34999;15277;5904;56650
1000;100;3;InsertionSort;740265;246751;0;134231
1000;100;3;BubbleSort;1980052;498510;245758;663072
1000;100;3;MergeSort;19952;8709;0;163290
1000;100;3;CountingSort;3001;0;0;22390
1000;100;3;QuickSort;41172;17301;7279;58261
1000;100;3;InsertionSort;777377;259121;0;155490
1000;100;3;BubbleSort;2030814;499149;258129;777092
1000;100;3;MergeSort;19952;8698;0;169900
1000;100;3;CountingSort;3001;0;0;21140
1000;100;3;QuickSort;40507;16627;7285;56500
1000;100;3;InsertionSort;758656;252882;0;594202
1000;100;3;BubbleSort;2005622;499035;251888;1055543
1000;100;3;MergeSort;19952;8701;0;154630
1000;100;3;CountingSort;3001;0;0;26200
1000;100;3;QuickSort;40828;17395;7146;68490
1000;100;3;InsertionSort;767761;255917;0;549872
1000;100;3;BubbleSort;2017052;498680;254923;943782
1000;100;3;MergeSort;19952;8732;0;124670
1000;100;3;CountingSort;3001;0;0;25260
1000;100;3;QuickSort;40511;17027;7153;76030
1000;100;3;InsertionSort;769978;256654;0;225041
1000;100;3;BubbleSort;2019102;498225;255663;681001
1000;100;3;MergeSort;19952;8701;0;189680
1000;100;3;CountingSort;3001;0;0;34820
1000;100;3;QuickSort;37683;15507;6732;57050
1000;100;3;InsertionSort;775878;258622;0;840343
1000;100;3;BubbleSort;2029276;499380;257629;1282434
1000;100;3;MergeSort;19952;8689;0;164900
1000;100;3;CountingSort;3001;0;0;28060
1000;100;3;QuickSort;38504;16025;6817;61380
1000;100;3;InsertionSort;783156;261044;0;637062
1000;100;3;BubbleSort;2035322;497547;260057;1263503
1000;100;3;MergeSort;19952;8724;0;127381
1000;100;3;CountingSort;3001;0;0;74981
1000;100;3;QuickSort;41411;17171;7419;74701
1000;100;3;InsertionSort;756355;252115;0;1015832
1000;100;3;BubbleSort;2000622;498069;251121;1561504
1000;100;3;MergeSort;19952;8729;0;159340
1000;100;3;CountingSort;3001;0;0;31850
1000;100;3;QuickSort;34599;14838;5912;75140
1000;100;3;InsertionSort;740822;246934;0;761623
1000;100;3;BubbleSort;1979810;498015;245945;1358654
1000;100;3;MergeSort;19952;8728;0;161940
1000;100;3;CountingSort;3001;0;0;27780
1000;100;3;QuickSort;35237;15161;6018;57660
1000;100;3;InsertionSort;755381;251789;0;187211
1000;100;3;BubbleSort;2002176;499494;250797;624912
1000;100;3;MergeSort;19952;8726;0;152461
1000;100;3;CountingSort;3001;0;0;16900
1000;100;3;QuickSort;38040;16920;6380;68140
1000;100;3;InsertionSort;754725;251571;0;201260
1000;100;3;BubbleSort;2001102;499395;250578;655882
1000;100;3;MergeSort;19952;8709;0;142090
1000;100;3;CountingSort;3001;0;0;27940
1000;100;3;QuickSort;34878;15417;5833;65080
1000;100;3;InsertionSort;769889;256625;0;221900
1000;100;3;BubbleSort;2021376;499422;255633;682681
1000;100;3;MergeSort;19952;8703;0;135430
1000;100;3;CountingSort;3001;0;0;8720
1000;100;3;QuickSort;38954;16334;6858;50330
1000;100;3;InsertionSort;740762;246918;0;172511
1000;100;3;BubbleSort;1980436;498372;245923;623752
1000;100;3;MergeSort;19952;8709;0;111270
1000;100;3;CountingSort;3001;0;0;8240
1000;100;3;QuickSort;42908;18518;7463;75900
1000;100;3;InsertionSort;772198;257394;0;252741
1000;100;3;BubbleSort;2020452;497420;256403;659222
1000;100;3;MergeSort;19952;8675;0;194970
1000;100;3;CountingSort;3001;0;0;7660
1000;100;3;QuickSort;37700;15614;6689;48210
1000;100;3;InsertionSort;736904;245632;0;223021
1000;100;3;BubbleSort;1977168;499310;244637;705362
1000;100;3;MergeSort;19952;8698;0;212241
1000;100;3;CountingSort;3001;0;0;9460
1000;100;3;QuickSort;35929;15568;6124;80170
1000;100;3;InsertionSort;748269;249417;0;874613
1000;100;3;BubbleSort;1986856;496574;248427;1109913
1000;100;3;MergeSort;19952;8699;0;216601
1000;100;3;CountingSort;3001;0;0;7590
1000;100;3;QuickSort;35756;15464;6089;47340
1000;100;3;InsertionSort;737093;245695;0;697472
1000;100;3;BubbleSort;1970660;495930;244700;1243704
1000;100;3;MergeSort;19952;8715;0;167410
1000;100;3;CountingSort;3001;0;0;9350
1000;100;3;QuickSort;35279;15368;5975;45120
1000;100;3;InsertionSort;746324;248770;0;152680
1000;100;3;BubbleSort;1989872;499380;247778;534032
1000;100;3;MergeSort;19952;8694;0;115980
1000;100;3;CountingSort;3001;0;0;9210
1000;100;3;QuickSort;41377;17785;7206;47000
1000;100;3;InsertionSort;760628;253538;0;157080
1000;100;3;BubbleSort;2008314;499065;252546;747682
1000;100;3;MergeSort;19952;8723;0;96630
1000;100;3;CountingSort;3001;0;0;7770
1000;100;3;QuickSort;39153;16569;6870;86560
1000;100;3;InsertionSort;749080;249690;0;129580
1000;100;3;BubbleSort;1992144;498680;248696;683792
1000;100;3;MergeSort;19952;8713;0;123311
1000;100;3;CountingSort;3001;0;0;9690
1000;100;3;QuickSort;37249;16324;6300;51140
1000;100;3;InsertionSort;754802;251596;0;213351
1000;100;3;BubbleSort;2001396;499490;250604;785132
1000;100;3;MergeSort;19952;8707;0;143821
1000;100;3;CountingSort;3001;0;0;9680
1000;100;3;QuickSort;36912;15609;6440;57470
1000;100;3;InsertionSort;775222;258400;0;984603
1000;100;3;BubbleSort;2023098;496725;257412;1413654
1000;100;3;MergeSort;19952;8696;0;224390
1000;100;3;CountingSort;3001;0;0;9320
1000;100;3;QuickSort;36903;16194;6240;67710
1000;100;3;InsertionSort;753909;251297;0;1466154
1000;100;3;BubbleSort;1989722;494247;250307;1933186
1000;100;3;MergeSort;19952;8702;0;123941
1000;100;3;CountingSort;3001;0;0;13870
1000;100;3;QuickSort;35469;15000;6166;68340
1000;100;3;InsertionSort;752132;250706;0;158040
1000;100;3;BubbleSort;1997256;499200;249714;551311
1000;100;3;MergeSort;19952;8711;0;133960
1000;100;3;CountingSort;3001;0;0;8960
1000;100;3;QuickSort;37372;15640;6570;81550
1000;100;3;InsertionSort;757627;252539;0;165981
1000;100;3;BubbleSort;2003990;498905;251545;745762
1000;100;3;MergeSort;19952;8687;0;123871
1000;100;3;CountingSort;3001;0;0;8960
1000;100;3;QuickSort;35170;14959;6072;70040
1000;100;3;InsertionSort;752019;250669;0;226831
1000;100;3;BubbleSort;1994624;497960;249676;648162
1000;100;3;MergeSort;19952;8673;0;153771
1000;100;3;CountingSort;3001;0;0;9310
1000;100;3;QuickSort;42012;17352;7559;51230
1000;100;3;InsertionSort;737780;245922;0;208041
1000;100;3;BubbleSort;1977460;498870;244930;745532
1000;100;3;MergeSort;19952;8710;0;108980
1000;100;3;CountingSort;3001;0;0;8890
1000;100;3;QuickSort;39153;16887;6756;57300
1000;100;3;InsertionSort;763781;254589;0;156191
1000;100;3;BubbleSort;2008696;497154;253597;777983
1000;100;3;MergeSort;19952;8695;0;193590
1000;100;3;CountingSort;3001;0;0;9090
1000;100;3;QuickSort;38680;16153;6844;55670
1000;100;3;InsertionSort;769737;256575;0;374671
1000;100;3;BubbleSort;2019846;498759;255582;851002
1000;100;3;MergeSort;19952;8687;0;253201
1000;100;3;CountingSort;3001;0;0;8540
1000;100;3;QuickSort;40908;16566;7450;55680
1000;100;3;InsertionSort;752433;250809;0;272011
1000;100;3;BubbleSort;1996920;498834;249813;878733
1000;100;3;MergeSort;19952;8650;0;219700
1000;100;3;CountingSort;3001;0;0;8640
1000;100;3;QuickSort;38510;16121;6809;56300
1000;100;3;InsertionSort;761099;253697;0;471241
1000;100;3;BubbleSort;2001252;495222;252702;1065772
1000;100;3;MergeSort;19952;8703;0;261271
1000;100;3;CountingSort;3001;0;0;8950
1000;100;3;QuickSort;39884;17051;6951;56850
1000;100;3;InsertionSort;748619;249533;0;749453
1000;100;3;BubbleSort;1992670;499247;248544;1176204
1000;100;3;MergeSort;19952;8750;0;199300
1000;100;3;CountingSort;3001;0;0;7990
1000;100;3;QuickSort;38062;16165;6647;45770
1000;100;3;InsertionSort;755496;251826;0;1257343
1000;100;3;BubbleSort;2001694;499175;250836;1773845
1000;100;3;MergeSort;19952;8709;0;92751
1000;100;3;CountingSort;3001;0;0;7680
1000;100;3;QuickSort;39035;16436;6867;80360
1000;100;3;InsertionSort;762331;254107;0;237561
1000;100;3;BubbleSort;2011396;499472;253113;674042
1000;100;3;MergeSort;19952;8686;0;151060
1000;100;3;CountingSort;3001;0;0;13600
1000;100;3;QuickSort;41101;18397;6892;60430
1000;100;3;InsertionSort;764848;254944;0;143160
1000;100;3;BubbleSort;2013756;498972;253953;676722
1000;100;3;MergeSort;19952;8709;0;105741
1000;100;3;CountingSort;3001;0;0;12570
1000;100;3;QuickSort;38162;16277;6626;86180
1000;100;3;InsertionSort;726784;242256;0;129791
1000;100;3;BubbleSort;1956404;495672;241265;681232
1000;100;3;MergeSort;19952;8696;0;92861
1000;100;3;CountingSort;3001;0;0;9390
1000;100;3;QuickSort;37333;15484;6615;68050
1000;100;3;InsertionSort;739213;246403;0;131830
1000;100;3;BubbleSort;1980468;499422;245406;678702
1000;100;3;MergeSort;19952;8692;0;132901
1000;100;3;CountingSort;3001;0;0;9130
1000;100;3;QuickSort;41006;17996;7013;73730
1000;100;3;InsertionSort;774261;258083;0;231700
1000;100;3;BubbleSort;2026604;499122;257090;735162
1000;100;3;MergeSort;19952;8723;0;149410
1000;100;3;CountingSort;3001;0;0;9470
1000;100;3;QuickSort;38445;16305;6728;86080
1000;100;3;InsertionSort;740373;246789;0;170871
1000;100;3;BubbleSort;1980192;498510;245793;725622
1000;100;3;MergeSort;19952;8695;0;122520
1000;100;3;CountingSort;3001;0;0;11460
1000;100;3;QuickSort;42023;18287;7247;61110
1000;100;3;InsertionSort;735473;245155;0;249201
1000;100;3;BubbleSort;1975178;499269;244160;686842
1000;100;3;MergeSort;19952;8696;0;135020
1000;100;3;CountingSort;3001;0;0;7060
1000;100;3;QuickSort;45477;20199;7750;66810
1000;100;3;InsertionSort;747360;249118;0;219540
1000;100;3;BubbleSort;1991248;499380;248122;725602
1000;100;3;MergeSort;19952;8696;0;106750
1000;100;3;CountingSort;3001;0;0;9270
1000;100;3;QuickSort;37944;16230;6573;70550
1000;100;3;InsertionSort;758881;252957;0;221481
1000;100;3;BubbleSort;2005292;498720;251963;760121
1000;100;3;MergeSort;19952;8695;0;145690
1000;100;3;CountingSort;3001;0;0;10030
1000;100;3;QuickSort;37572;15834;6582;53670
1000;100;3;InsertionSort;731976;243988;0;173041
1000;100;3;BubbleSort;1970560;499290;242995;771672
1000;100;3;MergeSort;19952;8705;0;125120
1000;100;3;CountingSort;3001;0;0;10140
1000;100;3;QuickSort;38243;15998;6749;75261
1000;100;3;InsertionSort;749505;249831;0;219300
1000;100;3;BubbleSort;1991596;498122;248838;681791
1000;100;3;MergeSort;19952;8718;0;150310
1000;100;3;CountingSort;3001;0;0;16860
1000;100;3;QuickSort;39221;16220;7003;84270
1000;100;3;InsertionSort;753562;251186;0;162551
1000;100;3;BubbleSort;1996786;498015;250189;673412
1000;100;3;MergeSort;19952;8713;0;118280
1000;100;3;CountingSort;3001;0;0;9400
1000;100;3;QuickSort;36930;15780;6387;82170
1000;100;3;InsertionSort;736697;245563;0;646912
1000;100;3;BubbleSort;1975550;498639;244568;1082703
1000;100;3;MergeSort;19952;8704;0;237360
1000;100;3;CountingSort;3001;0;0;10210
1000;100;3;QuickSort;37415;15737;6561;58270
1000;100;3;InsertionSort;761963;253981;0;661572
1000;100;3;BubbleSort;2006138;497085;252992;1247134
1000;100;3;MergeSort;19952;8697;0;225101
1000;100;3;CountingSort;3001;0;0;14490
1000;100;3;QuickSort;37843;16183;6548;57501
1000;100;3;InsertionSort;743336;247774;0;668151
1000;100;3;BubbleSort;1984236;498554;246782;1034282
1000;100;3;MergeSort;19952;8728;0;235430
1000;100;3;CountingSort;3001;0;0;8500
1000;100;3;QuickSort;37379;15812;6524;57270
1000;100;3;InsertionSort;756429;252139;0;141711
1000;100;3;BubbleSort;2002024;498720;251146;746752
1000;100;3;MergeSort;19952;8701;0;243561
1000;100;3;CountingSort;3001;0;0;9160
1000;100;3;QuickSort;43871;18242;7881;59320
1000;100;3;InsertionSort;751782;250592;0;110401
1000;100;3;BubbleSort;1994732;498174;249596;687332
1000;100;3;MergeSort;19952;8712;0;185911
1000;100;3;CountingSort;3001;0;0;10371
1000;100;3;QuickSort;51438;21195;9407;59640
1000;100;3;InsertionSort;745289;248423;0;165620
1000;100;3;BubbleSort;1988274;499269;247434;771992
1000;100;3;MergeSort;19952;8740;0;205770
1000;100;3;CountingSort;3001;0;0;8360
1000;100;3;QuickSort;35411;15317;6032;59460
1000;100;3;InsertionSort;754807;251597;0;199441
1000;100;3;BubbleSort;2000302;498939;250606;656012
1000;100;3;MergeSort;19952;8722;0;159031
1000;100;3;CountingSort;3001;0;0;8450
1000;100;3;QuickSort;39838;16876;6974;52790
1000;100;3;InsertionSort;738915;246301;0;255170
1000;100;3;BubbleSort;1978162;498465;245308;618672
1000;100;3;MergeSort;19952;8692;0;157601
1000;100;3;CountingSort;3001;0;0;9160
1000;100;3;QuickSort;34613;14915;5902;45680
1000;100;3;InsertionSort;736914;245636;0;225401
1000;100;3;BubbleSort;1973654;497547;244640;538711
1000;100;3;MergeSort;19952;8709;0;163750
1000;100;3;CountingSort;3001;0;0;10540
1000;100;3;QuickSort;40281;16896;7123;49170
1000;100;3;InsertionSort;743732;247906;0;144531
1000;100;3;BubbleSort;1982496;497420;246914;551152
1000;100;3;MergeSort;19952;8714;0;103921
1000;100;3;CountingSort;3001;0;0;10110
1000;100;3;QuickSort;40237;16930;7105;71690
1000;100;3;InsertionSort;743925;247971;0;126281
1000;100;3;BubbleSort;1986910;499499;246978;648092
1000;100;3;MergeSort;19952;8698;0;113230
1000;100;3;CountingSort;3001;0;0;9790
1000;100;3;QuickSort;40170;16650;7165;73070
1000;100;3;InsertionSort;736542;245508;0;176410
1000;100;3;BubbleSort;1977030;499479;244518;599561
1000;100;3;MergeSort;19952;8711;0;123860
1000;100;3;CountingSort;3001;0;0;9160
1000;100;3;QuickSort;40126;17011;7033;80660
1000;100;3;InsertionSort;758112;252700;0;164081
1000;100;3;BubbleSort;2002406;497789;251707;543322
1000;100;3;MergeSort;19952;8708;0;112780
1000;100;3;CountingSort;3001;0;0;14320
1000;100;3;QuickSort;38206;15790;6806;70930
1000;100;3;InsertionSort;746491;248825;0;128080
1000;100;3;BubbleSort;1989916;499290;247834;677012
1000;100;3;MergeSort;19952;8707;0;137461
1000;100;3;CountingSort;3001;0;0;10230
1000;100;3;QuickSort;38926;16759;6722;73750
1000;100;3;InsertionSort;775165;258383;0;1252533
1000;100;3;BubbleSort;2028526;499479;257392;1645924
1000;100;3;MergeSort;19952;8736;0;129030
1000;100;3;CountingSort;3001;0;0;9850
1000;100;3;QuickSort;45454;19417;8014;75010
1000;100;3;InsertionSort;773492;257828;0;1228743
1000;100;3;BubbleSort;2024262;498465;256833;1745035
1000;100;3;MergeSort;19952;8696;0;318121
1000;100;3;CountingSort;3001;0;0;9460
1000;100;3;QuickSort;38168;16265;6640;46580
1000;100;3;InsertionSort;741928;247306;0;919192
1000;100;3;BubbleSort;1980216;497484;246312;1509624
1000;100;3;MergeSort;19952;8695;0;272411
1000;100;3;CountingSort;3001;0;0;10280
1000;100;3;QuickSort;35498;14762;6250;45280
1000;100;3;InsertionSort;747865;249285;0;474461
1000;100;3;BubbleSort;1991352;499094;248291;1050243
1000;100;3;MergeSort;19952;8692;0;217491
1000;100;3;CountingSort;3001;0;0;11450
1000;100;3;QuickSort;39161;16826;6789;62721
1000;100;3;InsertionSort;767373;255787;0;926022
1000;100;3;BubbleSort;2016616;498720;254794;1283473
1000;100;3;MergeSort;19952;8721;0;220340
1000;100;3;CountingSort;3001;0;0;13180
1000;100;3;QuickSort;36153;15918;6067;57820
1000;100;3;InsertionSort;743613;247867;0;140950
1000;100;3;BubbleSort;1985740;499122;246874;804482
1000;100;3;MergeSort;19952;8689;0;172101
1000;100;3;CountingSort;3001;0;0;10010
1000;100;3;QuickSort;41351;17786;7188;67660
1000;100;3;InsertionSort;739924;246638;0;243320
1000;100;3;BubbleSort;1979320;498372;245644;736832
1000;100;3;MergeSort;19952;8724;0;128590
1000;100;3;CountingSort;3001;0;0;9390
1000;100;3;QuickSort;36277;15391;6300;81351
1000;100;3;InsertionSort;736112;245370;0;1535195
1000;100;3;BubbleSort;1976416;499464;244372;1847235
1000;100;3;MergeSort;19952;8693;0;131770
1000;100;4;CountingSort;3001;0;0;203541
1000;100;4;QuickSort;40311;17283;7009;1497033
1000;100;4;InsertionSort;751163;250381;0;7571230
1000;100;4;BubbleSort;1995308;498870;249392;9033594
1000;100;4;MergeSort;19952;8727;0;865082
1000;100;4;CountingSort;3001;0;0;109950
1000;100;4;QuickSort;38821;16411;6794;205640
1000;100;4;InsertionSort;750916;250300;0;6087086
1000;100;4;BubbleSort;1996216;499490;249309;5637735
1000;100;4;MergeSort;19952;8692;0;150581
1000;100;4;CountingSort;3001;0;0;92840
1000;100;4;QuickSort;47348;19607;8573;917952
1000;100;4;InsertionSort;750413;250133;0;1033613
1000;100;4;BubbleSort;1989402;496419;249141;656712
1000;100;4;MergeSort;19952;8657;0;190381
1000;100;4;CountingSort;3001;0;0;138701
1000;100;4;QuickSort;44466;17961;8175;738332
1000;100;4;InsertionSort;759261;253081;0;408271
1000;100;4;BubbleSort;2007322;499479;252091;821432
1000;100;4;MergeSort;19952;8704;0;161320
1000;100;4;CountingSort;3001;0;0;94470
1000;100;4;QuickSort;45765;19476;8091;375181
1000;100;4;InsertionSort;752227;250739;0;434841
1000;100;4;BubbleSort;1996924;498972;249745;810222
1000;100;4;MergeSort;19952;8710;0;147291
1000;100;4;CountingSort;3001;0;0;144530
1000;100;4;QuickSort;38648;16253;6803;131830
1000;100;4;InsertionSort;783467;261149;0;258731
1000;100;4;BubbleSort;2037660;498510;260160;804412
1000;100;4;MergeSort;19952;8684;0;161141
1000;100;4;CountingSort;3001;0;0;117220
1000;100;4;QuickSort;47213;20561;8215;143820
1000;100;4;InsertionSort;764314;254768;0;246461
1000;100;4;BubbleSort;2012204;498554;253774;825832
1000;100;4;MergeSort;19952;8726;0;164041
1000;100;4;CountingSort;3001;0;0;112400
1000;100;4;QuickSort;38697;16374;6774;104170
1000;100;4;InsertionSort;758917;252967;0;292991
1000;100;4;BubbleSort;2006694;499395;251976;775892
1000;100;4;MergeSort;19952;8711;0;129110
1000;100;4;CountingSort;3001;0;0;147261
1000;100;4;QuickSort;40495;17380;7039;120551
1000;100;4;InsertionSort;749378;249790;0;238011
1000;100;4;BubbleSort;1992990;498905;248795;556891
1000;100;4;MergeSort;19952;8695;0;95700
1000;100;4;CountingSort;3001;0;0;128500
1000;100;4;QuickSort;37296;15783;6498;121180
1000;100;4;InsertionSort;719664;239884;0;248591
1000;100;4;BubbleSort;1954058;499247;238891;615442
1000;100;4;MergeSort;19952;8686;0;127171
1000;100;4;CountingSort;3001;0;0;160810
1000;100;4;QuickSort;36122;15053;6350;117580
1000;100;4;InsertionSort;744466;248152;0;203390
1000;100;4;BubbleSort;1987450;499409;247158;769822
1000;100;4;MergeSort;19952;8729;0;144600
1000;100;4;CountingSort;3001;0;0;155831
1000;100;4;QuickSort;37565;16463;6358;124471
1000;100;4;InsertionSort;744713;248233;0;236830
1000;100;4;BubbleSort;1987364;499200;247241;748372
1000;100;4;MergeSort;19952;8711;0;110720
1000;100;4;CountingSort;3001;0;0;124470
1000;100;4;QuickSort;36644;15431;6398;148720
1000;100;4;InsertionSort;720227;240071;0;176391
1000;100;4;BubbleSort;1955244;499464;239079;536902
1000;100;4;MergeSort;19952;8673;0;102091
1000;100;4;CountingSort;3001;0;0;130100
1000;100;4;QuickSort;37231;15748;6499;143650
1000;100;4;InsertionSort;771092;257026;0;173111
1000;100;4;BubbleSort;2020880;498372;256034;538292
1000;100;4;MergeSort;19952;8723;0;103021
1000;100;4;CountingSort;3001;0;0;95350
1000;100;4;QuickSort;37446;15951;6498;84810
1000;100;4;InsertionSort;739160;246384;0;172711
1000;100;4;BubbleSort;1979224;498834;245389;625582
1000;100;4;MergeSort;19952;8704;0;153351
1000;100;4;CountingSort;3001;0;0;97380
1000;100;4;QuickSort;36720;15369;6439;113560
1000;100;4;InsertionSort;774603;258199;0;186721
1000;100;4;BubbleSort;2026090;498639;257203;693462
1000;100;4;MergeSort;19952;8690;0;93220
1000;100;4;CountingSort;3001;0;0;83630
1000;100;4;QuickSort;47199;19800;8463;110440
1000;100;4;InsertionSort;743110;247702;0;166020
1000;100;4;BubbleSort;1985638;499409;246705;682962
1000;100;4;MergeSort;19952;8697;0;121420
1000;100;4;CountingSort;3001;0;0;65390
1000;100;4;QuickSort;35980;15289;6230;107890
1000;100;4;InsertionSort;735920;245300;0;161511
1000;100;4;BubbleSort;1971688;497222;244311;672452
1000;100;4;MergeSort;19952;8721;0;97950
1000;100;4;CountingSort;3001;0;0;20700
1000;100;4;QuickSort;38979;16533;6823;77030
1000;100;4;InsertionSort;753136;251040;0;161431
1000;100;4;BubbleSort;1997390;498597;250049;546172
1000;100;4;MergeSort;19952;8684;0;122290
1000;100;4;CountingSort;3001;0;0;35170
1000;100;4;QuickSort;44186;18041;8051;72341
1000;100;4;InsertionSort;732544;244180;0;128900
1000;100;4;BubbleSort;1970542;498905;243183;669151
1000;100;4;MergeSort;19952;8727;0;129990
1000;100;4;CountingSort;3001;0;0;20570
1000;100;4;QuickSort;38752;16444;6780;56690
1000;100;4;InsertionSort;738975;246319;0;141160
1000;100;4;BubbleSort;1977236;497960;245329;565221
1000;100;4;MergeSort;19952;8679;0;114750
1000;100;4;CountingSort;3001;0;0;1249743
1000;100;4;QuickSort;41017;16768;7417;57740
1000;100;4;InsertionSort;739272;246420;0;1346234
1000;100;4;BubbleSort;1979716;499004;245427;681962
1000;100;4;MergeSort;19952;8699;0;94940
1000;100;4;CountingSort;3001;0;0;27100
1000;100;4;QuickSort;39713;16310;7134;61991
1000;100;4;InsertionSort;753427;251139;0;165361
1000;100;4;BubbleSort;1993574;496497;250145;678631
1000;100;4;MergeSort;19952;8723;0;121400
1000;100;4;CountingSort;3001;0;0;22130
1000;100;4;QuickSort;38275;15994;6757;70860
1000;100;4;InsertionSort;749108;249700;0;134780
1000;100;4;BubbleSort;1992414;498797;248705;582431
1000;100;4;MergeSort;19952;8719;0;92810
1000;100;4;CountingSort;3001;0;0;20270
1000;100;4;QuickSort;41276;17399;7297;76881
1000;100;4;InsertionSort;739758;246584;0;145941
1000;100;4;BubbleSort;1979546;498597;245588;682142
1000;100;4;MergeSort;19952;8688;0;86010
1000;100;4;CountingSort;3001;0;0;22440
1000;100;4;QuickSort;40011;16701;7103;83460
1000;100;4;InsertionSort;746891;248959;0;182120
1000;100;4;BubbleSort;1989998;499065;247967;655881
1000;100;4;MergeSort;19952;8709;0;81660
1000;100;4;CountingSort;3001;0;0;18900
1000;100;4;QuickSort;39659;16289;7122;46370
1000;100;4;InsertionSort;774193;258063;0;148691
1000;100;4;BubbleSort;2023482;497609;257066;693312
1000;100;4;MergeSort;19952;8700;0;118240
1000;100;4;CountingSort;3001;0;0;61010
1000;100;4;QuickSort;39563;16865;6905;78320
1000;100;4;InsertionSort;732053;244015;0;165071
1000;100;4;BubbleSort;1968218;498069;243020;545812
1000;100;4;MergeSort;19952;8720;0;122981
1000;100;4;CountingSort;3001;0;0;20490
1000;100;4;QuickSort;34300;15037;5764;70811
1000;100;4;InsertionSort;760237;253409;0;233091
1000;100;4;BubbleSort;2008010;499175;252415;551782
1000;100;4;MergeSort;19952;8692;0;128660
1000;100;4;CountingSort;3001;0;0;21790
1000;100;4;QuickSort;37865;15947;6629;74190
1000;100;4;InsertionSort;730538;243506;0;219681
1000;100;4;BubbleSort;1962906;496419;242517;541832
1000;100;4;MergeSort;19952;8688;0;141171
1000;100;4;CountingSort;3001;0;0;19021
1000;100;4;QuickSort;37088;15509;6526;56290
1000;100;4;InsertionSort;737052;245680;0;140800
1000;100;4;BubbleSort;1974778;498015;244687;647221
1000;100;4;MergeSort;19952;8695;0;164630
1000;100;4;CountingSort;3001;0;0;22160
1000;100;4;QuickSort;38783;16103;6896;61071
1000;100;4;InsertionSort;749885;249957;0;118121
1000;100;4;BubbleSort;1993670;498905;248965;776612
1000;100;4;MergeSort;19952;8739;0;128990
1000;100;4;CountingSort;3001;0;0;16450
1000;100;4;QuickSort;35098;14920;6050;61910
1000;100;4;InsertionSort;748855;249615;0;186201
1000;100;4;BubbleSort;1990292;497904;248621;768672
1000;100;4;MergeSort;19952;8712;0;168991
1000;100;4;CountingSort;3001;0;0;17740
1000;100;4;QuickSort;41175;17271;7282;57180
1000;100;4;InsertionSort;754334;251440;0;153661
1000;100;4;BubbleSort;1993820;496014;250448;677312
1000;100;4;MergeSort;19952;8720;0;132241
1000;100;4;CountingSort;3001;0;0;8500
1000;100;4;QuickSort;37760;16139;6549;46810
1000;100;4;InsertionSort;755298;251762;0;141701
1000;100;4;BubbleSort;1997520;497222;250769;570782
1000;100;4;MergeSort;19952;8701;0;95190
1000;100;4;CountingSort;3001;0;0;9580
1000;100;4;QuickSort;37827;16110;6582;58740
1000;100;4;InsertionSort;744180;248052;0;388761
1000;100;4;BubbleSort;1985368;498554;247065;970363
1000;100;4;MergeSort;19952;8711;0;154901
1000;100;4;CountingSort;3001;0;0;9210
1000;100;4;QuickSort;37401;16116;6430;46220
1000;100;4;InsertionSort;749684;249892;0;605612
1000;100;4;BubbleSort;1993718;499065;248897;1137273
1000;100;4;MergeSort;19952;8681;0;152520
1000;100;4;CountingSort;3001;0;0;9620
1000;100;4;QuickSort;36170;15575;6195;58980
1000;100;4;InsertionSort;781988;260658;0;1382264
1000;100;4;BubbleSort;2037592;499464;259666;1899275
1000;100;4;MergeSort;19952;8703;0;116650
1000;100;4;CountingSort;3001;0;0;8890
1000;100;4;QuickSort;37352;15731;6550;57021
1000;100;4;InsertionSort;755431;251805;0;913682
1000;100;4;BubbleSort;1999604;498174;250814;1395823
1000;100;4;MergeSort;19952;8708;0;179700
1000;100;4;CountingSort;3001;0;0;11050
1000;100;4;QuickSort;44162;18455;7912;79350
1000;100;4;InsertionSort;749917;249965;0;1472754
1000;100;4;BubbleSort;1994356;499224;248977;1842295
1000;100;4;MergeSort;19952;8687;0;132620
1000;100;4;CountingSort;3001;0;0;7760
1000;100;4;QuickSort;40457;16733;7235;56600
1000;100;4;InsertionSort;739272;246420;0;1003543
1000;100;4;BubbleSort;1980652;499472;245427;1489695
1000;100;4;MergeSort;19952;8715;0;117100
1000;100;4;CountingSort;3001;0;0;7751
1000;100;4;QuickSort;42039;17187;7610;71950
1000;100;4;InsertionSort;759321;253097;0;126270
1000;100;4;BubbleSort;2007072;499310;252113;699822
1000;100;4;MergeSort;19952;8705;0;115000
1000;100;4;CountingSort;3001;0;0;8900
1000;100;4;QuickSort;36872;15578;6447;57310
1000;100;4;InsertionSort;743315;247769;0;618502
1000;100;4;BubbleSort;1985716;499310;246774;1116953
1000;100;4;MergeSort;19952;8686;0;160481
1000;100;4;CountingSort;3001;0;0;8590
1000;100;4;QuickSort;40661;17474;7068;95760
1000;100;4;InsertionSort;750673;250217;0;545232
1000;100;4;BubbleSort;1993754;498419;249229;1041243
1000;100;4;MergeSort;19952;8714;0;164641
1000;100;4;CountingSort;3001;0;0;9520
1000;100;4;QuickSort;40113;16632;7160;52210
1000;100;4;InsertionSort;733868;244616;0;1155243
1000;100;4;BubbleSort;1966536;496014;243627;1587094
1000;100;4;MergeSort;19952;8694;0;95691
1000;100;4;CountingSort;3001;0;0;9870
1000;100;4;QuickSort;36820;15649;6385;67610
1000;100;4;InsertionSort;770247;256743;0;155901
1000;100;4;BubbleSort;2021142;499065;255753;543812
1000;100;4;MergeSort;19952;8736;0;116040
1000;100;4;CountingSort;3001;0;0;8960
1000;100;4;QuickSort;38240;16181;6693;87760
1000;100;4;InsertionSort;735174;245056;0;309471
1000;100;4;BubbleSort;1971458;497609;244060;804952
1000;100;4;MergeSort;19952;8719;0;199221
1000;100;4;CountingSort;3001;0;0;8700
1000;100;4;QuickSort;40710;17373;7127;58730
1000;100;4;InsertionSort;756070;252020;0;169311
1000;100;4;BubbleSort;2002724;499310;251026;779021
1000;100;4;MergeSort;19952;8675;0;159180
1000;100;4;CountingSort;3001;0;0;9440
1000;100;4;QuickSort;38708;16196;6830;56271
1000;100;4;InsertionSort;748950;249642;0;708412
1000;100;4;BubbleSort;1990540;497960;248655;1392063
1000;100;4;MergeSort;19952;8691;0;150900
1000;100;4;CountingSort;3001;0;0;14770
1000;100;4;QuickSort;39940;16483;7159;98981
1000;100;4;InsertionSort;762889;254291;0;615462
1000;100;4;BubbleSort;2009120;497960;253300;1187033
1000;100;4;MergeSort;19952;8711;0;165100
1000;100;4;CountingSort;3001;0;0;9270
1000;100;4;QuickSort;35919;15507;6141;56050
1000;100;4;InsertionSort;733998;244664;0;800692
1000;100;4;BubbleSort;1973252;499290;243668;1357444
1000;100;4;MergeSort;19952;8732;0;195951
1000;100;4;CountingSort;3001;0;0;9460
1000;100;4;QuickSort;35781;14994;6261;88170
1000;100;4;InsertionSort;753268;251084;0;1372034
1000;100;4;BubbleSort;1992566;496097;250093;1881275
1000;100;4;MergeSort;19952;8708;0;126530
1000;100;4;CountingSort;3001;0;0;9440
1000;100;4;QuickSort;37946;16694;6418;48770
1000;100;4;InsertionSort;749466;249818;0;153240
1000;100;4;BubbleSort;1994168;499434;248825;905682
1000;100;4;MergeSort;19952;8732;0;94650
1000;100;4;CountingSort;3001;0;0;9160
1000;100;4;QuickSort;36706;15352;6448;75481
1000;100;4;InsertionSort;756494;252162;0;191111
1000;100;4;BubbleSort;2001016;498174;251167;706931
1000;100;4;MergeSort;19952;8702;0;94570
1000;100;4;CountingSort;3001;0;0;9620
1000;100;4;QuickSort;36316;15589;6238;45541
1000;100;4;InsertionSort;751079;250357;0;136390
1000;100;4;BubbleSort;1987518;495035;249362;799852
1000;100;4;MergeSort;19952;8696;0;162841
1000;100;4;CountingSort;3001;0;0;17500
1000;100;4;QuickSort;38044;15910;6711;57320
1000;100;4;InsertionSort;734907;244965;0;310841
1000;100;4;BubbleSort;1974888;499500;243972;850892
1000;100;4;MergeSort;19952;8700;0;154710
1000;100;4;CountingSort;3001;0;0;9360
1000;100;4;QuickSort;35151;15156;5993;57761
1000;100;4;InsertionSort;749820;249936;0;1118253
1000;100;4;BubbleSort;1994220;499224;248943;1348143
1000;100;4;MergeSort;19952;8668;0;146390
1000;100;4;CountingSort;3001;0;0;8910
1000;100;4;QuickSort;38754;15924;6937;57420
1000;100;4;InsertionSort;763979;254655;0;1031593
1000;100;4;BubbleSort;2013146;499247;253663;1344964
1000;100;4;MergeSort;19952;8702;0;228360
1000;100;4;CountingSort;3001;0;0;9721
1000;100;4;QuickSort;38285;16022;6749;61760
1000;100;4;InsertionSort;766971;255651;0;581881
1000;100;4;BubbleSort;2015574;498465;254661;1036183
1000;100;4;MergeSort;19952;8713;0;157630
1000;100;4;CountingSort;3001;0;0;7490
1000;100;4;QuickSort;37575;16074;6502;49030
1000;100;4;InsertionSort;772482;257490;0;453701
1000;100;4;BubbleSort;2024646;499329;256497;878432
1000;100;4;MergeSort;19952;8716;0;129040
1000;100;4;CountingSort;3001;0;0;9590
1000;100;4;QuickSort;41661;16872;7596;59890
1000;100;4;InsertionSort;746493;248825;0;823312
1000;100;4;BubbleSort;1986308;497484;247835;1260754
1000;100;4;MergeSort;19952;8708;0;155191
1000;100;4;CountingSort;3001;0;0;9190
1000;100;4;QuickSort;37494;16341;6392;59240
1000;100;4;InsertionSort;755112;251698;0;945902
1000;100;4;BubbleSort;2001592;499380;250708;1382643
1000;100;4;MergeSort;19952;8683;0;117900
1000;100;4;CountingSort;3001;0;0;8960
1000;100;4;QuickSort;41104;17812;7097;62570
1000;100;4;InsertionSort;744917;248303;0;150801
1000;100;4;BubbleSort;1987530;499149;247308;532092
1000;100;4;MergeSort;19952;8733;0;119220
1000;100;4;CountingSort;3001;0;0;8770
1000;100;4;QuickSort;37903;15523;6791;47460
1000;100;4;InsertionSort;755754;251914;0;159690
1000;100;4;BubbleSort;2001202;498759;250921;688092
1000;100;4;MergeSort;19952;8675;0;123300
1000;100;4;CountingSort;3001;0;0;9410
1000;100;4;QuickSort;41815;18106;7234;66990
1000;100;4;InsertionSort;751290;250426;0;150930
1000;100;4;BubbleSort;1993762;498015;249433;663121
1000;100;4;MergeSort;19952;8726;0;121750
1000;100;4;CountingSort;3001;0;0;8650
1000;100;4;QuickSort;42552;17631;7644;80891
1000;100;4;InsertionSort;757687;252559;0;202120
1000;100;4;BubbleSort;2004330;499035;251565;670692
1000;100;4;MergeSort;19952;8719;0;143950
1000;100;4;CountingSort;3001;0;0;12820
1000;100;4;QuickSort;37655;16100;6515;67611
1000;100;4;InsertionSort;749300;249764;0;159741
1000;100;4;BubbleSort;1993986;499455;248769;527071
1000;100;4;MergeSort;19952;8684;0;150840
1000;100;4;CountingSort;3001;0;0;8390
1000;100;4;QuickSort;38446;15775;6885;45710
1000;100;4;InsertionSort;746620;248870;0;1312823
1000;100;4;BubbleSort;1985812;497154;247876;1676215
1000;100;4;MergeSort;19952;8709;0;113130
1000;100;4;CountingSort;3001;0;0;6250
1000;100;4;QuickSort;43231;17878;7788;61990
1000;100;4;InsertionSort;733522;244506;0;1398024
1000;100;4;BubbleSort;1970486;498225;243509;1824395
1000;100;4;MergeSort;19952;8673;0;127400
1000;100;4;CountingSort;3001;0;0;9310
1000;100;4;QuickSort;34100;14948;5719;68920
1000;100;4;InsertionSort;753987;251325;0;1378914
1000;100;4;BubbleSort;2000022;499347;250332;1769185
1000;100;4;MergeSort;19952;8699;0;118681
1000;100;4;CountingSort;3001;0;0;9510
1000;100;4;QuickSort;39969;16872;7045;56520
1000;100;4;InsertionSort;728891;242959;0;925082
1000;100;4;BubbleSort;1965876;499004;241967;1222313
1000;100;4;MergeSort;19952;8672;0;149960
1000;100;4;CountingSort;3001;0;0;7640
1000;100;4;QuickSort;37685;15926;6577;46460
1000;100;4;InsertionSort;746605;248861;0;123941
1000;100;4;BubbleSort;1988770;498639;247873;784942
1000;100;4;MergeSort;19952;8704;0;154780
1000;100;4;CountingSort;3001;0;0;9070
1000;100;4;QuickSort;35701;14863;6270;59830
1000;100;4;InsertionSort;752021;250671;0;1084853
1000;100;4;BubbleSort;1996298;498797;249676;1413033
1000;100;4;MergeSort;19952;8681;0;159650
1000;100;4;CountingSort;3001;0;0;9200
1000;100;4;QuickSort;41923;17542;7465;59460
1000;100;4;InsertionSort;733380;244454;0;958613
1000;100;4;BubbleSort;1969994;498069;243464;1206564
1000;100;4;MergeSort;19952;8726;0;147561
1000;100;4;CountingSort;3001;0;0;9240
1000;100;4;QuickSort;38372;16148;6750;76820
1000;100;4;InsertionSort;742744;247578;0;224080
1000;100;4;BubbleSort;1984406;499035;246584;788472
1000;100;4;MergeSort;19952;8692;0;137500
1000;100;4;CountingSort;3001;0;0;10110
1000;100;4;QuickSort;38729;16892;6618;65230
1000;100;4;InsertionSort;765346;255110;0;235760
1000;100;4;BubbleSort;2015470;499497;254119;606311
1000;100;4;MergeSort;19952;8698;0;107480
1000;100;4;CountingSort;3001;0;0;14640
1000;100;4;QuickSort;41561;17690;7286;75480
1000;100;4;InsertionSort;746251;248743;0;160731
1000;100;4;BubbleSort;1989780;499380;247755;578662
1000;100;4;MergeSort;19952;8685;0;123171
1000;100;4;CountingSort;3001;0;0;22780
1000;100;4;QuickSort;44007;18138;7959;123270
1000;100;4;InsertionSort;755930;251972;0;210731
1000;100;4;BubbleSort;2002810;499445;250980;674412
1000;100;4;MergeSort;19952;8705;0;124261
1000;100;4;CountingSort;3001;0;0;7370
1000;100;4;QuickSort;38171;16259;6633;57800
1000;100;4;InsertionSort;757165;252383;0;112530
1000;100;4;BubbleSort;2002676;498554;251392;654682
1000;100;4;MergeSort;19952;8700;0;128231
1000;100;4;CountingSort;3001;0;0;10520
1000;100;4;QuickSort;40774;17137;7210;57460
1000;100;4;InsertionSort;765225;255071;0;961813
1000;100;4;BubbleSort;2013242;498465;254078;1534064
1000;100;4;MergeSort;19952;8708;0;123790
1000;100;4;CountingSort;3001;0;0;10270
1000;100;4;QuickSort;40067;16808;7089;55990
1000;100;4;InsertionSort;757231;252409;0;847492
1000;100;4;BubbleSort;2002668;498510;251412;1312034
1000;100;4;MergeSort;19952;8713;0;158350
1000;100;4;CountingSort;3001;0;0;10090
1000;100;4;QuickSort;37940;15992;6645;66240
1000;100;4;InsertionSort;719289;239757;0;160911
1000;100;4;BubbleSort;1953562;499247;238767;786741
1000;100;4;MergeSort;19952;8720;0;149640
1000;100;4;CountingSort;3001;0;0;9130
1000;100;4;QuickSort;41136;16833;7439;66941
1000;100;4;InsertionSort;731211;243735;0;136931
1000;100;4;BubbleSort;1967604;498324;242739;800652
1000;100;4;MergeSort;19952;8728;0;195560
1000;100;4;CountingSort;3001;0;0;9730
1000;100;4;QuickSort;45457;19318;8039;59880
1000;100;4;InsertionSort;758183;252725;0;174230
1000;100;4;BubbleSort;2005320;499200;251730;748332
1000;100;4;MergeSort;19952;8716;0;152370
1000;100;4;CountingSort;3001;0;0;8280
1000;100;4;QuickSort;44892;19257;7872;50860
1000;100;4;InsertionSort;767949;255975;0;153760
1000;100;4;BubbleSort;2018770;499409;254988;790632
1000;100;4;MergeSort;19952;8713;0;130591
1000;100;4;CountingSort;3001;0;0;10220
1000;100;4;QuickSort;38752;16456;6768;60620
1000;100;4;InsertionSort;761545;253843;0;244591
1000;100;4;BubbleSort;2007756;498174;252852;685982
1000;100;4;MergeSort;19952;8699;0;184101
1000;100;4;CountingSort;3001;0;0;9540
1000;100;4;QuickSort;35522;15578;5976;74891
1000;100;4;InsertionSort;759756;253246;0;183760
1000;100;4;BubbleSort;2007472;499224;252256;611781
1000;100;4;MergeSort;19952;8705;0;113610
1000;100;4;CountingSort;3001;0;0;10260
1000;100;4;QuickSort;38983;16834;6710;91460
1000;100;4;InsertionSort;735150;245046;0;133880
1000;100;4;BubbleSort;1974220;499004;244053;676192
1000;100;4;MergeSort;19952;8684;0;114710
1000;100;4;CountingSort;3001;0;0;9780
1000;100;4;QuickSort;38156;16544;6537;47350
1000;100;4;InsertionSort;738511;246167;0;167760
1000;100;4;BubbleSort;1979042;499175;245173;691372
1000;100;4;MergeSort;19952;8735;0;100890
1000;100;4;CountingSort;3001;0;0;10400
1000;100;4;QuickSort;38328;16215;6703;55121
1000;100;4;InsertionSort;742925;247641;0;170181
1000;100;4;BubbleSort;1983680;498554;246643;554991
1000;100;4;MergeSort;19952;8702;0;126170
1000;100;4;CountingSort;3001;0;0;10380
1000;100;4;QuickSort;36903;15726;6395;65490
1000;100;4;InsertionSort;755173;251717;0;150320
1000;100;4;BubbleSort;2000356;498720;250729;593162
1000;100;4;MergeSort;19952;8719;0;129940
1000;100;4;CountingSort;3001;0;0;9930
1000;100;4;QuickSort;38437;16132;6772;64151
1000;100;4;InsertionSort;770005;256665;0;1626564
1000;100;4;BubbleSort;2019522;498419;255671;1885285
1000;100;4;MergeSort;19952;8722;0;99490
1000;100;4;CountingSort;3001;0;0;9660
1000;100;4;QuickSort;42486;18165;7446;68420
1000;100;4;InsertionSort;755378;251788;0;1145024
1000;100;4;BubbleSort;2002094;499455;250796;1676305
1000;100;4;MergeSort;19952;8690;0;104980
1000;100;4;CountingSort;3001;0;0;10760
1000;100;4;QuickSort;39392;16694;6901;49290
1000;100;4;InsertionSort;748899;249631;0;1110413
1000;100;4;BubbleSort;1989634;497547;248635;1499934
1000;100;4;MergeSort;19952;8703;0;119490
1000;100;4;CountingSort;3001;0;0;9550
1000;100;4;QuickSort;39948;16635;7104;57580
1000;100;4;InsertionSort;714135;238039;0;511131
1000;100;4;BubbleSort;1941344;496574;237049;878823
1000;100;4;MergeSort;19952;8732;0;168810
1000;100;4;CountingSort;3001;0;0;9040
1000;100;4;QuickSort;38214;16047;6719;46051
1000;100;4;InsertionSort;729136;243040;0;131870
1000;100;4;BubbleSort;1965790;498797;242049;649931
1000;100;4;MergeSort;19952;8714;0;150660
1000;100;4;CountingSort;3001;0;0;8070
1000;100;4;QuickSort;38905;16009;6967;45401
1000;100;4;InsertionSort;775703;258563;0;468421
1000;100;4;BubbleSort;2028634;499175;257571;891072
1000;100;4;MergeSort;19952;8706;0;123740
1000;100;4;CountingSort;3001;0;0;10300
1000;100;4;QuickSort;38031;16119;6641;56450
1000;100;4;InsertionSort;735011;244999;0;986682
1000;100;4;BubbleSort;1971488;497730;244007;1549674
1000;100;4;MergeSort;19952;8717;0;224821
1000;100;4;CountingSort;3001;0;0;10500
1000;100;4;QuickSort;36308;15551;6246;57170
1000;100;4;InsertionSort;748843;249607;0;1030693
1000;100;4;BubbleSort;1992664;499094;248619;1395394
1000;100;4;MergeSort;19952;8720;0;149991
1000;100;4;CountingSort;3001;0;0;9611
1000;100;4;QuickSort;35006;14813;6064;50661
1000;100;4;InsertionSort;744775;248255;0;926412
1000;100;4;BubbleSort;1986484;498720;247261;1296753
1000;100;4;MergeSort;19952;8685;0;89510
